{
  "best_iter": 439,
  "auc": 0.682244308424906,
  "base_rate": 0.2786376901380896,
  "n_train": 1594709,
  "n_test": 920055
}