tree
version=v4
num_class=3
num_tree_per_iteration=3
label_index=0
max_feature_idx=246
objective=multiclass num_class:3
feature_names=adx winner_rate holder_pct total_mv pe pe_ttm pb market_score_adj mf_divergence mf_strength mf_consecutive ma_ratio_5 ma_ratio_10 ma_ratio_20 ma_ratio_60 ma_ratio_120 ma5_ma20 ma20_ma60 macd macd_signal macd_hist rsi_6 rsi_14 rsi_24 kdj_k kdj_d kdj_j boll_pct boll_width atr_pct bias_5 bias_10 bias_20 roc_10 roc_20 cci_14 wr_14 mfi_14 trix vol_ratio_5 vol_ratio_20 amplitude amount_ratio_20 vol_price_match obv obv_diff_20 cdl2crows cdl3blackcrows cdl3inside cdl3linestrike cdl3outside cdl3starsinsouth cdl3whitesoldiers cdlabandonedbaby cdladvanceblock cdlbelthold cdlbreakaway cdlclosingmarubozu cdlconcealbabyswall cdlcounterattack cdldarkcloudcover cdldoji cdldojistar cdldragonflydoji cdlengulfing cdleveningdojistar cdleveningstar cdlgapsidesidewhite cdlgravestonedoji cdlhammer cdlhangingman cdlharami cdlharamicross cdlhighwave cdlhikkake cdlhikkakemod cdlhomingpigeon cdlidentical3crows cdlinneck cdlinvertedhammer cdlkicking cdlkickingbylength cdlladderbottom cdllongleggeddoji cdllongline cdlmarubozu cdlmatchinglow cdlmathold cdlmorningdojistar cdlmorningstar cdlonneck cdlpiercing cdlrickshawman cdlrisefall3methods cdlseparatinglines cdlshootingstar cdlshortline cdlspinningtop cdlstalledpattern cdlsticksandwich cdltakuri cdltasukigap cdlthrusting cdltristar cdlunique3river cdlupsidegap2crows cdlxsidegap3methods lr_slope_20 lr_slope_60 lr_angle_20 channel_pos_60 lr_r2_60 break_high_20 break_high_60 break_low_20 gap_up gap_down limit_up limit_consec volume_spike_up volume_spike_dn k_kmid k_klen k_kmid2 k_kup k_kup2 k_klow k_klow2 k_ksft k_ksft2 qtlu_20 qtld_20 rank_20 rsv_20 imax_20 imin_20 imxd_20 corr_close_vol_20 cord_ret_vol_20 cntp_20 cntn_20 cntd_20 sump_20 sumn_20 sumd_20 vma_20 vstd_20 wvma_20 aroon_up aroon_dn aroon_osc kama_20 kama_dist sar_signal cmo_14 bop ppo apo ad adosc natr_14 stochrsi_k stochrsi_d ht_trendmode amount_1d amount_5d_avg amount_20d_avg amount_log amount_zscore_60d amount_breakout sm_net_5d mid_net_5d lg_net_5d elg_net_5d main_net_5d lg_net_20d elg_net_20d main_net_20d main_consec_in main_consec_out dispersion_5d elg_ratio_5d buy_sell_imb_5d upward_impact_per_amount range_per_amount_5d amihud_illiq_5d kyle_lambda_20d tail_risk_5d range_compression drawdown_recovery price_impact_asym pyr_5d pyr_10d pyr_20d pyr_60d pyr_acc_5_20 pyr_velocity_10_60 pyr_velocity_5_60 pyr_velocity_10_30 pyr_velocity_20_60 pyr_velocity_5_30 f1_neg1 f2_pos1 f1_neg5 f2_pos5 f1_neg8 f2_pos8 mfk_main_ma5 mfk_main_ma20 mfk_main_ma_diff mfk_main_cross_state mfk_main_days_in_cross mfk_main_cross_strength mfk_main_macd mfk_main_macd_hist mfk_main_macd_zero_dist mfk_smart_dumb_spread mfk_pyramid_top_heavy mfk_inst_acc_velocity mfk_main_price_sync_20d mfk_main_lead_5d mfk_main_velocity_5d mfk_main_consec_above_ma20 mfk_main_acc_ratio_60d regime_id mkt_ret_5d mkt_ret_20d mkt_ret_60d mkt_rsi14 mkt_vol_ratio regime_days_in regime_intensity hs300_ret60_z60 cyb_rel_strength zz500_rel_strength long_return_252d long_return_504d long_return_252d_decile long_return_504d_decile industry_return_252d industry_return_504d industry_return_504d_decile relative_strength_252d relative_strength_504d rs_in_decile concept_return_504d_mean industry_id
feature_infos=[-8:10] [-10:12] [-6:8] [43253.375:287976256] [0:12538.2763671875] [0:521920.46875] [0:2902.784423828125] [-5:2] [-12:8] [-10:10] [0:5] [-0.47395256161689758:0.67938196659088135] [-0.60819059610366821:1.0832920074462891] [-0.64545899629592896:1.7442982196807861] [-0.68883496522903442:2.9095799922943115] [-0.70568948984146118:3.9752998352050781] [-0.43488237261772156:1.076042652130127] [-0.61528611183166504:1.1580451726913452] [-58.59088134765625:125.88420867919922] [-56.650993347167969:149.81105041503906] [-26.235561370849609:17.202503204345703] [0:99.843246459960938] [0:98.298187255859375] [0:96.531211853027344] [-1.1309472103390381e-13:100] [-1.1467370564406665e-13:100] [-57.746532440185547:161.4097900390625] [-0.57570630311965942:1.5585411787033081] [0:2.7905435562133789] [0:0.44964936375617981] [-0.47395256161689758:0.67938196659088135] [-0.60819059610366821:1.0832920074462891] [-0.64545899629592896:1.7442982196807861] [-67.916587829589844:307.95736694335938] [-70.501655578613281:473.08987426757812] [-466.66665649414062:459.27099609375] [-100:0] [-3.2644500709382018e-13:100] [-4.1767172813415527:10.335981369018555] [0:4.8885746002197266] [0:10.090943336486816] [0:14.630681991577148] [0:10.825839042663574] [1:4] [-65725116:375415264] [-85843320:127782032] [-100:0] none [-100:100] [-100:100] [-100:100] none [0:100] none [-100:0] [-100:100] none [-100:100] none [-100:100] [-100:0] [0:100] [-100:100] [0:100] [-100:100] [-100:0] [-100:0] [-100:100] [0:100] [0:100] [-100:0] [-100:100] [-100:100] [-100:100] [-200:200] [-200:200] [0:100] [-100:0] [-100:0] [0:100] none none [0:100] [0:100] [-100:100] [-100:100] [0:100] none [0:100] [0:100] [-100:0] [0:100] [0:100] [-100:100] [-100:100] [-100:0] [-100:100] [-100:100] [-100:0] [0:100] [0:100] [-100:100] [-100:0] [-100:100] [0:100] none [-100:100] [-15.82840633392334:18.541646957397461] [-5.7759370803833008:19.275909423828125] [-86.384994506835938:86.912879943847656] [0:1] [-119.01659393310547:0.95953083038330078] [0:1] [0:1] [0:1] [0:1] [0:1] [0:1] [0:12] [0:1] [0:1] [-0.26465365290641785:2.8484847545623779] [0:3.1212120056152344] [-1:1] [0:1.2999999523162842] [0:1] [0:0.20512820780277252] [0:1] [-1.0502500534057617:2.5757575035095215] [-1:1] [-0.62876212596893311:2.2039718627929688] [-0.80115675926208496:2.0471494197845459] [0:1] [0:1] [0:19] [0:19] [-19:19] [-0.95485752820968628:0.99525028467178345] [-0.9634709358215332:0.97678446769714355] [0:20] [0:19] [-18:20] [0:1090.0672607421875] [0:119.43440246582031] [-106.78929901123047:1010.1873168945312] [0:20460476] [0:12499270] [0:25062352] [0:100] [0:100] [-100:100] [0:1677.39990234375] [-0.83180087804794312:0.45046991109848022] [-1:1] [-98.128318786621094:96.59637451171875] [-1:1] [-51.633918762207031:64.270866394042969] [-112.75974273681641:212.4490966796875] [-179363216:229171248] [-21260020:31561088] [0:44.964935302734375] [0:100] [-2.7948013369728797e-13:100] [0:1] [0:49039.01171875] [0:51482.90234375] [0:35366.73046875] [0:10.800399780273438] [-2.4258999824523926:7.5317001342773438] [0:1] [-4.4919028282165527:12.726844787597656] [-3.1916191577911377:10.416854858398438] [-3.9458270072937012:1.4980828762054443] [-20.986871719360352:5.3542866706848145] [-20.859338760375977:4.9227962493896484] [-8.8097801208496094:3.8031713962554932] [-26.521598815917969:7.0630393028259277] [-29.67652702331543:5.3896355628967285] [0:21] [0:33] [-2:2] [-2:3] [-2.8362810553517193e-05:4.4937842176295817e-05] [0:0.00054999999701976776] [0:0.0012939999578520656] [0:0.00033283000811934471] [-0.81639999151229858:0.99459999799728394] [-67.424003601074219:0] [0:5.8870000839233398] [0:18.979000091552734] [-0.00023999999393709004:0.00036800000816583633] [0:21.743289947509766] [0:18.827661514282227] [0:16.380964279174805] [0:4.3997025489807129] [0:13.043369293212891] [-0.6701931357383728:18.044038772583008] [-0.70155596733093262:20.959667205810547] [-0.62361180782318115:17.003044128417969] [-0.54321938753128052:12.304431915283203] [-0.66333997249603271:19.918672561645508] [-15.976984024047852:0.50620627403259277] [-6.1396169662475586:16.086414337158203] [-9.3515453338623047:0.31681489944458008] [-5.670952320098877:5.7618885040283203] [-6.3586196899414062:0.20073950290679932] [-4.6077518463134766:4.8073248863220215] [-4.171867847442627:0.98455923795700073] [-1.4838263988494873:0.26948177814483643] [-3.3855814933776855:1.0774468183517456] [-1:1] [0:41] [-132.8934326171875:122.32389831542969] [-1.1513127088546753:0.36855795979499817] [-0.83772516250610352:0.30561631917953491] [-7.5204172134399414:7.6114583015441895] [-94.940681457519531:79.203872680664062] [0:21.743289947509766] [0:3.9186148643493652] [-0.98812925815582275:0.99753689765930176] [-0.87735778093338013:0.86719673871994019] [-5.2463188171386719:1.9060726165771484] [0:28] [0:1] [0:5] [-0.094006642699241638:0.26975291967391968] [-0.089901730418205261:0.28140386939048767] [-0.099811241030693054:0.260579913854599] [9.3693952560424805:98.029869079589844] [0.58250290155410767:3.3435266017913818] [1:17] [0.030042635276913643:28.140386581420898] [-4.1243042945861816:5.7097206115722656] [-0.092677295207977295:0.33222582936286926] [-0.057545881718397141:0.097518295049667358] none none none none none none none none none none none [0:109]
tree_sizes=3532 3438 3470 3572 3516 3548 3593 3495 3588 3593 3505 3568 3569 3519 3554 3596 3515 3585 3598 3562 3577 3578 3529 3582 3596 3550 3580 3574 3538 3601 3583 3540 3580 3599 3552 3605 3612 3542 3589 3586 3552 3585 3593 3540 3610 3629 3548 3603 3605 3555 3598 3607 3526 3577 3595 3565 3586 3582 3579 3591 3592 3573 3590 3613 3572 3594 3605 3559 3584 3607 3579 3603 3576 3579 3600 3600 3554 3600 3583 3575 3579 3616 3561 3586 3590 3556 3580 3599 3559 3607 3588 3566 3585 3616 3577 3607 3611 3576 3600 3579 3595 3589 3608 3580 3599

Tree=0
num_leaves=31
num_cat=0
split_feature=7 29 15 225 160 234 226 226 226 12 231 225 228 234 234 231 226 225 228 228 224 14 226 14 231 234 225 227 234 227
split_gain=8591.53 8706.74 2768.21 2550.02 1699.11 1296.23 2281.94 1169.1 1794.52 997.889 1004.79 1372.06 939.959 820.514 889.264 1154.56 1020.36 495.775 493.515 431.924 569.588 426.427 422.008 369.467 354.477 910.34 1627.24 1016.73 361.176 4009.3
threshold=1.0000000180025095e-35 0.046949410811066634 0.38200327754020696 0.20679578930139544 3.1746126413345341 -0.011504785157740114 -0.055162630975246423 -0.055162630975246423 -0.05716148950159549 0.19533477723598483 0.17189450562000277 -0.01129723899066448 23.000260353088382 -0.011504785157740114 -0.0027560074813663955 1.0998837351799013 0.0035102182300761346 0.011753763537853958 24.623007774353031 22.164649009704593 3.5000000000000004 0.51110661029815685 -0.055162630975246423 0.049953380599617965 1.0998837351799013 0.0043092023115605125 0.0032975355861708526 0.17516559362411502 0.016909533180296425 -0.059249300509691231
decision_type=2 2 2 2 2 2 2 2 2 2 2 2 2 2 2 2 2 2 2 2 2 2 2 2 2 2 2 2 2 2
left_child=1 4 13 -2 7 -6 -7 8 -1 10 11 -8 -12 23 15 16 17 -15 -17 20 -9 -4 -16 -3 25 26 27 -14 -26 -30
right_child=3 2 21 -5 5 6 9 19 -10 -11 12 -13 24 14 22 18 -18 -19 -20 -21 -22 -23 -24 -25 28 -27 -28 -29 29 -31
leaf_value=-0.19183788660180673 -0.38066762206971205 -0.22350494872244925 -0.27349068630602513 -0.21575981597333443 -0.20552644225289074 -0.3728899292111495 -0.35145407891830316 -0.18913247398396213 -0.38442619332707151 -0.31813186829324325 -0.32034099675546562 -0.20927393049104398 -0.35335791236252323 -0.35960072750796868 -0.34533352811921769 -0.37549695989378695 -0.2352684532140526 -0.22508913700368766 -0.24353779562269912 -0.20173741411247245 -0.31046434986916277 -0.31017032689569624 -0.23972628929548728 -0.2491658379996694 -0.21277009069837144 -0.21108239681296043 -0.20606903289945755 -0.2252476428185356 -0.37993375487778208 -0.21929829028749531
leaf_weight=262.33210562169552 1135.7266688644886 8120.4698159694672 3431.7962667346001 295.39512169361115 10830.671790331602 262.09076973795891 355.24642086029053 178.82988984882832 224.44237187504768 282.12164808809757 240.37054020166397 324.83809950947762 535.2829901278019 654.98558846116066 95.327674075961113 73.607444539666176 294.18844227492809 76.503475144505501 1893.7626796811819 27543.181739091873 210.68622650206089 1030.2628876715899 12325.26491831243 1695.6259191334248 11601.498602986336 1536.5855717509985 602.85703757405281 217.9263030141592 404.47894114255905 9796.7888644039631
leaf_count=1087 4706 33648 14220 1224 44878 1086 1472 741 930 1169 996 1346 2218 2714 395 305 1219 317 7847 114128 873 4269 51071 7026 48072 6367 2498 903 1676 40594
internal_value=-0.225005 -0.223202 -0.245657 -0.346629 -0.213009 -0.220073 -0.226095 -0.203816 -0.280637 -0.22461 -0.22358 -0.283543 -0.221944 -0.239237 -0.246432 -0.270897 -0.313906 -0.345533 -0.248475 -0.202477 -0.25476 -0.28196 -0.240537 -0.227938 -0.220987 -0.237433 -0.267291 -0.316292 -0.218805 -0.225667
internal_weight=0 95102 29691.8 1431.12 65410.2 36990.8 26160.1 28419.5 486.774 25898 25615.9 680.085 24935.8 25229.7 15413.6 2993.05 1025.68 731.489 1967.37 27932.7 389.516 4462.06 12420.6 9816.1 24695.4 2892.65 1356.07 753.209 21802.8 10201.3
internal_count=399995 394065 123031 5930 271034 153275 108397 117759 2017 107311 106142 2818 103324 104542 63868 12402 4250 3031 8152 115742 1614 18489 51466 40674 102328 11986 5619 3121 90342 42270
is_linear=0
shrinkage=1


Tree=1
num_leaves=31
num_cat=0
split_feature=15 231 233 232 29 227 31 233 15 160 227 226 228 224 228 226 225 227 7 228 224 122 232 29 29 29 131 29 21 228
split_gain=13912.6 8330.71 22746.7 11239.4 5140.36 3466.75 1967.3 1801.67 1848.25 1793.93 1361.33 1209.91 1112.63 1008.2 2110.25 1619.3 1143.42 819.168 769.393 768.907 2534.07 663.283 590.429 565.781 527.206 466.088 434.047 430.9 381.008 364.986
threshold=0.34451046586036688 1.0998837351799013 -0.025755463168025013 -0.4532077014446258 0.028304883278906349 0.22302427142858508 0.22919922322034839 -0.0012795063666999338 0.70444613695144664 4.6751449108123788 0.22302427142858508 -0.018658253364264962 49.856393814086921 4.5000000000000009 25.799981117248539 0.012463098857551815 0.010611464735120537 0.23447819054126742 1.0000000180025095e-35 20.885622978210453 4.5000000000000009 0.077884044498205199 0.30034458637237554 0.023192992433905605 0.025049187242984775 0.035492556169629104 -0.26152601838111872 0.044667638838291175 1.0000000180025095e-35 54.409626007080085
decision_type=2 2 2 2 2 2 2 2 2 2 2 2 2 2 2 2 2 2 2 2 2 2 2 2 2 2 2 2 2 2
left_child=1 2 3 -1 23 7 9 11 -9 19 13 26 -12 -11 -15 -16 -17 -4 -8 20 -3 -7 -13 -5 -22 -6 -2 -19 -21 -18
right_child=5 6 17 4 25 21 18 8 -10 10 12 22 -14 14 15 16 29 27 -20 28 24 -23 -24 -25 -26 -27 -28 -29 -30 -31
leaf_value=-2.7305618729903092 -2.4908996752134231 -2.7430074205568742 -2.7446348369182401 -2.6710745534632814 -2.3846325125535994 -2.5152794292413105 -2.398703860342001 -2.6831846838787889 -2.5439529836867414 -2.7336412395677963 -2.454946224755246 -2.4135385419217004 -2.671034712554416 -2.2582411986929731 -2.7216727161596403 -2.7387401208603475 -2.486689522603835 -2.6947320945202344 -2.7130136661430342 -2.5101725880207519 -2.6648732765246352 -2.3770002736530027 -2.6202598373530965 -2.5096886799583733 -2.3557290131914899 -2.2897590037141153 -2.6593891759996318 -2.5368096218602383 -2.748603781032668 -2.6098248009962624
leaf_weight=324.67524966597557 49.106670849025249 300.1679805368185 2777.9818751215935 116.63985984027386 178.00016525387764 224.4349909722805 58.780592873692513 1205.0021539106965 297.12760504335165 6174.9104946404696 77.299243606626987 170.72169058769941 259.72177321463823 27.731909804046154 1411.3791571035981 105.67608154565096 134.51358243823051 115.99493170529604 29.113898664712906 16.768131509423256 17.781590007245541 141.33139415085316 43.302317634224892 101.62224755436182 61.452438004314899 474.66710734367371 172.47220981121063 68.823045261204243 21606.474510617554 108.90072222054005
leaf_count=3524 533 3258 30152 1266 1932 2436 638 13079 3225 67022 839 1853 2819 301 15319 1147 1460 1259 316 182 193 1534 470 1103 667 5152 1872 747 234515 1182
internal_value=-2.72199 -2.72994 -2.66357 -2.47948 -2.38588 -2.60303 -2.73902 -2.62968 -2.65564 -2.73971 -2.7199 -2.54015 -2.62147 -2.72407 -2.69101 -2.69782 -2.6014 -2.73785 -2.50281 -2.74718 -2.67662 -2.46185 -2.45536 -2.59593 -2.42511 -2.31563 -2.62205 -2.63592 -2.74842 -2.54178
internal_weight=0 34549.1 4158.4 1195.6 870.929 2303.5 30390.7 1937.73 1502.13 30302.8 8300.13 435.603 337.021 7963.11 1788.2 1760.47 349.09 2962.8 87.8945 22002.6 379.402 365.766 214.024 218.262 79.234 652.667 221.579 184.818 21623.2 243.414
internal_count=399995 374993 45135 12977 9453 25002 329858 21032 16304 328904 90089 4728 3658 86431 19409 19108 3789 32158 954 238815 4118 3970 2323 2369 860 7084 2405 2006 234697 2642
is_linear=0
shrinkage=1


Tree=2
num_leaves=31
num_cat=0
split_feature=7 233 227 225 234 142 160 227 225 29 233 233 225 143 227 18 143 151 232 227 160 234 224 232 230 234 234 233 233 230
split_gain=14046 4029.03 19328.1 3969.37 2366.51 2143.88 1753.19 1183.34 888.66 719.372 473.603 410.037 387.814 279.217 254.624 255.062 223.881 208.056 205.96 243.591 194.196 193.74 176.998 337.736 207.37 172.15 189.426 161.554 160.833 157.308
threshold=1.0000000180025095e-35 0.019478814676404003 -0.059868887066841119 0.20679578930139544 0.0079615630675107258 31.749449729919437 4.0076723098754892 0.15754102915525439 -0.016739149577915665 0.028463019058108333 -0.052350873127579682 -0.0055104533676058045 -0.020384375937283036 27.176949501037601 0.1475668400526047 0.30456237494945532 36.511949539184577 2.7836118936538701 -1.5185908079147337 0.22668402642011645 2.9685503244400029 0.012303041294217111 1.5000000000000002 -1.355474531650543 3.5000000000000004 0.01869749836623669 -0.033350853249430649 -0.0012795063666999338 0.17193885892629626 8.5000000000000018
decision_type=2 2 2 2 2 2 2 2 2 2 2 2 2 2 2 2 2 2 2 2 2 2 2 2 2 2 2 2 2 2
left_child=1 6 4 -2 12 9 20 8 13 -4 16 22 -3 -7 15 -11 -8 28 -13 -20 -1 -9 23 -12 -25 26 -24 -22 -10 -15
right_child=3 2 5 -5 -6 7 10 21 17 14 11 18 -14 29 -16 -17 -18 -19 19 -21 27 -23 25 24 -26 -27 -28 -29 -30 -31
leaf_value=-2.0266522057684302 -1.7651295791229198 -1.8599321664769128 -2.016285744824398 -2.0060726254161723 -1.7698054549218243 -1.9436927302527467 -1.9930230447269213 -1.973937987760084 -1.9671134852088248 -1.997021825687616 -2.007676121192786 -2.0109219767425919 -1.9556065444550792 -1.8750808243286683 -2.0074484831491373 -1.9777100684848732 -1.9684194497831198 -1.9723412481027525 -1.9846423873830827 -2.0264685825033251 -2.020410529121166 -2.0124311495007294 -1.9992239198229007 -1.9887893715852238 -1.924065599146602 -1.9760134522712973 -2.0190727730218807 -2.0073286947571813 -1.8418704840361408 -1.9437507246221419
leaf_weight=8201.2018575072289 828.14470735192299 204.13256704807281 7359.5069711357355 215.39505350589752 1058.1457979828119 555.73331615328789 2694.5498850345612 400.87412735819817 48.217520147562027 6582.9233345985413 1876.0838769823313 1266.6777738034725 220.14641498029232 355.82418152689934 3814.287405833602 2309.6896056085825 1407.6348308771849 4995.0887203961611 4175.9188069403172 379.75696524977684 8007.0999424606562 1771.0259954929352 1513.9245468229055 296.16819857060909 212.57943189144135 294.760387763381 5834.1439615041018 3346.3662887811661 54.728645130991936 108.92936120927334
leaf_count=46604 4706 1160 41821 1224 6013 3158 15312 2278 274 37408 10661 7198 1251 2022 21675 13125 7999 28385 23730 2158 45501 10064 8603 1683 1208 1675 33153 19016 311 619
internal_value=-1.99698 -1.99968 -1.98581 -1.81486 -1.80981 -1.99501 -2.01015 -1.97362 -1.96237 -2.00385 -1.99972 -2.00364 -1.90957 -1.91978 -1.99664 -1.99201 -1.98458 -1.97089 -1.99309 -1.98813 -2.02079 -2.00533 -2.00977 -1.99788 -1.96174 -2.01348 -2.01498 -2.01655 -1.90053 -1.89118
internal_weight=0 69346.1 29839.3 1043.54 1482.42 28356.8 39506.9 8290.42 6118.52 20066.4 19952.2 15850 424.279 1020.49 12706.9 8892.61 4102.18 5098.03 5822.35 4555.68 19554.7 2171.9 10027.7 2384.83 508.748 7642.83 7348.07 11353.5 102.946 464.754
internal_count=399995 394065 169564 5930 8424 161140 224501 47111 34769 114029 113380 90069 2411 5799 72208 50533 23311 28970 33086 25888 111121 12342 56983 13552 2891 43431 41756 64517 585 2641
is_linear=0
shrinkage=1


Tree=3
num_leaves=31
num_cat=0
split_feature=29 7 29 225 15 31 234 226 228 228 231 225 228 234 232 228 226 232 231 225 234 232 228 232 226 231 225 234 231 232
split_gain=6847.86 7080.4 2214.46 1577.98 1513.23 1384.94 1196.13 1588.81 1079.68 1046.35 853.208 1168.15 817.254 623.282 488.193 2334.92 635.797 2331.75 436.802 553.576 509.273 436.418 1741.74 1578.56 1456 691.298 439.648 424.13 677.356 595.997
threshold=0.052183451130986221 1.0000000180025095e-35 0.032724110409617431 0.20679578930139544 0.4532464742660523 0.17339162528514865 -0.011504785157740114 -0.055162630975246423 22.164649009704593 20.885622978210453 0.17189450562000277 -0.01129723899066448 23.000260353088382 -0.014805157668888567 -0.8960944116115569 28.266542434692386 -0.03452963009476661 0.037819230929017074 1.0605680942535403 0.0032975355861708526 0.0098954923450946825 -0.79598388075828541 48.243463516235359 0.37687765061855322 -0.0070805761497467748 0.64598518610000621 0.003897325368598104 -0.0012104604975320397 1.0998837351799013 0.30034458637237554
decision_type=2 2 2 2 2 2 2 2 2 2 2 2 2 2 2 2 2 2 2 2 2 2 2 2 2 2 2 2 2 2
left_child=1 2 8 -3 13 6 -4 -8 9 -1 11 -9 -12 -2 -10 -16 17 -17 19 20 -18 -14 23 24 -23 26 -26 28 29 -15
right_child=4 3 5 -5 -6 -7 7 10 14 -11 12 -13 21 27 15 16 18 -19 -20 -21 -22 22 -24 -25 25 -27 -28 -29 -30 -31
leaf_value=0.011157257634511787 -0.0068895821887622445 -0.12247779151784095 0.016030494235914482 0.0097264555516054767 -0.056721090182051098 -0.073048366445716523 -0.11327344939543038 -0.10476291215806566 0.031266686380845586 -0.1144988421245009 -0.081776027413446306 0.013917812902593816 0.012467660134013563 -0.11287388519221629 -0.11975734376190637 -0.14437750844384964 -0.038491991335226274 0.034082995880643924 0.023704482075348244 0.028323629044012477 0.025238189557038979 -0.1188696275951797 0.0045768286503845177 -0.004212933219967986 -0.10878550334068111 0.0073253552128253524 0.010463702761815727 -0.020072878863201617 -0.028167256606647526 -0.026822819539740472
leaf_weight=386.34349663555622 6580.2067670673132 1265.4788516461849 12684.898181006312 274.70684422552586 3152.4206459224224 604.32283100485802 319.16043046116829 456.69858682155609 8523.8239366412163 290.05272945761681 299.71926280856133 379.73290386795998 6608.5095311105251 520.91230010986328 307.13964693248272 270.44152393937111 1004.0591071844101 566.33651311695576 17542.57810921967 1104.1978406906128 455.76546071469784 771.77953660488129 17552.107972055674 2253.4150113016367 297.30726060271263 587.47568695247173 104.4446843713522 8538.8592335283756 2590.3798237740993 327.87154313921928
leaf_count=1602 27164 4428 53476 1152 12222 2349 1125 1631 36345 1051 1107 1594 27685 1874 1142 1031 4093 2421 74545 4705 1942 2737 72956 9347 1067 2456 438 34591 10513 1317
internal_value=0 0.00719865 0.00942583 -0.0988979 -0.0246929 0.00210913 0.00318248 -0.00231781 0.0197385 -0.0427267 -0.00110965 -0.0508829 0.00035241 -0.0192524 0.0211576 0.0171027 0.0191098 -0.0235943 0.020887 0.0016105 -0.0185951 0.00122607 -0.00221862 -0.0319301 -0.0673975 -0.0272398 -0.0777839 -0.026044 -0.0408692 -0.0796337
internal_weight=0 74910.5 73370.3 1540.19 21710.7 42919.6 42315.2 29630.4 30450.7 676.396 29311.2 836.431 28474.8 18558.2 29774.3 21250.5 20943.4 836.778 20106.6 2564.02 1459.82 28175 21566.5 4014.42 1761.01 989.228 401.752 11978 3439.16 848.784
internal_count=400106 312425 306845 5580 87681 177968 175619 122143 128877 2653 121018 3225 117793 75459 126224 89879 88737 3452 85285 10740 6035 116686 89001 16045 6698 3961 1505 48295 13704 3191
is_linear=0
shrinkage=0.05


Tree=4
num_leaves=31
num_cat=0
split_feature=15 231 233 232 233 14 160 160 226 33 231 231 229 12 228 224 229 12 232 14 226 233 226 131 246 228 224 228 233 231
split_gain=11217.9 7157.55 15499.8 5662.93 2162.94 2427.47 1715.89 1435.21 1147.08 807.762 732.206 1381.39 1455.01 696.507 687.213 1602.84 516.363 501.395 495.957 486.011 384.514 383.187 1608.17 816.743 346.308 338.98 1079.92 306.713 280.768 521.654
threshold=0.29224689304828649 1.0998837351799013 -0.025755463168025013 -0.4532077014446258 -0.00032215450482908631 0.38752482831478124 2.5428086519241337 4.6173627376556405 -0.018658253364264962 30.889875411987308 1.7051149606704714 1.5950930714607241 0.99319401383399974 0.17339162528514865 20.885622978210453 4.5000000000000009 1.0856314301490786 0.29209096729755407 -1.8199365735054014 0.36318132281303411 -0.010004230774939058 0.0078155393712222593 0.017516268417239193 -0.11189551651477812 106.50000000000001 22.164649009704593 4.5000000000000009 44.221277236938484 -0.00032215450482908631 1.7051149606704714
decision_type=2 2 2 2 2 2 2 2 2 2 2 2 2 2 2 2 2 2 2 2 2 2 2 2 2 2 2 2 2 2
left_child=1 2 3 -1 8 -6 -5 9 19 14 11 18 -13 21 15 -3 -10 -7 -9 -2 -4 22 23 27 -8 26 -25 -12 29 -16
right_child=4 7 20 6 5 17 24 10 16 -11 13 12 -14 -15 28 -17 -18 -19 -20 -21 -22 -23 -24 25 -26 -27 -28 -29 -30 -31
leaf_value=-0.0094125205027351163 0.060470383670954579 -0.02289352806418982 0.074355734399526016 0.078644618079229081 0.025291905496615103 0.11447508284015209 0.25579452458855639 0.15621359896677722 0.21566103662847136 0.14423438843215833 0.10511901926733543 0.27756244207582287 0.0076587463214613785 0.15398329540235386 0.015395011157289954 0.20180193606518482 0.080249897043584706 0.2269144638004725 -0.0028722408618287289 0.17741156943117575 -0.022337413985121679 -0.020725227797822227 0.12395112137770635 0.00024946523686483665 0.049630354219029831 -0.016184800969332322 0.27286729674709587 -0.00043173907641748063 -0.030985328466643182 -0.024051518058104373
leaf_weight=316.48220325261354 360.4381260201335 283.57194523513317 106.86626033484936 165.89289387315512 1678.515296779573 702.24463392049074 1027.4696859195828 52.984263248741627 466.15531408041716 70.390173092484474 217.63454046845436 112.17587243020535 89.990721240639687 67.874925471842289 969.92046448588371 110.21475752443075 82.926452621817589 115.44745488464832 650.13307617604733 117.91486892849207 2712.844640545547 2969.2654764801264 256.86069834977388 249.32300992310047 20.781278073787689 3395.3398166522384 42.521960377693176 100.65778612345457 13292.519439287484 6167.6030571386218
leaf_count=3488 3607 3185 1034 1681 17341 6515 7483 472 3968 668 2341 1027 977 660 10895 867 787 1006 6980 1056 30061 32246 2481 2738 158 37022 284 1085 148687 69306
internal_value=0 -0.0089562 0.0508624 0.17896 0.0848386 0.0597062 0.228061 -0.0178992 0.145899 -0.0248575 -0.000178939 0.0422349 0.15742 -0.00543912 -0.0254291 0.0399952 0.19521 0.13035 0.00911587 0.0892966 -0.0186728 -0.00693543 0.00267093 -0.00510645 0.251707 -0.0117401 0.03997 0.0717393 -0.0266902 -0.0186911
internal_weight=0 33449.3 4350.34 1530.63 3523.64 2496.21 1214.14 29099 1027.43 20894.2 8204.76 905.284 202.167 7299.48 20823.8 393.787 549.082 817.692 703.117 478.353 2819.71 7231.6 4262.34 4005.48 1048.25 3687.18 291.845 318.292 20430 7137.52
internal_count=400106 365826 43905 12810 34280 24862 9322 321921 9418 233608 88313 9456 2004 78857 232940 4052 4755 7521 7452 4663 31095 78197 45951 43470 7641 40044 3022 3426 228888 80201
is_linear=0
shrinkage=0.05


Tree=5
num_leaves=31
num_cat=0
split_feature=7 233 227 225 160 160 234 227 225 233 160 233 228 14 225 160 23 160 232 227 233 228 160 227 224 228 234 234 229 35
split_gain=10250.4 3722.18 14255.1 2182 1822.52 1607.75 1224.82 1040.39 984.412 466.528 421.956 357.822 320.614 310.904 275.436 235.885 201.671 182.088 179.176 228.71 177.156 170.27 157.588 153.77 153.768 502.772 168.513 190.7 144.78 126.613
threshold=1.0000000180025095e-35 0.019478814676404003 -0.059868887066841119 0.20679578930139544 3.9324827194213872 3.993026971817017 0.0079615630675107258 0.15754102915525439 -0.016739149577915665 -0.052350873127579682 2.6323627233505253 -0.0055104533676058045 57.011194229125984 0.083308462053537383 -0.020384375937283036 5.60758399963379 52.756830215454109 2.8624560832977299 -1.5185908079147337 0.22668402642011645 -0.0055104533676058045 86.087261199951186 5.4783544540405282 0.15822489559650424 1.5000000000000002 50.77893257141114 -0.033350853249430649 0.01869749836623669 0.80938088893890392 79.848403930664077
decision_type=2 2 2 2 2 2 2 2 2 2 2 2 2 2 2 2 2 2 2 2 2 2 2 2 2 2 2 2 2 2
left_child=1 5 6 -2 10 17 14 8 15 21 -4 24 -9 -10 -3 -6 -12 -1 -13 -20 -19 22 -7 -18 25 -11 -26 -28 -15 -17
right_child=3 2 4 -5 7 9 -8 12 13 11 16 18 -14 28 -16 29 23 20 19 -21 -22 -23 -24 -25 26 -27 27 -29 -30 -31
leaf_value=-0.029748605988531147 0.16832267375863927 0.11431469814871482 -0.02035155470556849 -0.0066264137959342155 0.046632256889436653 -0.0022186699135238581 0.17300016608366284 0.019545251120266866 0.0066854076267402127 -0.011060959618709398 -0.011434792898230116 -0.013832415038412347 -0.016691102601341302 0.043350507286883624 0.036101115829665437 0.10035076988168637 0.0073699231942969349 -0.024033515292971347 0.010688646386815969 -0.029765200832449663 -0.011237327886790584 0.043247867827203051 0.018336016776782288 -0.013483877702794134 -0.0010985892448720676 0.053745191711572396 -0.021745472345347475 0.018413386279564289 0.021796096482291728 0.034175376130419426
leaf_weight=6963.3270496875048 1079.6151577532291 239.40248534083366 5749.9715185761452 213.46540389955044 751.009944409132 1760.9310939013958 1310.7287499755621 800.7754141241312 3541.8176833242178 2034.6185685694218 4233.4087475240231 1264.2549193203449 2567.9905357062817 983.10341955721378 212.45743414759636 457.20589172840118 4333.0526458919048 7754.40701135993 4283.6423255652189 380.41363669931889 4153.6159805804491 393.34602317214012 1982.0574636161327 1110.5366785824299 1512.0912253558636 350.8950938731432 5865.5409158915281 311.3050956428051 3753.8015395402908 85.85438971221447
leaf_count=41043 4748 1171 33620 1228 4113 10016 5975 4504 19962 11658 24357 7244 14583 5427 1180 2400 24716 45199 23963 2202 24072 2222 11064 6399 8640 1916 33578 1723 20733 450
internal_value=0 -0.00264424 0.010556 0.139442 0.00198356 -0.0128399 0.148528 0.0158203 0.0242302 -0.00301408 -0.009624 -0.00688308 -0.00807751 0.017891 0.0775399 0.064785 -0.00324979 -0.0233259 0.00286347 0.00738912 -0.0195701 0.0119544 0.00866583 0.00311558 -0.0126184 -0.00152835 -0.0160592 -0.0197215 0.0262695 0.0898889
internal_weight=0 69141.6 30131.1 1293.08 28368.5 39010.4 1762.59 12941.6 9572.79 20139.1 15427 16002.8 3368.77 8278.72 451.86 1294.07 9677 18871.4 5928.31 4664.06 11908 4136.33 3742.99 5443.59 10074.5 2385.51 7688.94 6176.85 4736.9 543.06
internal_count=400106 394130 169590 5976 161264 224540 8326 72172 53085 114226 89092 90924 19087 46122 2351 6963 55472 110314 33409 26165 69271 23302 21080 31115 57515 13574 43941 35301 26160 2850
is_linear=0
shrinkage=0.05


Tree=6
num_leaves=31
num_cat=0
split_feature=142 225 29 234 14 228 234 231 225 234 233 226 234 233 226 226 234 226 29 29 160 224 29 29 11 12 233 228 226 234
split_gain=6214.31 4046.42 2432.82 2041.48 1201.27 1077.3 1041.68 1026.64 938.865 714.79 2320.03 995.276 608.857 1646.68 1270.62 700.018 3806.84 556.82 422.665 416.017 375.38 349.539 342.974 334.948 277.544 213.916 194.648 286.361 192.927 1571.98
threshold=33.682399749755866 0.058001475408673293 0.03604444861412049 0.034234046936035163 0.36318132281303411 22.164649009704593 -0.0098380171693861467 0.17189450562000277 -0.01129723899066448 -0.011504785157740114 -0.036969205364584916 -0.055162630975246423 -0.0082602701149880869 -0.036969205364584916 -0.055162630975246423 -0.029895805753767487 0.016909533180296425 0.21862838417291644 0.06072713993489743 0.051171280443668372 5.1171946525573739 4.5000000000000009 0.022962537594139579 0.025962852872908119 0.067248538136482253 0.29209096729755407 -0.00025094005832215766 45.157526016235359 -0.030112086795270439 0.016909533180296425
decision_type=2 2 2 2 2 2 2 2 2 2 2 2 2 2 2 2 2 2 2 2 2 2 2 2 2 2 2 2 2 2
left_child=1 2 5 17 18 6 -1 8 -4 20 21 -12 -7 22 -15 16 -16 -3 24 28 -9 -11 -14 -17 -2 -6 27 -21 29 -13
right_child=4 3 7 -5 25 12 -8 9 -10 10 11 19 13 14 15 23 -18 -19 -20 26 -22 -23 -24 -25 -26 -27 -28 -29 -30 -31
leaf_value=0.028471472136729195 -0.009893154332407136 -0.10389557579588019 -0.095178783835892955 0.020998838452011358 -0.04973235342652077 0.029404042010812259 -0.078587378685516907 0.014844259383188575 0.012497544733403388 -0.0095207459697622242 -0.092753611591799734 0.007065801787670487 0.0036079200085751568 -0.10573922768490025 0.02467740223429566 0.027903712710404472 -0.11611726833823427 0.030915213467325783 -0.030254637468475301 0.0040280170957983884 -0.0015866422850361831 -0.099425449113337172 -0.061414605004009061 0.015854141484798464 -0.035561777940502408 -0.089345927319374352 -0.0056769233653299576 -0.039455751465618728 0.0051285584964281357 -0.10201046543651048
leaf_weight=378.94555594027042 7717.4855403006077 1335.9948400259018 539.84445804357529 503.98901011049747 2645.6571550965309 9270.4522371292114 567.44330358505249 9442.3469891399145 323.91022776067257 126.94874668121338 298.62256625294685 2121.718744084239 268.70326519012451 208.98052024841309 2253.1240959465504 9846.7198275774717 610.10195872187614 81.254485279321671 6365.9650850594044 533.68287135660648 5501.2886279821396 728.58162873983383 826.91106671094894 13921.001781180501 1219.5021910369396 391.18641611933708 2671.6597805768251 1303.0630003511906 14026.180041104555 391.21846598386765
leaf_count=1661 31126 4209 1741 2138 9730 40699 1912 40470 1366 529 955 8905 1114 659 9860 43227 2017 346 24992 2192 22675 2472 3092 59847 4777 1378 10781 5034 58742 1242
internal_value=0 0.00623351 0.00804131 -0.0654311 -0.0261095 0.0169608 -0.0357197 -0.000911814 -0.0547999 0.000341266 -0.00534913 -0.00211333 0.0183008 0.0146162 0.0170688 0.0180325 -0.00532341 -0.0961665 -0.020409 -0.000827323 0.00879545 -0.0860848 -0.0454676 0.0208462 -0.0133958 -0.0548351 -0.0142912 -0.0268212 0.0028428 -0.00991538
internal_weight=0 78082.7 76161.4 1921.24 18339.8 38152.4 946.389 38009.1 863.755 37145.3 22201.7 21346.1 37206 27935.5 26839.9 26630.9 2863.23 1417.25 15303 21047.5 14943.6 855.53 1095.61 23767.7 8936.99 3036.84 4508.41 1836.75 16539.1 2512.94
internal_count=399888 327885 321192 6693 72003 164088 3573 157104 3107 153997 90852 87851 160515 119816 115610 114951 11877 4555 60895 86896 63145 3001 4206 103074 35903 11108 18007 7226 68889 10147
is_linear=0
shrinkage=0.05


Tree=7
num_leaves=31
num_cat=0
split_feature=15 231 233 232 233 14 233 15 126 231 29 231 131 228 224 230 224 224 231 231 225 29 144 228 231 233 233 15 187 231
split_gain=9599.91 6273.45 11206.5 3412.57 1473.6 1667.97 1384.61 2009.17 1126.91 965.579 947.388 892.168 652.118 591.217 1617.28 578.883 397.798 390.596 372.097 508.681 810.27 428.867 347.946 311.388 305.037 293.907 284.784 258.634 251.956 247.323
threshold=0.29224689304828649 1.0998837351799013 -0.025755463168025013 -0.4532077014446258 0.0058588914107531318 0.41818252205848699 -0.00032215450482908631 0.10983856767416002 0.05224422179162503 1.7051149606704714 0.024858212098479274 1.5950930714607241 -0.13053733110427854 22.164649009704593 4.5000000000000009 2.5000000000000004 2.5000000000000004 1.5000000000000002 1.7051149606704714 1.5950930714607241 -0.0015026581822894511 0.031745841726660735 24.740249633789066 92.030529022216811 2.9074177742004399 0.24723561108112338 -0.030141824856400486 0.19376396387815478 -12.452000141143797 0.88830339908599865
decision_type=2 2 2 2 2 2 2 2 2 2 2 2 2 2 2 2 2 2 2 2 2 2 2 2 2 2 2 2 2 2
left_child=1 2 3 -1 15 23 7 12 28 11 -5 26 -3 14 -14 22 -11 -17 19 -15 21 -21 -2 -6 -18 -7 -9 -4 -8 -29
right_child=4 6 27 10 5 25 8 9 -10 16 -12 -13 13 18 -16 17 24 -19 -20 20 -22 -23 -24 -25 -26 -27 -28 29 -30 -31
leaf_value=-0.0097676548747725328 0.053493667294381736 0.091833418572529496 -0.02435253818921361 0.058780944094140655 0.020168829073255071 0.1042071023850721 0.001161918407946145 0.15440979471330113 0.17009260633765597 0.0031746670251148637 0.18495907538486739 0.205802457814176 -0.011966173112741667 -0.016341216898302362 0.17382443138561363 0.062373767041927736 0.03509762789664396 0.16067669753644542 -0.021663540481892486 0.081953362301526167 0.017478019710638708 0.30777553494929516 0.13165904380506813 0.14899144173932458 0.11936296984648556 0.22722192924564488 0.022787263820113656 -0.0026817790265035095 -0.029086236877564432 0.094076673714243289
leaf_weight=313.62981290370226 415.64922189712524 145.66053023189306 2413.0065247118473 166.9213380292058 1662.9874092712998 713.94251629710197 719.60498674213886 52.943003952503204 72.27028863132 832.26400554180145 1367.6538103222847 157.58632492274046 506.06032854318619 690.89458906650543 152.40900871157646 120.1038116812706 389.00317654013634 636.94844218343496 8148.4216413646936 42.965891316533089 309.6706001535058 41.171180590987206 216.54383622854948 48.270788259804249 148.35642772167921 52.098372854292393 183.64617162197828 264.04455668479204 15896.384202577174 88.071495033800602
leaf_count=3516 3731 1501 27264 1544 16483 5680 7762 480 606 9088 7815 1373 5708 7593 950 1092 3996 4768 92936 484 3304 420 1697 434 1481 347 1949 2926 182058 902
internal_value=0 -0.00889098 0.0452001 0.140519 0.0743679 0.0512527 -0.01765 -0.004542 -0.0269194 0.0446734 0.171234 0.113633 -0.0131904 -0.0147369 0.0310368 0.115587 0.0248269 0.145081 -0.0180013 0.00950957 0.0548621 0.192456 0.0802675 0.0238026 0.0583619 0.112573 0.0522412 -0.0185111 -0.0277763 0.0215195
internal_weight=0 33102.6 4613.33 1848.2 3866.54 2477.3 28489.3 11801.1 16688.3 1763.8 1534.58 394.176 10037.3 9891.59 658.469 1389.25 1369.62 757.052 9233.12 1084.7 393.808 84.1371 632.193 1711.26 537.36 766.041 236.589 2765.12 16616 352.116
internal_count=399888 365656 43967 12875 34232 22944 321689 131263 190426 18367 9359 3802 112896 111395 6658 11288 14565 5860 104737 11801 4208 904 5428 16917 5477 6027 2429 31092 189820 3828
is_linear=0
shrinkage=0.05


Tree=8
num_leaves=31
num_cat=0
split_feature=7 233 227 142 225 160 227 234 225 233 29 233 143 234 227 232 160 229 230 230 233 233 224 232 225 227 227 234 234 227
split_gain=7755.97 3427.71 10698.5 1610.36 1518.39 1468.63 945.813 803.802 722.385 442.229 357.136 350.898 269.669 262.186 196.17 210.739 179.57 173.306 171.155 242.056 167.799 160.141 159.978 264.44 159.119 159.018 242.381 148.786 174.257 145.993
threshold=1.0000000180025095e-35 0.019478814676404003 -0.059868887066841119 21.87555027008057 0.20679578930139544 3.993026971817017 0.15754102915525439 0.0079615630675107258 -0.016739149577915665 -0.052350873127579682 0.025248400866985325 -0.0055104533676058045 27.883049964904789 0.012303041294217111 0.038397464901208885 -0.63058495521545399 2.9685503244400029 0.62673509120941173 1.5000000000000002 5.5000000000000009 0.028118208050727848 -0.0012795063666999338 1.5000000000000002 -1.355474531650543 -0.020384375937283036 0.12742575258016589 0.038397464901208885 -0.033350853249430649 0.01869749836623669 0.22668402642011645
decision_type=2 2 2 2 2 2 2 2 2 2 2 2 2 2 2 2 2 2 2 2 2 2 2 2 2 2 2 2 2 2
left_child=1 5 7 10 -2 16 8 24 12 18 -4 22 -5 -8 15 -10 -1 -13 -7 -20 -16 -18 23 -11 -3 26 -12 -24 -29 -19
right_child=4 2 3 6 -6 9 13 -9 14 11 25 17 -14 -15 20 -17 21 29 19 -21 -22 -23 27 -25 -26 -27 -28 28 -30 -31
leaf_value=-0.028459421952986536 0.13454024857823896 0.090191901738099545 -0.020908630583221954 0.037651155391895605 -0.0091483881032199486 0.02866315326277721 0.016874790516733351 0.13744198840711719 0.023496877834542199 -0.010267891320056413 -0.0087249173458662666 0.037898294636359228 0.081969477034911489 -0.015828504430456303 0.069252785100494721 -0.0021379417569824038 -0.022423978396490036 0.0028406776871316933 -0.0064684768232022684 0.021778420141576181 0.020223663419840887 -0.0090422305376212375 -0.0020284178129548092 0.029654407470427087 0.033593604394063309 -0.013115991378713327 0.011479568940257492 -0.021550409655454003 0.016194570046835707 -0.029757557377244205
leaf_weight=7651.244742423296 1257.1885777711868 276.13426767289639 4860.788053587079 957.48548576235771 215.3501605540514 1071.8728523254395 788.60114216804504 1568.5082378089428 1230.0015591233969 1825.0933780670166 3187.9531104415655 331.71913827955723 535.0548138320446 2750.2060683071613 180.15974052250385 2302.5160842984915 7473.679091706872 5241.9000937640667 1791.2560047209263 1315.3574584871531 5564.7862427681684 3189.9824820160866 1509.3579839318991 536.79834620654583 225.66685727238655 3212.0757931321859 2777.7527397125959 5791.7306779921055 322.82586988806725 367.54785284399986
leaf_count=46813 4707 1187 29288 5085 1253 5956 4356 6047 6804 10580 18529 1823 2603 15677 971 12712 44644 29261 10034 7350 30423 18743 8662 2895 1234 18720 16102 33518 1747 2164
internal_value=0 -0.00244472 0.0100946 0.00208099 0.113527 -0.0123722 0.0138851 0.11982 0.0212539 -0.00304203 -0.00995039 -0.00684024 0.0535387 -0.00854078 0.0160599 0.00678795 -0.0226146 0.00278141 0.0114355 0.00549142 0.0217612 -0.0184209 -0.0125648 -0.00119456 0.0647389 -0.00414662 0.000682698 -0.0160872 -0.0195576 0.000704744
internal_weight=0 68838.1 30417.7 28347.4 1472.54 38420.4 14308.8 2070.31 10770 20105.5 14038.6 15927 1492.54 3538.81 9277.46 3532.52 18314.9 5941.17 4178.49 3106.61 5744.95 10663.7 9985.81 2361.89 501.801 9177.78 5965.71 7623.91 6114.56 5609.45
internal_count=399888 393928 169738 161270 5960 224190 78631 8468 58598 113990 82639 90650 7688 20033 50910 19516 110200 33248 23340 17384 31394 63387 57402 13475 2421 53351 34631 43927 35265 31425
is_linear=0
shrinkage=0.05


Tree=9
num_leaves=31
num_cat=0
split_feature=122 225 160 15 226 226 227 234 233 231 225 232 226 227 233 225 234 233 226 160 227 225 160 226 160 14 160 160 227 233
split_gain=5427.41 2594.76 1802.63 1651.39 963.662 1059.47 645.768 640.29 1446 536.1 573.489 474.546 1302.56 2724.45 692.127 902.046 412.379 1067.86 524.468 409.429 378.78 1671.38 371.815 349.741 329.388 323.119 297.893 297.207 290.174 287.354
threshold=0.042471654713153846 0.058001475408673293 3.6600785255432133 0.27116128802299505 -0.055162630975246423 -0.05716148950159549 0.16194821149110797 -0.011504785157740114 -0.036969205364584916 0.17189450562000277 -0.01129723899066448 -1.2801879048347471 -0.030209682881832119 -0.068882577121257768 -0.036969205364584916 -0.0094147203490138037 -0.011504785157740114 -0.036969205364584916 -0.055162630975246423 2.3192992210388188 0.13724447786808017 0.058001475408673293 5.9017293453216562 -0.055162630975246423 5.7085077762603769 0.45790772140026098 5.2750923633575448 2.6131947040557866 -0.095980245620012269 -0.0073668244294822207
decision_type=2 2 2 2 2 2 2 2 2 2 2 2 2 2 2 2 2 2 2 2 2 2 2 2 2 2 2 2 2 2
left_child=1 2 4 7 5 -1 -3 24 -9 10 -4 -6 13 28 15 19 -11 -18 -19 -14 21 22 23 -10 -2 29 -20 -16 -13 -5
right_child=3 6 9 25 11 -7 -8 8 20 16 -12 12 14 -15 27 -17 17 18 26 -21 -22 -23 -24 -25 -26 -27 -28 -29 -30 -31
leaf_value=0.032464923999465788 0.0094114787591125203 -0.091011943979621091 -0.083205192168078826 -0.048927025120964876 0.029535399361437793 -0.090985410682674225 0.014977139312448325 -0.075228670191297989 -0.077901716210924815 0.010012636731732333 0.014742729843263644 -0.02062487859434808 0.0095274987264157909 0.028377224898430465 0.027883937615781559 0.027963297605216448 -0.073288919891884019 -0.083298889773501389 0.0035922078932239068 -0.059389339895872022 -0.001376333641727396 -0.088446783246413779 -0.033072420404395377 -0.0052959768859534555 -0.011325476232755696 -0.055180380632445007 -0.011936880384764023 0.01627272691175868 -0.093911648255556396 -0.024673231143017692
leaf_weight=295.94478543102741 4983.5150109529495 806.54707387089729 386.29880347847939 1640.1971064060926 7626.469504237175 421.08434751629829 174.87131671607494 962.20581912994385 169.7912292778492 9107.2344365864992 243.73271918296814 160.75290793180466 297.55300310254097 1248.0617578029633 9598.8976079970598 873.36149910092354 525.23588678240776 191.15508717298508 13268.438752248883 781.61242134869099 5389.3274519145489 772.89978528022766 1676.9932808578014 7166.1129764616489 3109.9833384603262 1736.2050692141056 4025.0427975952625 12941.43530318141 845.28268846869469 4780.9875709414482
leaf_count=1347 21482 2370 1166 6000 34549 1242 742 3120 505 38885 1024 674 1208 5648 43508 3958 1736 570 55156 2696 22308 2282 6502 29731 12676 5915 15697 56634 2606 18267
internal_value=0 0.00854608 0.00980605 -0.0165845 0.0173366 -0.0400328 -0.0721266 -0.0100337 -0.0157897 0.000282487 -0.0453133 0.0185334 0.0153963 -0.0209755 0.0187436 -0.00981418 0.00134185 -0.0030428 -0.000932617 -0.0403872 -0.0120209 -0.0178832 -0.011832 -0.00697645 0.00144316 -0.036043 -2.21739e-05 0.0212174 -0.0822013 -0.0308685
internal_weight=0 63819 62837.6 32388.2 35090.5 717.029 981.418 24230.8 16137.3 27747.1 630.032 34373.4 26747 2254.1 24492.9 1952.53 27117.1 18009.9 17484.6 1079.17 15175.1 9785.8 9012.9 7335.9 8093.5 8157.39 17293.5 22540.3 1006.04 6421.18
internal_count=400204 271416 268304 128788 154070 2589 3112 98606 64448 114234 2190 151481 116932 8928 108004 7862 112044 73159 71423 3904 61328 39020 36738 30236 34158 30182 70853 100142 3280 24267
is_linear=0
shrinkage=0.05


Tree=10
num_leaves=31
num_cat=0
split_feature=15 224 232 225 227 227 227 227 227 225 15 232 29 29 230 224 152 160 152 232 168 29 232 3 122 11 21 227 15 223
split_gain=8045.64 4553.25 4248.45 4831.51 4963.15 1762.75 1711.87 1357.99 1117.62 946.995 924.416 1014.1 867.555 700.858 622.007 537.064 489.552 457.408 450.911 431.047 335.13 318.78 312.931 271.237 268.677 247.534 237.892 230.995 207.997 195.827
threshold=0.29224689304828649 4.5000000000000009 -0.4532077014446258 -0.0046901833266019812 0.15393447130918506 0.22302427142858508 0.22302427142858508 -0.01753139495849609 0.073007434606552138 1.0000000180025095e-35 0.54018047451972973 0.39682576060295111 0.022477316670119766 0.04022959619760514 9.5000000000000018 3.5000000000000004 0.14529486000537875 4.9283092021942148 0.10242580249905588 -3.334617972373962 2.3289500474929814 0.040076380595564849 -1.355474531650543 1491256.7500000002 0.06971291080117227 0.10815194994211198 1.0000000180025095e-35 0.018333122134208683 0.13631527125835421 0.031818183138966567
decision_type=2 2 2 2 2 2 2 2 2 2 2 2 2 2 2 2 2 2 2 2 2 2 2 2 2 2 2 2 2 2
left_child=1 6 8 4 12 10 17 9 18 -5 11 15 -4 25 16 27 -15 26 19 -3 -19 -10 -22 -14 -7 -8 -1 -2 -9 -12
right_child=5 2 3 7 -6 24 13 28 21 -11 29 -13 23 14 -16 -17 -18 20 -20 -21 22 -23 -24 -25 -26 -27 -28 -29 -30 -31
leaf_value=0.17682041651866656 0.019440783817895865 0.051925154950285407 0.020667119322121685 -0.031013536052835317 -0.034304166566035944 0.10452043073077322 -0.012632345364500391 -0.026040881981344556 0.012634170898345906 0.15492002599579735 0.12408826343002025 0.0047953819681938918 0.15806644431290373 0.020949334709847538 0.13792193861328836 0.10984317735450272 0.18520221384721122 -0.013988003034217288 0.095416788632323571 -0.019867198485172488 0.15100244736778223 0.13036079534074307 0.01534106200424667 0.10555787208400641 0.1627872298504506 0.1259741284158232 -0.028656627522525707 0.12582831522550639 0.018653703717322386 0.074967702769912478
leaf_weight=14.098221130669115 391.35887989401817 218.25576280802488 141.22675130516291 101.03211948275566 518.5657876804471 422.40480399131775 604.49872463941574 1437.3864363580942 85.990197889506817 212.55416814982891 268.49419947713614 1414.6697327196598 1490.3981503248215 470.04414833337069 214.88818950951099 467.219169087708 50.209896259009838 4591.8184838965535 91.010338693857193 4972.0338053405285 55.316655725240707 173.56586812436581 183.58972630649805 294.54388377815485 372.15726979076862 34.024293847382069 16459.068774841726 58.671486116945744 317.8747531324625 830.55407205969095
leaf_count=139 3688 2204 1265 1192 5909 3152 6943 16798 959 1175 1899 13496 7589 5011 1671 3363 340 50811 938 58129 532 1288 1907 1593 2303 268 195655 470 3393 6124
internal_value=0 -0.00860776 0.019399 0.05541 0.102998 0.0647042 -0.021025 -0.000824486 -0.00993545 0.0950154 0.0491632 0.0313457 0.139963 0.0330749 0.0663598 0.0722941 0.0368014 -0.0245133 -0.0149137 -0.0168483 -0.0109841 0.0913583 0.0467523 0.149402 0.131811 -0.00524657 -0.0284808 0.0333108 -0.0179468 0.0869677
internal_weight=0 32732 10054.4 4513.58 2444.73 4225.53 22677.6 2068.85 5540.86 313.586 3430.97 2331.92 1926.17 1373.67 735.142 917.25 520.254 21303.9 5281.3 5190.29 4830.72 259.556 238.906 1784.94 794.562 638.523 16473.2 450.03 1755.26 1099.05
internal_count=400204 365709 102432 38914 16356 34495 263277 22558 63518 2367 29040 21017 10447 14233 7022 7521 5351 249044 61271 60333 53250 2247 2439 9182 5455 7211 195794 4158 20191 8023
is_linear=0
shrinkage=0.05


Tree=11
num_leaves=31
num_cat=0
split_feature=7 233 227 142 29 225 227 225 227 233 233 228 142 29 227 151 3 234 229 233 143 228 231 228 151 234 33 234 229 133
split_gain=6366.5 3217.21 8661.59 1382.27 1332.74 1035.58 855.719 699.821 492.659 385.29 336.594 295.275 281.603 255.519 212.236 190.351 184.893 181.239 167.156 161.186 147.829 146.992 255.69 142.472 135.503 133.168 172.025 122.834 162.845 117.354
threshold=1.0000000180025095e-35 0.019478814676404003 -0.059868887066841119 19.226900100708011 0.039771290495991714 0.20679578930139544 0.15754102915525439 -0.015287211164832113 -0.09683672338724135 -0.052350873127579682 -0.0055104533676058045 57.011194229125984 38.469150543212898 0.026323627680540088 0.038397464901208885 2.7836118936538701 680767.84375000012 0.031429702416062362 0.62673509120941173 0.17193885892629626 36.511949539184577 34.167350769042976 1.7051149606704714 73.319728851318374 2.6645467281341557 -0.033350853249430649 -2.6275695562362666 -0.0021912577794864769 0.82486075162887584 0.73172551393508922
decision_type=2 2 2 2 2 2 2 2 2 2 2 2 2 2 2 2 2 2 2 2 2 2 2 2 2 2 2 2 2 2
left_child=1 4 8 13 16 -2 7 12 -3 20 25 24 -5 -4 17 19 -1 -9 -12 -16 -6 -20 -23 -17 -8 -11 -27 -24 -29 -14
right_child=5 2 3 6 9 -7 11 14 -10 10 18 -13 29 -15 15 23 -18 -19 21 -21 -22 22 27 -25 -26 26 -28 28 -30 -31
leaf_value=-0.016941184901958197 0.11371984098014945 0.033058678841539395 -0.01911858705482854 0.025022745962542454 0.0032412351225833032 -0.0054697467885751212 0.13681477278222512 -0.0050273976767009855 0.11087806107167411 -2.6586873874867341e-06 0.036139972017501847 -0.016306227088871087 0.076983441381249226 -0.0042935462753909727 0.024927023219953381 0.022689655657273277 -0.027174028909395537 0.015512159334769161 -0.018675312864414477 0.13221760031714516 0.022785973933008678 -0.0080785520935818655 0.0033037798047021796 0.0066364155900782793 0.012617906868561802 -0.022301367773447267 -0.0078597491412059402 -0.0015766759826101318 0.036985018644338501 0.03812587334902235
leaf_weight=8793.210147023201 1402.2215538918972 225.57265616953373 5259.748979344964 764.48878915607929 2761.0668417811394 209.46416348218918 22.489741370081902 2290.8605592399836 2067.3536127954721 1766.1570613533258 347.61384266614914 3035.7419011592865 675.50841648876667 6496.3757240474224 72.802811667323112 4382.8182868510485 8864.5612205564976 2021.9532568603754 855.88412050902843 67.42744480073452 1489.3405050784349 2339.1083463728428 1191.2438304871321 2018.7228080928326 935.42101491987705 4152.9996358305216 4095.5899832844734 389.99103294312954 918.78625224530697 272.7669802159071
leaf_count=54190 4702 1215 32715 4055 15552 1218 124 12777 7255 10177 1849 17433 3155 38164 395 23525 55263 11076 4892 331 7982 13119 6617 11031 5134 24145 23648 2127 5018 1320
internal_value=0 -0.00230747 0.00975365 0.0021852 -0.0120319 0.0982293 0.0114927 0.0178997 0.103222 -0.00329642 -0.00683974 -0.00866913 0.0476026 -0.0109263 0.0132128 0.0188896 -0.0220783 0.00460205 0.00247976 0.076516 0.0100897 0.000425202 0.00380346 0.0176273 0.0155338 -0.0124629 -0.0151308 0.0149207 0.0254944 0.0658062
internal_weight=0 68575.6 30610.1 28317.1 37965.6 1611.69 16561 12567.3 2292.93 20307.8 16057.4 3993.65 1712.76 11756.1 10854.6 6541.77 17657.8 4312.81 6042.63 140.23 4250.41 5695.01 4839.13 6401.54 957.911 10014.7 8248.59 2500.02 1308.78 948.275
internal_count=400204 394284 169705 161235 224579 5920 90356 67665 8470 115126 91592 22691 8530 70879 59135 35282 109453 23853 33622 726 23534 31773 26881 34556 5258 57970 47793 13762 7145 4475
is_linear=0
shrinkage=0.05


Tree=12
num_leaves=31
num_cat=0
split_feature=160 225 15 29 226 232 228 225 231 225 232 232 226 226 229 231 122 225 15 232 225 232 226 23 226 229 226 33 15 232
split_gain=4857.48 3235.49 1520.42 1019.18 958.624 855.678 1545.31 711.342 663.484 825.846 696.774 502.16 499.971 510.591 448.758 438.819 435.592 402.315 321.624 305.064 401.211 506.074 490.462 288.93 328.428 1059.34 250.857 250.337 233.906 230.442
threshold=4.4130754470825204 0.058001475408673293 0.25851838290691381 0.028928706422448162 0.20582216233015063 -1.1921979784965513 28.266542434692386 -0.026410164311528202 1.0605680942535403 0.0032975355861708526 0.71265050768852245 -0.4532077014446258 -0.055162630975246423 -0.05716148950159549 1.7563159465789797 0.17189450562000277 0.077884044498205199 -0.01129723899066448 0.50539740920066845 -0.61112582683563221 0.00044276846165303146 -0.034865973517298691 0.013845109380781652 55.611419677734382 -0.03452963009476661 1.0874777436256411 -0.041179388761520379 33.847614288330085 0.1118288040161133 -0.60294023156166066
decision_type=2 2 2 2 2 2 2 2 2 2 2 2 2 2 2 2 2 2 2 2 2 2 2 2 2 2 2 2 2 2
left_child=1 3 15 12 14 -5 7 -7 9 10 11 -8 13 -1 -3 17 19 -2 -4 28 21 22 -21 24 25 -10 -27 -6 -17 -22
right_child=2 4 18 5 27 6 8 -9 23 -11 -12 -13 -14 -15 -16 16 -18 -19 -20 20 29 -23 -24 -25 -26 26 -28 -29 -30 -31
leaf_value=0.032018770870684811 -0.080204549020518781 0.01824075827305504 -0.024378147139219999 0.01902175764674148 0.0198269373035352 0.022284380517520411 0.016994655646448618 -0.070194191296887989 0.022054848384705658 0.016253706288619715 0.0092904500704883795 -0.061759040024151446 0.021918427987267654 -0.08336554389410343 -0.079775486509197566 0.0053515496171146794 -0.023678094596819101 0.0095829536878308773 -0.04357328705416072 -0.067437064704219618 -0.08975016536125649 -0.011190919765582499 -0.0032449567963018394 2.5515985869607968e-05 0.014717239779501326 0.018612263625054644 -0.083791043534401116 -0.057202711416574563 -0.015211604542323951 -0.0009129942010534987
leaf_weight=165.07432110607624 385.68600934743881 127.21511921286583 6923.9137537181377 10052.472958907485 468.60817423462868 260.61785550415516 236.14106938242912 1028.7407775819302 874.49787147343159 1345.4426369518042 690.52705116569996 1417.1997110545635 19070.931008562446 228.72711509466171 1423.1642088294029 8610.4111133515835 3358.2218230813742 184.41237863898277 3186.5998158305883 899.18945977091789 73.723241209983826 4457.5931903272867 444.74118989706039 7455.6905167400837 12676.757754772902 69.562907516956329 426.34218657016754 136.11066319048405 1647.5497431308031 7422.337404936552
leaf_count=779 1109 559 25896 45302 2008 1175 1063 3004 3963 5955 3017 4430 87438 643 3990 36103 13239 775 10741 2982 223 17615 1795 31625 55781 309 1217 466 6619 30207
internal_value=0 0.009212 -0.0138496 0.0115256 -0.0509062 0.00660204 0.00188747 -0.0515015 0.00461997 -0.0149697 -0.0328928 -0.0505109 0.0207669 -0.0349986 -0.0717328 -0.00775092 -0.0068314 -0.0511606 -0.030428 -0.00442964 -0.00942725 -0.0192995 -0.0461942 0.00798104 0.0122035 -0.0110493 -0.0694265 0.00248903 0.00204886 -0.0017867
internal_weight=0 58153.8 37594.4 55998.7 2155.1 36534 26481.5 1289.36 25192.2 3689.31 2343.87 1653.34 19464.7 393.801 1550.38 27483.9 26913.8 570.098 10110.5 23555.5 13297.6 5801.52 1343.93 21502.9 14047.2 1370.4 495.905 604.719 10258 7496.06
internal_count=400028 252724 147304 245701 7023 156841 111539 4179 107360 14465 8510 5493 88860 1422 4549 110667 108783 1884 36637 95544 52822 22392 4777 92895 61270 5489 1526 2474 42722 30430
is_linear=0
shrinkage=0.05


Tree=13
num_leaves=31
num_cat=0
split_feature=15 231 233 234 227 233 226 233 29 15 131 12 228 224 226 29 18 229 226 233 227 229 144 144 187 230 187 14 14 233
split_gain=7005.64 4918.09 6930.7 1708.23 1595.98 1247.06 1540.14 1244.32 1237.31 1068.55 1006.39 761.062 676.649 1063.75 610.747 478.607 401.26 391.976 333.055 515.01 305.408 273.644 263.613 256.735 252.115 234.567 255.949 254.118 217.602 207.206
threshold=0.25851838290691381 1.0998837351799013 -0.025755463168025013 -0.0082602701149880869 0.22302427142858508 -0.00032215450482908631 0.013014714233577253 -0.0012795063666999338 0.040076380595564849 0.50539740920066845 -0.1361322999000549 0.19533477723598483 22.164649009704593 4.5000000000000009 -0.018658253364264962 0.021187231875956062 0.059123300015926368 1.1802346706390383 -0.019522736780345436 -0.030141824856400486 0.23447819054126742 0.98815491795539867 22.743749618530277 22.143949508666996 -2.4514999389648433 3.5000000000000004 -3.8665000200271602 0.34261052310466772 0.74153131246566784 0.21083541959524157
decision_type=2 2 2 2 2 2 2 2 2 2 2 2 2 2 2 2 2 2 2 2 2 2 2 2 2 2 2 2 2 2
left_child=1 2 3 -1 7 6 10 14 -8 -9 23 -7 13 -12 22 -5 -14 24 -18 -20 -4 -16 -2 -3 -10 27 -27 -6 -11 -13
right_child=4 5 20 15 25 11 8 9 17 28 12 29 16 -15 21 -17 18 -19 19 -21 -22 -23 -24 -25 -26 26 -28 -29 -30 -31
leaf_value=-0.010329404328020108 0.015830351313454581 0.053797286512292812 -0.023989745911248105 0.010229088395547464 0.030528198547633192 -0.028087392180789213 -0.0097553662700030543 0.0017345401508550842 0.13643032432624011 0.053427779688652421 -0.0094505824459791311 0.02493388908488807 -0.02230704904285475 0.11837688703033172 0.1340443632775554 0.12311774837477725 -0.0088055099937414828 -0.014949049620609958 0.1243101531056619 0.0058872380937559079 0.04380321932409962 0.062493502382711522 0.090039105685012041 0.16295535591692237 0.06964563877780873 0.14653624091160852 0.07918294808625638 0.11696855925603991 0.11343147294290641 0.14679136565186823
leaf_weight=301.37733040750027 335.77094785869122 204.06884267926216 2389.4774320870638 98.835677847266197 163.51628170907497 15209.805888615549 497.31854055821896 2043.8887939080596 338.62236778438091 853.02306336164474 503.13375155627728 66.294077448546886 7681.7965241223574 240.57668043673038 486.83098073303699 1876.2654253840446 1077.6145510151982 72.223295718431473 134.59344491362572 288.81481736153364 178.54455736279488 184.18281073123217 185.94751207530499 73.18314516544342 242.52349213510752 471.70516199618578 201.21999673545361 177.12449542433023 183.61780627071857 73.630264885723591
leaf_count=3451 2960 1965 28428 876 1366 184343 5843 20140 2547 6192 5906 638 92084 1103 2753 8331 12466 782 1118 3183 1681 1297 1259 631 1958 2793 1362 1033 1100 439
internal_value=0 -0.00931813 0.0370311 0.10055 0.0528745 -0.0177265 -0.0051636 0.0394952 0.0496728 0.0227066 -0.0113475 -0.0270195 -0.0139718 0.0318993 0.0828561 0.117469 -0.0176869 0.0949071 0.00595774 0.0435316 -0.0192764 0.114405 0.0422794 0.0826105 0.10856 0.109282 0.126396 0.075475 0.0640561 0.0890571
internal_weight=0 31548.7 4844.5 2276.48 5286.83 26704.2 11354.5 4273.26 1150.69 3080.53 10203.8 15349.7 9926.53 743.71 1192.73 1975.1 9182.82 653.369 1501.02 423.408 2568.02 671.014 521.718 277.252 581.146 1013.57 672.925 340.641 1036.64 139.924
internal_count=400028 357773 42767 12658 42255 315006 129586 35701 11130 27432 118456 185420 115860 7009 8269 9207 108851 5287 16767 4301 30109 4050 4219 2596 4505 6554 4155 2399 7292 1077
is_linear=0
shrinkage=0.05


Tree=14
num_leaves=31
num_cat=0
split_feature=234 226 232 229 226 160 142 227 225 225 231 229 142 234 142 142 232 229 226 234 234 122 151 226 227 225 227 231 227 227
split_gain=2835.67 3108.17 3667.38 2598.21 3150.25 1339.34 1152.85 737.214 581.516 577.194 535 490.229 291.189 285.377 269.364 212.771 183.887 183.501 177.08 174.618 166.243 162.01 155.308 219.443 141.497 130.716 129.446 114.55 114.379 112.3
threshold=0.0073904907330870637 -0.028330408968031403 -1.1921979784965513 1.7563159465789797 0.20582216233015063 4.4130754470825204 21.286400794982914 0.18537236005067828 0.030408769845962528 -0.015287211164832113 4.5418584346771249 0.80018705129623424 14.138849735260012 0.026340582408010963 11.25969982147217 37.981248855590827 0.75811851024627697 1.0185583233833315 0.011791600380092861 -0.0066609354689717284 -0.035849630832672112 0.061370981857180602 4.2241175174713144 0.15715487301349643 0.15393447130918506 -0.0070878711994737378 -0.093692712485790239 1.5108191370964053 -0.023329939693212506 0.073007434606552138
decision_type=2 2 2 2 2 2 2 2 2 2 2 2 2 2 2 2 2 2 2 2 2 2 2 2 2 2 2 2 2 2
left_child=5 2 -2 6 -5 12 14 9 25 15 11 19 26 16 -3 -8 -11 28 -15 -7 -19 -22 23 -20 -21 -4 -1 -13 -12 -29
right_child=1 3 8 4 -6 10 7 -9 -10 13 17 27 -14 18 -16 -17 -18 20 22 24 21 -23 -24 -25 -26 -27 -28 29 -30 -31
leaf_value=0.0084230896170089924 -0.02599659389910923 -0.020463932648982237 0.078531807173282148 0.098623131003386433 -0.021515883360247796 0.029509348947595729 0.021568476701959105 -0.01662159077974833 0.010925413771595676 -0.011329844192817212 0.031361073982859415 -0.017413073662235327 -0.011472153500571208 0.05507712407617063 -0.0048955258517864994 0.054320410930615487 0.0091980474145429564 -0.017587793550787816 0.0056727160327911773 -0.019541696264730971 0.020550830794987842 0.057320792092442951 0.013783774512370124 0.083795894070149229 0.018461479813320549 0.10449527480908434 -0.024079762705067904 -0.0024635622567634472 0.0037950361144649053 -0.019659322744119533
leaf_weight=315.15015713870525 979.15302917361259 4107.3476409614086 713.44275178015232 1523.6421974003315 850.09415173530579 1299.2345303297043 884.45451509952545 2097.6655985862017 219.79907591640949 1744.1146101206541 481.09248632192612 2522.617314055562 10087.526543751359 308.99152117967606 8586.9576815068722 1128.7114523500204 2913.0469950884581 143.6626873165369 166.9313158094883 439.03940582275391 586.56468889117241 612.25990638136864 4881.1569528132677 194.76269096136093 554.0023131519556 1512.5309829711914 10941.672942772508 6261.3660153001547 1727.6391862779856 1119.1709321439266
leaf_count=1864 6133 26064 2394 4712 4920 7009 4654 12045 1174 9884 2628 14306 61262 1587 51931 5163 15865 791 904 2504 3117 3165 25918 979 2906 4839 69857 35527 9439 6487
internal_value=0 0.0106981 0.0557755 0.00544469 0.0555984 -0.00948056 0.00103768 0.0107628 0.0885126 0.0154628 0.00158133 -0.00339195 -0.0176414 0.0106377 -0.00993281 0.0399313 0.00151032 0.0186603 0.0182942 0.0174445 0.033239 0.0393299 0.0161263 0.04774 0.00165968 0.0961738 -0.0231698 -0.00821495 0.0097993 -0.0050711
internal_weight=0 32812.8 3424.93 29387.9 2373.74 37091 27014.1 14319.8 2445.77 12222.2 15746.6 12195.4 21344.3 10209 12694.3 2013.17 4657.16 3551.22 5551.84 2292.28 1342.49 1198.82 5242.85 361.694 993.042 2225.97 11256.8 9903.15 2208.73 7380.54
internal_count=400028 179166 14540 164626 9632 220862 154994 76999 8407 64954 87879 68739 132983 55137 77995 9817 25749 19140 29388 12419 7073 6282 27801 1883 5410 7233 71721 56320 12067 42014
is_linear=0
shrinkage=0.05


Tree=15
num_leaves=31
num_cat=0
split_feature=122 7 142 7 160 228 225 160 227 227 29 228 227 225 226 14 228 228 226 122 225 225 38 13 229 227 226 108 225 225
split_gain=4509.79 1693.48 1625.25 1395.09 1167.03 663.896 501.108 497.138 401.654 356.559 312.771 261.993 261.511 1300.65 462.754 256.679 223.22 201.447 193.586 191.071 177.626 391.857 162.785 156.65 150.8 230.837 150.475 147.715 168.002 198.773
threshold=0.036365211009979255 1.0000000180025095e-35 39.997900009155281 1.0000000180025095e-35 3.1746126413345341 22.164649009704593 0.20679578930139544 5.3575997352600107 -0.068882577121257768 0.22302427142858508 0.041000926867127425 22.164649009704593 -0.068882577121257768 0.0044434329029172668 -0.055162630975246423 -0.0021011837525293227 41.698772430419929 59.570852279663093 0.20582216233015063 0.0087294355034828203 1.0000000180025095e-35 0.0036097576376050715 -0.019836293533444401 0.18464154750108722 0.82786986231803905 -0.086385570466518388 -0.055162630975246423 0.0029220617143437271 0.00019058540055993947 -0.0015026581822894511
decision_type=2 2 2 2 2 2 2 2 2 2 2 2 2 2 2 2 2 2 2 2 2 2 2 2 2 2 2 2 2 2
left_child=1 4 3 7 5 8 -5 15 -1 18 11 -6 13 14 -7 24 -9 -17 23 -12 -16 -22 -14 -4 25 26 -2 -21 29 -29
right_child=2 -3 9 6 10 12 -8 16 -10 -11 19 -13 22 -15 20 17 -18 -19 -20 27 21 -23 -24 -25 -26 -27 -28 28 -30 -31
leaf_value=-0.072388537007062756 -0.071083786153066666 -0.073731072071020851 -0.024682408736691683 -0.072215823187414818 -0.028982518666892089 -0.075157792202908066 0.015914626735662619 -0.0057876076634546143 0.012220069319404718 -0.055429435640876726 -0.064152221694066008 0.010411923248344387 0.028077177090545968 -0.088145672265632913 0.028584218143462195 -0.0099775220948915191 -0.022409344171729628 0.0024768351900474697 -0.0090868660164537245 0.0052041290633171649 -0.086382719578407 0.032043716604551777 0.018782466268630303 -0.040808841206659723 0.0091886562693773571 0.0026711277807926724 0.0085641681808085145 -0.010337136056486973 0.0015356915925696815 -0.063670395385105771
leaf_weight=309.71907418966293 209.78988811373711 599.09304389357567 6661.7619006484747 1033.6546113491058 434.41118337213993 124.9848964214325 191.11706833541393 3812.2820229977369 256.38400162756443 1095.6209410876036 118.70521433651447 14827.549050673842 8426.5502545237541 321.0810723900795 2119.2793809473515 7376.5299029648304 4295.9783963859081 5799.503527700901 1541.3515918105841 6385.5040946751833 112.25819718837738 184.90328666567802 10682.370578318834 1945.7231234163046 7502.6791354864836 884.5496189892292 82.666739985346794 3357.9017431885004 4375.9383934289217 184.29113294184208
leaf_count=882 578 1637 24326 2826 1514 340 838 15337 1076 3616 419 65262 40223 915 10215 30179 16256 24657 5870 26994 319 898 49932 6511 32755 3759 375 13046 17816 632
internal_value=0 0.00985538 -0.012034 -0.00615851 0.0108143 0.0193925 -0.0584637 -0.00402055 -0.0340699 -0.028331 0.00430139 0.00929061 0.0207699 0.00667606 0.0186557 -9.77995e-05 -0.0145943 -0.00449567 -0.0254056 -0.000978281 0.023508 -0.012694 0.0228812 -0.0283278 0.0065783 -0.0100611 -0.0485702 -0.000454003 -0.00501695 -0.0131119
internal_weight=0 52820.9 42433.2 31188.8 52221.8 22537.5 1224.77 29964 566.103 11244.5 29684.3 15262 21971.4 2862.51 2541.43 21855.7 8108.26 13176 10148.8 14422.3 2416.44 297.161 19108.9 8607.49 8679.69 1177.01 292.457 14303.6 7918.13 3542.19
internal_count=400003 232120 167883 127560 230483 104800 3664 123896 1958 40323 125683 66776 102842 12687 11772 92303 31593 54836 36707 58907 11432 1217 90155 30837 37467 4712 953 58488 31494 13678
is_linear=0
shrinkage=0.05


Tree=16
num_leaves=31
num_cat=0
split_feature=15 233 226 233 234 233 14 160 131 226 228 224 226 152 29 13 14 225 226 228 230 226 24 246 228 13 39 232 164 160
split_gain=6015.84 4089.98 5246.1 2851.85 2156.05 1274.72 1522.25 925.521 762.157 738.764 670.083 835.714 636.512 569.038 446.244 339.901 266.529 248.748 232.353 219.49 208.185 370.894 207.403 184.471 182.365 160.093 155.123 152.81 149.481 145.098
threshold=0.23203226178884509 -0.00032215450482908631 -0.016230592504143711 -0.025755463168025013 -0.020649572834372517 -0.00032215450482908631 0.30967845022678381 4.1001091003417978 -0.1361322999000549 0.012463098857551815 22.164649009704593 4.5000000000000009 -0.030112086795270439 0.12753606587648394 0.021187231875956062 0.28169113397598272 0.27397128939628607 0.015788829885423187 0.11911282315850259 50.77893257141114 2.5000000000000004 0.017516268417239193 10.188540935516359 106.50000000000001 92.030529022216811 0.16433394700288775 0.49841684103012091 -1.8199365735054014 1.0000000180025095e-35 6.2711186408996591
decision_type=2 2 2 2 2 2 2 2 2 2 2 2 2 2 2 2 2 2 2 2 2 2 2 2 2 2 2 2 2 2
left_child=1 2 8 4 -4 12 -7 -5 19 -9 11 26 16 27 -6 18 -2 22 29 -1 21 25 -11 -16 -15 -14 -10 -3 -29 -8
right_child=5 13 3 7 14 6 15 9 10 17 -12 -13 20 24 23 -17 -18 -19 -20 -21 -22 -23 -24 -25 -26 -27 -28 28 -30 -31
leaf_value=0.09806307973553563 0.00098556909082350946 0.017978147367330444 -0.01258072126917498 -0.018750696151154309 0.0069726203841820088 0.001409268768824143 0.033669415915087451 0.0031280477741635298 0.21471233897246056 0.04307114343735674 -0.020508129773815855 0.10086835013641307 0.016235726393872843 0.01814249242471953 0.10862793441347048 0.092963534439557752 0.075332624233706236 0.024250841879530128 -0.0035675234451923036 -0.01776786892986696 0.10420093819281005 0.1226294940806285 0.12148137909558243 0.0054610061042912258 0.10743646164821925 0.09693001894136645 -0.013055607408627011 0.12144773458851232 -0.029110284367763656 0.071234412650986706
leaf_weight=191.85867165029049 334.47716622799635 175.44119925796986 497.48395948112011 1347.6603276208043 118.09979026019573 2363.4429271221161 427.79758533835411 600.20322894304991 7.5919773653149596 114.21863520145416 7990.6738898232579 262.26900814473629 263.81542354077101 211.93661835044622 2246.8831570893526 597.00202077627182 188.47426998615265 139.40678130835295 191.37883414328098 51.978680446743965 1057.5864696130157 186.31344729661942 322.3402331545949 44.181858763098717 78.305230095982552 80.13477985560894 486.62149630486965 16.50373475253582 15449.50086761266 644.09121145308018
leaf_count=1609 3099 2224 5828 16394 1083 23670 3263 6538 87 832 98181 1097 2052 2220 9888 3405 1230 1391 1596 507 5863 1064 2173 237 507 485 5795 162 193284 4239
internal_value=0 -0.00967371 0.00961728 0.0484206 0.0821841 0.0438961 0.0280399 0.0095357 -0.0138195 0.0419464 -0.0162501 0.0287272 0.0756242 -0.027136 0.101753 0.0618737 0.0277806 0.0823983 0.0471811 0.0733715 0.0913812 0.065813 0.100967 0.106638 0.0422334 0.0350362 -0.0095567 -0.0284233 -0.0289496 0.056242
internal_weight=0 30353.2 14421.5 5430.48 2906.65 6334.51 4223.71 2523.83 8990.99 1176.17 8747.16 756.482 2110.8 15931.7 2409.16 1860.27 522.951 575.966 1263.27 243.837 1587.85 530.264 436.559 2291.07 290.242 343.95 494.213 15641.4 15466 1071.89
internal_count=400003 350037 151640 44364 17036 49966 36173 27328 107276 10934 105160 6979 13793 198397 11208 12503 4329 4396 9098 2116 9464 3601 3005 10125 2727 2537 5882 195670 193446 7502
is_linear=0
shrinkage=0.05


Tree=17
num_leaves=31
num_cat=0
split_feature=7 233 228 160 160 229 225 225 233 233 225 234 18 234 234 225 142 224 228 142 29 234 230 229 230 230 225 228 225 228
split_gain=4384.19 2622.64 4995.66 1167.72 1038.25 1016.35 680.717 485.667 347.868 315.924 310.381 306.223 295.272 179.194 264.038 189.237 174.779 164.433 364.966 161.09 160.425 149.297 178.233 140.507 138.511 205.267 133.051 173.402 146.523 131.29
threshold=1.0000000180025095e-35 0.019478814676404003 36.941593170166023 3.9771854877471928 3.2043808698654179 0.79885405302047741 0.20679578930139544 -0.030940170399844643 -0.052350873127579682 -0.0055104533676058045 0.051874106749892242 0.0079615630675107258 0.064794164150953307 0.072101317346096053 0.06970811635255815 0.010095363017171623 12.826399803161623 1.5000000000000002 50.77893257141114 9.4152503013610858 0.056735062971711166 -0.033350853249430649 2.5000000000000004 0.62673509120941173 1.5000000000000002 5.5000000000000009 -0.022150758653879162 69.069770812988295 0.048409214243292815 34.167350769042976
decision_type=2 2 2 2 2 2 2 2 2 2 2 2 2 2 2 2 2 2 2 2 2 2 2 2 2 2 2 2 2 2
left_child=1 3 5 16 19 -3 -2 20 24 17 12 -7 -9 14 26 -15 -1 18 -10 -4 -6 -19 -23 -11 -5 -26 -14 -28 -29 -25
right_child=6 2 4 8 7 11 -8 10 9 23 -12 -13 13 15 -16 -17 -18 21 -20 -21 -22 22 -24 29 25 -27 27 28 -30 -31
leaf_value=-0.025899442768820058 0.087813435064586096 0.012467967705041664 -0.023168337257297233 0.024632195329865447 0.026679295249778242 0.050015138092699057 -0.0082762863504614748 -0.0023746577044183701 -0.0089243024606060883 0.032883067020188249 -0.017912893499910106 0.091164795206367638 -0.016963268096282822 0.016165856853000704 0.065883171038431096 -0.028022598201665951 -0.015664067740030329 -0.0013850294719486549 0.044629830748559765 -0.0080311839595952027 0.071513773754858498 -0.009510404581121611 -0.02687331030316268 -0.017527042394156783 -0.0066396987133474777 0.01901900669742744 0.019199013967610742 0.00353243896373618 0.044335719950058569 0.0038566086975784456
leaf_weight=8292.9365679472685 1606.088968038559 665.26358778774738 2401.9696893692017 1140.9221348315477 450.85768976807594 585.28814893960953 208.20493325591087 4445.2285967171192 1994.240682169795 361.08316254615784 1176.6613736301661 1986.9503901898861 351.12169671058655 445.49744002521038 244.22228756546974 531.16181111335754 8390.9332208633423 1499.2550841718912 378.51325215399265 6551.7550920248032 357.90864153206348 2694.6424959897995 3273.6547208577394 840.81770297884941 1823.4089392572641 1361.4176846146584 6713.7036261111498 3688.1619487702847 233.97489988803864 4906.3686918318272
leaf_count=55368 4706 3598 15825 5967 2188 2447 1233 25572 11795 1826 6842 6000 2031 2150 1094 3109 53745 8738 1924 41279 1469 16046 19292 4908 10155 7367 35144 20008 1171 27006
internal_value=0 -0.00197193 0.00879605 -0.0109543 0.0019017 0.0675545 0.0767864 0.00862409 -0.00289203 -0.00630297 0.0069051 0.0818016 0.00865867 0.0126762 0.0144626 -0.00786629 -0.0207517 -0.0118474 -0.000381087 -0.012092 0.0465202 -0.0154907 -0.0190341 0.00262896 0.00968372 0.00432863 0.0133196 0.0143193 0.00596656 0.000728164
internal_weight=0 67787.9 30829.7 36958.2 27592.2 3237.5 1814.29 18638.5 20274.3 15948.6 17829.7 2572.24 16653.1 12207.8 11231.2 976.659 16683.9 9840.31 2372.75 8953.72 808.766 7467.55 5968.3 6108.27 4325.75 3184.83 10987 10635.8 3922.14 5747.19
internal_count=400003 394064 169927 224137 157882 12045 5939 100778 115024 91535 97121 8447 90279 64707 59448 5259 109113 57795 13719 57104 3657 44076 35338 33740 23489 17522 58354 56323 21179 31914
is_linear=0
shrinkage=0.05


Tree=18
num_leaves=31
num_cat=0
split_feature=160 7 160 15 232 227 232 227 227 233 12 225 225 233 226 231 233 7 110 15 160 225 152 19 233 226 226 228 23 42
split_gain=3941.34 2976.71 1080.63 887.62 835.337 1235.15 1371.36 1038.54 531.035 2326.23 499.791 494.257 445.651 808.626 1046.73 307.219 306.627 302.293 274.177 273.873 224.199 194.059 187.555 184.278 187.705 182.195 149.43 119.149 118.979 117.253
threshold=4.694955825805665 1.0000000180025095e-35 2.9222095012664799 0.213456004858017 -1.1921979784965513 -0.023329939693212506 -0.61112582683563221 -0.087686259299516664 -0.068882577121257768 0.019478814676404003 0.19533477723598483 0.20679578930139544 0.00044276846165303146 -0.018290904350578781 -0.024013678543269631 0.17189450562000277 -0.00025094005832215766 1.0000000180025095e-35 0.79111558198928844 0.50539740920066845 5.7085077762603769 -0.01129723899066448 0.053834093734622009 -1.0000000180025095e-35 -0.033969070762395852 -0.016230592504143711 -0.019522736780345436 35.857694625854499 54.562635421752937 0.26102332770824438
decision_type=2 2 2 2 2 2 2 2 2 2 2 2 2 2 2 2 2 2 2 2 2 2 2 2 2 2 2 2 2 2
left_child=1 2 8 15 22 6 7 -6 9 -1 12 -3 13 14 -7 21 26 20 -14 -18 -17 -2 -4 -10 25 -25 -5 -22 -15 -26
right_child=3 11 4 16 5 10 -8 -9 23 -11 -12 -13 18 28 -16 17 19 -19 -20 -21 27 -23 -24 24 29 -27 -28 -29 -30 -31
leaf_value=0.031439055333832677 -0.070611906527954335 -0.0664469733803425 0.018540493278712239 -0.025727228498832778 -0.054298324047427252 0.011950360517581369 -0.066104897113555189 0.016865026076366602 0.028053144501519436 -0.070283160880546799 -0.052471206991808322 0.010879096099705146 0.014463772370901946 0.010175194119219607 -0.059870092124787638 -0.0014611320518963676 -0.013381140897901517 -0.07054997989796738 0.00074271568401943584 -0.033400754445560801 -0.00511706448550776 0.0079063992060122087 -0.0065654170139186748 0.023666540337128922 -0.045953060874446325 -0.02379784844097993 -0.045682271473890181 -0.017017404147962573 -0.0029893988577009817 0.020479795722996311
leaf_weight=1710.3428915888071 305.1302986741066 1543.6571461856365 10189.58498673141 1740.1902116537094 721.78484901785851 852.86847057938576 1364.8126941919327 1769.7222492098808 7910.9502105563879 837.11340476572514 379.70591941475868 238.59376886487007 11527.41778588295 4025.6885622888803 1252.1087612658739 11268.348648190498 5803.9021193385124 183.70458543300629 5321.5192681401968 2420.9462579488754 3560.986177816987 106.03955474495888 802.49265795946121 335.95205448567867 66.989211112260818 507.76013711094856 2035.4990901052952 5138.4545364379883 2991.8750258535147 7816.2131112068892
leaf_count=8622 836 4142 47567 6183 2006 3909 3794 8256 38999 2436 1198 1033 51808 17864 3668 45800 21590 520 22893 7720 14314 452 3488 1566 306 1905 6640 19681 12588 37964
internal_value=0 0.00758989 0.00946954 -0.0138831 0.00490515 0.000610414 -0.0258189 -0.00375086 0.0192713 -0.00198763 0.00447817 -0.0560952 0.00531078 -0.0035904 -0.0307708 -0.00757671 -0.024689 -0.00670371 0.0101302 -0.0192738 -0.00611633 -0.0503623 0.0167076 0.0225263 0.0175163 -0.00489832 -0.0364851 -0.0121462 0.00456259 0.0199153
internal_weight=0 62167.2 60384.9 32563.2 41199.6 30207.5 3856.32 2491.51 19185.3 2547.46 26351.2 1782.25 25971.5 9122.54 2104.98 20562.7 12000.5 20151.5 16848.9 8224.85 19967.8 411.17 10992.1 16637.9 8726.91 843.712 3775.69 8699.44 7017.56 7883.2
internal_count=399748 276012 270837 123736 179039 127984 14056 10262 91798 11058 113928 5175 112730 38029 7577 81603 42133 80315 74701 29310 79795 1288 51055 80740 41741 3471 12823 33995 30452 38270
is_linear=0
shrinkage=0.05


Tree=19
num_leaves=31
num_cat=0
split_feature=15 231 233 233 226 232 227 233 29 15 144 12 15 232 226 227 225 225 232 226 3 151 29 232 34 7 12 225 151 225
split_gain=5301.9 4267.17 5065.06 1193.86 1266.19 1082.71 1071.14 870.994 820.874 772.855 712.354 635.431 456.848 383.53 347.251 316.665 310.942 591.384 661.313 295.047 285.968 254.782 248.361 204.989 194.237 176.51 168.009 156.819 155.044 146.546
threshold=0.25851838290691381 1.0998837351799013 -0.025755463168025013 -0.00032215450482908631 -0.016695752739906308 -0.4532077014446258 0.22302427142858508 -0.0012795063666999338 0.040838299319148071 0.50539740920066845 16.070549964904789 0.17339162528514865 -0.015208505094051359 1.0157563090324404 -0.019522736780345436 0.23063293099403384 -0.012367889750748871 -0.020384375937283036 -0.064959354698657976 -0.015950930304825302 370949.42187500006 23.40721416473389 0.020591109059751037 0.30034458637237554 18.984364509582523 1.0000000180025095e-35 0.14073316752910617 0.0017990402411669495 33.961721420288093 0.0064136888831853875
decision_type=2 2 2 2 2 2 2 2 2 2 2 2 2 2 2 2 2 2 2 2 2 2 2 2 2 2 2 2 2 2
left_child=1 2 5 4 10 -1 7 14 19 26 16 28 -10 27 24 -4 17 -3 21 29 -17 -19 -7 -16 -2 -13 -9 -14 -5 -6
right_child=6 3 15 11 8 22 -8 9 12 -11 -12 25 13 -15 23 20 -18 18 -20 -21 -22 -23 -24 -25 -26 -27 -28 -29 -30 -31
leaf_value=-0.0082692957120899056 0.011450409832736312 -0.022604569674717544 -0.025121233221756207 -0.029885730722544912 0.091342765506599713 0.011087468106721933 0.085216000944935422 -0.0047572625170588254 -0.0052715939023364336 0.050672425394546687 0.071858628255761767 0.092296217741831013 0.13103360798986927 -0.0059307953988977837 0.096816059737216548 0.10332961832584497 -0.022316714689012911 -0.0083671133155572199 0.091695510892389198 -0.01429051076139189 -0.001314063634944901 0.053723688750543078 0.096919397670870114 0.021597046022709544 0.071390854277887258 -0.0069798954426999477 0.040253073146007512 0.074389883358312509 -0.015053372476385059 -0.013481166636798643
leaf_weight=293.93731559813023 333.21427550166845 1591.1334984153509 2132.0383599549532 12164.539323084056 110.34401382505894 87.62180632352829 1205.6061382815242 1871.9667957499623 239.72066917270422 1187.6642579585314 239.23114827275276 140.51629266887903 148.42131832242012 136.62239471077919 698.00153330713511 90.578454397618771 5759.6272404119372 808.66627682745457 275.18099236488342 916.15131817758083 233.82604791969061 207.63862723857164 2209.9590850174427 104.08274462819099 227.38386210799217 65.711462467908859 233.14443933218718 691.37212505936623 2060.2722885161638 47.779372029006481
leaf_count=3459 2774 19500 26668 157305 805 785 6589 18163 2582 7297 2022 886 795 1370 3356 871 72166 10218 1084 11163 2465 2571 8439 736 1363 677 1921 5050 26095 573
internal_value=0 -0.00869046 0.0333246 -0.0169743 -0.00470308 0.0820865 0.0432127 0.0323352 0.0284438 0.0184225 -0.0132512 -0.0264742 0.0565769 0.0717614 0.0659539 -0.0181186 -0.0156072 -0.00220116 0.0229362 -0.0034044 0.027904 0.0043185 0.0936461 0.0870552 0.0357628 0.0606633 0.000227704 0.0844008 -0.0277375 0.0596686
internal_weight=0 30650.9 5047.96 25602.9 11171.9 2591.52 5861.06 4655.46 2290.41 3292.78 8881.48 14431 1216.14 976.416 1362.68 2456.44 8642.25 2882.62 1291.49 1074.27 324.405 1016.3 2297.58 802.084 560.598 206.228 2105.11 839.793 14224.8 158.123
internal_count=399748 357549 42687 314862 129899 12683 42199 35610 22338 27381 107561 184963 9797 7215 8229 30004 105539 33373 13873 12541 3336 12789 9224 4092 4137 1563 20084 5845 183400 1378
is_linear=0
shrinkage=0.05


Tree=20
num_leaves=31
num_cat=0
split_feature=233 226 229 226 160 142 226 226 228 227 233 233 151 225 128 234 225 233 160 227 3 15 29 227 233 226 227 230 126 45
split_gain=3580.35 4673.83 1769.75 2207.92 1045.5 1014.82 484.388 350.648 570.294 339.262 281.213 260.283 256.307 227.357 246.215 220.667 209.917 207.077 208.564 197.856 185.669 162.882 155.258 151.482 134.048 132.638 117.929 113.123 121.561 111.027
threshold=0.019478814676404003 -0.0062182345427572719 1.7563159465789797 0.20582216233015063 3.993026971817017 16.261850357055668 0.13519021123647693 -0.017064406536519524 50.77893257141114 0.20794968307018283 -0.059049820527434342 0.00055965055798878904 4.2241175174713144 -0.015287211164832113 -0.038884507492184632 0.0079615630675107258 -0.023775535635650154 0.15881321579217914 5.7862257957458505 0.0034421180607751016 673160.09375000012 0.10983856767416002 0.021187231875956062 0.015387311577796938 -0.0012795063666999338 -0.018397438339889046 0.19866237789392474 1.5000000000000002 0.00089968531392514716 -170999.52343749997
decision_type=2 2 2 2 2 2 2 2 2 2 2 2 2 2 2 2 2 2 2 2 2 2 2 2 2 2 2 2 2 2
left_child=4 15 5 -4 20 22 9 8 10 13 27 16 -8 14 -7 29 -9 18 -14 -10 24 -15 -3 -12 -1 -17 -13 28 -6 -2
right_child=1 2 3 -5 7 6 12 11 19 -11 23 26 17 21 -16 25 -18 -19 -20 -21 -22 -23 -24 -25 -26 -27 -28 -29 -30 -31
leaf_value=-0.019446680377322417 0.083062518016979295 -0.022958127202929293 0.079532676023727739 -0.02048702611041411 -0.005344491041920447 0.074320850740709002 0.062599705503523825 0.023239765225390275 0.038383647764219653 -0.021510134062084525 -0.010468144239564813 0.005144306641605513 0.020901519826281908 -0.001378286948076197 0.016993127694301082 0.083497368486405349 -0.021506320184298499 0.013631490420068716 0.075632079783609765 0.0022758163931141293 -0.025530250552153202 0.010036318067739199 -0.0077922769616367536 0.0079956520263762178 -0.005916124998659125 0.044778763195128676 -0.023991469457002697 0.0052142823072690364 0.041126892135980767 0.032943957405756341
leaf_weight=5438.4811681360006 146.47750978171825 2298.4591203629971 1664.1477819979191 825.44393329322338 194.87643311917782 228.5932459384203 413.93097706139088 278.42996247112751 1283.1271211802959 1115.9719793647528 6649.7476178705692 2250.9238105714321 405.58831039071083 5482.3839331567287 1036.7065634578466 2068.8877045214176 4470.8188638091087 2380.075719833374 304.94079358875751 538.65757389366627 8209.8714312016964 7269.1592630594969 6349.3422208428383 1333.6462214887142 2759.1910329759121 247.67038206756115 410.66686497628689 2250.4448345601559 506.4002308100462 449.9262820482254
leaf_count=36219 583 15676 4684 4897 1026 960 1961 1496 6499 6608 39218 12271 1945 31690 5362 6010 26517 11785 1248 2958 55909 38501 40296 7150 18025 1208 2338 12283 2594 1831
internal_value=0 0.0119287 0.00601505 0.0463703 -0.0108431 0.00233289 0.00890134 -0.0032182 0.00180682 0.00502225 -0.00250821 -0.0118682 0.0256515 0.00713466 0.0273501 0.0723752 -0.018883 0.020703 0.0443905 0.0277074 -0.0202153 0.00512874 -0.0118231 -0.00738372 -0.0148925 0.0793578 0.000648838 0.0106784 0.028213 0.0452531
internal_weight=0 32687.7 29774.7 2489.59 36575.3 27285.2 18637.4 20167.7 12756.9 15132.8 10935.1 7410.84 3504.54 14016.8 1265.3 2912.96 4749.25 3090.6 710.529 1821.78 16407.5 12751.5 8647.8 7983.39 8197.67 2316.56 2661.59 2951.72 701.277 596.404
internal_count=399748 175245 165613 9581 224503 156032 100060 114350 71728 83121 62271 42622 16939 76513 6322 9632 28013 14978 3193 9457 110153 70191 55972 46368 54244 7218 14609 15903 3620 2414
is_linear=0
shrinkage=0.05


Tree=21
num_leaves=31
num_cat=0
split_feature=160 7 15 29 234 233 228 234 233 225 228 233 7 117 160 12 160 233 232 228 228 233 234 230 232 232 228 232 233 231
split_gain=3538.13 2559.26 921.41 799.102 738.183 1462.65 441.302 411.919 1237.82 410.598 372.255 1104.68 343.796 284.875 241.01 221.822 212.52 210.229 204.721 981.196 390.278 401.472 409.637 532.267 176.645 394.495 200.223 198.577 182.603 256.019
threshold=4.327712059020997 1.0000000180025095e-35 0.25851838290691381 0.028463019058108333 -0.011504785157740114 -0.036969205364584916 23.000260353088382 -0.011504785157740114 -0.036969205364584916 0.20679578930139544 28.266542434692386 0.019478814676404003 1.0000000180025095e-35 1.0000000180025095e-35 5.9017293453216562 0.15532764792442325 6.0288028717041025 -0.00032215450482908631 -0.8960944116115569 28.266542434692386 47.923368453979499 -0.016525983810424801 0.016909533180296425 1.5000000000000002 -0.61112582683563221 -0.60294023156166066 34.167350769042976 0.037819230929017074 -0.025755463168025013 1.1966030001640322
decision_type=2 2 2 2 2 2 2 2 2 2 2 2 2 2 2 2 2 2 2 2 2 2 2 2 2 2 2 2 2 2
left_child=1 3 7 10 -5 -6 -7 16 -9 -3 11 -1 14 18 -10 17 -2 -4 -8 -20 21 -21 -23 -24 -12 -26 27 -27 29 -28
right_child=2 9 15 4 5 6 13 8 12 -11 24 -13 -14 -15 -16 -17 -18 -19 19 20 -22 22 23 -25 25 26 28 -29 -30 -31
leaf_value=0.027845506004952503 0.0058349687949619004 -0.061684245802032023 -0.031663548264193361 0.018545958098278307 -0.046740121134686029 -0.044668357243277439 0.015085888158123459 -0.061148383628739367 -0.0032491240799155056 0.012304858787224879 0.030405523111105743 -0.06094445733745834 -0.058876447959406941 -0.034680902855308574 -0.017187467057152562 -0.041866732881407097 -0.0087025385620471372 -0.015628503113682971 -0.067841699936584385 -0.061247526048001523 0.0093451923962828316 0.010930698790459575 -0.066432172863203645 0.0023770555280107223 -0.073864105392294072 -0.07522864531351503 -0.019274218991084367 0.033058858453807793 0.022479238703422 0.026412980534903277
leaf_weight=968.49869032204151 7623.4928800612688 1462.9986166656017 2981.383912935853 8984.1277093887329 1457.7583841830492 442.45648348331451 5323.8596813231707 1156.4887001812458 12533.331621482968 215.07428401708603 4223.4102471917868 548.81434920430183 321.790029078722 428.47072833776474 4121.1412675529718 1418.9162379354239 3750.888812944293 6501.5501799583435 463.92544394731522 338.84750598669052 14516.648712992668 1822.379423007369 493.11346194148064 653.50214150547981 114.60369431972504 109.07353496551514 656.54034470021725 69.192880406975746 9878.5830772519112 575.35400956869125
leaf_count=4879 32794 3902 9780 43452 4300 1220 25259 3276 50581 958 21866 1589 915 1592 15421 4382 15059 22932 1243 971 64998 8411 1324 2710 310 296 2429 349 49783 2892
internal_value=0 0.00857504 -0.0110073 0.0105337 0.00619393 0.00191605 0.0048131 -0.00641801 -0.0110969 -0.0522013 0.0193745 -0.00426995 -0.00768722 0.00572378 -0.00669816 -0.0234287 0.00104099 -0.0206698 0.00645697 0.00394504 0.00581346 -0.00968573 -0.00380105 -0.027215 0.0216704 0.0184352 0.0193722 -0.0331976 0.0202157 0.0020639
internal_weight=0 53747.2 40409 52069.2 34925.1 25941 24483.2 29507.1 18132.8 1678.07 17144.1 1517.31 16976.3 24040.7 16654.5 10901.9 11374.4 9482.93 23612.3 18288.4 17824.5 3307.84 2969 1146.62 15626.8 11403.3 11288.7 178.266 11110.5 1231.89
internal_count=399873 244733 155140 239873 155480 112028 107728 118046 70193 4860 84393 6468 66917 106508 66002 37094 47853 32712 104916 79657 78414 13416 12445 4034 77925 56059 55749 645 55104 5321
is_linear=0
shrinkage=0.05


Tree=22
num_leaves=31
num_cat=0
split_feature=231 233 14 229 227 131 29 228 227 227 5 228 224 233 13 233 228 152 226 29 121 22 18 226 41 19 41 227 14 246
split_gain=4022.01 4296.23 3844.66 1672.78 1651.95 1069.18 1038.04 647.575 540.242 513.38 481.83 470.68 395.477 354.422 343.168 329.466 324.155 415.721 449.685 304.548 281.6 254.63 221.099 183.628 175.886 173.248 171.752 150.285 143.393 133.306
threshold=1.7051149606704714 -0.023357733152806755 0.2327840253710747 0.98815491795539867 0.22668402642011645 -0.15638634562492368 0.046751210466027267 42.342876434326179 0.20794968307018283 0.17166101187467578 4.7975499629974374 20.885622978210453 4.5000000000000009 -0.00099835934815928318 0.28169113397598272 0.0089163798838853853 29.883596420288089 0.042290875688195236 -0.024013678543269631 0.021187231875956062 0.013102602679282429 1.0000000180025095e-35 0.88879755139350902 0.019742332398891452 0.072730883955955519 0.062100037932395942 0.097508020699024214 0.24029045552015307 0.12390261515975 106.50000000000001
decision_type=2 2 2 2 2 2 2 2 2 2 2 2 2 2 2 2 2 2 2 2 2 2 2 2 2 2 2 2 2 2
left_child=1 3 6 19 5 -3 11 -5 14 16 -6 12 -2 23 15 -4 17 18 -8 -1 28 -13 -7 -11 -10 -9 -18 -23 -12 -21
right_child=2 4 8 7 10 22 9 25 24 13 20 21 -14 -15 -16 -17 26 -19 -20 29 -22 27 -24 -25 -26 -27 -28 -29 -30 -31
leaf_value=0.006420846119652145 -0.018695661100989535 0.060156981153135586 0.051916718065466244 0.073797696715418915 0.10507120720417146 -0.02515466078500693 -0.0032453292036118014 -0.017871578322143304 0.049072417239232086 0.023164212375655496 -0.0012643978032011503 0.1119251198452195 0.073756477458102473 -0.0054591704875925108 0.061881562187256184 0.0053464459083679243 -0.015336471789088691 0.089558548794930457 0.1162781897478737 0.091015804694852251 0.078165596325870543 -0.027293183269165945 0.014888626733976186 0.086842173887950999 0.09553679091743017 0.042953826907189019 0.022098343760033671 0.032502066094325203 0.054861155345492567 0.011295983717243666
leaf_weight=114.82742816209793 247.54304818063974 441.34664013981819 520.80488412827253 342.44572772830725 321.12003107368946 3881.1362428739667 1225.1634988188744 702.5962445512414 367.99391194432974 182.56523954868317 422.11510997265577 33.1127919703722 217.1339824795723 316.94541634619236 578.37719471752644 1402.5334370136261 4733.2706235274673 161.06344443559647 84.095633074641228 2753.8107998520136 241.41312562674284 15127.283889167011 378.32349922508001 298.03497940301895 456.11598721146584 140.47451635450125 327.60890740156174 105.81570018827915 155.80638770014048 53.457450568675995
leaf_count=1044 3207 3117 3297 1240 2006 49521 14292 8508 2347 1534 4162 338 832 3333 3162 11979 53294 1436 285 11130 1499 204295 3502 1706 2142 1242 3211 1080 873 259
internal_value=0 0.0267276 -0.0105786 0.0659095 -0.00082537 -0.0139223 -0.017827 0.0158151 0.039678 -0.00228474 0.0531583 -0.0250678 0.0245053 0.0355851 0.0281119 0.0179568 -0.00690914 0.0137569 0.00443184 0.0862331 0.0328122 -0.0265768 -0.021598 0.0626529 0.0747888 -0.0077367 -0.0129132 -0.0268778 0.0138669 0.0894977
internal_weight=0 9948.87 26385.5 4107.61 5841.26 4700.81 23059.6 1185.52 3325.83 7328.75 1140.45 15730.9 464.677 797.546 2501.72 1923.34 6531.2 1470.32 1309.26 2922.1 819.335 15266.2 4259.46 480.6 824.11 843.071 5060.88 15233.1 577.921 2807.27
internal_count=399873 88103 311770 23423 64680 56140 288843 10990 22927 79091 8540 209752 4039 6573 18438 15276 72518 16013 14577 12433 6534 205713 53023 3240 4489 9750 56505 205375 5035 11389
is_linear=0
shrinkage=0.05


Tree=23
num_leaves=31
num_cat=0
split_feature=7 234 228 232 29 29 226 226 156 226 226 134 226 224 228 160 5 107 232 228 226 228 230 234 232 191 228 234 230 5
split_gain=3305.13 1333.94 2841.35 1812.99 990.794 696.538 460.664 454.566 288.543 240.688 273.768 237.21 220.346 336.015 206.26 206.097 187.609 171.874 143.517 214.438 149.311 161.209 170.142 135.424 191.808 148.737 132.233 123.182 116.308 115.315
threshold=1.0000000180025095e-35 0.0073904907330870637 38.664297103881843 -1.1921979784965513 0.041640629991889007 0.029221883974969391 0.23292647302150729 0.22355348616838458 3.5487339496612553 0.060833279043436057 -0.045070454478263848 17.500000000000004 0.13519021123647693 1.5000000000000002 73.035350799560561 3.0137234926223759 4.7975499629974374 -0.012650375720113514 0.24266439676284793 47.204265594482429 -0.013697971124202011 39.599279403686531 3.5000000000000004 0.026340582408010963 0.99556085467338573 1.0000000180025095e-35 46.543836593627937 0.072101317346096053 1.5000000000000002 30.250750541687015
decision_type=2 2 2 2 2 2 2 2 2 2 2 2 2 2 2 2 2 2 2 2 2 2 2 2 2 2 2 2 2 2
left_child=1 4 3 -3 15 -4 -5 -2 23 10 26 12 27 -14 18 -1 -15 -17 20 -20 21 -12 -23 -7 25 -25 28 -10 -6 -18
right_child=7 2 5 6 9 8 -8 -9 11 -11 14 -13 13 16 -16 17 29 -19 19 -21 -22 22 -24 24 -26 -27 -28 -29 -30 -31
leaf_value=-0.023509363340184612 0.072830395661352298 -0.022666567293699303 -0.014208523831269186 0.072749214179929397 0.023124290138856248 -0.0057876739273499365 -0.0015586720768788163 -0.0066948187266308084 0.0069561280399218668 0.024468830149274312 -0.0099975753893735125 0.073532909944957828 -0.024041428386610008 0.052059863415035081 0.015051961896413566 -0.018667808705895822 0.006533764975477474 -0.005994765091556449 0.014825440272327071 -0.011148538347030279 -0.017585652012112554 -0.008940337890947685 0.021709784932123603 0.074033346227628735 -0.0042861638079188143 0.012247885951871042 0.039921189777595234 -0.018517719594572098 0.0010561357780809169 0.030878360835194209
leaf_weight=7037.8060752376914 1724.8333409428596 715.44871033728123 6350.5879713445902 2536.1315273940563 872.93401512503624 6114.4737038165331 227.26145021617413 200.58859018981457 6122.5748623162508 933.81475587189198 4305.9514434933662 149.34772828221321 357.03343568742275 605.52517752349377 1224.344555363059 5492.3197910636663 863.22675549983978 5216.3513409346342 1711.8041495084763 1483.0890495181084 3566.2461518347263 832.29540683329105 992.96540336310863 101.23890182375908 2710.95645172894 2573.0353078246117 368.39998283982277 514.44186300039291 1889.2496661543846 1114.4013598263264
leaf_count=50145 4725 4820 43476 7264 4465 36028 1203 1225 31823 4553 25393 638 2111 2696 6444 36438 4183 33020 8750 8571 20776 4913 5355 547 15586 14558 1807 2865 10403 5092
internal_value=0 -0.00189834 0.00569092 0.048272 -0.00845847 0.000319279 0.0666381 0.0645455 0.00466579 -0.000255068 -0.00159369 0.0110045 0.0100295 0.0214241 -0.0045602 -0.0168628 0.0277082 -0.0124946 -0.00642271 0.00276816 -0.0094507 -0.00471897 0.00773372 -0.000695573 0.00508608 0.0145869 0.0117832 0.00498162 0.00803034 0.020252
internal_weight=0 66983.3 31055.7 3478.84 35927.6 27576.8 2763.39 1925.42 21226.3 18181.1 17247.3 9726.55 9577.2 2940.19 14116.7 17746.5 2583.15 10708.7 12892.4 3194.89 9697.46 6131.21 1825.26 11499.7 5385.23 2674.27 3130.58 6637.02 2762.18 1977.63
internal_count=399873 393923 172890 13287 221033 159603 8467 5950 116127 101430 96877 49408 48770 14082 80202 119603 11971 69458 73758 17321 56437 35661 10268 66719 30691 15105 16675 34688 14868 9275
is_linear=0
shrinkage=0.05


Tree=24
num_leaves=31
num_cat=0
split_feature=122 142 7 7 29 234 233 226 227 233 225 160 29 232 225 224 230 227 225 227 229 233 19 226 234 15 15 225 227 233
split_gain=3328.91 1206.38 1182.15 785.138 734.75 451.119 1360.32 481.744 400.452 1924.99 341.721 305.44 290.36 250.304 458.672 444.218 538.097 362.175 344.505 241.961 202.749 162.8 154.944 154.548 562.992 223.308 134.626 131.753 129.841 128.197
threshold=0.032080762088298805 39.997900009155281 1.0000000180025095e-35 1.0000000180025095e-35 0.031597938388586051 -0.011504785157740114 -0.036969205364584916 -0.055162630975246423 -0.068882577121257768 0.019478814676404003 0.20679578930139544 4.8843491077423105 0.05092244595289231 -1.2801879048347471 0.0049089442472904929 3.5000000000000004 4.5000000000000009 -0.068882577121257768 0.0044434329029172668 0.22302427142858508 1.0211160778999331 0.15881321579217914 0.035994097590446479 -0.030112086795270439 0.016909533180296425 0.1118288040161133 0.1200043447315693 -0.022786488756537434 -0.022031335160136219 -0.0077154648024588815
decision_type=2 2 2 2 2 2 2 2 2 2 2 2 2 2 2 2 2 2 2 2 2 2 2 2 2 2 2 2 2 2
left_child=3 2 5 4 8 11 -7 -8 9 -1 -4 -2 23 -6 15 28 18 -16 -17 21 27 -3 -10 24 -9 -25 -19 -18 -15 -14
right_child=1 19 10 -5 13 6 7 12 22 -11 -12 -13 29 14 17 16 20 26 -20 -21 -22 -23 -24 25 -26 -27 -28 -29 -30 -31
leaf_value=0.030649955198767433 0.013261037808954721 -0.022842022037859677 -0.058088796658367151 -0.058165606523719882 0.01458855516863107 -0.048175771836930302 -0.054586966570529388 0.0034131858459992208 0.025159434676461173 -0.058153400662639326 0.014963181091302239 -0.0024697411523705972 -0.024337425430994982 -0.06050458071367977 -0.068481538266502703 0.0083866716481056681 -0.015810576839698425 0.014608842138893022 -0.065939947551916123 -0.043230682337019453 -0.0050021114395824087 -0.0084935258038281777 0.015205624902549826 0.0082284178137427832 -0.061035042391481213 -0.0041539962941174865 0.0017250493924290912 -0.055725507258169008 0.0047044286288860631 -0.0072065582959569795
leaf_weight=1807.5769880264997 6268.3814910948277 8778.9445543736219 1242.4233457446098 411.62872202694416 5373.095770791173 1789.2847686707973 442.23163706064224 1391.6295877099037 10196.747365385294 921.28675244748592 183.76139219105244 6077.6944322735071 1483.5815244168043 77.70638445019722 146.71596220135689 1422.0817759335041 252.75439760088921 6643.7141931504011 175.09553501009941 1199.0036722123623 332.71105936169624 2551.4251593649387 6340.8257832676172 8751.0522258430719 447.93062260746956 6235.5781829506159 2918.209253013134 1135.6862999796867 4331.8020436167717 4138.5982739031315
leaf_count=9740 29954 29997 3321 1104 25328 5142 1186 6259 52890 2614 842 24874 5278 209 394 6412 876 30195 470 3685 1394 9240 31474 39715 1201 26223 12157 3193 18675 15883
internal_value=0 -0.00839709 -0.00400662 0.0105533 0.0112256 -0.00228601 -0.00618952 -0.00290759 0.0184148 0.000669215 -0.0486762 0.00551713 -0.00188951 0.0051531 0.00224554 -0.006844 -0.0206629 0.0094806 0.000238385 -0.0218713 -0.0400587 -0.019611 0.021343 0.00139753 -0.0122799 0.00307639 0.0106768 -0.0484593 0.00355529 -0.0117271
internal_weight=0 50981.5 38452.1 42487.6 42076 37026 24679.9 22890.6 19266.4 2728.86 1426.18 12346.1 22448.4 22809.6 17436.5 7727.84 3318.33 9708.64 1597.18 12529.4 1721.15 11330.4 16537.6 16826.2 1839.56 14986.6 9561.92 1388.44 4409.51 5622.18
internal_count=399925 202800 159878 197125 196021 155715 100887 95745 96718 12354 4163 54828 94559 99303 73975 31229 12345 42746 6882 42922 5463 39237 84364 73398 7460 65938 42352 4069 18884 21161
is_linear=0
shrinkage=0.05


Tree=25
num_leaves=31
num_cat=0
split_feature=15 231 225 234 234 227 160 15 224 227 231 227 42 234 229 229 40 230 187 3 231 231 227 14 234 224 225 234 225 122
split_gain=4214.72 3366.4 1936.69 1533.86 1003.63 920.187 753.434 694.144 791.32 523.372 382.361 359.166 308.776 292.786 326.748 351.773 247.304 210.398 215.328 201.94 195.209 270.982 200.428 194.982 193.953 184.29 218.599 387.658 215.303 172.048
threshold=0.19743140786886218 1.0998837351799013 0.00082499513518996548 0.0056552800815552482 -0.0082602701149880869 0.22302427142858508 4.0530104637146005 0.47802254557609564 3.5000000000000004 0.15393447130918506 4.1100807189941415 -0.024494701065123078 3.1650993824005131 0.01564209628850222 0.80506029725074779 0.97753769159317028 1.0000000180025095e-35 3.5000000000000004 -3.5764999389648433 1061034.6875000002 1.7051149606704714 1.5950930714607241 -0.01753139495849609 0.30967845022678381 0.0046147722750902185 4.5000000000000009 -0.015287211164832113 -0.0098380171693861467 -0.023775535635650154 0.080770920962095274
decision_type=2 2 2 2 2 2 2 2 2 2 2 2 2 2 2 2 2 2 2 2 2 2 2 2 2 2 2 2 2 2
left_child=1 2 3 4 -1 7 16 8 29 24 11 -8 -12 14 -13 20 -3 23 -19 -6 21 -16 -22 -7 -10 -18 27 -27 -29 -2
right_child=5 6 -4 -5 19 17 10 -9 9 -11 12 13 -14 -15 15 -17 25 18 -20 -21 22 -23 -24 -25 -26 26 -28 28 -30 -31
leaf_value=-0.014253282807688126 -0.0080803471792474327 0.12175394395184708 -0.023219346219126014 -0.02639424788756663 0.08157904469262113 0.0041844867538845549 -0.018575966808472733 0.04762965563971281 0.070567090001496871 -0.015675627355497705 -0.022060762060975393 -0.023315661407486671 0.061321658782643423 -0.019641741971937372 0.026719889712199071 -0.00042874984353537954 -0.029016085176912357 0.090200311795624363 0.043633882728376372 0.049580853689290744 0.060065813748767641 0.10111050563439393 0.013860935572463907 0.065871624344299412 0.024510870223434247 -0.028548845664926794 -0.022721147801945518 -0.035120188606647264 0.06254629586391823 0.019310028560384176
leaf_weight=375.43723430484533 2488.2275760471821 28.418746680021286 1341.0524093210697 587.45061142742634 1899.7563287094235 238.49300818145275 1700.1607420444489 1932.1268405094743 838.48083660751581 304.66442203521729 3698.1879987120628 480.33172823488712 114.46514795720577 747.44460611045361 258.87796183675528 1147.0840452387929 10349.023568995297 798.42262828350067 360.27307376265526 665.90471361577511 308.11695659905672 232.23839343339205 985.09221640974283 276.74312175810337 314.2704118937254 353.79364958405495 2156.2977933436632 69.251525975763798 304.74942494928837 744.96071624010801
leaf_count=4822 26191 246 17550 7714 6758 1995 20930 10667 4615 2900 45833 5959 918 9354 2309 13295 146767 3789 2185 2896 2558 1064 10841 1265 2346 5079 29956 959 1447 6717
internal_value=0 -0.00982807 0.0279287 0.0473679 0.062101 0.0307796 -0.0178452 0.022408 0.0120189 0.0426072 -0.00723319 0.000786132 -0.0195574 0.00870083 0.0149101 0.0211737 -0.0255848 0.0639008 0.0757214 0.0732741 0.0350612 0.0618976 0.0248696 0.0373178 0.0580109 -0.0259012 -0.0147239 0.00897014 0.044462 -0.00176932
internal_weight=0 27803.1 4869.6 3528.55 2941.1 8296.66 22933.5 6622.73 4690.6 1457.42 9672 5859.35 3812.65 4159.19 3411.74 2931.41 13261.5 1673.93 1158.7 2565.66 1784.33 491.116 1293.21 515.236 1152.75 13233.1 2884.09 727.795 374.001 3233.19
internal_count=399925 337255 39740 22190 14476 62670 297515 53436 42769 9861 113061 66310 46751 45380 36026 30067 184454 9234 5974 9654 16772 3373 13399 3260 6961 184208 37441 7485 2406 32908
is_linear=0
shrinkage=0.05


Tree=26
num_leaves=31
num_cat=0
split_feature=233 226 225 227 160 142 227 225 226 228 233 233 14 227 234 3 128 228 142 224 151 233 233 234 143 226 17 226 184 18
split_gain=2956.41 3464.14 1124.71 1796.77 879.772 787.106 407.937 400.833 331.513 419.513 287.575 276.875 239.738 220.115 176.031 165.772 162.717 152.097 137.723 133.348 124.929 139.499 123.886 117.035 114.259 107.588 106.664 106.549 106.332 101.039
threshold=0.019478814676404003 -0.0062182345427572719 0.058001475408673293 0.16194821149110797 3.6600785255432133 15.604449748992922 0.19604091346263888 -0.015287211164832113 -0.014460486359894274 50.77893257141114 0.00018395919323666024 -0.059049820527434342 0.081752307713031783 -0.010071774013340471 0.0079615630675107258 696286.40625000012 -0.034151524305343621 30.178488731384281 8.3838000297546404 1.5000000000000002 3.97078549861908 0.17193885892629626 -0.0034854352707043286 0.01869749836623669 36.511949539184577 0.0035102182300761346 -0.0937785468995571 -0.0063703679479658595 6.500000154119335e-06 0.12139961123466493
decision_type=2 2 2 2 2 2 2 2 2 2 2 2 2 2 2 2 2 2 2 2 2 2 2 2 2 2 2 2 2 2
left_child=4 14 5 -4 15 18 7 16 9 11 23 24 -9 26 28 22 -7 -13 -3 -15 21 -14 -1 -10 -6 -18 -11 -12 -2 -16
right_child=1 2 3 -5 8 6 -8 12 10 13 27 17 20 19 29 -17 25 -19 -20 -21 -22 -23 -24 -25 -26 -27 -28 -29 -30 -31
leaf_value=-0.02047115123351595 0.058791608302214596 -0.023386122648520549 0.0670103838782765 -0.016965694087615623 0.00199376078332816 0.054335262217422499 -0.019151040632533447 9.787575711491356e-06 -0.022824110618618082 0.055984674548180395 -0.018926908390800936 -0.016370262393855226 0.014089929200037071 0.022395621493777676 0.071995871091737856 -0.026285076191825952 -0.013505175006736021 -0.0031692967684005939 -0.0074095608165454926 -0.01142301147529538 0.01107168249615729 0.070347381765796344 -0.0057342639829247319 0.0036260357345454667 0.021686135722822731 0.025909509343722825 0.024123099328649769 0.0036852060115690742 0.017967173632138091 0.04538576639297414
leaf_weight=3667.5350402966142 310.3683385103941 1739.3917550742626 1730.0163997411728 1008.168608173728 2012.2414455711842 488.17238155007362 1301.7030286341906 7019.0840931385756 4319.2671025395393 364.89817571640015 654.20057812333107 3378.9239609539509 257.74010898172855 515.59254713356495 2016.4325454831123 6454.2445376589894 191.43842977285385 6159.5847057402134 6008.46708317101 670.60135026276112 7990.2170002609491 192.48632496595383 2333.4578722566366 463.04876263439655 1161.9540904462337 1811.0209365189075 937.69619207084179 2557.9389729648829 328.12851001322269 433.39980478584766
leaf_count=26064 1178 12468 4662 6134 11379 1941 7659 40422 26702 1887 3870 20735 1368 2604 5615 47271 1093 36478 40113 3937 40979 836 16127 2453 5796 8379 4767 14142 1256 1610
internal_value=0 0.0107918 0.00555744 0.0360913 -0.0100041 0.00246083 0.00787662 0.0098366 -0.00424856 8.62002e-05 -0.0124911 -0.00358895 0.00683761 0.0188588 0.0611941 -0.020723 0.0284515 -0.00784561 -0.0109963 0.00327664 0.0125156 0.0381418 -0.0147408 -0.0202631 0.0092024 0.0221414 0.0330485 -0.000920092 0.0378116 0.0672883
internal_weight=0 32826.2 29737.9 2738.19 35651.2 26999.7 19251.9 17950.2 23195.9 15201.5 7994.46 12712.7 15459.5 2488.79 3088.33 12455.2 2490.63 9538.51 7747.86 1186.19 8440.44 450.226 6000.99 4782.32 3174.2 2002.46 1302.59 3212.14 638.497 2449.83
internal_count=399925 175713 166054 10796 224212 155258 102677 95018 134750 87583 47167 74388 83605 13195 9659 89462 11413 57213 52581 6541 43183 2204 42191 29155 17175 9472 6654 18012 2434 7225
is_linear=0
shrinkage=0.05


Tree=27
num_leaves=31
num_cat=0
split_feature=122 160 29 225 227 225 232 31 227 232 228 227 232 228 225 231 227 229 232 226 225 152 231 225 15 230 41 224 226 227
split_gain=2995.96 948.782 683.307 601.994 706.38 486.881 430.18 405.834 341.306 664.842 494.042 327.711 321.001 639.758 301.37 420.964 395.982 354.539 329.07 246.542 228.959 227.195 223.753 293.461 226.993 195.437 185.51 144.775 143.916 578.702
threshold=0.032634381204843528 5.9017293453216562 0.029221883974969391 0.058001475408673293 0.16194821149110797 0.058001475408673293 -1.2626829743385313 0.22919922322034839 -0.068882577121257768 -0.61112582683563221 23.000260353088382 -0.087686259299516664 -1.2801879048347471 28.266542434692386 0.0049089442472904929 1.0605680942535403 0.16889240592718127 1.7563159465789797 -0.4532077014446258 -0.055162630975246423 0.0044434329029172668 0.053834093734622009 1.0998837351799013 0.0032975355861708526 0.11794697493314744 3.5000000000000004 0.076538883149623885 3.5000000000000004 -0.030209682881832119 -0.068882577121257768
decision_type=2 2 2 2 2 2 2 2 2 2 2 2 2 2 2 2 2 2 2 2 2 2 2 2 2 2 2 2 2 2
left_child=2 3 5 6 -5 8 21 -6 9 10 -1 -8 -4 -14 15 16 18 -16 -15 -12 -17 -2 23 25 28 -13 -3 -22 29 -24
right_child=1 26 12 4 7 -7 11 -9 -10 -11 19 22 13 14 17 20 -18 -19 -20 -21 27 -23 24 -25 -26 -27 -28 -29 -30 -31
leaf_value=-0.055569849649209281 0.01126815820636019 -0.0150545836915809 0.01501552850965676 -0.054044347128412766 0.017626131738900031 -0.054489694228458667 -0.04519064807550565 -0.048003432811914694 0.022224503719635622 -0.065373229626334906 -0.057262610132882953 0.0043872911649462977 -0.037471438230951552 0.017224669517244332 0.010595153529267197 0.0048636035890514554 0.012614558282937864 -0.051642185041993555 -0.049340482766294644 0.027980634789816834 0.014068249292618285 -0.013995882439817123 -0.058241047731120522 0.0045813152211009456 -0.008150382719356088 -0.030924544929360327 -0.027225675301587093 -0.062145038894191401 0.0047901390397551607 0.0051487370592343583
leaf_weight=230.81733095645905 6949.1519796848297 9077.6344813257456 6296.9593782573938 1251.7855892777443 865.63039816915989 226.91654974222183 503.97505751252174 323.61516623198986 13332.831942394376 323.94320002198219 90.163374751806259 475.85042926669121 971.87746344506741 222.33581770956516 11302.619310200214 6348.9752667248249 531.00853089988232 233.55246883630753 1125.7615879327059 1431.9839476048946 88.172295957803726 1020.5731514394283 473.2675573527813 1254.9320770651102 9516.2092832177877 2219.3808908462524 4778.9409164190292 212.457484126091 9630.1049021035433 1504.9721251130104
leaf_count=623 32614 32646 30665 3372 3830 629 1372 1005 70660 864 244 2051 3030 1068 51329 28072 2350 642 3155 7928 424 4148 1271 5478 37163 7307 15845 570 42953 6617
internal_value=0 -0.00813497 0.00988069 -0.00385463 -0.0278279 0.0182169 -0.0021103 -0.000232856 0.0192876 0.000433882 0.0125949 -0.00527069 0.00511182 0.00214733 0.00406633 -0.00306041 -0.0239569 0.00933514 -0.0383622 0.0229313 0.0028447 0.00803294 -0.00446835 -0.0153909 -0.0024259 -0.0246901 -0.0192522 -0.0397923 0.00226687 -0.0100164
internal_weight=0 49846 42970.4 35989.4 2441.03 15636.7 33548.4 1189.25 15409.7 2076.91 1752.96 25578.7 27333.7 21036.8 20064.9 8528.71 1879.11 11536.2 1348.1 1522.15 6649.61 7969.73 25074.7 3950.16 21124.6 2695.23 13856.6 300.63 11608.3 1978.24
internal_count=399925 197672 202253 149181 8207 80948 140974 4835 80319 9659 8795 104212 121305 90640 87610 35639 6573 51971 4223 8172 29066 36762 102840 14836 88004 9358 48491 994 50841 7888
is_linear=0
shrinkage=0.05


Tree=28
num_leaves=31
num_cat=0
split_feature=15 231 225 234 234 160 227 232 15 234 152 231 228 227 232 227 232 34 228 232 227 21 20 144 224 234 228 39 231 225
split_gain=3638.81 3064.68 1745.3 1379.06 891.4 757.361 747.112 754.899 676.172 424.689 394.271 424.311 517.884 290.397 533.216 299.638 432.481 290.724 260.412 196.289 194.874 192.004 189.244 183.887 173.382 167.42 159.495 179.278 147.558 406.648
threshold=0.20915690809488299 1.0998837351799013 0.00082499513518996548 0.0056552800815552482 -0.0082602701149880869 3.9183256626129155 0.22302427142858508 0.39682576060295111 0.54018047451972973 0.016909533180296425 0.10242580249905588 4.0232772827148446 23.000260353088382 -0.024494701065123078 -1.2460717558860777 0.17166101187467578 0.86187452077865612 -3.0553923845291133 20.885622978210453 -1.4080848693847654 -0.007996204309165476 1.0000000180025095e-35 -0.034182775765657418 34.443750381469734 4.5000000000000009 -0.001441723317839205 15.02768135070801 0.59134024381637584 1.6446382999420168 -0.020479704253375527
decision_type=2 2 2 2 2 2 2 2 2 2 2 2 2 2 2 2 2 2 2 2 2 2 2 2 2 2 2 2 2 2
left_child=1 2 3 4 -1 18 7 9 -9 20 11 12 -7 -14 17 28 25 -15 24 -12 23 -20 -6 -2 -3 -17 27 -13 29 -16
right_child=6 5 -4 -5 22 10 -8 8 -10 -11 19 26 13 14 15 16 -18 -19 21 -21 -22 -23 -24 -25 -26 -27 -28 -29 -30 -31
leaf_value=-0.014931045025321677 0.028973437369586175 -0.020803292867286743 -0.023226407833483186 -0.025955160361171577 0.077284483736258833 0.077889535906277452 0.058255429022834065 -0.0068540250519450764 0.041096990296106597 0.0056158464775213478 0.11575907372798602 0.22780470155023036 -0.021356890273516699 0.018703668574616923 0.10784701075575176 0.032959092332539075 -0.019641805980921856 0.079256737419453036 0.11060903691673947 0.023792838074800728 0.070588159357120386 -0.02712526731442505 0.049957507838858689 0.076959436906595402 0.051649942579043651 0.10451428919241457 -0.023997080779349547 0.01488497770102256 -0.020780001715929322 -0.009923261589992554
leaf_weight=376.23702769726515 932.2417529001832 153.89845909178257 1317.8501927927136 594.29909070581198 1713.9147041663527 199.92089909315109 1706.8694190010428 2673.6271687820554 1014.0323189347982 638.13437929749489 67.15188454836607 10.813144810497759 1707.8112756237388 787.68193610757589 86.50341734290123 196.87072180956602 303.38618833571672 264.87628917396069 25.357214957475662 426.6569561585784 852.6139445155859 11749.992981791496 1005.0675878599286 254.05472153425217 178.15775015950203 139.79012696444988 3856.2941278293729 115.34325856715441 2043.8790858462453 480.11082798987627
leaf_count=4909 6658 2154 17674 7969 5682 1076 8679 26429 5279 5344 496 116 21832 8326 338 1427 3467 2413 182 4094 4163 171618 4126 1246 650 823 49480 1419 25992 5864
internal_value=0 -0.00925394 0.026165 0.0438071 0.0572018 -0.0170346 0.0288808 0.0210031 0.00633154 0.0412135 -0.0073339 -0.00944768 -0.00127894 -0.00391206 0.00301144 -0.00700414 0.023654 0.0339418 -0.0255973 0.0362991 0.0523547 -0.0268287 0.0671831 0.03925 0.01807 0.0626706 -0.0221873 0.0331348 -0.014521 0.0080564
internal_weight=0 27801.9 5007.37 3689.52 3095.22 22794.5 8071.57 6364.7 3687.66 2677.04 10687.1 10193.3 6210.83 6010.91 4303.1 3250.54 640.047 1052.56 12107.4 493.809 2038.91 11775.4 2718.98 1186.3 332.056 336.661 3982.45 126.156 2610.49 566.614
internal_count=399925 342127 40360 22686 14717 301767 57798 49119 31708 17411 127163 122573 71558 70482 48650 37911 5717 10739 174604 4590 12067 171800 9808 7904 2804 2250 51015 1535 32194 6202
is_linear=0
shrinkage=0.05


Tree=29
num_leaves=31
num_cat=0
split_feature=233 228 7 29 29 229 225 225 231 228 225 225 224 233 18 17 233 234 233 228 234 225 41 234 152 233 225 228 225 246
split_gain=2728.46 2392.06 2129.55 834.392 675.446 556.848 332.55 304.084 299.671 264.53 261.27 258.827 251.867 267.94 226.518 201.956 199.42 191.745 158.525 148.568 159.187 158.749 141.702 123.475 123.26 113.445 111.972 109.152 120.208 103.46
threshold=0.019478814676404003 36.941593170166023 1.0000000180025095e-35 0.036600360646843917 0.029540063813328746 0.79885405302047741 -0.030940170399844643 0.20679578930139544 1.7051149606704714 34.72050857543946 0.051874106749892242 -0.023775535635650154 1.5000000000000002 -0.00032215450482908631 0.064794164150953307 -0.0937785468995571 -0.059049820527434342 0.0079615630675107258 -0.0034854352707043286 65.211540222167983 0.072101317346096053 -0.022150758653879162 0.13474593311548236 0.00041393567516934132 0.017823780886828903 -0.011659638956189154 0.0054039249662309894 72.66507720947267 -0.018226363696157929 92.500000000000014
decision_type=2 2 2 2 2 2 2 2 2 2 2 2 2 2 2 2 2 2 2 2 2 2 2 2 2 2 2 2 2 2
left_child=3 5 4 18 24 -2 -6 -4 11 16 14 -5 15 27 -8 -11 22 -7 -1 21 -21 -16 -10 -15 -3 -13 -18 28 -14 -28
right_child=1 2 7 8 6 17 10 -9 9 12 -12 25 13 23 19 -17 26 -19 -20 20 -22 -23 -24 -25 -26 -27 29 -29 -30 -31
leaf_value=-0.024637413114954203 0.0089063723454076427 -0.017820457190020757 0.062576629396277131 0.010500028495968181 0.036401571598358995 0.034774907626446493 -0.0023428144065444317 -0.0035274776663578918 0.0026011479977301028 0.044077706208491635 -0.017265843692284826 -0.023670031456769068 0.011464538125166901 0.0044789012863703419 -0.016688708767315055 0.010977268743620117 -0.014249650398877068 0.065549722282566017 -0.012780035539700495 0.0065217591425835199 -0.027996531906348449 0.016977312157563873 0.05173834006755669 0.031153047427615252 -0.0039306382781861158 -0.0096515580991844985 -0.00031989860868088422 0.013148407637515035 -0.016700118338443117 0.05706010180205659
leaf_weight=7613.5251568108797 700.1338664740324 3762.0501981973648 1765.8449209630489 1009.7446187734604 890.11660884320736 653.82616099715233 5113.4964577555656 192.98346979916096 1816.3115523308516 555.90598368644714 1218.7938503324986 3004.3904218897223 443.52696205675602 1172.0230148285627 370.07131651043892 2694.0056335479021 5101.0156183987856 2240.7855387628078 4475.9053523391485 6350.1306443661451 352.54420651495457 6508.6208819299936 159.61552475392818 688.8331051915884 2775.6944731324911 2777.3157823234797 495.26561000943184 476.31691379845142 2597.9197331517935 93.367659777402878
leaf_count=56832 3636 27321 4722 5343 3648 2423 30352 1204 9874 2886 7345 18821 2456 6491 2156 14134 31496 6067 32511 33290 2170 32475 745 3445 19128 16420 3012 2554 16408 560
internal_value=0 0.0104261 0.00570346 -0.00960586 0.00209547 0.0489201 0.00650099 0.0560641 -0.0040331 -0.000355296 0.00516447 -0.0128569 0.00564946 -0.000990831 0.00662679 0.0166392 -0.00711438 0.0585984 -0.0202474 0.0100039 0.00470618 0.0151661 0.00657045 0.0143529 -0.0119233 -0.0169361 -0.0118669 -0.00910747 -0.0125929 0.00878159
internal_weight=0 32895.1 29300.3 35175 27341.5 3594.75 20803.8 1958.83 23085.6 16294.1 19913.7 6791.45 8628.53 5378.62 18694.9 3249.91 7665.58 2894.61 12089.4 13581.4 6702.67 6878.69 1975.93 1860.86 6537.74 5781.71 5689.65 3517.76 3041.45 588.633
internal_count=399925 175937 163811 223988 157885 12126 111436 5926 134645 94061 107788 40584 48374 31354 100443 17020 45687 8490 89343 70091 35460 34631 10619 9936 46449 35241 35068 21418 18864 3572
is_linear=0
shrinkage=0.05


Tree=30
num_leaves=31
num_cat=0
split_feature=122 142 7 7 29 234 233 226 11 160 228 234 233 225 226 29 225 12 233 227 226 234 226 234 15 29 15 233 234 228
split_gain=2774.59 937.708 1003.14 599.135 609.074 369.906 1084.72 363.983 301.351 280.068 279 271.354 815.679 389.267 360.733 241.505 235.46 205.52 186.363 164.5 162.091 816.252 141.497 446.546 170.003 140.463 136.718 124.083 121.365 201.044
threshold=0.031543163582682616 38.968099594116218 1.0000000180025095e-35 1.0000000180025095e-35 0.027816133573651317 -0.011504785157740114 -0.036969205364584916 -0.055162630975246423 0.063626192510128035 4.81719994544983 22.164649009704593 -0.011504785157740114 -0.033260894939303391 -0.0087307891808450205 -0.055162630975246423 0.05092244595289231 0.20679578930139544 0.22919922322034839 0.18241074681282046 -0.068882577121257768 -0.030112086795270439 0.016909533180296425 -0.030112086795270439 0.016909533180296425 0.1118288040161133 0.039042579010128982 0.11587873101234437 0.020514339208602909 -0.0082602701149880869 36.941593170166023
decision_type=2 2 2 2 2 2 2 2 2 2 2 2 2 2 2 2 2 2 2 2 2 2 2 2 2 2 2 2 2 2
left_child=3 2 5 4 10 9 -7 -8 11 -2 19 25 13 -13 -14 22 -4 18 -3 -1 21 27 23 -9 -24 -6 -22 -16 -12 -30
right_child=1 17 16 -5 8 6 7 15 -10 -11 28 12 14 -15 20 -17 -18 -19 -20 -21 26 -23 24 -25 -26 -27 -28 -29 29 -31
leaf_value=-0.05428069859002526 0.012982131119292559 -0.018887116164490722 -0.052105851131678739 -0.052484021704770227 0.02198225638118699 -0.042285970255397834 -0.047119021007971912 0.0025576959801869308 -0.055675045384088941 -0.0021039090670332355 0.030964071962537188 -0.046416414393601856 -0.052110776373411584 0.012362219323172921 0.014548975965954204 -0.010591320732372539 0.011699477288431948 -0.041208329639559824 0.0023624658827351161 0.018078945192565102 0.012758058948524607 -0.059149767098795686 0.0075144685902412195 -0.053971962909422536 -0.003259469271634965 0.0081841261201290854 0.0020823068299336369 -0.016817098643799246 -0.0032472001315638657 0.020841064806486051
leaf_weight=198.88421431183815 6024.0070522576571 11515.055971592665 1249.841375619173 378.41957464814186 3695.4068294912577 1837.9168446063995 445.45906060934067 1404.0900893360376 193.59671247005463 6287.5414146333933 2438.5656154602766 1120.0186297148466 256.22657126188278 376.31544430553913 1957.6407675296068 5491.6634902656078 163.50745601952076 940.60606971383095 1133.3616376668215 129.80807289481163 10641.39535549283 531.70733022689819 8887.0778741985559 465.05131983757019 6226.7802918702364 3682.3237312585115 4175.7711549252272 375.83935496211052 958.79354666173458 8969.7021157592535
leaf_count=538 29809 38688 3413 1038 19796 5198 1202 6423 665 25810 14112 3092 691 1758 9756 20443 779 2745 4238 579 50221 1433 41221 1249 26108 16712 17751 1242 4431 48786
internal_value=0 -0.00736863 -0.00338149 0.010132 0.0107289 -0.00180521 -0.00532734 -0.0023637 0.00648271 0.00527765 0.0197612 0.00693151 0.00383239 -0.0316341 0.0067908 -0.00147663 -0.0447243 -0.0186599 -0.016983 -0.0257042 0.00764432 -0.0032421 0.00147072 -0.0115072 0.0030757 0.0150954 0.00974942 0.00949703 0.0209696 0.0185149
internal_weight=0 52072 38482.9 40080.4 39702 37069.6 24758 22920.1 27006.2 12311.5 12695.8 26812.6 19434.9 1496.33 17938.6 22474.7 1413.35 13589 12648.4 328.692 17682.4 2865.19 16983 1869.14 15113.9 7377.73 14817.2 2333.48 12367.1 9928.5
internal_count=399927 207326 161655 192601 191563 157463 101844 96646 123117 55619 68446 122452 85944 4850 81094 95444 4192 45671 42926 1117 80403 12431 75001 7672 67329 36508 67972 10998 67329 53217
is_linear=0
shrinkage=0.05


Tree=31
num_leaves=31
num_cat=0
split_feature=231 14 233 227 234 29 131 187 228 227 227 226 228 234 19 233 232 13 29 152 3 226 22 18 160 133 5 230 226 227
split_gain=3047.78 2891.07 2890.1 1231.66 1126.15 870.684 793.705 547.809 444.161 372.019 363.354 273.71 259.685 353.866 255.881 239.87 231.22 219.504 216.699 204.683 186.82 178.416 170.505 153.529 151.352 148.354 140.355 132.443 128.997 163.464
threshold=1.7051149606704714 0.2327840253710747 -0.023357733152806755 0.22668402642011645 -0.008467934560030697 0.048377942293882377 -0.15241810679435727 -2.3694999217987056 20.885622978210453 0.16406235843896869 0.20376017689704898 -0.024013678543269631 29.883596420288089 -0.032319288700819009 0.048703236505389221 0.0089163798838853853 0.77483341097831737 0.33139894902706152 0.026655068621039394 0.042290875688195236 450194.90625000006 -0.024013678543269631 1.0000000180025095e-35 0.67083293199539196 3.4804813861846928 0.75005120038986217 4.7975499629974374 1.5000000000000002 0.11911282315850259 0.15536781400442126
decision_type=2 2 2 2 2 2 2 2 2 2 2 2 2 2 2 2 2 2 2 2 2 2 2 2 2 2 2 2 2 2
left_child=2 5 4 6 14 8 -4 20 11 12 15 -2 13 -7 -1 -3 -11 28 -6 21 -5 -15 -10 -8 -24 -14 -9 -18 29 -17
right_child=1 10 3 7 18 9 23 26 22 16 -12 -13 25 19 -16 17 27 -19 -20 -21 -22 -23 24 -25 -26 -27 -28 -29 -30 -31
leaf_value=-0.0089161643144550738 -0.015190725556282257 0.047289373675002522 0.044669671148389919 0.097525292687571735 0.031389549137998241 -0.020824824723185677 -0.024625727891662334 0.046358280393802964 0.082253744153460068 0.077083579761327348 0.057188210187188296 0.057722611049750253 -0.016533888130647351 0.013284030715696147 0.048980869579254765 0.0057117369618481162 -0.018831783710847955 0.047869447440459623 0.070512544995994464 0.090101583639379423 0.047689753298128579 0.09174250300616156 -0.030188139459472293 0.0044293519749614881 -0.019992961774113596 0.0069069384414327216 -0.013518907035679215 0.030399513125670033 -0.016378050908872458 0.056612984253767498
leaf_weight=747.07884507626295 251.03374208509922 679.77050162106752 523.41618682444096 329.42462455481291 399.99471843242645 493.27684802561998 3466.8261048160493 132.4527280703187 36.932319670915604 196.0952056646347 986.41857250034809 264.14462238550186 3552.7220623865724 651.31655215471983 256.31180220842361 933.82026579976082 198.984429910779 365.35039339214563 3074.289936311543 129.94537710398436 438.21263052523136 81.529619380831718 7615.082367759198 523.28651359304786 6974.3343375250697 833.30185350030661 374.83173824101686 435.82389525324106 492.59050816297531 189.78108236938715
leaf_count=9106 3514 3635 3312 1756 2438 5732 47912 908 320 1042 4686 897 40908 7427 1817 6947 2048 1708 9942 1009 2436 244 118199 4917 95915 8436 3476 3351 4521 1368
internal_value=0 -0.00992003 0.0223696 -0.0009633 0.0525328 -0.016839 -0.0132212 0.0424328 -0.0234356 -0.00164304 0.0312678 0.0221937 -0.00616796 0.0129549 0.00587338 0.0216604 0.0296272 0.0128684 0.0660083 0.0322675 0.0690762 0.0220126 -0.0250428 -0.0208153 -0.0253144 -0.0120804 0.00211512 0.0149677 0.00495618 0.0143092
internal_weight=0 25362.3 10266.1 5788.45 4477.68 21714.5 4513.53 1274.92 15141.5 6573 3647.73 515.178 5742.09 1356.07 1003.39 2661.31 830.904 1981.54 3474.28 862.792 767.637 732.846 14626.3 3990.11 14589.4 4386.02 507.284 634.808 1616.19 1123.6
internal_count=399927 311907 88020 64717 23303 289042 56141 8576 218845 70197 22865 4411 63756 14412 10923 18179 6441 14544 12380 8680 4192 7671 214434 52829 214114 49344 4384 5399 12836 8315
is_linear=0
shrinkage=0.05


Tree=32
num_leaves=31
num_cat=0
split_feature=234 228 232 229 226 142 226 122 231 229 226 234 234 4 228 232 3 231 211 230 4 226 228 232 232 229 142 122 228 14
split_gain=1547.64 1572.12 1215.79 1060.77 1338.65 686.535 642.485 389.65 328.041 339.344 296.357 199.636 265.953 184.666 173.014 181.653 160.055 156.912 146.736 140.766 140.672 126.655 110.427 108.865 113.364 94.488 93.5328 93.3668 90.2317 88.3855
threshold=0.0073904907330870637 38.664297103881843 -1.1921979784965513 1.7563159465789797 0.20582216233015063 15.314949989318849 0.13519021123647693 0.022224619984626773 4.5131709575653085 0.73859173059463512 0.23292647302150729 0.026340582408010963 0.072101317346096053 4.6814000606536874 45.157526016235359 0.99556085467338573 680767.84375000012 1.7051149606704714 1.0000000180025095e-35 12.500000000000002 27.233300209045414 0.0017863642424345019 37.995595932006843 0.39682576060295111 -0.43770533800125117 0.98815491795539867 67.213802337646499 0.054313514381647117 26.965641021728519 0.018918639980256561
decision_type=2 2 2 2 2 2 2 2 2 2 2 2 2 2 2 2 2 2 2 2 2 2 2 2 2 2 2 2 2 2
left_child=5 2 -2 6 -5 16 7 -3 9 -7 -4 29 14 26 -13 18 -1 22 -16 28 -15 -17 -11 24 -20 -24 -8 -10 -19 -9
right_child=1 3 10 4 -6 8 13 11 27 17 -12 12 -14 20 15 21 -18 19 23 -21 -22 -23 25 -25 -26 -27 -28 -29 -30 -31
leaf_value=-0.011120602340206715 -0.020990823394539625 -0.012848419872744982 0.058015376375388131 0.058870158514812136 -0.019836827075332176 0.017793875504891362 0.061432177099118093 -0.011263838220766331 0.0047128087427673734 0.0076087110631885366 -0.00096220502561354519 0.047596281654272071 -0.018430693094303924 0.0020273125237289928 0.057137781233270984 0.024433959808122997 -0.022176686779356206 -0.016703362752677444 0.012170686078215254 0.015314557691081808 0.026727612521553319 -0.0040727372370337874 -0.024330252622913471 0.025894633970839576 -0.014516444242353996 -0.0097826566493169776 0.015598749421671276 0.020153217098743473 -0.0033960912139773588 -0.00020181754020566435
leaf_weight=6884.5860516503453 680.84068178385496 5908.3051991760731 2655.8851147592068 1766.8494766950607 778.16712693870068 1512.3743086531758 405.40116250514984 2566.6352457329631 2449.3198611214757 513.40417687594891 231.57262255251408 294.12649588286877 917.99838522076607 954.31906479597092 197.79000690579414 449.61345118284225 6240.8390669152141 1491.8607762381434 2728.5282547920942 897.35578041523695 1455.6848969757557 2921.3495385050774 2178.4048399701715 1208.938008710742 465.87847137451172 2289.0568932369351 153.44200092554092 1631.0601420402527 8717.4077715724707 6090.9314481392503
leaf_count=47657 4929 41108 7233 4721 4838 7844 1712 16496 13492 2780 1201 1163 5446 4536 956 2047 46680 9527 14839 4968 6389 16671 13935 6665 2576 14467 610 7838 52023 34580
internal_value=0 0.00778057 0.0391133 0.00396002 0.0348046 -0.00735242 0.00102203 -0.00171925 -0.00188855 -0.00484995 0.0532854 0.00196617 0.00710124 0.0229516 0.00993667 0.00854724 -0.0163775 -0.00697868 0.0150075 -0.00367183 0.0169467 -0.000270561 -0.0143525 0.0131151 0.00827858 -0.0168763 0.0488477 0.0108848 -0.00534066 -0.00348128
internal_weight=0 32832.3 3568.3 29264 2545.02 34805.7 26718.9 23750.1 21680.2 17599.9 2887.46 17841.8 9184.22 2968.85 8266.22 7972.1 13125.4 16087.5 4601.13 11106.6 2410 3370.96 4980.87 4403.34 3194.41 4467.46 558.843 4080.38 10209.3 8657.57
internal_count=399927 178716 13363 165353 9559 221211 155794 142547 126874 105544 8434 101439 50363 13247 44917 43754 94337 97700 25036 66518 10925 18718 31182 24080 17415 28402 2322 21330 61550 51076
is_linear=0
shrinkage=0.05


Tree=33
num_leaves=31
num_cat=0
split_feature=122 7 160 142 7 227 233 234 233 226 234 233 226 225 122 122 233 160 160 142 3 160 226 234 227 233 226 224 233 234
split_gain=2505.13 828.742 749.609 690.099 635.4 324.667 1313.21 300.2 861.644 324.554 252.985 677.638 231.379 210.977 204.013 175.034 161.876 152.821 146.503 141.53 137.562 125.175 117.442 526.472 115.678 105.352 102.047 101.222 99.972 261.658
threshold=0.036365211009979255 1.0000000180025095e-35 2.9685503244400029 36.266500473022468 1.0000000180025095e-35 -0.068882577121257768 0.019478814676404003 -0.011504785157740114 -0.036969205364584916 -0.055162630975246423 -0.011504785157740114 -0.036969205364584916 -0.040774438530206673 0.20679578930139544 0.092294443398714079 1.0000000180025095e-35 0.020130424760282043 4.81719994544983 4.6356871128082284 20.587749481201175 1030136.5625000001 4.0838668346405038 -0.030112086795270439 0.016909533180296425 0.22302427142858508 -0.0077154648024588815 -0.011426768731325863 4.5000000000000009 -0.033969070762395852 -0.0098380171693861467
decision_type=2 2 2 2 2 2 2 2 2 2 2 2 2 2 2 2 2 2 2 2 2 2 2 2 2 2 2 2 2 2
left_child=1 2 5 4 10 6 -1 19 27 -10 17 -12 16 -6 -5 -11 -13 -2 -14 -4 28 22 23 -17 -16 26 -20 -9 29 -7
right_child=3 -3 7 14 13 20 -8 8 9 15 11 12 18 -15 24 21 -18 -19 25 -21 -22 -23 -24 -25 -26 -27 -28 -29 -30 -31
leaf_value=0.029036306613632792 0.011072668196271292 -0.050371623382540247 0.016038363316164431 -0.013687621178935364 -0.049609425004082372 0.030190947522209771 -0.050203247539235329 0.0057725775189385355 -0.048831768162468168 -0.055840978668118949 -0.039111834352493012 -0.0077862689255433493 0.002526861078287214 0.015967312015532632 -0.023556371950426515 0.010240820566307672 -0.04202303431250274 -0.0017076870417608938 0.00064141438174018762 0.0023344338838901671 0.025667960890368147 0.00015396422631980893 0.010073474515219585 -0.054096070624944016 -0.0484087013005512 -0.0038180786470705811 -0.02887556434611635 -0.04430025855833547 0.017678453787650133 -0.028524493556640343
leaf_weight=1422.5168085098267 4291.2629097849131 600.49460951983929 6368.3520296663046 10551.348746612668 961.34466174244881 352.21698133647442 826.74994817376137 111.07021926343441 291.9265758395195 120.49443496763706 1423.4208159893751 801.98656456172466 9323.6895156353712 140.58891499042511 3590.6337216645479 1489.8090294152498 606.23738396167755 5141.548795863986 424.08250799775124 2675.6703495383263 6527.925367757678 9056.6333567947149 10131.500082612038 404.25977090001106 538.43992428481579 4300.2305358052254 946.01122379302979 1105.2835498452187 6544.0839921236038 411.34057322144508
leaf_count=8525 21416 1676 32415 36238 2673 2090 2346 450 794 386 3980 3446 42058 692 11498 7396 1656 21098 1702 11880 36716 36984 48338 1108 1517 16850 3162 3009 36545 1485
internal_value=0 0.00800198 0.00873469 -0.00857507 -0.00401997 0.0175288 -8.93171e-05 0.00428024 0.0012124 0.00352916 -0.00251522 -0.00601922 -0.00314737 -0.0412429 -0.0173749 0.00425009 -0.0225251 0.00410647 -0.00132743 0.0119841 0.020393 0.00459353 0.00793704 -0.0034909 -0.0267972 -0.00766503 -0.0197392 -0.0397279 0.0156808 -0.00143999
internal_weight=0 48440.3 47839.8 43040.8 28360.4 16084.8 2249.27 31755 22711 21494.6 27258.5 17825.7 16402.2 1101.93 14680.4 21202.7 1408.22 9432.81 14994 9044.02 13835.6 21082.2 12025.6 1894.07 4129.07 5670.32 1370.09 1216.35 7307.64 763.558
internal_count=400129 232143 230467 167986 118733 87707 10871 142760 98465 95006 115368 72854 68874 3365 49253 94212 5102 42514 63772 44295 76836 93826 56842 8504 13015 21714 4864 3459 40120 3575
is_linear=0
shrinkage=0.05


Tree=34
num_leaves=31
num_cat=0
split_feature=15 233 226 233 234 233 14 144 228 160 226 152 226 224 160 14 232 13 130 226 232 42 152 151 151 233 228 3 246 228
split_gain=3102.5 2778.99 2438.23 1120.55 878.105 781.979 890.246 485.045 474.726 432.774 420.297 357.434 348.656 335.762 173.855 169.766 169.032 167.521 156.735 151.953 150.951 144.775 137.598 117.731 116.124 133.252 138.187 101.655 97.8681 96.9227
threshold=0.19376396387815478 -0.00032215450482908631 -0.016695752739906308 -0.025755463168025013 -0.020649572834372517 -0.00032215450482908631 0.30967845022678381 15.109700202941896 22.164649009704593 3.9043183326721196 -0.019522736780345436 0.12753606587648394 0.011243334971368315 4.5000000000000009 2.6655068397521977 0.21417109668254855 1.0157563090324404 0.04974931292235852 -0.23854545503854749 0.11911282315850259 -1.8199365735054014 0.29454070329666143 0.097389377653598799 25.001905441284183 24.716405868530277 -0.013530628290027378 37.62028884887696 1015888.0000000001 106.50000000000001 50.77893257141114
decision_type=2 2 2 2 2 2 2 2 2 2 2 2 2 2 2 2 2 2 2 2 2 2 2 2 2 2 2 2 2 2
left_child=1 2 7 4 -4 10 22 8 13 -5 15 20 -11 21 -6 -2 -12 24 -8 -20 -3 -1 -7 -22 -10 -26 -27 -17 -16 -19
right_child=5 11 3 9 14 6 18 -9 17 12 16 -13 -14 -15 28 27 -18 29 19 -21 23 -23 -24 -25 25 26 -28 -29 -30 -31
leaf_value=0.19818312940257612 0.0043544594793213185 0.021003936393291886 -0.010702801220920859 -0.021061568593978754 0.027882387421993077 -0.00958366187997272 0.068893390143422092 0.058236988246354218 -0.024146793841894686 -0.0055459892052595371 0.065436281120022588 0.033823731902413591 0.047347915237020442 0.060049443200188068 0.064125271528780822 0.053385548432916922 0.031480233122965405 0.027018384957010363 0.037831974595422091 0.0024300964491260576 -0.030746218565807476 -0.0097374924391492382 0.013686237578219679 -0.019308043754768606 -0.016300187350712505 0.042983022948579107 -0.031178012519997279 0.0064883889859116738 -0.011588579144723684 -0.024123696611062381
leaf_weight=8.5329704657196981 688.9062634408474 159.28157390281558 543.73965041339397 1022.3924172483385 409.0782458037138 2438.4956521652639 324.16513340175152 237.58947156742215 5008.0938709490001 581.77002388238907 1599.2280938252807 243.38718684017658 670.74318892508745 337.81874892115593 2620.0471925064921 433.39694158732891 475.4647326245904 302.2739459015429 1692.8014467954636 369.21943783015013 9320.5044976919889 444.24781365692616 859.08748933672905 2965.4093424528837 976.23432218283415 217.18760991469026 88.372662499547005 157.56065687537193 43.387378983199596 133.58333440124989
leaf_count=82 5891 2222 6954 14668 2441 25651 1198 1823 72484 6595 6643 2092 4500 1077 8247 2192 2554 3601 8900 2450 141170 5808 7801 42775 13526 2857 1233 819 167 1708
internal_value=0 -0.00934109 0.00632194 0.0305702 0.0478658 0.0246102 0.0133116 -0.012101 -0.0143243 0.00307644 0.0437538 -0.0261849 0.0227796 0.0223262 0.0582307 0.0212204 0.0576545 -0.0186325 0.0365739 0.031493 -0.0273584 -0.00581908 -0.00352138 -0.0279854 -0.0207098 -0.00728097 0.0215345 0.0408819 0.0628919 0.0113441
internal_weight=0 26333.7 13645.1 5891.16 3616.25 9038.33 5683.77 7753.93 7516.35 2274.91 3354.56 12688.6 1252.51 790.6 3072.51 1279.86 2074.69 6725.75 2386.19 2062.02 12445.2 452.781 3297.58 12285.9 6289.89 1281.79 305.56 590.958 2663.43 435.857
internal_count=400129 336030 147771 43572 17809 64099 46000 104199 102376 25763 18099 188259 11095 6967 10855 8902 9197 95409 12548 11350 186167 5890 33452 183945 90100 17616 4090 3011 8414 5309
is_linear=0
shrinkage=0.05


Tree=35
num_leaves=31
num_cat=0
split_feature=233 226 7 160 29 227 14 226 228 233 225 233 225 225 228 227 233 234 227 227 14 17 29 229 183 225 151 234 191 232
split_gain=2285.97 2327.78 1675.15 720.976 513.154 589.224 315.476 289.079 425.693 244.5 234.441 226.105 207.433 181.125 169.542 156.547 152.996 136.098 115.755 115.211 110.958 109.772 94.9848 93.4575 93.3236 90.7801 88.7844 88.09 96.9988 88.2257
threshold=0.019478814676404003 -0.0062182345427572719 1.0000000180025095e-35 3.6600785255432133 0.028463019058108333 0.15754102915525439 0.081752307713031783 -0.017064406536519524 50.77893257141114 0.00055965055798878904 0.20679578930139544 -0.059049820527434342 -0.015287211164832113 -0.023775535635650154 56.234554290771491 0.0034421180607751016 -0.0034854352707043286 0.0079615630675107258 0.015387311577796938 0.19866237789392474 0.010690611787140371 -0.0937785468995571 0.027504297904670242 0.98815491795539867 4.4999999317951742e-06 -0.0075700664892792693 3.4955837726593022 0.022681497968733314 1.0000000180025095e-35 1.302641808986664
decision_type=2 2 2 2 2 2 2 2 2 2 2 2 2 2 2 2 2 2 2 2 2 2 2 2 2 2 2 2 2 2
left_child=3 17 4 16 20 6 27 8 11 13 -4 -5 -8 -9 -7 21 -1 24 -13 25 -3 -10 -18 -15 -2 -11 -20 29 -29 -6
right_child=1 2 10 7 5 14 12 9 15 19 -12 18 -14 23 -16 -17 22 -19 26 -21 -22 -23 -24 -25 -26 -27 -28 28 -30 -31
leaf_value=-0.023526192790952416 0.046952901509206453 -0.019175818892753368 0.055858888262967921 0.0081496936466498495 -0.0088878374772363832 0.0076614594538960594 0.033589855060416139 0.018528125609893375 0.050661615928893844 0.0163356497698658 -0.002315707601154834 -0.009736939802626729 0.012999477381873757 -0.025576654173941962 -0.014880777758466216 -0.00045450002436129362 -0.020720932894367775 0.055476885207594667 0.05536773322174509 -0.023401232953186229 -0.0050438250573999035 0.021023061220484057 -0.0055528993033924154 -0.011301488804462113 0.0096263587568678755 -0.0029490981938805425 0.0024616959370368091 0.042908534460050565 0.0066582910467993459 0.0049856722399224283
leaf_weight=7253.2968834266067 373.52735742926598 2563.6609496697783 1746.0107954442501 3256.9975126087666 2230.3402432948351 1069.1871887594461 1473.398510068655 321.37399138510227 426.8112703114748 935.68812263011932 192.25249128043652 7561.9811703413725 7202.4909663796425 3056.5773378238082 3793.7083119750023 631.36127744615078 1720.7626738622785 2512.7008618861437 83.931323021650314 456.76790438592434 3031.3086457923055 1165.4556624740362 2579.1136301606894 1834.7929870486259 303.52660222351551 1754.5108730345964 1436.6849876642227 194.23084300756454 3697.6936524510384 2356.9184741377831
leaf_count=57119 1325 19869 4689 17360 13370 5559 5837 1706 2051 4966 1214 47530 35016 19758 22795 3444 14090 7198 443 2657 22079 5702 18401 11632 1091 10038 7666 1019 21004 13501
internal_value=0 0.00953646 0.00515633 -0.00891116 0.00200235 0.00543831 0.00979315 -0.00377798 0.000476144 -0.011189 0.0500887 -0.00315272 0.0164963 -0.0178329 -0.0099245 0.0206138 -0.019096 0.0501157 -0.00720573 -0.000183695 -0.0115192 0.0289678 -0.011623 -0.0202219 0.0302192 0.0037584 0.00538188 0.00293453 0.0084674 -0.00175967
internal_weight=0 32741 29551.2 34476.1 27612.9 22018 17155.1 22922.9 14563.2 8359.71 1938.26 12339.6 8675.89 5212.74 4862.9 2223.63 11553.2 3189.75 9082.6 3146.97 5594.97 1592.27 4299.88 4891.37 677.054 2690.2 1520.62 8479.18 3891.92 4587.26
internal_count=400129 175566 165952 224563 160049 118101 89747 134953 84196 50757 5903 72999 40853 33096 28354 11197 89610 9614 55639 17661 41948 7753 32491 31390 2416 15004 8109 48894 22023 26871
is_linear=0
shrinkage=0.05


Tree=36
num_leaves=31
num_cat=0
split_feature=122 29 7 29 11 7 234 234 228 228 225 226 231 225 234 226 234 7 29 226 228 227 234 227 234 227 227 229 144 226
split_gain=2243.06 719.177 697.002 559.463 378.72 368.07 321.09 307.265 430.343 257.531 255.741 235.577 206.334 592.963 329.798 646.53 220.857 198.274 197.987 171.083 164.797 181.292 148.488 147.868 243.154 142.152 139.33 176.345 124.808 119.835
threshold=0.032634381204843528 0.057084757834672935 1.0000000180025095e-35 0.024469627998769287 0.12319036200642587 1.0000000180025095e-35 -0.011504785157740114 -0.011504785157740114 23.000260353088382 56.103479385375984 0.20679578930139544 -0.055162630975246423 1.0605680942535403 0.0032975355861708526 0.016909533180296425 0.010562879499047996 0.0098954923450946825 1.0000000180025095e-35 0.040076380595564849 -0.055162630975246423 59.779829025268562 -0.080775048583745943 -0.021494197659194466 -0.068882577121257768 0.0073904907330870637 -0.03940602391958236 0.13724447786808017 1.1802346706390383 -0.10235000029206275 0.0066426666453480729
decision_type=2 2 2 2 2 2 2 2 2 2 2 2 2 2 2 2 2 2 2 2 2 2 2 2 2 2 2 2 2 2
left_child=3 2 4 17 6 7 28 18 -9 12 -4 -8 13 16 19 -16 -10 23 -5 -14 21 -13 -3 24 -1 -21 27 29 -2 -23
right_child=1 22 10 5 -6 -7 11 8 9 -11 -12 20 14 -15 15 -17 -18 -19 -20 25 -22 26 -24 -25 -26 -27 -28 -29 -30 -31
leaf_value=0.027234013014908798 0.012027863954130996 -0.0066019560437396794 -0.046549728105809408 0.021281562898523398 -0.035895580022289486 -0.048129103462988397 -0.042660362223013948 -0.037280867464864718 -0.040800198412532317 0.0098213404010660151 0.0085959300192282231 0.010395820591298021 -0.048530347370113594 0.016915970276348648 -0.054917754085111119 0.0030734765953016989 0.0085117891841024734 -0.049742846514445681 0.0059609481767504812 0.019053370652360777 0.0021546749796491605 -0.020797283423663049 -0.018181319944294446 0.024145491875687666 -0.025446578314196902 0.0036732435587769744 -0.0013582354307783082 0.010964978589071422 -0.0012055486767336629 -0.0070966044186404594
leaf_weight=464.37700785696507 5847.2263438403606 3562.2768574655056 1184.8037073016167 4899.8484039008617 768.62101782858372 310.38142956793308 376.06708335876465 624.67025032639503 1302.6972747147083 12145.889405876398 255.59569099545479 1425.3777461498976 126.20583441853523 1006.2056533247232 658.35082513093948 1780.3481459319592 274.99542637169361 98.293303936719894 3701.953792154789 2633.8661069571972 9755.3894814550877 3930.1980362534523 12426.720162928104 6984.4407790005207 414.59703293442726 3497.1232607811689 4305.8614813089371 711.3678952306509 2562.5713182091713 2687.3469599783421
leaf_count=2822 28637 13756 3361 27908 2303 886 1042 1714 3656 58066 1147 6807 354 5066 1814 8200 1396 281 16899 14046 41591 14024 41160 40951 1639 16734 17447 3369 11633 11255
internal_value=0 -0.00686392 -0.00273191 0.00893576 -0.00121755 0.00606261 -0.000374093 0.00657774 0.00367702 0.00476921 -0.0367643 -0.00340909 -0.000670841 -0.0130766 0.00301541 -0.0125818 -0.032205 0.020831 0.014688 0.00909433 -0.00276211 -0.00643475 -0.0156015 0.0217132 0.00238548 0.0102805 -0.00849666 -0.0126906 0.00799548 -0.0152335
internal_weight=0 49799.4 33810.4 40924.2 32370 32962.5 31601.4 32652.2 24050.4 23425.7 1440.4 23191.6 11279.8 2583.9 8695.89 2438.7 1577.69 7961.71 8601.8 6257.2 22815.5 13060.2 15989 7863.41 878.974 6130.99 11634.8 7328.91 8409.8 6617.54
internal_count=399964 197532 142616 202432 138108 156739 135805 155853 111046 109332 4508 95535 51266 10118 41148 10014 5052 45693 44807 31134 94493 52902 54916 45412 4461 30780 46095 28648 40270 25279
is_linear=0
shrinkage=0.05


Tree=37
num_leaves=31
num_cat=0
split_feature=15 224 108 234 234 227 227 224 15 227 160 227 227 229 228 41 230 168 22 230 152 228 234 230 187 29 227 20 3 226
split_gain=2833.85 2363.69 1347.84 956.998 653.275 593.107 458.964 445.084 529.195 386.58 281.967 275.475 264.851 299.858 218.859 240.853 201.638 191.506 146.648 143.49 141.588 130.988 194.969 122.398 160.324 119.279 114.847 113.137 110.247 104.536
threshold=0.19743140786886218 4.5000000000000009 0.0035497361095622186 0.0034438427537679677 -0.0098380171693861467 0.22302427142858508 0.22302427142858508 3.5000000000000004 0.50539740920066845 0.15393447130918506 4.6356871128082284 0.15393447130918506 -0.029393327422440049 0.97998017072677623 47.204265594482429 0.0752064883708954 2.5000000000000004 2.3289500474929814 1.0000000180025095e-35 2.5000000000000004 0.12753606587648394 29.883596420288089 -0.032319288700819009 1.5000000000000002 -3.5764999389648433 0.021984933875501159 0.15454842895269397 0.31889267265796667 1895709.5625000002 0.019742332398891452
decision_type=2 2 2 2 2 2 2 2 2 2 2 2 2 2 2 2 2 2 2 2 2 2 2 2 2 2 2 2 2 2
left_child=1 6 12 4 -4 7 10 8 20 -9 18 19 -3 16 -8 -16 -14 21 -1 -6 -2 22 -12 -7 -25 -18 -10 -24 -21 -11
right_child=5 2 3 -5 11 23 14 9 26 29 17 -13 13 -15 15 -17 25 -19 -20 28 -22 -23 27 24 -26 -27 -28 -29 -30 -31
leaf_value=0.0732587001687348 -0.0071553458209905278 -0.024384832847135454 0.0027300990153049983 -0.022064317963705393 0.0084561043590497941 0.013261565080174911 0.07672426163804931 0.046211219696997943 0.022854761166549508 -0.014754844117019057 -0.027630894114367355 -0.035029948365427804 -0.010008716439786286 -0.014991741179269415 -0.0079354037649857316 0.061520708615993763 -0.013046852119761955 0.030780990785127256 -0.027465442936065912 0.060108111237120503 0.019778645134769325 -0.019932699787182127 0.011339513368784734 0.061607843972545623 0.027421289067142741 0.033472391453921911 0.05183551701064476 0.10356918868432119 0.028931574371066405 0.055242652546335695
leaf_weight=36.257077760994434 2845.9134233780205 1597.9017257653177 911.8290662355721 744.45550484955311 165.06659132614732 227.8497626259923 115.38082689791918 1728.1182682998478 968.14245300740004 398.15193564817309 404.49334392696619 90.123240858316422 542.0753068625927 1616.4770026393235 752.25453756377101 149.64593964070082 160.11450751870871 244.32326404750347 10889.096405252814 2420.9568084105849 588.90797842293978 3155.1374260187149 670.04670463874936 1253.2536226026714 472.15027505904436 988.5901487544179 528.45107062160969 34.987014599144459 321.18285715579987 61.589259937405586
leaf_count=304 29210 24459 10923 10272 1669 1248 766 8590 4816 3379 5197 1322 7942 22275 8599 982 1532 2216 174430 8501 4536 40126 7638 5405 2573 6638 2498 335 1327 256
internal_value=0 -0.00915641 0.0106176 0.0298937 0.0397885 0.0232976 -0.0206456 0.0166014 0.0082742 0.0353707 -0.0227896 0.0510622 -0.00766996 0.000405836 0.011884 0.00358896 0.0151268 -0.0122699 -0.0271312 0.0537311 -0.00253745 -0.0147363 4.06187e-05 0.0477044 0.0522528 0.0269882 0.0330879 0.0159164 0.0564564 -0.00537762
internal_weight=0 26010.4 9558.77 4653.61 3909.16 9072.53 16451.6 7119.27 4931.41 2187.86 15434.3 2997.33 4905.16 3307.26 1017.28 901.9 1690.78 4508.99 10925.4 2907.21 3434.82 4264.66 1109.53 1953.25 1725.4 1148.7 1496.59 705.034 2742.14 459.741
internal_count=399964 337453 96860 34014 23742 62511 240593 53285 41060 12225 230246 12819 62846 38387 10347 9581 16112 55512 174734 11497 33746 53296 13170 9226 7978 8170 7314 7973 9828 3635
is_linear=0
shrinkage=0.05


Tree=38
num_leaves=31
num_cat=0
split_feature=233 226 7 160 227 19 226 233 225 225 160 160 3 229 227 232 234 143 233 227 232 38 184 229 234 18 19 227 226 227
split_gain=2049.39 2134.89 1474.07 678.052 456.721 555.521 281.947 243.187 241.651 236.583 227.634 214.385 151.995 142.219 134.556 119.476 119.225 116.189 114.443 109.052 102.877 101.955 98.4389 92.4203 119.959 101.832 98.1174 90.6704 92.2786 108.41
threshold=0.019478814676404003 -0.0062182345427572719 1.0000000180025095e-35 3.6600785255432133 0.15754102915525439 0.10476512461900712 -0.014460486359894274 0.0033544782781973486 -0.015287211164832113 0.20679578930139544 2.4667174816131596 4.81719994544983 756583.81250000012 1.0856314301490786 -0.068882577121257768 0.99556085467338573 0.0079615630675107258 27.176949501037601 -0.0034854352707043286 0.19866237789392474 -1.6804370880126951 0.56170532107353222 6.500000154119335e-06 0.77630826830863964 -0.0021912577794864769 0.29679062962532049 -0.15254697948694226 -0.018703006207942959 -0.049435153603553765 -0.018788008019328114
decision_type=2 2 2 2 2 2 2 2 2 2 2 2 2 2 2 2 2 2 2 2 2 2 2 2 2 2 2 2 2 2
left_child=3 16 4 12 5 10 11 13 17 -4 -3 20 18 -8 -13 -6 22 -7 -1 -9 -5 -12 -2 25 27 -16 -26 28 -25 -30
right_child=1 2 9 6 15 8 7 19 -10 -11 21 14 -14 -15 23 -17 -18 -19 -20 -21 -22 -23 -24 24 26 -27 -28 -29 29 -31
leaf_value=-0.018637873583037635 0.048565691170223309 -0.017544974659394055 0.052879545497302109 -0.017725470303752818 0.0079364113101674568 0.01819631059368718 -0.02204821470754156 0.0046157148483476273 0.0087287469086412602 -0.0060991602394208262 -0.00055054817852726154 -0.01207001230474318 -0.024577736940345207 0.00050822313142753848 0.026894764243582475 -0.013965670498625083 0.05284624644160435 0.042381834300731495 -0.0042965279696323576 -0.022353858591713179 -0.0029655941063800695 0.041612072714041347 0.010934767969285317 0.023774146928224965 0.047590783900110248 -0.002105497089041041 0.01135375546389383 -0.0042118390763579731 0.00014672798747451024 0.054632916302984474
leaf_weight=3510.0130743011832 342.04310144484043 2394.6648475751281 1734.6656602621078 1569.2806002795696 716.34018527716398 1334.4286732301116 4026.8625432997942 2363.3635331094265 10634.269401624799 188.51058022677898 6765.5448868125677 974.20357577502728 5447.5454431995749 845.53687486052513 1082.0245196968317 4761.0509432330728 2506.6606984585524 790.90703512728214 2304.3068753108382 445.47092807292938 4766.1812213361263 146.48584884405136 353.28619033098221 737.5961292386055 261.62919946014881 420.28325638175011 653.13911201059818 2751.2059815227985 1793.2089256495237 96.190090984106064
leaf_count=27728 1176 19151 4705 10785 3712 6222 26450 13068 56130 1197 41765 5844 44946 4918 5280 29557 7187 2768 17086 2632 30197 632 1264 3537 1177 1934 3000 15216 10308 392
internal_value=0 0.00899012 0.00477671 -0.00854009 0.00182169 0.00502948 -0.0035796 -0.011379 0.0118049 0.0470984 -0.00425968 0.000386596 -0.0185767 -0.0181339 0.00544962 -0.0111013 0.0477648 0.0271965 -0.0129542 0.000338439 -0.00662158 0.000342999 0.029446 0.00763911 0.00497906 0.0187817 0.0217178 0.002132 0.0087758 0.00292064
internal_weight=0 32668.9 29466.9 34048 27543.7 22066.3 22786.2 7681.23 12759.6 1923.18 9306.7 15104.9 11261.9 4872.4 8769.48 5477.39 3201.99 2125.34 5814.32 2808.83 6335.46 6912.03 695.329 7795.28 6292.97 1502.31 914.768 5378.2 2627 1889.4
internal_count=399964 175466 165839 224498 159937 126668 134738 47068 65120 5902 61548 87670 89760 31368 46688 33269 9627 8990 44814 15700 40982 42397 2440 40844 33630 7214 4177 29453 14237 10700
is_linear=0
shrinkage=0.05


Tree=39
num_leaves=31
num_cat=0
split_feature=41 29 7 234 160 12 227 7 228 228 232 227 41 34 234 230 227 122 232 228 231 230 234 228 234 234 227 230 15 229
split_gain=2084.12 726.253 831.972 418.464 401.987 255.558 233.327 229.759 236.943 213.145 239.755 432.953 208.354 170.662 164.097 412.6 159.275 146.654 144.232 326.524 142.662 238.104 128.437 168.331 419.38 127.685 118.784 116.56 110.062 104.801
threshold=0.028580216690897945 0.057084757834672935 1.0000000180025095e-35 -0.011504785157740114 2.9685503244400029 0.22919922322034839 0.16558407247066501 1.0000000180025095e-35 22.164649009704593 59.779829025268562 -1.1921979784965513 -0.012498725671321152 1.0000000180025095e-35 -0.34772533178329462 0.016909533180296425 4.5000000000000009 -0.050510147586464875 0.077884044498205199 -1.2801879048347471 28.266542434692386 0.64598518610000621 7.5000000000000009 -0.0082602701149880869 36.941593170166023 0.016909533180296425 -0.02321952115744352 -0.068882577121257768 6.5000000000000009 0.10983856767416002 1.0679636597633364
decision_type=2 2 2 2 2 2 2 2 2 2 2 2 2 2 2 2 2 2 2 2 2 2 2 2 2 2 2 2 2 2
left_child=4 2 3 13 7 9 -4 8 26 10 16 14 -6 -2 15 -12 -5 25 -14 -20 21 -21 -10 24 27 -3 -1 -24 -11 -17
right_child=1 17 6 5 12 -7 -8 -9 22 28 11 -13 18 -15 -16 29 -18 -19 19 20 -22 -23 23 -25 -26 -27 -28 -29 -30 -31
leaf_value=-0.043719440594974748 0.012322232111525161 -0.00083673904301904522 -0.045450042935930059 0.013542527182470133 -0.04939440632591445 -0.039786858070728154 0.0069377903941731283 -0.046951811421925622 0.028750365352416693 0.0072153194558748444 0.015391986513149125 -0.0041663091436419837 0.014499811511666778 -0.0020486173689829926 -0.048284147788465237 -0.036294486552050857 -0.0068098251549179051 -0.021002353258088184 -0.030278257314484625 0.0079884177015986137 0.0071881700869520747 -0.03565470542531838 0.022552166520198563 0.018556641033091271 -0.053038225739112904 -0.013660849213081919 0.014682591141712052 -0.0465151175736533 -0.0024109268796779259 -0.01074909002789577
leaf_weight=230.66207483410835 7427.2610179781914 2459.8666555583477 1343.7131500840187 2148.3502692431211 169.69837512075901 474.86401897668839 252.47763945162296 138.64055514335632 2625.903462216258 5835.4249989241362 643.87763471901417 9382.5617496967316 4130.9637253582478 2861.9745677411556 615.25771576166153 1664.0170262306929 1739.7692557275295 5275.8194603174925 666.36657097935677 745.09129366278648 12498.866217464209 538.3017426431179 725.28219994902611 9237.0432662516832 295.79803478717804 9202.0779237300158 139.85237129032612 66.704770654439926 6045.7884757965803 529.17609332501888
leaf_count=639 37329 9856 3911 10839 546 1313 1142 407 16753 27286 3155 38283 21784 13127 1705 4764 7628 16822 2114 3378 58378 1612 4327 53559 833 31414 649 194 24358 2043
internal_value=0 -0.00537668 -0.00177596 -0.000341163 0.0104899 -0.00340755 -0.0371636 0.0170825 0.017749 -0.00280361 -0.00644164 -0.00973675 0.00575716 0.00832495 -0.0248758 -0.0197994 0.00443571 -0.0140852 0.0062609 0.00390533 0.00555809 -0.0103171 0.0188769 0.0163658 -0.00223822 -0.0109558 -0.0216753 0.016735 0.00231698 -0.0301309
internal_weight=0 57902.3 40964.5 39368.3 32209.2 29079.1 1596.19 13459.9 13321.2 28604.2 16723 12834.9 18749.3 10289.2 3452.33 2837.07 3888.12 16937.8 18579.6 14448.6 13782.3 1283.39 12950.7 10324.8 1087.79 11661.9 370.514 791.987 11881.2 2193.19
internal_count=400148 234975 176883 171830 165173 121374 5053 77361 76954 120061 68417 49950 87812 50456 11667 9962 18467 58092 87266 65482 63368 4990 75666 58913 5354 41270 1288 4521 51644 6807
is_linear=0
shrinkage=0.05


Tree=40
num_leaves=31
num_cat=0
split_feature=15 233 226 233 234 233 14 131 228 160 12 224 226 227 226 227 15 20 6 228 229 14 233 228 42 205 13 233 122 227
split_gain=2489.03 2549.3 2086.18 815.683 679.5 603.344 677.924 442.097 398.077 347.743 314.898 273.491 263.38 250.783 234.416 187.952 161.957 142.6 130.645 125.952 125.666 122.144 120.094 113.177 109.613 119.618 107.02 106.298 140.293 92.6717
threshold=0.19743140786886218 -0.00032215450482908631 -0.016695752739906308 -0.024283254519104954 -0.008467934560030697 -0.00032215450482908631 0.30967845022678381 -0.1231454275548458 22.164649009704593 3.8029676675796513 0.17339162528514865 4.5000000000000009 -0.019522736780345436 0.18924812972545627 0.011243334971368315 0.23063293099403384 0.05904002487659455 -0.015282289125025271 2.9552500247955327 50.77893257141114 1.1526489257812502 0.21417109668254855 -0.01141150528565049 87.068138122558608 0.36923296749591833 -0.00027675001183524722 0.33139894902706152 -0.041231783106923096 0.045162152498960502 0.24618177860975268
decision_type=2 2 2 2 2 2 2 2 2 2 2 2 2 2 2 2 2 2 2 2 2 2 2 2 2 2 2 2 2 2
left_child=1 2 7 4 16 12 15 19 11 -5 18 24 21 26 -11 23 -4 -6 -3 -1 -14 29 -16 -7 25 -9 -8 -10 -29 -2
right_child=5 10 3 9 17 6 13 8 27 14 -12 -13 20 -15 22 -17 -18 -19 -20 -21 -22 -23 -24 -25 -26 -27 -28 28 -30 -31
leaf_value=0.059079366670379156 -0.00099525795152290738 -0.030360252854262561 -0.015444567439688693 -0.021857134249663318 0.057899338531467032 -0.0097996088969488152 0.012731439938581524 0.24925757214693631 -0.026270134539805021 -0.0032901170955812863 0.043047104248396799 0.052758764676386453 0.052750270527538924 0.053779276871237451 0.021210062444002142 0.030504540053677129 0.0389084722950232 0.034960813437147915 -0.019415238130250697 -0.022776480103273086 0.012955882530751767 0.036245177975916025 0.065153835247911657 0.04173937681372223 -0.012036286880905297 -0.0055705568608359476 0.041298083221636417 -0.018617508934006127 0.0032911968525746703 0.058613168680944343
leaf_weight=273.57711876556277 602.13892151787877 7670.023247435689 557.16913850232959 859.09432766214013 2273.0379330813885 2767.7185655348003 1269.1911853849888 8.5652746632695198 2516.7453077957034 574.87189382314682 165.16481778770685 345.46901017427444 1941.7497505098581 817.2105892598629 347.25649560242891 359.99839299917221 181.76534773781896 965.23873249441385 4230.1655807979405 56.741412151604891 220.96288466453552 616.20822852104902 281.52567656338215 110.78256532177329 418.5438199788332 9.9602932371199131 442.04940079897642 2882.3883583471179 978.85183652117848 73.121709696948528
leaf_count=1988 5172 123965 7385 12951 7064 28906 7614 71 37686 6540 1148 1050 7598 3160 2775 2283 1612 3828 64079 601 1348 2979 1673 1204 5686 113 1824 44909 12484 452
internal_value=0 -0.00880767 0.00609285 0.027957 0.0411896 0.0214896 0.0115913 -0.0115365 -0.0141454 0.00244289 -0.025518 0.0195112 0.0380153 0.0309927 0.0197868 -0.00355627 -0.00207464 0.051062 -0.0264696 0.0450183 0.0486845 0.0201485 0.0408851 -0.00781607 -0.00676835 0.112249 0.0201108 -0.0182748 -0.0130635 0.00545954
internal_weight=0 25596.2 13530.8 6039.96 3977.21 9221.13 5766.95 7490.84 7160.52 2062.75 12065.4 782.538 3454.18 2528.45 1203.65 3238.5 738.934 3238.28 11900.2 330.319 2162.71 1291.47 628.782 2878.5 437.069 18.5256 1711.24 6377.99 3861.24 675.261
internal_count=400148 337608 148416 43828 19889 62540 44991 104588 101999 23939 189192 6920 17549 12598 10988 32393 8997 10892 188044 2589 8946 8603 4448 30110 5870 184 9438 95079 57393 5624
is_linear=0
shrinkage=0.05


Tree=41
num_leaves=31
num_cat=0
split_feature=233 227 7 160 227 14 231 122 228 227 227 227 233 3 233 234 41 3 228 199 228 227 233 227 228 191 158 15 184 227
split_gain=1900.44 1816.28 1335.37 626.135 431.779 581.975 238.037 233.345 227.27 212.058 237.288 210.57 151.267 149.838 143.434 138.704 118.254 116.024 110.791 109.225 105.128 104.639 104.338 102.972 91.0659 82.6081 81.9334 78.8013 78.6519 77.8843
threshold=0.019478814676404003 -0.059868887066841119 1.0000000180025095e-35 3.6600785255432133 0.15754102915525439 0.081752307713031783 1.7051149606704714 0.021279029548168186 34.72050857543946 0.0038289492949843411 -0.050510147586464875 0.16558407247066501 -0.059049820527434342 680767.84375000012 -0.030656483024358746 0.0079615630675107258 0.094987437129020705 135823.27343750003 57.011194229125984 -0.14175630360841748 74.275436401367202 0.19866237789392474 -0.0012795063666999338 0.038397464901208885 38.664297103881843 1.0000000180025095e-35 -1882329.3749999998 0.10210898891091348 6.500000154119335e-06 0.16889240592718127
decision_type=2 2 2 2 2 2 2 2 2 2 2 2 2 2 2 2 2 2 2 2 2 2 2 2 2 2 2 2 2 2
left_child=3 15 4 13 5 7 14 -3 12 10 -10 -4 16 22 -5 28 -8 -7 27 -12 23 29 -1 -19 -11 -21 -25 -6 -2 -16
right_child=1 2 11 6 18 17 8 -9 9 24 19 -13 -14 -15 21 -17 -18 20 -20 25 -22 -23 -24 26 -26 -27 -28 -29 -30 -31
leaf_value=-0.017427270064861951 0.04378018030920991 -0.011164056138943244 0.050718259013371847 -0.025313948211142502 -0.016015354673973616 0.075098139687707371 -0.00088775127067382937 0.0030656092669704114 -0.0095168265394449253 0.0096707377358420839 0.038029172388458959 -0.0050745797370565131 -0.011000683105947824 -0.023776891389415949 -0.0068707163081363973 0.052277207954659059 0.029905359161685865 0.0061621818430012245 -0.014712178067362851 0.042049852947740135 0.0035625811522559726 -0.02149008404490832 -0.0028664476583929593 0.030150870785862739 -0.010478355470711201 0.011479899058005141 0.016438591559143814 0.010006935020690898 0.010229180547611322 0.012538655915953016
leaf_weight=3351.2744226828218 344.08707284927368 4374.8155522271991 1730.017068952322 1483.8262111246586 424.24805603921413 78.319171085953712 1619.2475642114878 8437.7225079163909 1141.1562320142984 743.41199152171612 500.23551723361015 187.43676607310772 5498.9847878664732 5672.8667333871126 3354.3142217993736 2228.7478258013725 386.12754426896572 1791.934204608202 4046.1319645419717 234.64269931614399 1927.2973895892501 1071.4922152236104 1943.9457993283868 1453.685209967196 2282.5182261988521 3798.1005161255598 4347.0446444600821 925.76403224468231 354.78937895596027 610.99960890412331
leaf_count=27016 1166 32356 4760 9857 2710 315 8871 50521 7459 3745 2538 1199 35170 48171 20868 6041 1750 8722 25760 1076 10105 6958 14455 6541 13491 20173 19499 4627 1259 2969
internal_value=0 0.0086073 0.00490639 -0.00831952 0.00212348 0.00518077 -0.00358424 -0.00179308 -0.000338095 0.00516136 0.0108619 0.0452643 -0.0067138 -0.0181307 -0.0116512 0.0461829 0.00504135 0.01449 -0.0105738 0.0159921 0.0139914 -0.00762624 -0.0120818 0.0166386 -0.00552812 0.0132586 0.0198749 0.0018293 0.0267478 -0.00388
internal_weight=0 32652 29724.4 33693.1 27807 22410.8 22725.1 12812.5 16204.4 8700.07 5674.13 1917.45 7504.36 10968.1 6520.63 2927.62 2005.38 9598.28 5396.14 4532.98 9519.96 5036.81 5295.22 7592.66 3025.93 4032.74 5800.73 1350.01 698.876 3965.31
internal_count=400148 175581 167115 224567 161156 128059 134925 82877 94273 48482 31246 5959 45791 89642 40652 8466 10621 45182 33097 23787 44867 30795 41471 34762 17236 21249 26040 7337 2425 23837
is_linear=0
shrinkage=0.05


Tree=42
num_leaves=31
num_cat=0
split_feature=41 29 7 29 152 7 234 233 232 228 225 233 226 226 226 225 228 29 234 15 29 187 29 7 110 192 38 225 23 226
split_gain=1869.42 562.291 591.108 461.728 343.248 298.299 297.11 571.328 252.611 610.563 293.11 303 562.804 340.299 219.337 203.044 160.096 153.54 142.906 129.641 120.75 117.224 117.101 102.398 99.0143 90.0999 90.025 89.6411 89.604 89.5847
threshold=0.031630747020244605 0.062710188329219832 1.0000000180025095e-35 0.023417750373482708 0.11920326575636865 1.0000000180025095e-35 -0.011504785157740114 -0.036969205364584916 -1.2801879048347471 28.266542434692386 0.0049089442472904929 -0.022938567213714119 -0.016230592504143711 -0.02938740327954292 -0.055162630975246423 0.20679578930139544 48.725658416748054 0.037605039775371558 0.0079615630675107258 0.12433041259646417 0.040076380595564849 -25.529999732971188 0.04022959619760514 1.0000000180025095e-35 0.7873075306415559 1.0000000180025095e-35 0.47807545959949499 0.054646359756588943 51.886451721191413 -0.030112086795270439
decision_type=2 2 2 2 2 2 2 2 2 2 2 2 2 2 2 2 2 2 2 2 2 2 2 2 2 2 2 2 2 2
left_child=3 2 4 23 6 8 20 -8 17 18 11 12 -11 16 -9 -4 -13 -5 -10 -12 -2 -6 29 -1 25 -3 -15 -24 -22 -16
right_child=1 24 15 5 21 -7 7 14 9 10 19 13 -14 26 22 -17 -18 -19 -20 -21 28 -23 27 -25 -26 -27 -28 -29 -30 -31
leaf_value=0.021604545311577864 0.015485280452811286 -0.025981714532189372 -0.043068597852945742 0.021653939605050368 -0.039233814755335571 -0.044944942597398403 -0.031632254256517785 -0.038241817085656771 -0.014253992321272835 0.0083212860672609648 0.013666772366706116 -0.049740691673362022 -0.036529245695081043 0.011330763108654412 -0.010996136322435034 0.0058295903719494738 0.0073065162941788487 0.0065891253496096289 -0.047407037557229775 0.0020066874041577806 0.0062748665872845374 -0.01354709150154748 -0.0043267056179316738 -0.04387849669988015 -0.023370869663958807 -0.010892288954040659 -0.0039090567208340749 0.017986116151443111 -0.0071202518999762213 0.0054081438294286306
leaf_weight=6232.798316732049 2804.3266086131334 1144.045344889164 1203.139486014843 3868.9102183282375 537.49149918556213 283.17714506387711 1685.3384469598532 399.62628102302551 736.93168349564075 1382.1758759170771 10173.814806476235 391.89464977383614 1416.0710417330265 5142.5816064178944 930.64916329085827 257.7839367389679 179.23233449459076 3005.0726563483477 581.55782788991928 3113.3541050702333 5501.675366088748 2557.930267766118 14212.935165181756 60.277094393968582 3107.1338237375021 7312.8707278221846 1194.0433907359838 464.85210013389587 1614.9221322834492 7872.3021584749222
leaf_count=38207 15841 3786 3589 23666 1494 849 4750 1147 2551 7245 53543 1119 4013 26314 4060 1163 957 14705 1678 13742 25271 8611 55326 182 9256 25489 4791 2110 6518 37804
internal_value=0 -0.00602606 -0.00322135 0.00861373 -0.00203923 0.00614128 -0.000646367 -0.00349636 0.00660516 0.00421231 0.00610975 -0.000495393 -0.0143756 0.00512732 -0.00151069 -0.0344404 -0.031838 0.0150681 -0.0288771 0.0109347 0.00669791 -0.0180074 -0.000885547 0.0209773 -0.015738 -0.0129336 0.00845904 -0.00362005 0.0032352 0.00367388
internal_weight=0 51607 40043 37761.9 38582 31468.8 35486.6 25565.7 31185.6 24311.7 22993.2 9706 2798.25 6907.75 23880.4 1460.92 571.127 6873.98 1318.49 13287.2 9920.92 3095.42 23480.7 6293.08 11564 8456.92 6336.62 14677.8 7116.6 8802.95
internal_count=399777 206215 167684 193562 162932 155173 152827 105197 154324 115953 111724 44439 11258 33181 100447 4752 2076 38371 4229 67285 47630 10105 99300 38389 38531 29275 31105 57436 31789 41864
is_linear=0
shrinkage=0.05


Tree=43
num_leaves=31
num_cat=0
split_feature=233 226 14 131 229 29 233 228 227 15 224 228 122 15 228 233 226 18 232 12 152 3 225 151 227 152 21 151 227 3
split_gain=2288.32 2543.46 2364.01 820.202 781.415 407.311 504.99 397.958 294.392 289.97 275.602 268.022 300.527 232.9 179.853 168.49 250.517 157.075 148.692 135.973 127.279 120.87 119.336 115.295 114.047 113.083 108.952 104.999 103.292 101.663
threshold=-0.00032215450482908631 -0.016695752739906308 0.239689476788044 -0.10600483417510985 0.98815491795539867 0.035768933594226844 -0.025755463168025013 22.164649009704593 0.23063293099403384 0.18689532577991488 4.5000000000000009 42.236108779907234 0.055313481017947204 0.70444613695144664 50.77893257141114 -0.023511325009167191 0.012463098857551815 0.1451428830623627 -1.8199365735054014 0.17339162528514865 0.057640127837657935 680767.84375000012 -0.018960645422339436 25.001905441284183 0.23063293099403384 0.11920326575636865 1.0000000180025095e-35 47.822225570678718 0.18789839744567874 765542.06250000012
decision_type=2 2 2 2 2 2 2 2 2 2 2 2 2 2 2 2 2 2 2 2 2 2 2 2 2 2 2 2 2 2
left_child=1 3 9 14 5 6 21 10 13 18 -5 -6 -13 25 29 -7 20 -9 -2 23 22 -3 -17 26 27 -4 -20 -11 -18 -1
right_child=2 4 8 7 11 15 -8 17 -10 24 -12 12 -14 -15 -16 16 28 -19 19 -21 -22 -23 -24 -25 -26 -27 -28 -29 -30 -31
leaf_value=0.053386620504543729 0.022299655196037823 0.054806335750252094 -0.002585375557669271 -0.0069390597933692956 0.041452272695464275 0.058183132663718766 -0.018223572051694847 -0.019559504954757237 0.05225801595877462 -0.015077154110356528 0.051177058142510091 -0.018493879719925679 0.027947233536258748 0.038618485827109431 -0.0018777937045700019 0.049612063653562979 0.043818149027224841 0.0034910495797416141 0.088165701295189136 0.034852203417739813 0.046977616986670308 0.023249075340408043 0.00028047281754745821 -0.018428689420868841 0.025013090129766026 0.020422229606246026 -0.03056732605249814 0.016916970790098778 0.07643833106332526 0.01634384168654927
leaf_weight=650.18380704522133 155.72308299690485 603.21301054954529 1259.2690865509212 435.64677760377526 407.77251429855824 2362.3197864964604 566.98122053965926 5844.0840162411332 672.17074154317379 2000.6757991760969 383.65139758586884 1109.1693804003298 507.85099068656564 805.78747560083866 298.83862821012735 154.63873679190874 617.84575428441167 846.06655808910728 19.365885756909847 88.443264849483967 352.02772467583418 610.55834973603487 591.54830276221037 2710.90961400792 243.48301551491022 927.3739816583693 8352.4310161881149 294.14029297605157 399.65820624679327 259.0110941529274
leaf_count=4098 2254 2168 9696 5881 1220 7189 8393 89103 2596 23087 1149 14552 3597 3270 2157 746 3551 9159 118 728 1619 2709 5042 42019 1726 5970 139435 3091 1758 1696
internal_value=0 0.0123869 -0.0133589 -0.0064651 0.0322264 0.0409611 0.0207341 -0.0126164 0.0223566 -0.0227986 0.0202749 0.00522685 -0.00390831 0.01564 0.0317733 0.0490046 0.0387563 -0.0166444 -0.0262215 -0.0268979 0.0221954 0.0389322 0.0105039 -0.0273907 -0.00752404 0.00717235 -0.0302927 -0.0109763 0.0566308 0.0428339
internal_weight=0 17001.1 17529.8 8717.48 8283.58 6258.79 1780.75 7509.45 3664.6 13865.2 819.298 2024.79 1617.02 2992.43 1208.03 4478.04 2115.72 6690.15 11326.9 11171.1 1098.21 1213.77 746.187 11082.7 2538.3 2186.64 8371.8 2294.82 1017.5 909.195
internal_count=399777 165787 233990 113243 52544 33175 13270 105292 21532 212458 7030 19369 18149 18936 7951 19905 12716 98262 184554 182300 7407 4877 5788 181572 27904 15666 139553 26178 5309 5794
is_linear=0
shrinkage=0.05


Tree=44
num_leaves=31
num_cat=0
split_feature=233 227 7 160 227 14 122 231 228 225 225 225 228 233 234 228 230 225 233 232 4 234 228 234 194 225 246 246 227 126
split_gain=1705.47 1582.46 1171.34 595.743 415.429 526.146 231.091 212.353 205.689 211.459 195.53 187.385 174.352 168.369 149.595 142.432 139.689 131.221 128.034 116.079 113.354 106.807 98.0436 96.4418 97.6628 92.8281 103.797 138.148 89.9797 89.9412
threshold=0.019478814676404003 -0.059868887066841119 1.0000000180025095e-35 3.3570046424865727 0.15754102915525439 0.081752307713031783 0.021279029548168186 1.7051149606704714 34.72050857543946 0.0090238009579479712 -0.023775535635650154 0.20679578930139544 50.77893257141114 -0.059049820527434342 0.0079615630675107258 56.234554290771491 1.5000000000000002 -0.016739149577915665 -0.011659638956189154 -1.6804370880126951 1.0000000180025095e-35 0.027250979095697406 47.578889846801765 0.022681497968733314 1.0000000180025095e-35 0.0054039249662309894 92.500000000000014 93.500000000000014 -0.059868887066841119 0.0018887015176005664
decision_type=2 2 2 2 2 2 2 2 2 2 2 2 2 2 2 2 2 2 2 2 2 2 2 2 2 2 2 2 2 2
left_child=3 14 4 20 5 6 -3 10 13 12 -5 -4 19 16 -2 -6 29 -7 -12 -10 -1 22 -11 -8 -25 -15 -27 -28 -21 -9
right_child=1 2 11 7 15 17 23 8 9 21 18 -13 -14 25 -16 -17 -18 -19 -20 28 -22 -23 -24 24 -26 26 27 -29 -30 -31
leaf_value=-0.0006202000694456774 0.023361043717007854 -0.010881201383623517 0.048404059883040723 0.0081278360395604082 0.0052235568190290363 0.027610863114104451 -0.0018307793338710058 -0.0030710263403469508 -0.02513936243919724 0.0025170932212572497 -0.021835021506142881 -0.0044869636889108971 0.020715255671752898 -0.013156311815643652 0.049852003804724605 -0.014544512153112929 -0.0048882885661492223 0.011516886523103766 -0.0074816641942997072 -0.0075164697502994593 -0.021408660150106007 0.011607039036593339 -0.019465356421493111 0.043116847576966336 0.0071453034631624793 -0.0015297647112943319 0.11922234495568665 -0.00069180550790833581 0.0095533283200647055 0.032792658738103692
leaf_weight=719.31365176290274 702.40568132698536 4305.1751712635159 1682.9434867799282 1112.6236782371998 1163.7916510626674 1497.4537814259529 4318.0861487686634 254.51524478942156 332.13746091723442 754.27047973126173 3095.8601242527366 185.96399825811386 2098.3350335583091 5486.7462823390961 2208.5987860262394 4198.4615625590086 1293.3771540671587 8213.2214586883783 3118.8753548040986 1009.2175502479076 7419.9006698727608 588.19166772067547 1548.7128898054361 198.38057889789343 3863.1690706461668 531.36896140873432 44.715698316693306 51.890670746564865 3284.7279659956694 558.29665309935808
leaf_count=5866 2416 32459 4710 5917 6151 5604 26180 1365 2298 4014 21646 1202 10732 36589 6049 27001 7311 39594 19529 7026 64191 2897 10087 1020 22986 3407 263 317 18241 2709
internal_value=0 0.0082826 0.00482621 -0.00781288 0.00224649 0.00523958 -0.00146584 -0.00400959 -0.00106564 0.00389905 -0.0111758 0.0431412 0.00876093 -0.0068726 0.0434599 -0.0102542 0.00531956 0.0139987 -0.0146318 0.00333859 -0.0195715 -0.00740893 -0.0122657 0.00337146 0.00890228 -0.0110721 0.00713777 0.0548122 0.00554137 0.0215627
internal_weight=0 32537.7 29626.6 33303.1 27757.7 22395.5 12684.8 25163.9 17836.5 9615.59 7327.36 1868.91 6724.42 8220.91 2911 5362.25 2106.19 9710.68 6214.74 4626.08 8139.21 2891.18 2302.98 8379.64 4061.55 6114.72 627.975 96.6064 4293.95 812.812
internal_count=399777 175372 166907 224405 160995 127843 82645 154348 107256 55295 47092 5912 38297 51961 8465 33152 11385 45198 41175 27565 70057 16998 14101 50186 24006 40576 3987 580 25267 4074
is_linear=0
shrinkage=0.05


Tree=45
num_leaves=31
num_cat=0
split_feature=122 41 234 29 233 226 226 160 234 233 226 234 227 234 230 227 227 41 160 226 233 29 12 227 233 233 233 227 226 226
split_gain=1673.81 590.315 403.922 374.216 354.105 355.029 236.233 257.865 231.056 454.811 252.278 194.408 443.981 336.919 171.253 165.733 164.362 143.514 141.731 140.604 612.449 113.847 112.344 111.04 151.799 110.991 109.909 105.296 105.136 116.073
threshold=0.029304726049304012 0.076538883149623885 -0.020955452695488926 0.022962537594139579 -0.036969205364584916 -0.024013678543269631 -0.055162630975246423 5.2750923633575448 -0.011504785157740114 -0.033260894939303391 -0.055162630975246423 0.016909533180296425 -0.014098220970481632 0.027250979095697406 4.5000000000000009 -0.03940602391958236 0.16069030016660693 1.0000000180025095e-35 3.1898117065429692 -0.030112086795270439 0.019478814676404003 0.048618355765938766 0.29209096729755407 -0.054757183417677872 -0.025755463168025013 -0.025755463168025013 0.15881321579217914 -0.080775048583745943 0.072498016059398665 0.073145877569913878
decision_type=2 2 2 2 2 2 2 2 2 2 2 2 2 2 2 2 2 2 2 2 2 2 2 2 2 2 2 2 2 2
left_child=3 2 21 -1 5 -4 -6 11 18 14 -11 15 13 -13 -10 -8 28 -12 -5 20 -19 -2 26 -21 -25 -17 -3 -22 -14 -30
right_child=1 22 4 8 6 -7 7 -9 9 10 17 12 16 -15 -16 25 -18 19 -20 23 27 -23 -24 24 -26 -27 -28 -29 29 -31
leaf_value=0.02113073950510122 0.013068483882325975 -0.016780156953726387 -7.1804063949758675e-05 0.025849792008426017 -0.039013204041820071 -0.034972098190968241 0.015843464396209483 -0.0092770451015098451 0.0025256535572207978 -0.041196227455173887 -0.045100130410599598 -0.046230092431816139 -0.00028862289506176563 -0.0034049485387585956 -0.03340291650379535 -0.019987066991389607 0.011971170217895049 0.014249641028114331 0.010056870927440578 0.024761931314027767 -0.016406906679806998 0.0015967072554440899 -0.040026882124026344 -0.041677716144763961 0.0086361294837921983 0.0027616448627205783 -0.0013690388158926388 -0.049196992713130584 -0.044758319514485313 -0.0090560091423138086
leaf_weight=5507.4008024483919 4189.1053027063608 8528.3367648124695 1205.2198335379362 2043.5101082921028 459.00278830528259 1842.9976297318935 2508.4632606208324 10770.637916892767 485.3762776106596 275.37737563252449 131.14859475195408 1026.142768651247 4856.3942391574383 831.36295887827873 1047.2978796958923 569.25273706018925 2120.6738316565752 1832.9638849049807 4660.6578343063593 1075.4893306344748 442.56531104445457 4470.9342922270298 457.78618255257607 151.50699198246002 14234.114807009697 9229.7611576020718 1338.4992168992758 547.97243905067444 270.53322070837021 1436.3590530008078
leaf_count=34664 22753 29402 4931 13514 1345 5121 13083 37397 2261 825 407 3064 21556 3694 2943 2076 9710 10458 24171 6217 1401 18655 1259 425 72492 42720 4831 1603 837 5527
internal_value=0 -0.00501309 -0.00257779 0.00925529 -0.00484591 -0.021173 -0.0033855 -0.00289908 0.00682648 0.00415982 0.00630697 0.000107399 -0.00487602 -0.0270629 -0.0220248 0.00437574 -0.000130242 0.0070173 0.0148707 0.00739112 -0.00286901 0.00714593 -0.015813 0.00926482 0.00810623 0.00144011 -0.0146895 -0.0345466 -0.00404035 -0.0147146
internal_weight=0 56111.5 45786.8 32435.4 37126.8 3048.22 34078.6 33619.6 26928 20223.8 18691.1 22848.9 10541.5 1857.51 1532.67 12307.5 8683.96 18415.8 6704.17 18284.6 2823.5 8660.04 10324.6 15461.1 14385.6 9799.01 9866.84 990.538 6563.29 1706.89
internal_count=399342 227961 192469 171381 151061 10052 141009 139664 136717 99032 93828 102267 44388 6758 5204 57879 37630 93003 37685 92596 13462 41408 35492 79134 72917 44796 34233 3004 27920 6364
is_linear=0
shrinkage=0.05


Tree=46
num_leaves=31
num_cat=0
split_feature=15 233 226 233 233 15 234 144 228 227 29 12 226 234 226 232 232 20 227 151 228 233 3 13 226 151 21 151 34 227
split_gain=2106.11 2178.8 1650.22 708.056 597.005 588.008 507.42 361.891 332.81 309.241 296.409 274.807 270.453 236.802 214.024 166.3 157.048 140.9 139.689 118.024 126.364 126.549 117.098 115.06 105.989 177.075 104.372 105.853 98.3788 97.6939
threshold=0.1804403364658356 -0.00032215450482908631 -0.016695752739906308 -0.025755463168025013 -0.00032215450482908631 0.41479019820690161 -0.020649572834372517 16.070549964904789 23.000260353088382 0.23063293099403384 0.040378088131546981 0.17339162528514865 -0.019522736780345436 -0.031190510839223858 0.011243334971368315 -1.6804370880126951 1.0157563090324404 0.17173347622156146 0.20794968307018283 23.183997154235843 29.883596420288089 -0.034776547923684113 1219085.5625000002 0.16433394700288775 -0.028330408968031403 33.961721420288093 1.0000000180025095e-35 22.280946731567386 -3.7211521863937373 0.24618177860975268
decision_type=2 2 2 2 2 2 2 2 2 2 2 2 2 2 2 2 2 2 2 2 2 2 2 2 2 2 2 2 2 2
left_child=1 2 7 6 12 9 -4 8 13 17 -5 15 23 -1 -12 24 -14 -6 -7 -10 21 -21 -8 29 25 -3 -17 -28 -24 -2
right_child=4 11 3 10 5 18 22 -9 19 -11 14 -13 16 -15 -16 26 -18 -19 -20 20 -22 -23 28 -25 -26 -27 27 -29 -30 -31
leaf_value=-0.028786021165488465 0.0037899976378260448 0.011167681174657183 -0.008706887078566759 -0.018079750246954407 -0.016579067759267489 0.020721904766905372 0.050216404227494321 0.051768055782228942 -0.021516469502303338 0.031495740346775679 -0.005526214148197873 0.040623852624876139 0.050135100838180881 0.028964872656275772 0.037581527167926947 0.086414699355449112 0.019864264551099804 0.0069339010890593555 0.048616947829054208 -0.018930249930664667 -0.014029780561120715 0.041804803852243715 0.051427700239847357 0.044666587557971371 -0.017444586155061146 0.15312224165406807 -0.0312314273255072 -0.020040269146260833 0.012835836408415706 0.050362189147723446
leaf_weight=237.55648541077971 1007.2914223112166 199.98135529831052 506.89169821515679 1004.0588519796729 2283.5966447331011 1996.6765273213387 2497.4994250237942 220.58721495419741 4578.2847802117467 522.59221470355988 507.5162162669003 155.66772581636906 1944.4897190369666 702.16813883557916 665.49186978489161 19.982869893312454 549.57393379509449 883.70587673783302 578.91927020251751 133.71945507451892 1010.8159133419394 239.16869216784835 262.73056171834469 282.36304518580437 342.00525451824069 24.67944311350584 7243.5580925308168 2983.1538599804044 444.57878890633583 126.77624758332968
leaf_count=3393 7715 3029 6925 15399 26142 10676 7833 1464 72318 2972 5712 1031 7408 5752 3871 116 2784 8593 2033 2021 15034 3213 873 1146 5774 340 125561 47635 1907 672
internal_value=0 -0.00892174 0.0049165 0.0244996 0.0182258 0.00865811 0.0377779 -0.011275 -0.0132899 -0.00413913 0.00186141 -0.0253362 0.0335555 0.0143658 0.0189304 -0.0262857 0.0434648 -0.0100187 0.0269919 -0.017649 -0.00485253 0.0200249 0.0451302 0.0161071 8.14581e-05 0.0267617 -0.0277439 -0.0279669 0.0271708 0.00899625
internal_weight=0 23980.1 13011.1 5888.77 10176 6265.49 3711.7 7122.3 6901.71 3689.89 2177.07 10969 3910.49 939.725 1173.01 10813.4 2494.06 3167.3 2575.6 5961.99 1383.7 372.888 3204.81 1416.43 566.666 224.661 10246.7 10226.7 707.309 1134.07
internal_count=399342 329201 145715 42520 70141 50416 17538 103195 101731 37707 24982 183486 19725 9145 9583 182455 10192 34735 12709 92586 20268 5234 10613 9533 9143 3369 173312 173196 2780 8387
is_linear=0
shrinkage=0.05


Tree=47
num_leaves=31
num_cat=0
split_feature=233 226 227 229 160 19 226 228 233 233 228 229 29 227 151 228 227 232 228 233 234 227 227 4 229 230 17 230 126 226
split_gain=1601.48 1512.42 661.163 994.604 526.71 436.929 212.188 346.419 237.095 185.3 181.915 155.066 152.482 131.438 115.744 113.916 175.502 115.966 112.046 108.242 104.319 103.813 94.2387 87.286 83.8407 128.02 82.9789 78.2719 91.7525 84.7983
threshold=0.019478814676404003 -0.0062182345427572719 0.1475668400526047 1.7563159465789797 3.3570046424865727 0.076813634485006346 -0.017064406536519524 50.77893257141114 0.00055965055798878904 -0.059049820527434342 52.801002502441413 0.98815491795539867 0.024273782968521122 0.0034421180607751016 4.3729801177978525 73.319728851318374 0.038397464901208885 -0.74219316244125355 30.178488731384281 -0.00297881884034723 0.0079615630675107258 0.19866237789392474 0.038397464901208885 1.0000000180025095e-35 0.90872082114219677 7.5000000000000009 -0.12272853031754492 1.5000000000000002 0.0022418732987716798 -0.051524756476283066
decision_type=2 2 2 2 2 2 2 2 2 2 2 2 2 2 2 2 2 2 2 2 2 2 2 2 2 2 2 2 2 2
left_child=4 20 3 5 19 12 7 9 11 27 14 -8 -3 26 -4 16 17 -7 -11 -1 -2 -10 -14 -21 -20 -26 -9 28 -6 -29
right_child=1 2 10 -5 6 15 8 13 21 18 -12 -13 22 -15 -16 -17 -18 -19 24 23 -22 -23 -24 -25 25 -27 -28 29 -30 -31
leaf_value=-0.023395013562222223 0.023775795993459956 -0.016217552296247349 0.040819437159581917 0.046281352104262811 -0.004359358617239086 0.023671192795234192 -0.023836617882407565 0.05143996532744663 0.0030839559154370415 -0.014396609956461678 -0.012524433989925331 -0.0068708748971411208 -0.0044723724638727593 -0.0021024463033927701 0.00097943311066074797 0.0032313569024948587 0.019188766619377493 -0.00055179311230322875 0.0017014936345640858 0.011797111189294072 0.045555836900340582 -0.0220188546499058 0.0088070274991674611 -0.014497311316199468 -0.014210242159761003 0.016414602813877202 0.019514072015448275 -0.0083133884805202882 0.031260743367471956 0.0098947563837530322
leaf_weight=4945.2220682948828 706.16077950596809 1814.1148703619838 203.59244813024998 1649.7139410078526 267.70888725668192 623.86707405000925 3182.2681244909763 233.88254152238369 3151.670778170228 3508.8767719566822 5782.5184582844377 2335.1123355850577 3633.9743247181177 682.81495355814695 1743.6387952193618 3001.7295362278819 6280.3480855599046 2375.4016563072801 3645.0757424160838 359.01789639890194 2482.5569905787706 473.76702259480953 2112.7731633037329 2610.6792229935527 2383.1491984054446 398.27800096571445 1568.1201887577772 1126.7938554435968 556.80394065380096 1478.3965910673141
leaf_count=44722 2379 15657 961 4714 1431 3116 22483 1019 18051 23969 36868 15393 22822 3805 8703 17106 29855 12539 21789 2848 7265 2916 13225 22433 16255 2400 7631 6291 2639 8057
internal_value=0 0.00803551 0.00446756 0.00897798 -0.00762324 0.00587651 -0.00406345 -0.000564401 -0.0101294 -0.00375167 -0.00807328 -0.0166562 -0.00357972 0.016579 0.0051449 0.0116981 0.0144369 0.00448674 -0.00721074 -0.0188639 0.0407325 -0.000196443 0.000409756 -0.0113185 -0.00328724 -0.00982501 0.0236577 0.00626875 0.0196953 0.00201939
internal_weight=0 32410.4 29221.7 21491.9 32907.6 19842.2 24992.7 15849.9 9142.82 13365.1 7729.75 5517.38 7560.86 2484.82 1947.23 12281.3 9279.62 2999.27 9935.38 7914.92 3188.72 3625.44 5746.75 2969.7 6426.5 2781.43 1802 3429.7 824.513 2605.19
internal_count=399342 175210 165566 119034 224132 114320 154129 95286 58843 82831 46532 37876 51704 12455 9664 62616 45510 15655 64413 70003 9644 20967 36047 25281 40444 18655 8650 18418 4070 14348
is_linear=0
shrinkage=0.05


Tree=48
num_leaves=31
num_cat=0
split_feature=122 29 234 233 29 225 227 32 11 226 234 233 226 225 187 29 225 34 226 234 133 29 227 233 233 15 225 29 3 151
split_gain=1575.5 534.645 378.689 374.565 343.74 320.13 396.386 225.726 225.484 211.179 178.199 393.032 190.888 175.132 152.734 127.993 122.755 114.847 112.128 480.819 106.593 101.713 101.615 406.13 93.6114 93.2419 92.2191 84.0477 72.8997 72.5719
threshold=0.028840208426117901 0.055097114294767387 -0.011504785157740114 -0.036969205364584916 0.024469627998769287 0.058001475408673293 0.16194821149110797 0.28169113397598272 0.063626192510128035 -0.055162630975246423 -0.011504785157740114 -0.033260894939303391 -0.055162630975246423 -0.0087307891808450205 -9.2074999809265119 0.072385553270578398 0.069071818143129363 -0.16064266860485074 -0.030112086795270439 0.016909533180296425 0.77775004506111156 0.03467278182506562 -0.068882577121257768 0.019478814676404003 0.020514339208602909 0.10983856767416002 0.058001475408673293 0.039324311539530761 1126373.8125000002 1.8791004419326784
decision_type=2 2 2 2 2 2 2 2 2 2 2 2 2 2 2 2 2 2 2 2 2 2 2 2 2 2 2 2 2 2
left_child=4 2 17 28 22 9 -7 -8 10 -5 21 13 -13 -12 -11 20 18 27 19 24 -3 -6 23 -1 -14 -20 -24 -2 -4 -16
right_child=1 15 3 5 8 6 7 -9 -10 14 11 12 16 -15 29 -17 -18 -19 25 -21 -22 -23 26 -25 -26 -27 -28 -29 -30 -31
leaf_value=0.030047782083578813 0.019019862160879836 -0.0060079204608994262 -0.031896589153374871 -0.036444748594187532 0.022359006648975759 -0.040458829782404671 0.01552730210237584 -0.036289990103012322 -0.047193261490360544 -0.008974929797506517 -0.030473227596938379 -0.038608485373062523 0.013619053593675599 0.011357703830499553 -0.030592272302069748 -0.017429348541862528 -0.041877257439788505 -0.0013959419679582573 0.011877098569225069 -0.047116447290980835 -0.016174623630738173 0.0091174947538213234 0.022010028971456472 -0.046698932111230981 -0.013147467335719571 0.0024752756732009779 -0.040507297785695257 0.0070869157923053681 -0.0073770497257407038 0.0017973800753372455
leaf_weight=467.89757189154625 2214.3852957636118 9788.6255924105644 1364.9666142761707 411.67585787177086 2403.059863910079 1190.0081585645676 777.72736328840256 287.99835461378098 193.83373165130615 4210.7916355580091 1088.333372592926 230.14780569076538 1679.8827173411846 324.91171696782112 174.47833609580994 6109.7031505703926 126.19330480694771 2561.4051698148251 10116.65361969173 479.42899462580681 3499.9920343011618 3657.5847883075476 5982.4694713801146 272.93059086799622 405.50098475813866 3566.8784756958485 59.574895113706589 4422.9241522699594 389.68091452121735 19617.66044549644
leaf_count=3349 13490 35550 3889 1250 15861 3775 3681 838 621 15986 3081 708 9679 1693 770 19695 396 12047 54069 1444 10984 18651 39178 810 1282 16193 190 21541 1137 88255
internal_value=0 -0.00469693 -0.00122051 -0.00407411 0.00929967 -0.00260192 -0.0206238 0.00152436 0.00651888 -0.000936828 0.00695127 0.00445659 0.00661098 -0.0208561 -0.000327829 -0.0114396 0.00724655 0.00759743 0.00762808 -0.00196579 -0.00868565 0.0143678 0.0192507 0.00177331 0.00841433 0.00942633 0.0213936 0.0110681 -0.0264512 0.00151185
internal_weight=0 57022 37623.7 28425 31055.3 26670.3 2255.73 1065.73 24272.4 24414.6 24078.6 18017.9 16604.7 1413.25 24002.9 19398.3 16374.5 9198.71 16248.3 2564.81 13288.6 6060.64 6782.87 740.828 2085.38 13683.5 6042.04 6637.31 1754.65 19792.1
internal_count=400093 232888 166659 119581 167205 114555 8294 4519 123678 106261 123057 88545 83771 4774 105011 66229 83063 47078 82667 12405 46534 34512 43527 4159 10961 70262 39368 35031 5026 89025
is_linear=0
shrinkage=0.05


Tree=49
num_leaves=31
num_cat=0
split_feature=233 14 17 230 234 144 151 29 13 227 233 122 233 225 232 15 5 122 228 233 227 160 225 231 232 227 151 3 5 31
split_gain=1958.24 2079 1689.81 667.192 486.896 270.197 260.467 254.528 240.549 239.058 217.993 206.944 205.907 177.839 210.538 168.986 143.613 138.537 137.998 135.742 165.568 127.124 125.86 123.013 116.72 118.723 134.881 108.336 104.091 103.404
threshold=-0.00032215450482908631 0.2327840253710747 -0.00066206100746057917 2.5000000000000004 -0.0098380171693861467 15.421599864959719 22.280946731567386 0.043788086622953422 0.10022879019379617 0.20794968307018283 -0.02312259096652269 0.075291581451892867 -0.00046726436994504178 0.010611464735120537 0.30034458637237554 0.70444613695144664 1.0000000180025095e-35 0.026913476176559929 88.40799713134767 -0.052350873127579682 -0.029393327422440049 3.7886807918548588 -0.0052020524162799111 0.47908110916614538 -1.8199365735054014 0.23063293099403384 35.583196640014656 1045221.9375000001 45.972900390625007 0.14073316752910617
decision_type=2 2 2 2 2 2 2 2 2 2 2 2 2 2 2 2 2 2 2 2 2 2 2 2 2 2 2 2 2 2
left_child=2 7 6 5 11 13 8 -2 23 15 21 -5 16 -4 17 29 -12 -15 24 -8 -21 27 -22 -1 -9 26 -26 -6 -18 -3
right_child=1 9 3 4 10 -7 19 18 -10 -11 12 -13 -14 14 -16 -17 28 -19 -20 20 22 -23 -24 -25 25 -27 -28 -29 -30 -31
leaf_value=0.01788835579170461 -0.027586165498683951 -0.0025221318630942284 -0.014887690792088126 0.00051610436905116905 0.043461757438709427 0.030510935092747833 -0.019458659228390643 0.047695650894785668 0.044175701712057931 0.039368303229365409 0.041968370059710734 0.044979726694447421 0.068039690849401507 -0.011707687323790267 -0.022142621697194359 0.031548130950644147 -0.0096404631493395166 0.041207081532421599 0.06010260815808758 -0.0090099778047534832 0.045550609245357698 0.053559765007850028 0.0093384043688775394 -0.018243091210136366 -0.021731956800378337 0.021620452500971866 -0.00056823104019147698 0.01286452457076063 0.02241149085170752 0.022322006403760888
leaf_weight=248.59456378594041 8440.2183333225548 1538.3201027177274 1408.475117944181 1368.8980274572968 989.37509904429317 771.56718557700515 361.65638853237033 75.416415445506573 170.04143942520022 1055.3591443747282 429.56573217734694 323.53706111386418 236.55664774030447 163.24763495102525 297.03358202427626 774.06915766000748 473.82322684675455 510.52896395325661 63.733524117618799 485.48658630624413 463.73471964523196 2347.006938457489 497.22332964837551 4496.1452794671059 3263.8605581000447 210.49642550572753 978.56149191409349 408.85030912607908 544.26914476975799 575.51334000751376
leaf_count=1589 152567 12205 18614 15771 3386 3773 5436 827 1232 4256 2470 1988 1015 2079 3276 3040 4333 3086 627 7278 3708 6907 5932 69167 43495 1573 12061 1691 3330 3381
internal_value=0 -0.012807 0.0112022 0.0239565 0.0324321 0.00479913 -0.0082866 -0.022432 -0.014256 0.0190033 0.0397312 0.00901606 0.024791 -0.00353883 0.0129264 0.0115611 0.0177239 0.0283865 -0.0129588 0.00793932 0.0147897 0.0464497 0.0268135 -0.01635 -0.0139871 -0.0150317 -0.0168503 0.0345149 0.00749442 0.00424195
internal_weight=0 16975.5 16995.6 10272.7 7121.88 3150.85 6722.88 13032.3 4914.78 3943.26 5429.45 1692.44 1684.21 2379.29 970.81 2887.9 1447.66 673.777 4592.07 1808.1 1446.44 3745.23 960.958 4744.74 4528.33 4452.92 4242.42 1398.23 1018.09 2113.83
internal_count=400093 234032 166061 71719 40891 30828 94342 211150 71988 22882 23132 17759 11148 27055 8441 18626 10133 5165 58583 22354 16918 11984 9640 70756 57956 57129 55556 5077 7663 15586
is_linear=0
shrinkage=0.05


Tree=50
num_leaves=31
num_cat=0
split_feature=233 226 7 29 227 14 226 3 233 233 227 225 13 29 227 22 229 234 229 227 3 225 229 108 246 151 227 234 191 226
split_gain=1420.16 1339.83 974.22 490.994 350.724 379.202 248.354 173.774 162.997 151.622 151.267 148.206 144.768 140.268 116.943 115.583 114.686 110.852 115.617 113.282 112.082 100.074 93.2482 91.5612 85.0045 84.4579 79.7156 80.8845 102.761 79.4381
threshold=0.019478814676404003 -0.0062182345427572719 1.0000000180025095e-35 0.039929928258061416 0.1475668400526047 0.042785864323377616 -0.014460486359894274 1030136.5625000001 0.00099355349084362409 -0.0055104533676058045 -0.068882577121257768 -0.015287211164832113 0.1263004541397095 0.028775641694664959 0.20794968307018283 48.564256668090827 1.0856314301490786 -0.0021912577794864769 0.77630826830863964 -0.041761819273233407 94425.257812500015 1.0000000180025095e-35 1.1646024584770205 -0.016421644948422905 91.500000000000014 2.6645467281341557 0.038397464901208885 0.027080631814897064 1.0000000180025095e-35 -0.0063703679479658595
decision_type=2 2 2 2 2 2 2 2 2 2 2 2 2 2 2 2 2 2 2 2 2 2 2 2 2 2 2 2 2 2
left_child=3 21 4 7 5 13 10 9 16 -1 -5 -7 -4 -3 15 -6 -8 18 -12 -20 -21 -2 25 24 -19 -17 27 -15 -29 -10
right_child=1 2 12 6 14 11 8 -9 29 -11 17 -13 -14 26 -16 22 -18 23 19 20 -22 -23 -24 -25 -26 -27 -28 28 -30 -31
leaf_value=-0.016040646120113414 0.031163987738986338 -0.011396127605658441 0.047169606174812424 -0.011730531481840776 -0.016609926194575533 0.02348975187258534 -0.021276422781554755 -0.022576023578693906 -0.01845055758014174 -0.0023832308570576038 0.013570143738573102 0.0086025694661050409 0.012294576793320815 -0.010911596390827557 -0.02122195524073886 0.053246496861832721 0.00081284264530103508 0.024400824890798218 0.015037663783399236 0.060641263769631859 -0.0039489061653149166 0.049341032854768402 -0.012530981755122414 0.0088591822704438029 0.081968901719213061 0.0022797187004188618 0.0095493363256188013 0.065653877320544271 0.0022464157333087274 0.0035970911574841171
leaf_weight=5016.8602477908134 1854.5188102573156 2998.6580467075109 1419.6410168558359 1824.1766272783279 1507.0109010785818 2032.289767280221 3043.787829041481 4616.2677948921919 508.18563617765903 3415.8666913881898 1639.1984051316977 9424.4436373785138 376.47896341979504 1597.9863765239716 1269.3167131096125 83.28770773857832 728.18605805933475 352.56726013123989 960.17577166855335 67.839885003864765 6749.1767412647605 1279.7250755131245 1227.9521594792604 1573.6866054832935 78.379015415906906 3378.9170622751117 2153.7770413309336 66.431185245513916 1675.8969177901745 2083.7594446241856
leaf_count=42335 5965 25238 4186 12153 10453 7928 21464 41496 3138 26486 8068 49085 1714 10050 8442 388 4146 1615 5135 422 39748 3589 7847 7329 337 18067 12342 293 9725 10909
internal_value=0 0.00751886 0.0041856 -0.00726208 0.00184847 0.00530821 -0.0022609 -0.0147775 -0.0103788 -0.0105084 0.00163951 0.0112434 0.0398596 -0.00269834 -0.0073955 -0.00456354 -0.0170121 0.00377498 0.00150217 -0.0010414 -0.00330613 0.0385858 -0.000692874 0.0144511 0.0348711 0.00350579 0.00204889 -0.00278727 0.004664 -0.000725646
internal_weight=0 32346.3 29212.1 32658.1 27416 19949.5 19609.1 13049 6363.92 8432.73 13245.2 11456.7 1796.12 8492.75 7466.48 6197.17 3771.97 11421 9416.39 7777.19 6817.02 3134.24 4690.16 2004.63 430.946 3462.2 5494.09 3340.31 1742.33 2591.95
internal_count=400093 175312 165758 224781 159858 114661 114464 110317 39657 68821 74807 57013 5900 57648 45197 36755 25610 62654 53373 45305 40170 9554 26302 9281 1952 18455 32410 20068 10018 14047
is_linear=0
shrinkage=0.05


Tree=51
num_leaves=31
num_cat=0
split_feature=41 7 160 122 232 228 160 7 160 5 5 227 232 227 225 233 110 229 108 226 117 233 232 227 232 225 227 231 225 24
split_gain=1428.31 624.432 614.96 270.163 223.224 544.784 187.604 186.831 166.562 154.389 168.683 145.082 162.17 283.969 136.399 135.157 110.284 105.168 92.6322 87.9677 84.2254 83.3214 85.6766 119.029 80.5641 102.622 80.6543 78.394 95.4437 71.5305
threshold=0.042286161333322532 1.0000000180025095e-35 3.2043808698654179 0.094810288399457945 -1.2801879048347471 28.266542434692386 6.2711186408996591 1.0000000180025095e-35 2.1456909179687504 1.0000000180025095e-35 22.018650054931644 0.10994547978043558 -0.61112582683563221 -0.026898153126239773 0.20679578930139544 0.019478814676404003 0.73879033327102672 1.3234279751777651 0.00085482076974585663 0.15715487301349643 1.0000000180025095e-35 0.028118208050727848 -0.65437415242195118 -0.021259790286421772 -1.355474531650543 0.00019058540055993947 0.13724447786808017 0.17189450562000277 -0.01129723899066448 1.0000000180025095e-35
decision_type=2 2 2 2 2 2 2 2 2 2 2 2 2 2 2 2 2 2 2 2 2 2 2 2 2 2 2 2 2 2
left_child=1 2 4 6 -1 15 7 16 -7 19 -11 12 -10 -14 -9 -6 17 24 -15 21 27 22 -4 -24 -2 26 -26 28 -12 -5
right_child=3 -3 9 29 5 8 -8 14 11 10 20 -13 13 18 -16 -17 -18 -19 -20 -21 -22 -23 23 -25 25 -27 -28 -29 -30 -31
leaf_value=0.024637490543164161 0.005749667062658689 -0.041192488638618088 9.761837838663569e-05 -0.086551686663078775 0.0087123810072882012 0.02249440634618196 -0.012737226269499996 -0.037158579002903133 0.020230227223167252 0.011551412145003765 -0.03404460449743632 0.020164726589855367 -0.04143549541613048 0.012211196638501769 0.017733176227327667 -0.03595133944187396 -0.0070564497169473472 0.015109243985032253 -0.00021547139359421688 -0.027381650578365214 -0.041518703112105648 0.0043645264149815184 -0.041656446141603465 -0.0087122406735262014 -0.013804591843702661 0.0022616922662937137 0.001944304174250908 0.0024269636771451215 0.011709223565674592 -0.017027423990410302
leaf_weight=3440.9340200424194 3179.7147908061743 715.54038651287556 2793.0298757851124 37.223878815770149 219.11494587361813 3486.9142000973225 7267.4383418411016 639.62231689691544 1722.2799153327942 5533.0960389524698 319.08535447716713 2611.2097487449646 341.22205978631973 2754.9718572944403 137.49972504377365 746.26945376396179 7866.678668782115 1125.6820447891951 3291.2291839122772 379.19915227591991 112.26396922767162 2765.8496624678373 305.56642584502697 2669.1703663021326 2838.2627408951521 3716.8275563716888 1139.2769390791655 18989.063938707113 177.32280924916267 6051.9286231100559
leaf_count=23897 15475 2344 13534 147 1014 23353 24112 2075 11227 27206 916 15488 1040 16571 690 2317 29974 5456 17701 1354 344 12487 886 11242 10959 15986 4647 86585 849 19924
internal_value=0 0.00520181 0.00583223 -0.00791016 0.0131396 0.0105321 -0.00582839 -0.00339617 0.0130017 0.00183679 0.00384201 0.00991427 0.00661377 0.00294229 -0.0274463 -0.0258139 -0.00245539 0.000560917 0.00544678 -0.00381721 0.00166539 -0.0027701 -0.00619141 -0.0120963 -0.000945122 -0.00371176 -0.00929367 0.00191419 -0.0177008 -0.0174524
internal_weight=0 53373.3 52657.8 34000.2 18614.1 15173.2 27911 20643.6 14207.8 34043.6 25130.8 10720.9 8109.7 6387.42 777.122 965.384 19866.4 11999.8 6046.2 8912.82 19597.7 8533.62 5767.77 2974.74 10874.1 7694.37 3977.54 19485.5 496.408 6089.15
internal_count=399800 270355 268011 129445 112608 88711 109374 85262 85380 155403 115900 62027 46539 35312 2765 3331 82497 52523 34272 39503 88694 38149 25662 12128 47067 31592 15606 88350 1765 20071
is_linear=0
shrinkage=0.05


Tree=52
num_leaves=31
num_cat=0
split_feature=122 233 226 229 228 227 231 233 29 29 228 233 142 187 227 18 19 108 164 233 143 3 6 230 187 228 228 234 228 227
split_gain=1821.24 1889.45 1635.85 590.316 381.841 367.743 353.081 327.216 352.969 292.955 246.399 235.978 252.786 229.82 192.306 190.248 162.345 156.045 150.62 134.853 113.673 116.096 113.012 111.736 96.3598 86.3691 78.1226 78.452 77.5663 77.3818
threshold=0.059977209195494659 -0.00032215450482908631 -0.016695752739906308 0.98815491795539867 23.000260353088382 0.20794968307018283 4.9435153007507333 -0.023511325009167191 0.034256096929311759 0.043788086622953422 42.236108779907234 -0.0055104533676058045 38.469150543212898 -1.9344999790191648 0.23063293099403384 0.12139961123466493 -0.002180651761591434 0.015319811180233957 326.91534423828131 0.07824015244841577 18.888349533081058 680767.84375000012 3.1811499595642094 10.500000000000002 -10.025499820709227 52.289316177368171 73.035350799560561 0.01869749836623669 88.40799713134767 -0.075891796499490724
decision_type=2 2 2 2 2 2 2 2 2 2 2 2 2 2 2 2 2 2 2 2 2 2 2 2 2 2 2 2 2 2
left_child=1 2 4 7 17 6 11 20 -9 -3 -5 16 -13 23 22 -6 -2 -1 -8 24 21 -4 -11 25 29 -10 27 -18 -24 -14
right_child=5 9 3 10 15 -7 18 8 13 14 -12 12 19 -15 -16 -17 26 -19 -20 -21 -22 -23 28 -25 -26 -27 -28 -29 -30 -31
leaf_value=0.0025892067143151341 0.012928453790273495 -0.027588278297299464 0.044916144844686 0.03253435247482727 -0.02056340204765858 0.04190245442168343 -0.01665600582276926 -0.024202425825390773 -0.0010401949801044008 -0.023519522077420859 -0.015481783806379906 -0.0099076998908227132 0.12039013767909251 -0.0025711785430049838 0.024323283368121541 0.0033411936008500205 0.045951175886815694 0.049817808011463113 0.0098733737286353183 0.069314765638443229 0.05173587012765625 0.017659344225265605 -0.0081767934078706243 0.077844567540201359 0.00044508858932044011 0.039431917747058703 -0.017352436103739887 0.0037695976627097269 0.054902506902492723 0.026139478327947486
leaf_weight=420.47286840155721 725.73562063276768 7727.7208481244743 852.62267119437456 348.3418050557375 4761.612795162946 1482.4334601350129 992.87239613756537 432.77636765316129 158.25925906375051 1860.2449006214738 1146.728194244206 913.64894355461001 22.365351445972919 468.69857213646173 346.86316421627998 1008.6458856500685 1569.56549853459 299.45243069529533 1160.2116120569408 145.29534957557917 1478.263860963285 721.05280157923698 2122.2973602116108 160.00789093971252 471.83224522322416 789.10475241392851 55.400283738970757 118.55567467212677 49.880206841975451 828.70080608129501
leaf_count=4631 7437 144729 2845 1034 79084 6107 11313 7071 1585 24781 15251 11753 127 3907 2076 10382 7344 1603 9249 831 4459 3145 24528 600 3404 4379 368 814 441 4522
internal_value=0 -0.00750789 0.00569356 0.0233099 -0.0121011 0.0192786 0.0144903 0.0314648 0.015794 -0.0217333 -0.00429433 0.0219692 0.010741 0.0267767 -0.0114015 -0.0163849 0.0328 0.0222339 -0.00236037 0.0235905 0.0417797 0.0324272 -0.0144745 0.0391982 0.0185686 0.032671 0.0410715 0.0429888 -0.00672829 0.0286163
internal_weight=0 25153 13046 6555.86 6490.18 8486.62 7004.18 5060.79 2008.85 12107 1495.07 4851.1 2381.84 1576.07 4379.29 5770.26 2469.26 719.925 2153.08 1468.19 3051.94 1573.68 4032.42 1107.37 1322.9 947.364 1743.52 1688.12 2172.18 851.066
internal_count=399800 336531 139976 44276 95700 63269 57162 27991 17542 196555 16285 36600 20637 10471 51826 89466 15963 6234 20562 8884 10449 5990 49750 6564 8053 5964 8526 8158 24969 4649
is_linear=0
shrinkage=0.05


Tree=53
num_leaves=31
num_cat=0
split_feature=234 227 225 228 232 160 227 231 229 227 122 234 29 142 3 20 227 227 228 228 151 234 110 227 151 231 234 121 225 191
split_gain=780.56 824.313 693.073 643.299 648.001 466.482 386.682 266.035 287.305 221.655 195.389 168.103 157.641 152.293 133.686 124.05 120.922 118.127 111.266 111.036 117.194 102.068 89.3357 79.4868 95.6306 71.2763 73.8529 70.3249 69.7439 67.5389
threshold=0.0073904907330870637 0.13200449198484424 0.058001475408673293 38.664297103881843 -1.1921979784965513 3.425679206848145 0.038397464901208885 4.5131709575653085 0.80018705129623424 0.20794968307018283 0.021279029548168186 0.026606342755258087 0.030868473462760452 19.11415004730225 696286.40625000012 -0.016102698631584641 0.015387311577796938 -0.093692712485790239 77.770351409912124 75.750839233398452 4.2241175174713144 -0.0066609354689717284 0.75746887922286998 0.15393447130918506 6.9268033504486093 1.0998837351799013 0.0028201703680679206 -0.057888597249984734 -0.0070878711994737378 1.0000000180025095e-35
decision_type=2 2 2 2 2 2 2 2 2 2 2 2 2 2 2 2 2 2 2 2 2 2 2 2 2 2 2 2 2 2
left_child=5 2 3 4 -2 14 11 8 21 13 -8 -5 -13 -3 22 25 29 -16 -12 20 -15 -7 -1 -23 -25 -10 -27 -9 -6 -14
right_child=1 9 -4 6 28 7 10 27 15 -11 18 12 16 19 17 -17 -18 -19 -20 -21 -22 23 -24 24 -26 26 -28 -29 -30 -31
leaf_value=-0.012472618331257004 -0.017475997985818188 -0.01296314016158513 0.043324407977438965 -0.0094907535930988732 0.029247956041759605 0.015613614502959436 -0.0013737767189237588 0.031985092765084218 -0.022284409935721748 -0.021973688182929805 0.020915646334087504 -0.013862278938724904 0.046487536837300891 0.030395852549695325 0.030401640797142766 -0.003084284775613998 -0.014419013048534697 -0.02249461336589904 0.0058698565773769966 -0.010888492632919924 0.0028277436881277603 -0.01383433606991516 0.0060455714564798379 0.042270515800212724 0.00035741683073627344 -0.01152495668543416 0.0075077376653156589 0.0068146326385545228 0.046921925326774944 0.011479738892433892
leaf_weight=3109.0119553953409 585.24540870636702 2467.3261969983578 1578.0275346338749 4230.150501139462 841.45087650418282 2044.9557454884052 1882.0020298957825 293.67669221013784 1394.8802454397082 1737.0010322034359 4684.821179240942 917.71634795516729 144.89753073453903 421.38514681905508 108.15142678469419 7886.8174664974213 457.84014812111855 4380.6810333058238 1665.6519614309072 1374.5760753378272 4527.6771381869912 702.29129460453987 823.86487908661366 171.55856734514236 658.33879095315933 5406.0551639869809 562.7481599226594 5038.6707583218813 1658.107899159193 2802.0772837251425
leaf_count=26652 4856 18097 4712 29350 2367 10360 14125 1240 9705 12081 21905 7372 581 1938 674 50209 2390 41251 9613 8195 21998 4817 6235 835 3222 36067 3056 26821 4751 14325
internal_value=0 0.00580604 0.0114305 0.00889759 0.0298834 -0.0051903 0.00504078 -0.00165804 -0.00445028 -0.00565239 0.012776 -0.0024048 0.00452971 -0.00242748 -0.0153236 -0.00744165 0.00948699 -0.0212202 0.0169693 0.00168327 0.00517501 0.00830288 -0.0085934 -0.0014545 0.0090218 -0.0121086 -0.00973052 0.00820088 0.0409722 0.013201
internal_weight=0 31976 21448 19870 3084.8 32581.7 16785.2 24160 18827.6 10528 8232.48 8552.68 4322.53 8790.96 8421.71 15250.5 3404.81 4488.83 6350.47 6323.64 4949.06 3577.14 3932.88 1532.19 829.897 7363.68 5968.8 5332.35 2499.56 2946.97
internal_count=399800 178656 116347 111635 11974 221144 99661 146332 118271 62309 45643 54018 24668 50228 74812 99037 17296 41925 31518 32131 23936 19234 32887 8874 4057 48828 39123 28061 7118 14906
is_linear=0
shrinkage=0.05


Tree=54
num_leaves=31
num_cat=0
split_feature=160 225 122 232 228 122 234 225 234 233 225 225 233 234 228 225 228 12 230 38 160 5 160 3 5 3 228 233 224 230
split_gain=1302.36 567.692 341.385 334.164 615.866 339.884 252.827 237.37 179.798 260.197 294.053 130.448 166.931 283.738 183.958 247.004 122.163 117.933 108.167 104.405 101.569 97.2464 95.9485 95.0442 94.9488 88.2124 76.3601 76.2672 74.0455 73.5266
threshold=4.1001091003417978 0.058001475408673293 0.058090176433324821 -1.1921979784965513 28.266542434692386 0.019587261602282528 0.034234046936035163 -0.026410164311528202 -0.020649572834372517 -0.024283254519104954 -0.0087307891808450205 0.0051666451618075379 -0.022938567213714119 -0.0082602701149880869 39.244031906127937 1.0000000180025095e-35 47.828441619873054 0.22919922322034839 2.5000000000000004 -0.060226609930396073 3.1746126413345341 4.7975499629974374 7.14072608947754 1045221.9375000001 44.127651214599616 905851.43750000012 49.856393814086921 0.19598775357007983 2.5000000000000004 4.5000000000000009
decision_type=2 2 2 2 2 2 2 2 2 2 2 2 2 2 2 2 2 2 2 2 2 2 2 2 2 2 2 2 2 2
left_child=1 3 8 20 7 25 -3 -5 -2 10 18 12 13 -7 15 -14 -12 22 -10 -13 -1 28 27 -15 -23 -6 -18 -4 -11 -21
right_child=2 6 17 4 5 11 -8 -9 9 21 16 19 14 23 -16 -17 26 -19 -20 29 -22 24 -24 -25 -26 -27 -28 -29 -30 -31
leaf_value=0.022191188672169605 0.0049688818721988423 -0.035877143736769604 -0.0089508094635051081 0.021357504686451183 0.0108760542646043 0.010966437900080082 0.0077017860175054454 -0.032221199668886244 0.010536478988704405 -0.01362561090958982 0.0074769736688683032 0.016023474466045452 0.010460857941742752 -0.030949464091234953 0.0064268704452192368 -0.043292225555079424 -0.049119203580989229 -0.029677358429796089 -0.041766226618116437 0.0086996795511301832 0.011492722301034937 0.0047651036233518516 -0.017076174881974316 -0.004517470705135051 -0.0035931381572802019 0.021322914573480289 -0.011807401670083342 0.012600766700543732 -0.0025897015050026693 -0.00079419524505916744
leaf_weight=4001.4374365285039 6334.90260823071 1105.6991445422173 10722.829096123576 242.15280271321535 4447.7328433766961 912.51245023310184 476.14067946374416 1412.7183480262756 108.69344295561314 2729.4099176228046 926.69561204314232 2597.6592722162604 399.35440479964018 1225.0627032220364 6022.3333525806665 459.75671911239624 151.71089196205139 848.91962639987469 1091.7440553307533 4648.4681650400162 4978.9699945896864 6056.3810784220695 4093.6107677221298 470.80273571610451 7740.4330347776413 3703.0386883541942 1426.1756767779589 426.84745755791664 3429.9738424420357 3633.4371720999479
leaf_count=27804 29152 3847 38236 1496 26661 5642 2185 4268 560 10276 4209 15203 2207 3543 31446 1442 409 2363 3113 24588 28580 24860 12666 1451 30421 24060 5166 1803 13972 18255
internal_value=0 0.00660632 -0.00566434 0.00779268 0.00527281 0.00699347 -0.0227597 -0.0243812 -0.00251244 -0.00451544 -0.0166842 0.00354069 -0.000743576 -0.0115148 0.00333919 -0.0183053 -0.00693228 -0.0115395 -0.0370305 0.00727769 0.0162597 -0.00225622 -0.0105294 -0.0236115 7.58754e-05 0.0156222 -0.0153949 -0.00812574 -0.00748005 0.00453453
internal_weight=0 40737.3 46088.3 39155.4 30175 28520.2 1581.84 1654.87 29996.1 23661.2 3705.02 20369.4 9489.82 2608.38 6881.44 859.111 2504.58 16092.2 1200.44 10879.6 8980.41 19956.2 15243.3 1695.87 13796.8 8150.77 1577.89 11149.7 6159.38 8281.91
internal_count=399884 222678 177206 216646 160262 154498 6032 5764 122138 92986 13457 103777 45731 10636 35095 3649 9784 55068 3673 58046 56384 79529 52705 4994 55281 50721 5575 40039 24248 42843
is_linear=0
shrinkage=0.05


Tree=55
num_leaves=31
num_cat=0
split_feature=233 226 152 144 229 18 233 187 108 230 226 13 17 234 122 232 40 19 246 5 187 232 108 108 143 3 22 225 233 224
split_gain=1721.68 1722.38 1645.35 598.002 517.448 431.388 236.18 335.426 184.838 179.041 327.193 151.953 136.985 127.401 121.045 115.268 111.745 109.71 105.806 104.63 101.49 92.2855 118.314 89.7366 87.5366 107.943 84.3922 82.4156 79.2699 78.7849
threshold=-0.00032215450482908631 -0.016695752739906308 0.10242580249905588 9.69689989089966 0.98815491795539867 0.71828287839889537 -0.023511325009167191 -2.9984999895095821 -0.0020226452033966775 11.500000000000002 -0.024013678543269631 0.28169113397598272 0.22577868402004245 1.0000000180025095e-35 0.024470204487442974 -1.6804370880126951 1.9721256494522097 0.070530697703361525 104.50000000000001 1.0000000180025095e-35 -9.0555000305175763 -1.355474531650543 -0.1084717959165573 0.19385509938001635 18.888349533081058 1045221.9375000001 1.0000000180025095e-35 -0.0029704321641474958 -0.02312259096652269 3.5000000000000004
decision_type=2 2 2 2 2 2 2 2 2 2 2 2 2 2 2 2 2 2 2 2 2 2 2 2 2 2 2 2 2 2
left_child=1 3 5 9 6 15 18 14 -6 17 -11 23 -7 -10 -8 29 -5 21 24 -9 -15 22 28 -4 25 -3 -17 -14 -1 -2
right_child=2 4 11 16 8 12 7 19 13 10 -12 -13 27 20 -16 26 -18 -19 -20 -21 -22 -23 -24 -25 -26 -27 -28 -29 -30 -31
leaf_value=-0.013390141316708314 0.021741782099880119 0.042621158316014131 0.0080532442218469689 0.01630482120861795 -0.015526810688212623 -0.0094154873135303963 -0.0043090993901884651 0.025833477411823704 0.0266700077539299 -0.029311630707182249 0.043263620924840283 0.037415685097386964 -0.0041488663132102088 0.034726750473926954 0.041922187919191244 0.058029547841729923 0.049078784299438544 -0.00030223455586014857 -0.012224193866337232 -0.0069522541260819875 -0.022813052158041542 -0.024297571397455375 -0.014547959705637287 0.033619131521243045 0.050001741445988103 0.015463691505080852 -0.025735183789937763 0.027984183299786199 0.039110566861556846 -0.01757949989593512
leaf_weight=117.99154582247138 215.46016792953014 1226.2659832462668 1649.5072049386799 991.6439611390233 752.77008990943432 1938.7985228970647 157.36297994479537 337.99729705229402 855.92456145957112 262.35410413146019 380.57860746979713 960.09862951934338 336.71420628577471 104.03553949669003 1412.0630914196372 30.158531561493874 352.54521600902081 1184.5744872689247 90.158642806112766 869.00880734622478 290.97029829397798 2421.3480297587812 2473.7522291056812 433.41879520565271 1910.6651405245066 521.49840824306011 10135.62659336254 489.84362109005451 184.04760209470987 311.64142511039972
leaf_count=1835 3316 4046 13417 6756 10785 23625 2087 2441 4850 4519 1100 3543 1974 558 7374 236 1905 13538 402 8900 3100 40484 40316 2247 5647 2285 178013 2379 2501 5705
internal_value=0 0.0104614 -0.0122446 -0.00565364 0.0262744 -0.0197522 0.0330991 0.0220458 0.00404965 -0.0115003 0.0136487 0.0209587 -0.00214939 0.0158301 0.0372867 -0.0243046 0.0249006 -0.014034 0.0412858 0.00222872 -0.00765838 -0.0171638 -0.0109409 0.013373 0.0426046 0.0345179 -0.0254867 0.0148942 0.0186012 -0.00150637
internal_weight=0 16897.6 16501.3 8368.84 8528.72 13458.2 6525.02 2776.43 2003.7 7024.65 642.933 3043.02 2765.36 1250.93 1569.43 10692.9 1344.19 6381.71 3748.59 1207.01 395.006 5197.14 2775.79 2082.93 3658.43 1747.76 10165.8 826.558 302.039 527.102
internal_count=399884 165429 234455 112954 52475 215248 33182 20802 19293 104293 5619 19207 27978 8508 9461 187270 8661 98674 12380 11341 3658 85136 44652 15664 11978 6331 178249 4353 4336 9021
is_linear=0
shrinkage=0.05


Tree=56
num_leaves=31
num_cat=0
split_feature=233 226 7 160 227 227 29 226 228 233 228 29 15 225 229 227 234 3 20 227 3 232 228 151 228 233 227 23 151 227
split_gain=1215.64 1119.57 786.35 410.666 328.797 292.277 193.099 176.161 272.513 216.731 166.403 161.079 148.049 131.512 119.323 111.814 110.761 101.79 99.3595 96.8733 96.5797 90.8393 89.1714 88.9523 85.948 82.1665 79.009 77.8553 71.7391 79.8446
threshold=0.019478814676404003 -0.0062182345427572719 1.0000000180025095e-35 3.2181943655014043 0.1475668400526047 0.038397464901208885 0.026323627680540088 -0.014460486359894274 50.77893257141114 0.0033544782781973486 52.801002502441413 0.048171568661928184 0.075956065207719817 0.20679578930139544 1.0856314301490786 -0.012295454274863003 0.0079615630675107258 135823.27343750003 -0.015282289125025271 0.19866237789392474 1030136.5625000001 -0.63058495521545399 73.319728851318374 6.1264882087707528 69.620273590087905 -0.059049820527434342 0.086907215416431441 58.424932479858406 2.6645467281341557 0.083707042038440718
decision_type=2 2 2 2 2 2 2 2 2 2 2 2 2 2 2 2 2 2 2 2 2 2 2 2 2 2 2 2 2 2
left_child=3 16 4 20 5 12 26 8 11 14 23 -5 -3 -4 18 -10 -2 -8 -9 -11 -1 -14 28 -6 -17 -13 -7 -18 -19 -30
right_child=1 2 13 7 10 6 17 9 15 19 -12 25 21 -15 -16 24 27 22 -20 -21 -22 -23 -24 -25 -26 -27 -28 -29 29 -31
leaf_value=-0.012659879184941051 0.018559676215045676 -0.0086111418288589599 0.041527567505724894 -0.0094368518000606805 0.026401660678678104 0.0049068674250590614 0.072942152979924971 -0.025796181946392324 0.022692717883408278 0.0035764017236055395 -0.011499625214351735 0.0087828786983369257 0.016183589532602741 -0.0031131642975156652 3.0008564028210504e-05 -0.011965691533788042 0.04353410150612471 0.046983943613099738 -0.010311189810221546 -0.020744693610151684 -0.025134926166540929 -0.00072228791993487118 0.0052028968941608671 7.3048503930610317e-05 0.012487681638775764 -0.002438276046695451 -0.014344317305830721 0.011436513865731655 0.022144080304877106 0.010904147582846998
leaf_weight=3587.5228645056486 734.16838352382183 4212.9562073275447 1545.0540028512478 6650.6568973734975 402.68730936944485 1234.1832923814654 70.385992616415024 2565.1455638185143 1463.9066860154271 2935.7699100151658 5442.683049403131 2448.9059922397137 1240.8300098329782 184.70761880278587 950.74570940434933 572.34886631369591 2186.3006344437599 177.57852520793676 1737.6745658069849 475.78188291192055 2733.6692550033331 2209.4001238271594 2896.9367907568812 1577.6843074783683 965.49249764531851 4886.95869345963 938.05940489470959 206.79178060591221 2418.825631827116 4556.1034233644605
leaf_count=33356 2405 29638 4739 49422 1915 10377 252 19394 7082 16937 35808 11698 6016 1216 5917 3775 6565 745 12571 3046 28123 11234 15884 7811 4854 28005 7988 697 11888 20526
internal_value=0 0.00711998 0.00406572 -0.00663962 0.00200005 0.00534195 0.0101198 -0.00382681 -0.000867677 -0.0096283 -0.00698391 -0.00380142 -0.00232189 0.0367607 -0.0160005 0.012802 0.0355485 0.0130232 -0.0195426 0.000184533 -0.0180549 0.00535769 0.0126036 0.00542669 0.0033867 0.00130764 -0.00340655 0.0407605 0.015601 0.014802
internal_weight=0 32235.3 29108.1 31974.6 27378.3 19955.3 12292.1 25653.4 16988.3 8665.12 7423.05 13986.5 7663.19 1729.76 5253.57 3001.75 3127.26 10119.8 4302.82 3411.55 6321.19 3450.23 10049.4 1980.37 1537.84 7335.86 2172.24 2393.09 7152.51 6974.93
internal_count=399884 175704 166037 224180 160082 114548 67660 162701 104836 57865 45534 89125 46888 5955 37882 15711 9667 49295 31965 19983 61479 17250 49043 9726 8629 39703 18365 7262 33159 32414
is_linear=0
shrinkage=0.05


Tree=57
num_leaves=31
num_cat=0
split_feature=41 41 7 3 232 227 232 229 232 228 231 233 227 41 6 7 41 227 225 6 227 228 36 228 142 229 233 7 6 218
split_gain=1169.72 398.347 441.983 225.128 199.627 188.678 287.179 191.935 167.611 364.254 145.937 200.362 140.025 133.303 125.255 108.035 109.018 104.208 102.141 101.78 106.476 128.487 100.888 95.3172 93.7343 93.6224 90.0774 87.838 87.5222 83.4043
threshold=0.028580216690897945 0.054622668772935874 1.0000000180025095e-35 1260583.1250000002 -1.2626829743385313 -0.012498725671321152 -0.61112582683563221 0.82786986231803905 -1.1921979784965513 28.266542434692386 1.0605680942535403 -0.025755463168025013 -0.026898153126239773 0.097508020699024214 2.3627499341964726 1.0000000180025095e-35 1.0000000180025095e-35 -0.07932079583406447 0.0044434329029172668 2.5058499574661259 -0.087686259299516664 29.689025878906254 -77.231735229492173 56.523748397827156 11.25969982147217 1.0559226870536806 0.18521019071340564 1.0000000180025095e-35 2.0012500286102299 1.0000000180025095e-35
decision_type=2 2 2 2 2 2 2 2 2 2 2 2 2 2 2 2 2 2 2 2 2 2 2 2 2 2 2 2 2 2
left_child=3 2 4 8 14 6 7 -6 28 -10 11 23 -8 26 -2 16 -12 18 -18 20 21 -5 -14 -11 -19 -7 27 29 -1 -3
right_child=1 13 -4 19 5 25 12 -9 9 10 15 -13 22 -15 -16 -17 17 24 -20 -21 -22 -23 -24 -25 -26 -27 -28 -29 -30 -31
leaf_value=0.019256365151739483 0.01251029082337937 -0.021590100052858399 -0.038070191156710287 -0.040920030395779454 -0.034918722062889117 -0.002107046388454957 -0.04269189949516583 0.0033186200348759888 -0.031145786393088973 -0.030826992712510257 -0.044047093428877054 0.006690880242762225 -0.03036471000004173 -0.015940224907523011 0.00022491493086109778 -0.038869524699992025 0.018522331209484457 0.016007152409622739 -0.044650359585348395 0.0081529493037775826 0.021419327417478009 0.030136408157332248 -0.0075258834926550224 0.014486532679546827 0.00583906279390647 0.0051458612622041107 0.010812830303434872 -0.033197214841660758 0.0058368388915401234 -0.0062645449993736198
leaf_weight=2875.6236028969288 4465.6729389503598 949.07418197393417 776.98995688557625 152.7670521736145 364.01733621954918 13251.694614045322 621.20607523620129 3334.0878991186619 741.05335725843906 820.3914330303669 103.37784463167191 1129.4370716810226 751.98258745670319 5723.7509784847498 3874.9881266653538 129.06408208608627 98.315991386771202 2936.1944300234318 183.24013328552246 3050.5347562879324 4786.0722454562783 109.02225141227245 1354.5194702595472 135.17460359632969 9937.6093711405993 6698.3564568608999 677.0757632702589 333.69560730457306 2104.0200553536415 13741.709265187383
leaf_count=18048 23927 3163 2732 575 1169 54410 1874 16544 2457 2474 314 6289 2438 18631 18481 445 643 19564 597 17049 31137 824 5416 783 52148 30523 2956 1138 11782 51472
internal_value=0 -0.00402433 -0.000774493 0.0082724 6.02215e-05 -0.00207188 -0.00952325 -0.000445214 0.00556278 0.00309857 0.00473867 -0.00756597 -0.0218308 -0.00940807 0.00680263 0.00665498 0.00709813 0.00750004 -0.0225912 0.0153635 0.019721 -0.0113286 -0.0156789 -0.0244169 0.00815815 0.000328163 -0.00702687 -0.00783082 0.0135863 -0.00725463
internal_weight=0 56918.8 35493.5 29291.9 34716.5 26375.9 6425.81 3698.11 21193.5 16213.9 15472.8 2085 2727.71 21425.3 8340.66 13387.8 13258.7 13155.4 281.556 8098.4 5047.86 261.789 2106.5 955.566 12873.8 19950.1 15701.6 15024.5 4979.64 14690.8
internal_count=400003 234874 157514 165129 154782 112374 27441 17713 115544 85714 83257 9546 9728 77360 42408 73711 73266 72952 1240 49585 32536 1399 7854 3257 71712 84933 58729 55773 29830 54635
is_linear=0
shrinkage=0.05


Tree=58
num_leaves=31
num_cat=0
split_feature=233 152 226 131 160 108 233 187 233 233 227 227 227 187 6 234 160 39 151 233 225 225 226 18 246 111 42 227 160 227
split_gain=1593.41 1529.5 1463.72 619.064 540.629 463.086 217.306 277.223 191.037 357.808 167.769 165.508 163.101 162.48 149.208 147.579 147.148 123.839 122.509 120.856 109.828 108.756 98.8769 96.8079 92.789 92.3256 88.7329 85.9915 74.0631 73.2382
threshold=-0.00032215450482908631 0.099756129086017623 -0.016695752739906308 -0.1042552813887596 6.0729689598083505 -1.0000000180025095e-35 -0.025755463168025013 -2.2894999980926509 -0.052350873127579682 -0.050984976813197129 0.23063293099403384 0.20794968307018283 -0.024494701065123078 -1.0000000180025095e-35 3.0218499898910527 -0.033350853249430649 3.425679206848145 0.59134024381637584 23.40721416473389 -0.025755463168025013 -0.0043226098641753188 -0.0044893815647810689 0.015928446315228943 1.0456253886222842 104.50000000000001 -0.32521429657936091 2.2331811189651494 0.073007434606552138 6.2711186408996591 -0.059249300509691231
decision_type=2 2 2 2 2 2 2 2 2 2 2 2 2 2 2 2 2 2 2 2 2 2 2 2 2 2 2 2 2 2
left_child=2 4 3 26 14 15 24 16 13 -10 23 21 -11 -5 -2 -4 -8 -15 -14 -17 -20 -6 -9 29 -7 -18 28 -21 -1 -3
right_child=1 10 5 8 11 6 7 22 9 12 -12 -13 18 17 -16 19 25 -19 20 27 -22 -23 -24 -25 -26 -27 -28 -29 -30 -31
leaf_value=0.004070290292223196 -0.028553419460142743 0.071584579948137758 -0.02237712692680693 -0.027287501700736683 -0.016598310208874225 0.040439214493619619 -0.013263694232470452 -0.013682518368060096 0.035775873128327938 -0.019276965851421128 0.041062855564937585 0.038859937364556667 -0.0072760805068929129 0.18160268611619634 -0.016443252039033199 0.02377633943344826 0.055808513268257032 0.016950068340112531 0.040554123877772151 -0.016878591780837251 -0.0037140707185221626 0.0081828317177138812 0.016899426263206601 0.022357289596646762 -0.016501588295666308 0.029577931976180638 0.045909404828051122 0.027389272625213176 0.03223215464930404 0.00040124547951179089
leaf_weight=481.0810693576932 6883.193265080452 37.315630037337542 464.17579881101847 1888.8458637185395 751.5415301695466 3360.1031965054572 172.51977282017469 579.5462300106883 468.62521759048104 2342.8046369850636 681.21110433712602 286.68897518515587 1610.7703793570399 13.449263419955967 4034.2423561215401 745.41262141242623 418.02583304792643 75.680319786071777 299.20195785164833 459.83295936137438 263.50544049590826 1077.5145682021976 485.90251487120986 1323.3102352432907 73.103276371955872 1698.5220822989941 398.72918125987053 144.07527645677328 453.58215963095427 1141.4993764460087
leaf_count=3722 130288 302 7353 30318 7169 11184 2559 5530 2316 40016 2678 1303 24237 97 65643 3843 2434 1074 3687 7067 3315 9400 3245 7443 326 7673 2192 1409 2269 9911
internal_value=0 -0.0120065 0.00993411 -0.00504983 -0.0195955 0.0243868 0.0303836 0.021333 -0.0110268 -0.00580985 0.0190641 0.00353706 -0.0101249 -0.0241746 -0.0240784 0.00194158 0.0311393 0.0417954 -0.000259906 0.0103074 0.0198241 -0.0019995 0.00026451 0.0130748 0.0392268 0.0347586 0.0261615 -0.00631754 0.0177369 0.00265457
internal_weight=0 16216.5 16897.5 8296.28 13033.2 8601.22 6787.72 3354.52 6962.88 4984.91 3183.34 2115.75 4516.28 1977.98 10917.4 1813.5 2289.07 89.1296 2173.48 1349.32 562.707 1829.06 1065.45 2502.13 3433.21 2116.55 1333.39 603.908 934.663 1178.82
internal_count=400003 234137 165866 113243 213803 52623 32951 21441 105060 73571 20334 17872 71255 31489 195931 19672 12666 1171 31239 12319 7002 16569 8775 17656 11510 10107 8183 8476 5991 10213
is_linear=0
shrinkage=0.05


Tree=59
num_leaves=31
num_cat=0
split_feature=233 226 7 160 227 19 227 232 227 225 191 225 4 233 142 33 3 227 225 233 231 159 229 227 231 143 226 158 234 15
split_gain=1133.86 1013.95 718.893 379.807 306.521 297.546 178.793 153.238 156.147 137.204 132.511 131.635 130.306 120.185 117.496 116.262 110.751 105.629 98.7305 95.531 93.1051 85.0632 82.8522 79.9657 77.6944 76.6693 76.4608 74.4815 73.4852 88.8452
threshold=0.019478814676404003 -0.0062182345427572719 1.0000000180025095e-35 3.1746126413345341 0.15754102915525439 0.070530697703361525 0.22302427142858508 0.24266439676284793 0.011352922767400743 -0.016739149577915665 1.0000000180025095e-35 0.20679578930139544 1.0000000180025095e-35 -0.059049820527434342 8.5060496330261248 -1.0650662183761594 503214.96875000006 -0.051629591733217232 1.0000000180025095e-35 -0.0032874695025384422 1.7051149606704714 -7272.7285156249991 0.94889390468597423 0.20794968307018283 1.6195982098579409 25.57084941864014 -0.018953709863126274 -1407092.4374999998 -0.029844870790839192 -0.16019144654273984
decision_type=2 2 2 2 2 2 2 2 2 2 2 2 2 2 2 2 2 2 2 2 2 2 2 2 2 2 2 2 2 2
left_child=3 18 4 19 5 14 7 8 10 25 22 -4 -12 -14 -3 -15 -9 -17 21 -1 -19 -2 -5 -6 -24 -7 -10 -11 29 -26
right_child=1 2 11 6 23 9 -8 16 26 27 12 -13 13 15 -16 17 -18 20 -20 -21 -22 -23 24 -25 28 -27 -28 -29 -30 -31
leaf_value=-0.023201982284248007 0.035445723463222702 -0.018716736352499343 0.040534650073137342 0.00014467595429468197 -0.0055271334514708729 0.011948799568315471 -0.021416266942097355 0.011802830158792105 0.011387977851000755 0.012798592408781111 0.0029580127279753739 -0.0047999016563259186 0.0055325676217255699 -0.013612992050873969 -0.00090052391130737155 -0.016411974134146315 -0.0026372210305209819 -0.010044885510268024 0.045215626383589468 -0.01012145368061078 0.0060893742031784392 0.01349776972522148 0.0008171820728415729 -0.020181188016400477 0.15162984679408312 0.03047709760762822 -0.026403216348067089 0.0041808778007908524 0.028641830836062272 0.048705306808615706
leaf_weight=3518.5654441192746 1132.9810649007559 1075.1431084871292 1500.5906826555729 389.89953053742647 3905.1911478862166 1274.1170995309949 1377.8766785860062 2666.1746845692396 151.96750856935978 3528.4497752264142 4200.4586447998881 179.24945366382599 1627.5154854282737 6194.051959477365 6644.6442535668612 1204.2902678698301 2645.3086874112487 1367.68998850137 1217.5641721785069 2313.6843906864524 2582.5917458981276 723.29014590382576 127.40579303354025 1222.3474799692631 31.97064708173275 993.8366175442934 1122.2685479521751 8663.5196119248867 166.83525321632624 60.918611489236355
leaf_count=36601 3594 9958 4723 2318 24599 5654 10186 14052 992 18579 26102 1191 8833 44190 44538 8759 14425 9381 3598 22161 15530 2426 768 8526 188 3235 8904 44834 864 294
internal_value=0 0.00684555 0.00395002 -0.00648472 0.00199705 0.0045441 -0.0038905 -0.00290643 -0.00498308 0.00877555 -0.0037827 0.0356972 -0.00469633 -0.00717409 -0.00338181 -0.00899636 0.00461117 -0.00344873 0.0341512 -0.0180129 0.000503275 0.0268938 0.0164135 -0.0090205 0.0327986 0.0200681 -0.0218962 0.00667491 0.0484869 0.0841299
internal_weight=0 32060.9 28987.1 31749.5 27307.2 22179.7 25917.2 24539.3 19227.9 14459.9 17953.6 1679.84 17176.6 12976.1 7719.79 11348.6 5311.48 5154.57 3073.84 5832.25 3950.28 1856.27 777.03 5127.54 387.13 2267.95 1274.24 12192 259.725 92.8893
internal_count=400003 175455 165837 224548 159923 126798 165786 155600 127123 72302 117227 5914 112795 86693 54496 77860 28477 33670 9618 58762 24911 6020 4432 33125 2114 8889 9896 63413 1346 482
is_linear=0
shrinkage=0.05


Tree=60
num_leaves=31
num_cat=0
split_feature=160 7 29 160 110 232 228 131 194 225 7 232 228 231 231 225 118 110 232 225 231 29 229 232 228 232 152 110 225 224
split_gain=1128.51 577.238 298.815 284.474 242.983 202.176 261.921 149.521 148.58 129.44 120.006 109.083 250.928 177.549 106.131 147.665 104.041 99.9454 94.7327 90.4416 112.263 88.349 78.3338 77.9859 132.93 184.128 128.202 76.4538 68.0547 62.4502
threshold=4.0838668346405038 1.0000000180025095e-35 0.027167187072336677 6.9658823013305673 0.7873075306415559 -1.1921979784965513 28.266542434692386 -0.1488835662603378 1.0000000180025095e-35 -0.0223178481683135 1.0000000180025095e-35 -1.2801879048347471 34.167350769042976 3.0281509160995488 1.0605680942535403 0.0032975355861708526 1.5000000000000002 0.72067275643348705 0.71265050768852245 0.016725450754165653 0.17189450562000277 0.020277057774364952 0.86389207839965831 -0.61112582683563221 48.725658416748054 1.0000000180025095e-35 -0.022470107302069661 0.59722590446472179 -0.01129723899066448 2.5000000000000004
decision_type=2 2 2 2 2 2 2 2 2 2 2 2 2 2 2 2 2 2 2 2 2 2 2 2 2 2 2 2 2 2
left_child=1 2 8 4 10 27 9 -3 -1 -7 19 -10 13 -13 15 18 -6 -16 22 20 28 -14 -8 26 25 -25 -22 -4 -2 -23
right_child=3 7 5 -5 16 6 14 -9 11 -11 -12 12 21 -15 17 -17 -18 -19 -20 -21 23 29 -24 24 -26 -27 -28 -29 -30 -31
leaf_value=-0.037968621660584199 -0.03569642801531922 0.0074883726403622538 0.014432549256539848 -0.013813041641479853 -0.0089025939467529333 0.00073084366694413589 -0.029691261743675403 -0.037713904395810884 0.026933963722672084 -0.034423036102197511 -0.038529447678041548 0.022703191620391066 0.023104437093338238 -0.032374796568080143 0.008208161939714971 0.010954247459049361 -0.033692242614134144 0.0002415632435093097 0.0070088866943369245 0.0057201493095046137 0.0058889376079413591 0.02048406440468041 -0.0071891173727492638 -0.027462381048227621 -0.00021708198020383524 -0.0047926254538484528 -0.0054227566366970631 -0.0010927594626500036 0.0094468336502691198 0.0087458244177460367
leaf_weight=133.23486728966236 378.42444667220116 228.86761505901814 5708.3435505628586 7815.2495381832123 9727.8558621704578 418.10336321592331 796.07322192192078 911.76933777332306 1660.7408066913486 700.70284122228622 211.11776332557201 209.0921539068222 2571.580230653286 487.38396765291691 10234.257806740701 966.79965916275978 442.50881513953209 6398.1807574853301 463.45211538672447 4601.3683585524559 6727.1786294877529 1557.5934466719627 752.20973195135593 1233.013788163662 7835.0581130683422 3274.23021684587 3990.7809926718473 920.90055830776691 107.11726082861423 4157.6693994179368
leaf_count=680 1158 1043 36057 25157 33720 1715 2232 3367 13045 2273 728 1244 18575 1710 56239 5520 1241 30265 2452 19952 31549 10551 2840 4057 30941 12653 17148 5119 498 26248
internal_value=0 0.00640477 0.00745306 -0.00511512 -0.00335081 0.00467522 0.0022446 -0.0286441 0.0145048 -0.0212859 -0.000972901 0.0151616 0.0129853 -0.0158396 0.00358701 -0.00510496 -0.00998118 0.00514356 -0.0128227 -0.000691209 -0.00194413 0.0154079 -0.0187589 -0.00144316 -0.00415275 -0.0109942 0.00167708 0.0122759 -0.0257372 0.0119449
internal_weight=0 39277 38136.3 46343.9 38528.7 27359 20729.8 1140.64 10777.3 1118.81 28358.3 10644.1 8983.32 696.476 19611 2978.53 10170.4 16632.4 2011.74 28147.2 23545.8 8286.84 1548.28 23060.3 12342.3 4507.24 10718 6629.24 485.542 5715.26
internal_count=399977 221175 216765 178802 153645 144712 103536 4410 72053 3988 118684 71373 58328 2954 99548 13044 34961 86504 7524 117956 98004 55374 5072 96348 47651 16710 48697 41176 1656 36799
is_linear=0
shrinkage=0.05


Tree=61
num_leaves=31
num_cat=0
split_feature=233 14 226 131 229 29 233 6 233 233 227 227 108 230 13 151 232 187 232 15 233 226 225 233 187 227 227 234 232 43
split_gain=1513.23 1572.94 1380.18 533.428 462.358 238.577 296.628 233.612 196.117 315.865 193.888 157.19 155.715 132.86 124.689 119.528 142.234 119.053 108.794 116.688 116.601 104.824 110.026 104.339 242.738 102.487 102.17 96.9396 90.9436 90.6421
threshold=-0.00032215450482908631 0.22612613439559939 -0.016695752739906308 -0.11189551651477812 0.98815491795539867 0.034256096929311759 -0.025755463168025013 3.0218499898910527 -0.052350873127579682 -0.050984976813197129 0.19604091346263888 -0.024494701065123078 0.011449986137449743 3.5000000000000004 0.28169113397598272 23.40721416473389 -1.3652731180191038 -1.0000000180025095e-35 -1.8199365735054014 0.17120079696178439 0.066189184784889235 0.11911282315850259 -0.0044893815647810689 -0.023511325009167191 -1.9344999790191648 0.11149330809712411 0.23063293099403384 0.012303041294217111 0.39682576060295111 3.5000000000000004
decision_type=2 2 2 2 2 2 2 2 2 2 2 2 2 2 2 2 2 2 2 2 2 2 2 2 2 2 2 2 2 2
left_child=2 7 3 -1 5 6 -4 26 17 -10 14 -11 -6 -14 21 -13 -17 -5 -9 -20 -21 22 -3 -7 -25 28 -2 -27 -24 -19
right_child=1 10 4 8 12 23 -8 18 9 11 -12 15 13 -15 -16 16 -18 29 19 20 -22 -23 25 24 -26 27 -28 -29 -30 -31
leaf_value=0.02461377880111186 -0.028229784444392919 -0.012497184740666009 0.02644438656025512 -0.026594044424022002 -0.012069339647376985 0.042199918785912803 -0.021353890650387258 0.067200509151707652 0.033767970381868767 -0.018404906064358587 0.030460963279994042 -0.0067339939325687173 -0.0078455735430322717 0.029148177549030947 0.024872258801683582 0.046629919449546232 -0.0029983902102937582 -0.010008297922085487 -0.018601896201180038 -0.012309237219720878 0.017529658013471044 -0.019979143671597276 0.021171607920424114 0.036868798281430595 3.2388571461164626e-05 0.0001507678001928059 0.0030844535430999713 0.048385992965687297 -0.01456355563237338 0.092860820104351774
leaf_weight=1277.3717647343874 6806.0312357321382 513.39330342039466 1172.4563382193446 1875.4695455878973 958.23526486754417 2609.3169228956103 448.84165689721704 42.29201689735055 469.35460407659411 2321.2014673799276 1291.8035549856722 1622.2458343282342 379.83728179708123 672.25040859356523 742.33407058566809 265.8849147669971 315.90333275124431 51.35851813852787 3226.1052441634238 891.8521965444088 517.29936642199755 462.62168506160378 353.07197555154562 1808.4100802317262 594.15930960327387 152.76264736801386 270.84838344529271 327.41165800020099 359.144930254668 36.727939289063215
leaf_count=7229 132717 3503 4449 30752 12936 7689 7517 530 2291 40327 5340 24556 3190 3298 2948 3183 3883 708 57556 9796 6220 4480 2094 8939 4596 957 3163 2062 2652 416
internal_value=0 -0.0119141 0.00956167 -0.00508582 0.0235178 0.0298841 0.0132119 -0.0213006 -0.010538 -0.00527482 0.0143399 -0.00932431 0.00251182 0.0157923 0.00718532 0.000239015 0.0196824 -0.0239258 -0.0126305 -0.0133588 -0.00135538 0.00113036 0.00685542 0.0352774 0.0277591 0.0151878 -0.0270313 0.0330404 0.00315167 0.0328833
internal_weight=0 15957 16879 8235.52 8643.51 6633.18 1621.3 11754.4 6958.15 4994.59 4202.54 4525.24 2010.32 1052.09 2910.74 2204.03 581.788 1963.56 4677.55 4635.26 1409.15 2168.41 1705.78 5011.89 2402.57 1192.39 7076.88 480.174 712.217 88.0865
internal_count=399977 234018 165959 113345 52614 33190 11966 209982 106116 74240 24036 71949 19424 6488 18696 31622 7066 31876 74102 73572 16016 15748 11268 21224 13535 7765 135880 3019 4746 1124
is_linear=0
shrinkage=0.05


Tree=62
num_leaves=31
num_cat=0
split_feature=233 226 7 160 142 225 226 229 231 228 225 233 4 13 160 4 228 234 229 225 233 229 193 228 233 233 226 33 234 233
split_gain=980.776 910.314 631.514 384.521 235.433 169.337 165.573 147.573 148.212 146.843 264.297 139.658 136.344 131.606 126.004 114.705 101.841 96.3013 92.0971 88.2551 84.7643 82.5911 81.7085 81.5142 99.1849 175.147 126.274 80.8531 80.5122 79.9518
threshold=0.019478814676404003 -0.0062182345427572719 1.0000000180025095e-35 3.2181943655014043 10.424399852752687 0.051874106749892242 0.15715487301349643 0.62673509120941173 1.7051149606704714 39.244031906127937 0.0039879875257611283 -0.030656483024358746 4.6814000606536874 0.13657870888710025 4.8618936538696298 26.995349884033207 58.29510688781739 0.0079615630675107258 0.78721421957016002 -0.033661128953099244 -0.0034854352707043286 1.1768660545349123 0.094601359218359007 65.211540222167983 0.033238880336284644 0.07824015244841577 0.034406417980790145 8.522531986236574 -0.029844870790839192 0.15881321579217914
decision_type=2 2 2 2 2 2 2 2 2 2 2 2 2 2 2 2 2 2 2 2 2 2 2 2 2 2 2 2 2 2
left_child=3 17 4 20 -3 6 23 -5 11 14 21 -9 -8 -4 -10 22 18 -2 -12 -13 -1 -11 -14 24 -6 26 -26 -19 -16 -17
right_child=1 2 13 7 5 -7 12 8 9 10 16 19 15 -15 28 29 -18 27 -20 -21 -22 -23 -24 -25 25 -27 -28 -29 -30 -31
leaf_value=-0.022286670529407828 0.016999752123322616 -0.01277127319022309 0.041214520171482874 0.019755803790035747 -0.0043806925923675424 -0.015208347260193787 0.03300164365480196 -0.023268318377723526 -0.011368399113538723 0.014100071889091107 0.004191064034492098 0.013419023426017971 0.058422244944082546 0.005453329953504938 0.0061948525645530439 0.034896760317253361 0.0046680272581906164 0.040175027334503774 -0.018858739697326373 -0.0083982577669233557 -0.010145729665314135 -0.018710022565237381 -0.0060720245731507271 -0.00075485781836827847 0.0099593140225405531 0.0002963471013462417 0.029636457431711772 0.0029471095026436141 -0.0060454374108463308 0.010889773579891645
leaf_weight=3597.5367934554815 754.75573474168777 2494.7959576100111 1289.9649706184864 672.30279307067394 1972.3624822571874 1171.9989846646786 746.75783695280552 1571.6363340839744 4805.5234806761146 3836.4118893072009 589.0736248716712 511.56194180250168 51.388737082481384 321.36576461791992 2558.7522350251675 460.6392650604248 1342.1530768126249 2117.8024589717388 1639.4633518755436 4936.9178597405553 2394.5238728746772 201.89846041798592 1107.2071664407849 9957.5511972308159 3070.1725376173854 3744.9623285159469 1110.1341577246785 156.63461522758007 2828.5192344784737 1403.4745229333639
leaf_count=38230 2449 22418 4254 3257 11121 8105 2802 12194 37070 20730 3116 2880 184 1602 12975 1642 7314 6635 11563 33949 23145 1541 5058 60209 16958 20288 5314 495 16586 5893
internal_value=0 0.00639857 0.00366553 -0.00603765 0.00186968 0.0033427 0.00426301 -0.00335888 -0.00398494 -0.0015587 0.0036972 -0.0101375 0.0138698 0.0340823 -0.00548227 0.00914332 -0.00621285 0.0324757 -0.0127659 -0.00634982 -0.017435 0.0124597 -0.00321142 0.00243917 0.00565254 0.00814951 0.0151848 0.0376112 -0.000231758 0.0168221
internal_weight=0 31932 28902.8 31486.3 27291.4 24796.6 23624.7 25494.2 24821.9 17801.8 7609 7020.12 3769.47 1611.33 10192.8 3022.71 3570.69 3029.19 2228.54 5448.48 5992.06 4038.31 1158.6 19855.2 9897.63 7925.27 4180.31 2274.44 5387.27 1864.11
internal_count=399977 175427 165848 224550 159992 137574 129469 163175 159918 110895 44264 49023 15579 5856 66631 12777 21993 9579 14679 36829 61375 22271 5242 113890 53681 42560 22272 7130 29561 7535
is_linear=0
shrinkage=0.05


Tree=63
num_leaves=31
num_cat=0
split_feature=160 7 234 226 233 41 160 234 233 226 3 12 36 160 7 110 110 226 234 226 233 231 231 225 225 227 228 14 22 233
split_gain=1011.18 552.484 286.185 341.538 285.025 266.942 205.864 169.219 205.143 367.29 122.195 116.874 107.967 109 104.298 99.6495 98.3549 148.111 394.233 98.0533 224.55 95.4272 102.376 94.5594 94.5325 81.5107 79.4996 75.4581 74.7477 73.5064
threshold=4.0076723098754892 1.0000000180025095e-35 -0.011504785157740114 -0.055162630975246423 -0.036969205364584916 0.076538883149623885 2.5248401165008549 -0.02321952115744352 -0.024283254519104954 -0.016230592504143711 557601.53125000012 0.12930614501237872 -1.0000000180025095e-35 3.101858496665955 1.0000000180025095e-35 0.79881304502487194 0.75385072827339183 -0.030112086795270439 0.016909533180296425 -0.030112086795270439 0.019478814676404003 1.5950930714607241 1.6195982098579409 -0.010706594213843344 -0.029245145618915554 0.22302427142858508 69.069770812988295 0.04637246951460839 1.0000000180025095e-35 -0.025755463168025013
decision_type=2 2 2 2 2 2 2 2 2 2 2 2 2 2 2 2 2 2 2 2 2 2 2 2 2 2 2 2 2 2
left_child=1 2 12 -4 10 7 19 27 9 23 -5 -3 13 -1 15 21 17 18 -8 20 -6 -10 -23 -9 -24 -7 -26 -2 -21 -19
right_child=5 11 3 4 6 25 16 8 14 -11 -12 -13 -14 -15 -16 -17 -18 29 -20 28 -22 22 24 -25 26 -27 -28 -29 -30 -31
leaf_value=0.024559707323711533 0.0060893081697157327 -0.036852978816847889 -0.037161588338801892 -0.027101948304460929 0.024050805980717904 -0.010717946052633744 0.0067595339288722498 -0.041211117317680526 0.0062034936947652402 -0.030738800212663061 -0.0015521142467742129 0.0056494541721225817 -0.042883653309988425 0.011908637535815999 -0.034814046384464899 -0.0078965423923075956 -0.00040178606034009415 -0.0082505383578729535 -0.041956029884012196 -0.037359828001319269 -0.038310396573741433 -0.040373341864323592 -0.016732095380728691 -0.0013390824153027992 -0.0029186888811361441 -0.025996163565789755 0.0058256261703388259 -0.010067531434819268 0.017723773766605371 0.010368433323523076
leaf_weight=2804.8336201757193 6131.207917407155 877.58062793314457 470.03579923510551 843.06321647763252 315.92755206674337 8303.1704805791378 1831.8298114389181 156.19409289956093 4064.2609091550112 1939.6298010498285 1051.8019096255302 198.29220178723335 76.379201352596283 4332.5593440234661 249.69834940135479 6186.8732730448246 6428.6876362264156 557.38494101911783 537.05134475231171 62.274436742067337 265.80131700634956 175.29943306744099 1013.0643162727356 3098.7727239876986 11529.248405918479 975.55960376560688 3355.864284709096 819.21546766161919 5584.0113155022264 10827.1416073367
leaf_count=21994 29193 3369 1665 2553 2568 27288 10813 453 16970 5937 3439 918 380 27221 879 22070 31148 2603 1858 275 835 495 3316 12849 46951 2845 14392 3103 40391 61313
internal_value=0 0.00628693 0.0073424 0.00510994 0.00581191 -0.00470724 0.00715586 -0.00288189 -0.00442798 -0.0135156 -0.0129197 -0.0290194 0.0162474 0.0168802 -0.00265157 -0.0023465 0.0047036 0.00708999 -0.00428482 0.0151025 -0.00444303 -0.000641372 -0.00237213 -0.0032524 -0.00195311 -0.0123243 -0.000947274 0.00418497 0.0171162 0.00945685
internal_weight=0 37064.7 35988.8 28775 28305 47998.1 26410.1 38719.3 31768.9 5194.6 1894.87 1075.87 7213.77 7137.39 26574.3 26324.6 20182.1 13753.4 2368.88 6228.01 581.729 20137.7 16073.5 3254.97 15898.2 9278.73 14885.1 6950.42 5646.29 11384.5
internal_count=400084 213343 209056 159461 157796 186741 151804 156608 124312 19239 5992 4287 49595 49215 105073 104194 107735 76587 12671 44069 3403 82124 65154 13302 64659 30133 61343 32296 40666 63916
is_linear=0
shrinkage=0.05


Tree=64
num_leaves=31
num_cat=0
split_feature=29 233 231 41 231 233 152 187 227 227 228 227 228 29 229 22 232 227 233 233 229 224 133 228 225 231 151 168 232 230
split_gain=1375.42 970.234 575.922 550.642 548.311 357.082 325.813 314.416 267.795 246.044 234.662 205.979 179.122 163.197 162.955 158.813 157.598 177.447 141.124 139.549 126.964 140.391 117.424 113.701 109.115 141.536 107.114 109.717 103.198 97.83
threshold=0.042463880032300956 -0.024283254519104954 1.7051149606704714 0.072730883955955519 1.7805396914482119 -0.019231522455811497 0.068617273122072234 -17.58850002288818 0.22668402642011645 0.15754102915525439 23.000260353088382 0.18789839744567874 60.663856506347663 0.072385553270578398 0.98815491795539867 1.0000000180025095e-35 0.24266439676284793 0.018333122134208683 -0.00032215450482908631 -0.00046726436994504178 0.84419053792953502 2.5000000000000004 0.7159140706062318 22.164649009704593 -0.072023449465632425 4.3686673641204843 30.232480049133304 0.53614997863769542 -1.4080848693847654 9.5000000000000018
decision_type=2 2 2 2 2 2 2 2 2 2 2 2 2 2 2 2 2 2 2 2 2 2 2 2 2 2 2 2 2 2
left_child=1 4 5 9 14 12 8 -3 -7 10 24 22 -2 20 -1 -9 17 26 19 -17 -11 -22 -5 -6 -4 -26 27 -12 -24 -10
right_child=2 7 3 11 23 6 -8 15 29 13 16 -13 -14 -15 -16 18 -18 -19 -20 -21 21 -23 28 -25 25 -27 -28 -29 -30 -31
leaf_value=0.028498665274468201 0.040549623883169898 0.025905361196168389 0.11201755721876168 -0.0012135621184387038 0.012475850276906309 -0.013168705323051975 0.033366560893607129 0.075979357469960873 0.0081487236773416863 -0.025765653994475658 -0.018121713132046861 0.039157746433121886 -0.0046836699064654588 0.042785866927344214 -0.0018673923562059207 -0.015167228975283109 -0.022171575702069471 0.028364428888676609 -0.027093343863018426 0.058126967675952573 0.0016518285997272912 0.038109242971337595 0.04949103005722133 -0.019725865186496952 0.050255198844061745 -0.011653252950298593 0.0066885473143491556 0.0093714862835263379 0.014732693114984664 0.045031099265064656
leaf_weight=2006.3707524649799 2173.2256294712424 340.17423521727324 34.873542249202728 1119.8533103503287 334.78612356260419 1427.9087042883039 1052.6878425478935 40.337106011807919 418.38461311906576 293.8836009465158 2312.7689221166074 877.26534102484584 243.37256506457925 325.15031644701958 566.56434256210923 2408.4307631365955 2318.2520135827363 347.84058392047882 6953.4850287809968 66.741823196411133 1120.7206500731409 345.4590611718595 244.61454270035028 1512.8036192394793 185.7964925095439 183.50648648664355 830.36764818802476 430.41345305740833 1681.4004544913769 315.27948714792728
leaf_count=7206 7855 2088 332 10762 2086 16745 5671 318 2325 3445 33674 3226 2318 1536 6158 41896 31173 1885 146951 567 8973 2523 1299 29954 801 2475 9980 4435 10368 1059
internal_value=0 -0.0125589 0.00817076 0.00225061 0.00688974 0.021473 0.0105553 -0.0213235 -0.000553776 -0.00474226 -0.0094451 0.0178099 0.0359942 0.0102417 0.021812 -0.0230202 -0.0118367 -0.00572691 -0.0234437 -0.0131909 0.00422957 0.0102419 0.0116613 -0.0138909 0.0274762 0.0194929 -0.00904528 -0.0138079 0.0191472 0.0239983
internal_weight=0 14229.7 18283 12652.2 4420.52 5630.86 3214.26 9809.17 2161.57 8729.03 6643.82 3923.13 2416.6 2085.21 2572.94 9468.99 6239.64 3921.39 9428.66 2475.17 1760.06 1466.18 3045.87 1847.59 404.177 369.303 3573.55 2743.18 1926.01 733.664
internal_count=400084 237224 162860 126887 45404 35973 25800 191820 20129 101232 84755 25655 10173 16477 13364 189732 81147 49974 189414 42463 14941 11496 22429 32040 3608 3276 48089 38109 11667 3384
is_linear=0
shrinkage=0.05


Tree=65
num_leaves=31
num_cat=0
split_feature=7 231 234 227 29 226 122 227 226 228 225 228 227 229 225 226 234 230 225 227 234 228 225 226 3 227 17 227 143 196
split_gain=717.219 438.43 382.73 365.159 287.58 246.668 210.395 155.729 226.014 155.638 144.552 136.196 131.145 127.514 113.23 105.306 187.683 104.111 95.1699 93.0297 92.6791 90.2996 83.5881 82.0501 89.1271 75.3694 74.4317 70.6311 70.0108 67.8483
threshold=1.0000000180025095e-35 1.7051149606704714 -0.004272214835509657 0.15536781400442126 0.03467278182506562 -0.055162630975246423 0.021279029548168186 -0.080775048583745943 0.016398402862250808 35.280538558959968 -0.015287211164832113 27.810050964355472 -0.068882577121257768 0.77630826830863964 0.20679578930139544 -0.028330408968031403 0.016909533180296425 5.5000000000000009 -0.033661128953099244 -0.050510147586464875 -0.046986028552055352 57.011194229125984 -0.022786488756537434 -0.0082602798938751203 712334.37500000012 -0.014098220970481632 -0.0937785468995571 0.038397464901208885 29.677750587463382 -0.16497398167848584
decision_type=2 2 2 2 2 2 2 2 2 2 2 2 2 2 2 2 2 2 2 2 2 2 2 2 2 2 2 2 2 2
left_child=1 9 4 5 -3 -4 15 -8 11 -1 28 -9 -13 29 -2 16 22 25 -11 -14 -15 -5 -7 -20 -25 -12 -21 -17 -10 -6
right_child=14 2 3 21 13 6 7 8 10 18 17 12 19 20 -16 27 -18 -19 23 26 -22 -23 -24 24 -26 -27 -28 -29 -30 -31
leaf_value=0.012737113473253868 0.038521043702733515 -0.017994928925356531 0.034942558606785752 0.0032595531653360835 0.034524149554920419 0.034663205600666817 -0.0055803416504662025 -0.015860435955526209 0.013330716396365598 0.0090814140430281413 0.012821632066076083 0.041048411617277687 -0.027203415664308978 0.022615205722859338 -0.0034279252979716999 -0.01301363234855933 0.045867922775932622 0.010238925162148377 -0.01955616291732027 0.04387168548662175 -0.0042726089995576083 -0.010805948299645681 -0.0095890870901762359 -0.0050076719638758758 -0.01583171892953843 -0.00065390573054526304 0.016140720052227702 -0.00045153618839637667 0.031841935619992372 0.0068168204021257853
leaf_weight=761.26334767788649 1392.5901323854923 3267.549433991313 767.3257223367691 1578.3407642915845 254.68762814998627 130.373480707407 1806.5292516499758 216.70034243166447 1950.8179468736053 580.21017675846815 1237.408210195601 897.15794518589973 107.99332884699106 330.38591306656599 181.87342716753483 1892.7696238905191 293.98819509148598 6192.5611899718642 2535.4571198448539 288.0203568264842 10696.825424142182 4118.8306240290403 587.97382539510727 4872.0582124814391 3119.5552433952689 6427.0152081921697 1513.539268180728 2736.9731842204928 691.95618948340416 1667.834742590785
leaf_count=3704 4654 34071 2407 8526 1208 352 12292 1756 8607 3594 6511 2741 813 1764 1197 16061 922 31724 20699 1273 67803 28277 4989 34532 24436 35950 7374 21241 2160 8446
internal_value=0 -0.000500337 0.00156328 0.00462046 -0.00473993 0.00698848 0.00619321 0.00846443 0.00976403 -0.00913372 0.00746115 0.0223316 0.0252804 -0.00139535 0.0336753 -0.00239309 0.012215 0.00541735 -0.0106327 0.0178721 -0.00346702 -0.00690925 -0.0015577 -0.0117193 -0.00923288 0.0015217 0.0205741 -0.00558728 0.0181775 0.0104874
internal_weight=0 61522.1 49653.6 33436.3 16217.3 27739.1 26971.8 21329.7 19523.2 11868.5 16499.8 3023.41 2806.71 12949.7 1574.46 5642.08 1012.34 13857 11107.3 1909.55 11027.2 5697.17 718.347 10527.1 7991.61 7664.42 1801.56 4629.74 2642.77 1922.52
internal_count=400084 394233 307268 193976 113292 157173 154766 111201 98909 86965 84952 13957 12201 79221 5851 43565 6263 74185 83261 9460 69567 36803 5341 79667 58968 42461 8647 37302 10767 9654
is_linear=0
shrinkage=0.05


Tree=66
num_leaves=31
num_cat=0
split_feature=41 29 7 29 232 41 131 230 225 233 110 228 232 232 228 35 229 233 231 228 30 122 226 233 6 6 229 233 122 22
split_gain=893.584 370.218 374.264 216.242 185.166 170.311 139.928 139.091 153.689 179.047 119.662 112.575 115.748 152.299 150.242 108.371 106.233 98.4456 206.501 82.7249 79.0696 78.4095 87.6568 251.886 75.8284 75.512 64.4006 57.2256 57.787 56.4774
threshold=0.025283489376306537 0.055097114294767387 1.0000000180025095e-35 0.021456909365952018 -1.2626829743385313 1.0000000180025095e-35 -0.14219980686902997 4.5000000000000009 0.0014885788550600412 0.020514339208602909 0.7758537530899049 22.164649009704593 -0.61112582683563221 -0.60294023156166066 28.266542434692386 56.641347885131843 0.87824690341949474 -0.025755463168025013 1.1966030001640322 58.777565002441413 0.18361275643110278 0.042471654713153846 -0.030209682881832119 0.019478814676404003 2.8920000791549687 1.9633499979972842 1.7563159465789797 0.15881321579217914 0.080770920962095274 55.367721557617195
decision_type=2 2 2 2 2 2 2 2 2 2 2 2 2 2 2 2 2 2 2 2 2 2 2 2 2 2 2 2 2 2
left_child=3 2 4 -1 15 -5 -4 21 9 16 -10 -7 24 -14 -15 -2 19 18 -16 -9 -12 22 23 -6 -13 -3 29 28 -27 -19
right_child=1 25 6 5 7 11 -8 8 10 -11 20 12 13 14 17 -17 -18 26 -20 -21 -22 -23 -24 -25 -26 27 -28 -29 -30 -31
leaf_value=0.020781598668724695 0.010135552175298948 -0.0013689721891767832 -0.00077059504654427083 -0.041263411946901314 0.008998203841849824 -0.017066403974280334 -0.036933076454914386 -0.029503812217902867 0.0049140992762619967 0.00026756848025270868 -0.0053578129729499133 0.016743276556839624 -0.043127949912385659 -0.042972273282931767 -0.023362798336780722 -0.0024995046697470179 -0.0090240690999102875 0.011871587978165845 0.0088081257610947671 0.00092701620905018137 -0.040238143702189505 -0.001760931769901517 0.0069032948370880177 -0.039082020142607345 0.003172663893956572 -0.0087259420406396605 -0.037511980215917798 -0.00040410271149413665 -0.015617361590959725 0.0037005451963156737
leaf_weight=3302.4498458281159 6856.8410760089755 3263.4811475276947 375.99505789577961 181.82868680357933 792.96410690248013 459.52625135332346 927.07349091768265 1669.6253488957882 4894.0716406628489 2406.1555489003658 3613.5204871147871 4598.7861825749278 161.15470731258392 155.71864284574986 797.3410273194313 2255.2350162342191 2020.0272341668606 6098.5707657709718 1332.2643661350012 257.81670948117971 170.12515398859978 7593.7062946110964 8249.039220161736 414.94605267047882 1326.2326046228409 11283.91335824132 74.895829260349274 1516.0750273019075 4164.6820530891418 3237.3442162573338
leaf_count=25186 39336 11848 1577 567 4019 1736 3674 5331 24451 9955 15149 30898 573 566 2391 11228 8352 35970 7523 1161 483 31683 41912 1432 8017 39401 287 4857 12544 17812
internal_value=0 -0.0027664 -0.000116223 0.0089996 0.000718314 0.00688767 -0.0264985 -0.00106822 -0.00457461 -0.0104832 -0.000248468 0.00736762 0.00799904 0.00514746 0.00581262 0.00700838 -0.0170363 0.00647089 -0.00323692 -0.0254334 -0.00692615 0.00202291 0.00506124 -0.0075185 0.0137057 -0.00833415 0.00866771 -0.00967403 -0.0105838 0.00903818
internal_weight=0 62725.3 42497.1 21726.1 41194.1 18423.7 1303.07 32082 15031.3 6353.62 8677.72 18241.8 17782.3 11857.3 11696.1 9112.08 3947.47 11540.4 2129.61 1927.44 3783.65 17050.7 9456.95 1207.91 5925.02 20228.2 9410.81 16964.7 15448.6 9335.91
internal_count=399919 268393 199743 131526 194492 106340 5251 143928 64882 24799 40083 105773 104037 65122 64549 50564 14844 63983 9914 6492 15632 79046 47363 5451 38915 68650 54069 56802 51945 53782
is_linear=0
shrinkage=0.05


Tree=67
num_leaves=31
num_cat=0
split_feature=29 233 226 231 41 233 12 227 227 13 228 232 227 233 232 227 225 3 167 160 227 3 151 17 22 151 151 168 228 224
split_gain=1264.08 932.036 531.971 519.281 493.236 346.894 268.619 247.614 246.023 258.87 215.807 195.911 166.889 158.625 141.594 163.612 137.469 136.067 128.219 124.699 118.966 154.361 131.621 116.666 107.913 103.648 102.245 102.778 98.9657 120.985
threshold=0.042463880032300956 -0.024283254519104954 -0.024013678543269631 1.7051149606704714 0.072730883955955519 -0.015399398747831581 0.17339162528514865 0.15754102915525439 0.22668402642011645 0.078887484967708602 23.000260353088382 -0.4532077014446258 0.18789839744567874 0.020130424760282043 0.24266439676284793 0.018333122134208683 0.0062102633528411397 688496.00000000012 5.6471500396728525 6.6671123504638681 0.22668402642011645 337262.25000000006 40.939220428466804 -0.05360662750899791 1.0000000180025095e-35 14.138320446014406 30.232480049133304 0.53614997863769542 47.204265594482429 2.5000000000000004
decision_type=2 2 2 2 2 2 2 2 2 2 2 2 2 2 2 2 2 2 2 2 2 2 2 2 2 2 2 2 2 2
left_child=1 2 -1 5 7 23 13 10 9 -7 -5 -4 18 20 15 26 17 -13 -6 28 22 -22 24 -2 -3 -10 27 -12 -9 -30
right_child=3 6 11 4 12 8 -8 19 25 -11 14 16 -14 -15 -16 -17 -18 -19 -20 -21 21 -23 -24 -25 -26 -27 -28 -29 29 -31
leaf_value=-0.020109201478898237 -0.0016123064632424474 0.11118535300178825 -0.008443786110811459 0.026029545444105181 -0.0033049104161374356 -0.01366439114194771 0.025768264842014572 -0.027035988127874833 0.050266935318778433 0.025528569223720328 -0.018252358424309334 0.037000645737511717 0.035402838520818221 -0.02870860951769022 -0.021795328360602273 0.026263783880012499 -0.02873581882068911 0.012983041700967811 0.018240086305537039 0.032072432905725451 0.06763280415225302 -0.0072158248936868303 0.01459316202825809 0.035259828403371218 -0.021308086389332924 0.014436851516672185 0.0060203930907269006 0.0084313146214452413 0.00039939006064973741 0.035891042439537335
leaf_weight=1305.5217651091516 233.37167352437973 15.435101889073847 572.45096927881241 400.40055549517274 1043.1177943274379 1394.3507278524339 295.13731112331152 228.76488144695759 371.40863510221243 603.73870041966438 2279.3602614179254 1355.6190601736307 902.38160441070795 5005.3932067714632 2264.2557931989431 355.48557094112039 117.9545045979321 1043.7374804094434 2043.1520845144987 497.60794871300459 92.341126088052988 271.14848255738616 284.68086602911353 2657.129534393549 3552.8511486761272 442.08585235476494 831.13986853137612 428.74622497335076 1051.5186806917191 311.17077587172389
leaf_count=26557 2549 119 9246 3600 9828 16931 1574 2804 1463 3452 33749 4003 3257 108657 31091 1890 1989 3669 12689 2494 790 3148 5059 9884 72133 1880 9927 4427 8761 2299
internal_value=0 -0.0123923 0.00665111 0.00759457 0.00194293 0.0201199 -0.0211872 -0.00476545 0.00761547 -0.00182192 -0.00954 0.0179582 0.0164885 -0.0226899 -0.0118524 -0.00607195 0.0239621 0.0265528 0.0109582 0.010226 -0.0155451 0.0117988 -0.0181247 0.0322829 -0.020735 0.0307954 -0.00931979 -0.0140278 0.00339521 0.00850393
internal_weight=0 13912.3 4395.28 18339.2 12637.1 5702.09 9516.99 8648.45 2811.58 1998.09 6559.39 3089.76 3988.65 9221.85 6158.99 3894.73 2517.31 2399.36 3086.27 2089.06 4216.46 363.49 3852.97 2890.5 3568.29 813.494 3539.25 2708.11 1591.45 1362.69
internal_count=399919 236944 45464 162975 126816 36159 191480 101042 23726 20383 84684 18907 25774 189906 81084 49993 9661 7672 22517 16358 81249 3938 77311 12433 72252 3343 48103 38176 13864 11060
is_linear=0
shrinkage=0.05


Tree=68
num_leaves=31
num_cat=0
split_feature=233 226 7 29 29 229 225 226 5 226 20 230 5 233 233 13 228 231 225 3 229 223 159 3 225 229 17 230 34 225
split_gain=847.66 762.899 564.718 326.932 193.092 141.846 135.556 151.877 134.795 132.032 138.519 129.254 114.212 112.398 111.119 100.028 95.3217 97.8183 89.091 85.55 78.0156 73.1448 71.8193 71.4897 70.2994 77.9983 69.6863 69.3576 69.3167 62.344
threshold=0.019478814676404003 -0.0062182345427572719 1.0000000180025095e-35 0.031597938388586051 0.021456909365952018 0.73859173059463512 0.051874106749892242 0.15715487301349643 4.7975499629974374 -0.045070454478263848 -0.030710186809301373 3.5000000000000004 36.655050277709968 0.07824015244841577 0.075008008629083647 0.1263004541397095 34.72050857543946 1.7051149606704714 1.0000000180025095e-35 1030136.5625000001 0.92029094696044933 1.0000000180025095e-35 -9687.9531249999982 2391222.5000000005 0.0062102633528411397 1.1768660545349123 -0.0062613084446638814 13.500000000000002 -17.082659721374508 0.0054039249662309894
decision_type=2 2 2 2 2 2 2 2 2 2 2 2 2 2 2 2 2 2 2 2 2 2 2 2 2 2 2 2 2 2
left_child=3 18 4 19 -3 28 7 13 -9 11 27 21 -10 14 26 -4 29 -18 22 -1 -13 -7 -2 -15 25 -19 -6 -11 -5 -12
right_child=1 2 15 5 6 9 -8 8 12 10 16 20 -14 23 -16 -17 17 24 -20 -21 -22 -23 -24 -25 -26 -27 -28 -29 -30 -31
leaf_value=-0.011449715909036021 0.032128339004886618 -0.014644346626019919 0.039756757113709809 0.034495817793659588 -0.0018689864828558293 0.055652587016875914 -0.013861081899388374 0.02937190170193963 -0.0020773766292801138 -0.012079705994747114 -0.013662863655008378 -0.01976494260528433 0.017719607657556671 -0.0056548502470976335 0.021532205775597335 0.009256309177733249 -0.0059501059591937112 0.011949351531887871 0.040942727513902266 -0.024237683852749808 0.0020760899431575908 0.0099414067029973199 0.01211286246543708 0.0095189302667036159 -0.0041857674226547506 -0.013274387009685001 0.0058408219346549614 0.010986808723989055 0.0055329223149644807 0.0068960232328362514
leaf_weight=3024.0584475770593 1000.1313731074333 1682.1208519563079 1193.1613140851259 228.99603106826544 4387.4309073016047 91.297932311892509 1159.2533071637154 926.77049848437309 1508.5985868796706 7942.3073702454567 2395.579323194921 671.36643759161234 1408.9764827787876 5551.331572830677 890.1646172106266 346.98521579802036 3665.147313810885 2801.4921221211553 1151.9036148488522 2304.496815957129 1045.6740069612861 2111.6617958843708 812.08697447180748 902.42495382577181 1428.4191650226712 344.13056682050228 8828.5457554087043 339.83348207175732 2110.6452189907432 435.84252475947142
leaf_count=30996 3246 16664 4200 1113 28559 368 8200 3419 6708 55245 17773 4616 5523 32722 4163 1686 26210 16004 3637 26870 6128 10861 2739 5216 9070 2690 48893 1848 11634 2918
internal_value=0 0.00591694 0.00342985 -0.00571213 0.00176479 -0.00336784 0.00284454 0.00363809 0.0127599 -0.00454763 -0.00624258 0.00382022 0.00748313 0.00193247 0.00443304 0.0328852 -0.00258378 0.000136038 0.0300701 -0.0169803 -0.0064638 0.0118358 0.0231591 -0.00353311 0.00501282 0.00918988 0.00328133 -0.0111332 0.00836771 -0.0104982
internal_weight=0 31749.9 28785.8 30940.9 27245.6 25612.4 25563.5 24404.2 3844.35 23272.8 19352.8 3920 2917.58 20559.9 14106.1 1540.15 11070.6 8239.19 2964.12 5328.56 1717.04 2202.96 1812.22 6453.76 4574.04 3145.62 13216 8282.14 2339.64 2831.42
internal_count=399919 175575 165953 224344 160067 166478 143403 135203 15650 153731 131758 21973 12231 119553 81615 5886 74665 53974 9622 57866 10744 11229 5985 37938 27764 18694 77452 57093 12747 20691
is_linear=0
shrinkage=0.05


Tree=69
num_leaves=31
num_cat=0
split_feature=122 160 29 0 11 36 232 227 232 227 232 227 5 5 3 225 224 29 110 230 226 227 187 227 225 227 232 226 142 151
split_gain=865.071 280.112 240.238 154.063 148.408 129.157 111.579 235.483 267.77 136.423 84.5949 152.108 83.2371 166.116 79.9102 77.7933 134.325 71.1166 65.4192 64.4374 57.5011 50.9389 50.9011 54.2275 54.8424 49.5992 65.7177 83.5756 47.9992 47.0602
threshold=0.029463511891663078 6.2711186408996591 0.024469627998769287 -4.9999999999999991 0.063626192510128035 -1.0000000180025095e-35 -1.1921979784965513 -0.021915305405855175 -0.61112582683563221 -0.087686259299516664 -0.65437415242195118 -0.012295454274863003 4.7975499629974374 21.637149810791019 657586.18750000012 0.00044276846165303146 4.5000000000000009 0.037459257990121848 0.72438302636146557 4.5000000000000009 -0.041179388761520379 0.21963395923376086 -7.4065001010894767 0.13025868684053424 0.058001475408673293 -0.068882577121257768 -1.2801879048347471 -0.030112086795270439 32.384399414062507 29.128398895263675
decision_type=2 2 2 2 2 2 2 2 2 2 2 2 2 2 2 2 2 2 2 2 2 2 2 2 2 2 2 2 2 2
left_child=2 3 14 10 6 12 17 8 9 -8 29 20 -5 -14 -1 16 28 -4 -17 -18 -12 -3 -15 24 -24 26 -16 -28 -9 -2
right_child=1 21 4 5 -6 -7 7 15 -10 -11 11 -13 13 22 25 18 19 -19 -20 -21 -22 -23 23 -25 -26 -27 27 -29 -30 -31
leaf_value=0.0076628733510237107 0.011216704346134783 -0.0092778136291771368 0.016373048964596137 -0.0067188662694357588 -0.037204173981355448 -0.018813794289019276 -0.022083804605774401 0.0084118708298817537 -0.032020443842200395 0.011396386119261106 -3.0429908538800009e-05 0.0050575134168197944 0.0074184087945035979 -0.0066903649816764726 0.026661615835061395 0.010520334277930588 0.00036317005838729175 0.0051149283297332914 0.0017246544937386987 -0.020894438254304176 -0.027026848703355501 -0.020556338565500931 -0.0030123071377041797 0.0035346136571507143 -0.040794571009071502 0.02196028078806124 -0.038695609221265671 0.027811696626908973 -0.0073953643118568951 -0.0027454665454565985
leaf_weight=1897.8819478750229 3837.5506870150566 11149.550732538104 3079.6364448219538 8819.2942343354225 208.8337968736887 1268.3887079954147 424.24189087748528 2851.3715555071831 947.85330033302307 1075.8842463344336 285.17002986371517 2478.6816798895597 4678.8823376446962 6484.5352087542415 161.96760869026184 7290.5405209809542 599.48147174715996 2576.1681551784277 2977.3325329944491 879.50296757370234 639.72225695848465 1099.8743269890547 9054.8850043937564 4052.0071172267199 97.07597890496254 3569.1015535369515 137.00892759859562 72.092152036726475 577.51235899329185 716.13964877277613
leaf_count=13536 21558 36557 22344 36501 655 4515 1355 15380 3212 7011 1266 11420 22589 24792 1471 41801 3031 13501 15723 3116 2310 3160 40588 17469 402 28051 454 673 2214 3722
internal_value=0 -0.00363039 0.00701432 -0.00170683 0.00475816 -0.00315503 0.00513459 0.00317361 -0.0112167 0.00192805 0.0045639 -0.00139923 -0.00255656 -0.00105009 0.0160916 0.0054949 0.000316929 0.0112451 0.00796989 -0.012278 -0.0187031 -0.0102905 -0.00306259 -0.00128098 -0.00341307 0.0201515 0.00275334 -0.0157658 0.00574953 0.00902093
internal_weight=0 54661.8 29326.4 42412.3 23488.4 34455.1 23279.5 17623.7 2447.98 1500.13 7957.26 3403.57 33186.7 24367.4 5838.05 15175.7 4907.87 5655.8 10267.9 1478.98 924.892 12249.4 19688.5 13204 9151.96 3940.17 371.069 209.101 3428.88 4553.69
internal_count=400377 226849 173528 187132 129343 146856 128688 92843 11578 8366 40276 14996 142341 105840 44185 81265 23741 35845 57524 6147 3576 39717 83251 58459 40990 30649 2598 1127 17594 25280
is_linear=0
shrinkage=0.05


Tree=70
num_leaves=31
num_cat=0
split_feature=160 231 231 187 227 225 168 232 232 225 234 232 3 228 15 6 232 234 234 227 151 232 232 226 152 227 228 152 131 226
split_gain=1219.26 766.147 386.108 380.488 373.483 329.43 269.05 237.912 306.179 231.131 214.317 202.255 163.751 161.498 139.765 132.157 130.257 137.584 132.194 125.526 135.535 186.141 101.7 92.9971 88.0028 84.1738 82.0816 82.0177 75.9936 75.1507
threshold=4.694955825805665 1.7051149606704714 1.7051149606704714 -17.58850002288818 0.15754102915525439 0.00082499513518996548 0.75984999537467968 0.97204104065895092 -0.4532077014446258 -0.023775535635650154 -0.004272214835509657 -1.355474531650543 747087.28125000012 37.995595932006843 -0.084137838333845125 2.9338500499725346 0.037819230929017074 -0.032319288700819009 -0.0071227625012397757 -0.024494701065123078 15.612443923950197 -0.034865973517298691 -1.7606438398361204 0.17813075333833697 0.10242580249905588 -0.018703006207942959 88.40799713134767 0.076708439737558379 -0.21261399984359738 -0.048912199214100831
decision_type=2 2 2 2 2 2 2 2 2 2 2 2 2 2 2 2 2 2 2 2 2 2 2 2 2 2 2 2 2 2
left_child=1 5 9 -3 6 7 16 8 -1 24 19 -8 -10 -11 -15 -6 17 -4 25 -5 -21 -22 -7 28 -2 29 -12 -24 -13 -19
right_child=2 3 4 10 15 22 11 -9 12 13 26 23 -14 14 -16 -17 -18 18 -20 20 21 -23 27 -25 -26 -27 -28 -29 -30 -31
leaf_value=-0.017999709537470446 -0.024275050788741891 0.022390312787930102 -0.022008386458646261 -0.023553215446722967 0.0048905670606025917 0.02249788574851537 0.038939684490653666 -0.026462834913758438 0.03256513395176696 -0.017061634177410981 -0.026298494235754633 0.020081318292209171 0.0086099213265645406 -0.0062285375453097836 0.029583629274995579 0.026868351837852068 -0.019948762645674203 0.0437000179202175 -0.010480091190869005 -0.013071531514050369 0.025086418185543687 -0.022487163497952038 -0.021045057212759437 -0.017477745789892338 0.03583176055653086 0.02415660024224554 0.0035888099348999345 0.013466076415071214 -0.0010068625905394655 -0.007226132789743169
leaf_weight=533.57541859894991 352.34406029060483 559.23551231622696 724.60726014897227 1232.9463733769953 1065.5429668910801 182.49021443352103 518.86026196926832 347.75441892445087 1809.2856583558023 219.27489294856787 6552.7138141989708 827.73364851623774 1177.7643951326609 293.69604376703501 3765.1392541453242 1910.2895032949746 1717.1996879577637 83.417883157730103 1064.7071968913078 1605.430575337261 675.0215396694839 295.67633087933064 1424.4505224190652 403.87940647080541 73.619820076972246 758.89918983727694 238.07353499904275 195.82617834210396 882.87221151590347 550.57736745104194
leaf_count=10656 3715 3080 9972 25885 6906 1303 3290 5807 7684 2142 137947 3879 6169 3274 18119 10602 22466 842 12857 28553 9993 5448 27356 3836 368 6810 4748 1801 8075 6794
internal_value=0 -0.0102002 0.00933132 -0.0178053 0.00400181 0.00476417 -0.00192281 0.0129908 0.0168879 0.0212371 -0.019926 0.0109664 0.0231198 0.0247343 0.0269923 0.0189989 -0.00885054 -0.00286167 0.00278361 -0.0104331 -0.00415371 0.0105954 -0.0128885 0.00410225 -0.0138867 0.0129222 -0.0252507 -0.0168741 0.00919736 -0.000525528
internal_weight=0 16830.2 15212.7 11159.1 10508.6 5671.15 7532.75 3868.38 3520.63 4704.07 10599.9 2633.35 2987.05 4278.11 4058.84 2975.83 4899.41 3182.21 2457.6 3809.07 2576.13 970.698 1802.77 2114.49 425.964 1392.89 6790.79 1620.28 1710.61 633.995
internal_count=400377 276430 123947 215654 96329 60776 78821 30316 24509 27618 212574 19080 13853 23535 21393 17508 59741 37275 27303 69879 43994 15441 30460 15790 4083 14446 142695 29157 11954 7636
is_linear=0
shrinkage=0.05


Tree=71
num_leaves=31
num_cat=0
split_feature=233 226 7 29 227 14 227 135 38 228 160 225 225 225 29 3 228 185 151 225 227 15 14 226 191 41 154 233 20 165
split_gain=750.782 695.642 482.097 294.539 262.882 217.546 153.171 135.872 136.643 120.229 119.633 108.981 105.493 101.952 91.618 84.2407 82.8771 80.9383 76.7126 77.3339 72.5879 71.7528 67.3523 66.4667 70.602 64.1488 64.0694 62.7055 60.0836 57.8472
threshold=0.019478814676404003 -0.018397438339889046 1.0000000180025095e-35 0.031597938388586051 0.15754102915525439 0.049953380599617965 0.22302427142858508 7.5000000000000009 -0.45438255369663233 32.406835556030281 5.3575997352600107 -0.0070878711994737378 0.20679578930139544 -0.016739149577915665 0.024667174555361274 1030136.5625000001 57.011194229125984 5.8150001223111766e-06 3.7384706735610966 -0.022786488756537434 -0.059868887066841119 -0.057755563408136361 0.080172356218099608 -0.013697971124202011 1.0000000180025095e-35 0.119537390768528 -20.518452644348141 -0.0032874695025384422 -0.054744552820920937 76.645099639892592
decision_type=2 2 2 2 2 2 2 2 2 2 2 2 2 2 2 2 2 2 2 2 2 2 2 2 2 2 2 2 2 2
left_child=3 11 4 15 5 14 7 10 9 -9 17 -2 -4 -7 -3 27 22 28 19 -10 -20 -11 -6 24 26 -15 -12 -1 -5 -22
right_child=1 2 12 6 16 13 -8 8 18 21 23 -13 -14 25 -16 -17 -18 -19 20 -21 29 -23 -24 -25 -26 -27 -28 -29 -30 -31
leaf_value=-0.016849282666325471 0.018882785598656845 -0.010944692887542197 0.036206907251647616 -0.015103263813605631 -0.013819082703438618 0.019044437824298023 -0.019621646103928199 -0.014617072962345219 0.047003482851825318 0.010855177610852416 0.065417161045200969 0.039622212000986264 -0.0041055941394467299 0.007566884332059003 0.0011234692177248863 -0.023347011991366084 -0.012194076282001268 0.073478076219630914 -0.012896330065831317 0.0068011471008431459 0.0069445246027359554 0.033593734966726491 0.0098426795806632571 -0.011913558461297715 0.0018756429945102947 -0.0095549228909715348 0.0098292388184081439 -0.0021983310542346385 -0.0059819297172393864 -0.0023965069084474059
leaf_weight=1689.6631046459079 1117.1667461544275 1992.2622248455882 1309.4579087793827 3386.2499487474561 444.24339744448662 1960.6955413073301 1313.8934276998043 290.93366995453835 150.5758244395256 803.15834017843008 84.280986852943897 1462.8690552413464 185.24538218975067 10579.318615853786 7467.2747766301036 2244.0569178089499 3665.7163796424866 28.985899448394775 1265.0170789286494 581.88116406649351 2197.8419967219234 610.77438389509916 931.04843323677778 843.69832387566566 3186.735927529633 576.8829490095377 134.65083318948746 1286.2940914556384 3867.3509397953749 6740.5714129731059
leaf_count=18629 3610 19885 4664 25769 2984 6977 10238 2073 820 4524 397 4774 1210 52400 46931 26985 25850 228 9436 3807 14161 2966 4436 5622 16562 2261 628 12436 30244 38870
internal_value=0 0.00575847 0.0035532 -0.00521194 0.00205632 0.00436142 -0.00299576 -0.00209207 0.00148837 0.0146545 -0.00601677 0.0306419 0.0312108 0.00852951 -0.00141819 -0.0160324 -0.00826721 -0.00990689 -0.000564187 0.0150658 -0.00168619 0.0206775 0.00219952 0.000650136 0.00376259 0.00668152 0.0312286 -0.0105167 -0.0102401 -9.96662e-05
internal_weight=0 31692.2 29112.1 30706.6 27617.4 22576.4 25486.6 24172.7 12640.8 1704.87 11532 2580.04 1494.7 13116.9 9459.54 5220.01 5041.01 7282.59 10935.9 732.457 10203.4 1413.93 1375.29 4249.37 3405.67 11156.2 218.932 2975.96 7253.6 8938.41
internal_count=400377 175982 167598 224395 161724 128454 166345 156107 76657 9563 79450 8384 5874 61638 66816 58050 33270 56241 67094 4627 62467 7490 7420 23209 17587 54661 1025 31065 56013 53031
is_linear=0
shrinkage=0.05


Tree=72
num_leaves=31
num_cat=0
split_feature=160 7 41 234 226 29 233 6 226 233 110 22 13 5 12 5 40 160 226 160 3 225 224 6 184 34 160 233 234 161
split_gain=761.835 361.188 241.544 211.47 239.758 178.17 163.224 134.067 103.011 389.573 115.379 92.4747 88.7833 86.4499 80.5228 77.4977 71.3273 68.4079 67.4468 66.0564 58.2559 57.9373 57.411 56.0787 54.1151 53.4759 53.4265 49.0815 53.6956 46.6317
threshold=3.6600785255432133 1.0000000180025095e-35 0.055134106427431114 -0.011504785157740114 -0.055162630975246423 0.020591109059751037 -0.036969205364584916 2.9338500499725346 -0.030112086795270439 0.019478814676404003 0.73508319258689891 1.0000000180025095e-35 0.11776681244373323 4.7975499629974374 0.29209096729755407 21.454250335693363 1.0000000180025095e-35 7.8864800930023202 0.17813075333833697 3.101858496665955 557601.53125000012 1.0000000180025095e-35 2.5000000000000004 1.344749987125397 6.500000154119335e-06 -3.9459694623947139 6.5449917316436776 0.18241074681282046 -0.042189449071884148 33.088640213012702
decision_type=2 2 2 2 2 2 2 2 2 2 2 2 2 2 2 2 2 2 2 2 2 2 2 2 2 2 2 2 2 2
left_child=1 3 7 16 -5 11 20 13 9 -8 23 -6 -3 18 17 -15 -1 27 -2 -18 -7 24 -12 -10 -11 -21 -9 28 -4 -29
right_child=2 12 14 4 5 6 8 26 10 21 22 -13 -14 15 -16 -17 19 -19 -20 25 -22 -23 -24 -25 -26 -27 -28 29 -30 -31
leaf_value=-0.094143478760971733 -0.0019617383654907052 -0.035032307900691881 0.0073615411093890734 -0.035093643140015798 -0.035151522209946433 -0.02324756188926454 0.01370512392146141 -0.0031050982847058953 0.017764222783820737 -0.032585389494917134 0.008271265619839617 0.019918701799664124 0.0049395093089854101 0.010510533905218496 -0.028359261125857377 0.0018145922048828826 0.022771046454974787 -0.014575851790677861 -0.02385996545822747 0.017303458246532271 -0.0025464271756012475 -0.039724670675768604 -0.0020763702785431813 0.008596337908222609 0.0027727517169973547 0.0021209638047269288 -0.010994249108937768 0.019461210329499965 -0.0074777043924665488 -0.003133212050161629
leaf_weight=14.412956908345221 5332.7855863571167 630.27255833148956 636.59184163808823 356.25542759895325 78.52324777841568 629.63750928640366 1292.1759361103177 13617.785221368074 2128.508665971458 216.93274730443954 2106.1393391266465 2610.8947960212827 178.1960427314043 3362.937729164958 469.15722817182541 10758.893127128482 2607.6106466203928 2816.5646645724773 376.44972655177116 1469.1213044449687 738.42780742794275 518.63208968937397 3687.1556662470102 7709.9104018583894 215.92161028087139 958.29335929453373 2547.493580982089 344.21156220138073 14385.212258577347 678.48635838925838
leaf_count=65 23720 2689 2621 1373 327 1886 9742 58649 14237 667 11319 20557 837 16389 1320 48563 22134 8451 1277 10498 2270 1975 20000 48230 682 6112 8690 1656 50951 2333
internal_value=0 0.00671438 -0.00338959 0.00768839 0.00559533 0.00625624 0.00457152 -0.000968617 0.00584545 -0.00417318 0.00728345 0.0183108 -0.026222 0.00178637 -0.00789789 0.00388542 0.0169275 -0.00738892 -0.00340564 0.0172455 -0.0120739 -0.028453 0.00168549 0.0105798 -0.0149476 0.0113097 -0.00434835 -0.00612728 -0.00684885 0.00447144
internal_weight=0 28147 55326.6 27338.6 22289.1 21932.9 19243.4 35996.3 17875.4 2243.66 15631.7 2689.42 808.469 19831.1 19330.2 14121.8 5049.44 18861.1 5709.24 5035.03 1368.07 951.486 5793.3 9838.42 432.854 2427.41 16165.3 16044.5 15021.8 1022.7
internal_count=400220 175600 224620 172074 133265 131892 111008 157288 106852 13066 93786 20884 3526 89949 67332 64952 38809 66012 24997 38744 4156 3324 31319 62467 1349 16610 67339 57561 53572 3989
is_linear=0
shrinkage=0.05


Tree=73
num_leaves=31
num_cat=0
split_feature=29 231 152 231 234 225 225 228 227 187 234 15 234 234 6 42 160 234 227 234 232 232 229 234 36 227 20 227 232 227
split_gain=1089.84 650.76 417.792 456.578 304.475 263.045 262.832 244.125 239.084 208.796 203.994 161.304 146.291 139.94 138.938 116.619 121.164 104.697 104.007 101.723 100.638 108.822 100.212 106.301 100.178 90.0845 85.4793 83.6797 175.729 79.0799
threshold=0.042463880032300956 1.0605680942535403 0.084929723292589201 4.1100807189941415 0.026178186759352687 0.00082499513518996548 -0.023775535635650154 59.779829025268562 -0.029393327422440049 -19.639499664306637 0.0023294708225876097 0.30753251910209661 0.0056552800815552482 -0.0098380171693861467 1.765049993991852 3.6615191698074345 6.2711186408996591 -0.0082602701149880869 0.15754102915525439 -0.0011131095234304664 -0.15911298245191571 0.92062523961067211 0.82306972146034252 -0.033350853249430649 -99.978176116943345 0.18924812972545627 0.060364671051502235 -0.024494701065123078 -0.034865973517298691 0.23063293099403384
decision_type=2 2 2 2 2 2 2 2 2 2 2 2 2 2 2 2 2 2 2 2 2 2 2 2 2 2 2 2 2 2
left_child=1 5 3 4 6 12 -2 8 -8 -3 14 24 17 22 -11 16 29 -1 -9 25 -21 -22 -10 -24 -5 -15 -25 -16 -29 -4
right_child=2 9 15 11 -6 -7 7 18 13 10 -12 -13 -14 19 27 -17 -18 -19 -20 20 21 -23 23 26 -26 -27 -28 28 -30 -31
leaf_value=-0.019031456716439077 -0.020697708965239134 0.025064781666967035 0.005200996991690421 0.04321779952463288 -0.018370133505564979 -0.019898902482578234 -0.0055596585089055005 -0.016722272200519053 -0.01723075148952441 -0.020699973091925058 -0.025678164194998528 0.0072216587047831491 -0.015570093325186407 0.036860924678123061 -0.019120238991903935 0.040691739988273828 0.026127927027201393 0.024063169413303259 0.024401222235407197 -0.0065077894110876361 0.034647270506816048 0.002659835280238056 -0.0079478788625019677 0.016271483834268765 -0.019815567306114029 0.01590681562670615 0.054978236200797018 0.013304060247496974 -0.017945228151910683 0.027746581695915731
leaf_weight=152.02139348909259 611.21986047551036 276.72459532693028 2073.3506884388626 64.499574910849333 986.95784208923578 642.72331630438566 1038.1351378187537 853.49738612398505 304.12646596506238 2186.5503648892045 5328.325669977814 785.33576596900821 316.30858497321606 1965.8923700004816 646.4773598946631 563.08130216225982 1891.7723772935569 1933.1824252828956 187.53622927889228 395.34463222697377 716.16904992237687 422.89216080307961 404.3122182674706 995.28246648609638 2773.281871445477 693.99302815645933 166.49628426134586 1208.4798092506826 716.69629979878664 478.74916469305754
leaf_count=2774 7644 1394 14830 669 11731 12368 14055 11338 4204 45249 118407 4829 5818 7263 13938 2290 8577 6083 1490 3480 3414 3387 5411 8769 42333 3893 1370 17377 13962 1873
internal_value=0 -0.0118128 0.00693597 0.00232093 0.00795684 0.00851145 0.0109247 0.0132981 0.0166124 -0.0177832 -0.0189587 -0.0128329 0.016115 0.0204079 -0.0114341 0.0192548 0.0165386 0.0209214 -0.00931411 0.0254797 0.0152276 0.0227715 0.00903352 0.0141339 -0.0183829 0.0313938 0.0218186 -0.00355584 0.00167071 0.00943033
internal_weight=0 13407.5 18371.9 13365 9741.86 3044.24 8754.9 8143.68 7102.64 10363.3 10086.5 3623.12 2401.51 6064.51 4758.2 5006.95 4443.87 2085.2 1041.03 4194.29 1534.41 1139.06 1870.22 1566.09 2837.78 2659.89 1161.78 2571.65 1925.18 2552.1
internal_count=400220 237370 162850 135280 87449 27043 75718 68074 55246 210327 208933 47831 14675 41191 90526 27570 25280 8857 12828 21437 10281 6801 19754 15550 43002 11156 10139 45277 31339 16703
is_linear=0
shrinkage=0.05


Tree=74
num_leaves=31
num_cat=0
split_feature=233 228 7 29 142 108 229 225 231 5 231 228 225 228 225 234 108 12 233 5 233 233 234 184 234 184 233 233 107 3
split_gain=712.144 487.863 447.966 295.641 168.588 159.789 137.797 127.935 126.35 135.31 125.926 120.647 145.612 131.433 119.3 103.09 110.585 100.968 95.8821 86.3293 85.274 79.7822 97.5336 106.605 77.7449 84.3335 71.9441 98.0573 67.1394 66.7829
threshold=0.019478814676404003 36.941593170166023 1.0000000180025095e-35 0.031597938388586051 9.4152503013610858 0.022149069234728817 0.73127868771553051 0.051874106749892242 15.71548652648926 4.7975499629974374 1.7051149606704714 34.72050857543946 0.0090238009579479712 50.77893257141114 -0.033661128953099244 -0.019410764798521992 0.076088912785053267 0.12930614501237872 -0.011659638956189154 36.323150634765632 -0.0032874695025384422 0.07824015244841577 0.0028201703680679206 3.5000000480067688e-06 0.0079615630675107258 6.500000154119335e-06 -0.0095211863517761213 -0.02312259096652269 0.051146615296602256 1994474.9375000002
decision_type=2 2 2 2 2 2 2 2 2 2 2 2 2 2 2 2 2 2 2 2 2 2 2 2 2 2 2 2 2 2
left_child=3 5 4 20 -3 24 -5 8 21 28 14 15 13 26 -8 16 -12 -4 -16 -11 -1 22 -6 -24 25 -2 27 -13 -10 -23
right_child=1 2 17 6 7 -7 10 -9 9 19 11 12 -14 -15 18 -17 -18 -19 -20 -21 -22 29 23 -25 -26 -27 -28 -29 -30 -31
leaf_value=-0.021302095760707046 0.032299254793827635 -0.013065938235130893 0.036795669835623872 0.010082095532243186 -0.0054288415691561504 0.0039773554063308614 0.013284604709534742 -0.013115019098479917 0.051949944684953869 -0.0015779994742852591 -0.004364256297388229 0.0035048886505669279 -0.0077219279579741375 0.016707866771692895 -0.018389559572552276 -0.013627823959715575 0.018848091684357703 0.0037725443655705865 -0.005924567339357977 0.016128737428924147 -0.0081315649071146169 -0.0047246132807702533 0.0015912663101308074 0.011026894034663594 0.035691905392052067 -0.0009338891981547292 0.0092594417179027843 -0.0171816808736091 0.02108303432913574 0.0088922556975350609
leaf_weight=3030.8273648023605 404.96032553166151 1708.5267342403531 1192.9176689684391 1927.9008910432458 2108.1102904751897 772.52089741080999 526.16537398099899 1151.1471160575747 241.54092720150948 1414.9704234674573 4499.5479926541448 1572.6466148719192 2486.5712288543582 2120.6561734750867 2794.2218506783247 2828.6052987575531 579.13463192433119 287.19062820076942 3444.533220924437 1340.5152458250523 2067.2696501389146 5100.2582620605826 6083.6782735064626 5893.2403460815549 1774.6104349717498 361.13205739855766 1730.8917585834861 901.08057294785976 650.93168805539608 1093.4812110736966
leaf_count=36141 1399 16994 4452 10559 13338 3383 2971 8335 884 6188 29595 10013 15932 10558 23337 20740 2917 1481 23091 5086 21871 29732 35891 32668 6100 1209 9803 6966 2284 6302
internal_value=0 0.00573843 0.00361076 -0.00497278 0.00213115 0.0238905 -0.00276825 0.00316651 0.00394984 0.0125165 -0.00382318 -0.00149421 0.00252926 0.00655918 -0.00957912 -0.00597795 -0.0017173 0.0303881 -0.0115074 0.00703614 -0.0159615 0.00240878 0.00448847 0.00623406 0.0299452 0.0166333 0.00144055 -0.00403041 0.0294369 -0.00232061
internal_weight=0 31579.7 28266.5 30510.1 26786.4 3313.22 25412 25077.9 23926.7 3647.96 23484.1 16719.1 8811.85 6325.28 6764.92 7907.29 5078.68 1480.11 6238.76 2755.49 5098.1 20278.8 14085 11976.9 2540.7 766.092 4204.62 2473.73 892.473 6193.74
internal_count=400220 175726 163635 224494 157702 12091 166482 140708 132373 14442 155923 106524 53272 37340 49399 53252 32512 5933 46428 11274 58012 117931 81897 68559 8708 2608 26782 16979 3168 36034
is_linear=0
shrinkage=0.05


Tree=75
num_leaves=31
num_cat=0
split_feature=122 160 7 29 117 6 12 11 5 5 232 227 232 227 227 233 14 110 233 226 233 191 118 227 233 232 226 233 6 145
split_gain=721.592 276.185 273.465 182.756 169.761 154.975 132.137 131.767 120.132 141.358 72.4929 102.758 200.992 94.188 54.5787 203.978 54.0179 52.0589 82.4567 53.8778 49.6738 47.5264 46.2592 44.8242 201.907 42.772 80.4042 45.6544 41.7847 40.2802
threshold=0.025070229545235637 6.2711186408996591 1.0000000180025095e-35 0.024469627998769287 1.0000000180025095e-35 3.0433000326156621 0.12001532316207887 0.060346012935042388 1.0000000180025095e-35 20.739450454711918 -1.2801879048347471 -0.016464245505630967 -0.61112582683563221 -0.087686259299516664 -0.068882577121257768 0.019478814676404003 0.0032799594337120657 0.47827686369419103 -0.033969070762395852 -0.017064406536519524 0.019478814676404003 0.59725454449653637 1.5000000000000002 -0.068882577121257768 0.019478814676404003 -0.70062109827995289 0.0017863642424345019 -0.032456668093800538 2.0012500286102299 35281.917968750007
decision_type=2 2 2 2 2 2 2 2 2 2 2 2 2 2 2 2 2 2 2 2 2 2 2 2 2 2 2 2 2 2
left_child=3 2 4 14 5 8 -4 10 25 23 28 12 13 29 15 -1 -16 -11 19 -19 -14 -7 -6 24 -10 27 -27 -2 -5 -12
right_child=1 -3 6 7 22 21 -8 -9 9 17 11 -13 20 -15 16 -17 -18 18 -20 -21 -22 -23 -24 -25 -26 26 -28 -29 -30 -31
leaf_value=0.026787356438466983 0.01189510292893666 -0.0092604722799159035 -0.034096551558291839 0.018298240264504648 -0.011275668772076065 -0.0025281153962155357 0.0012742738992135563 -0.036222524187205944 0.016834557323407127 0.0051188989551588619 0.0037368999449023154 0.0066614138423407221 -0.015257541979657755 0.012379723666896316 0.023503244592547809 -0.035488896586332849 0.012514750997155511 -0.0031977937382764348 0.0011365547657002058 -0.024540980252285675 -0.040034328214408152 -0.010299285818362754 -0.030501991173623497 0.012633991897232645 -0.030343214071037447 -0.015703003307244286 -0.0015073362711232386 -0.0024707658994677232 0.0065089906778558046 -0.027209543226123702
leaf_weight=323.73290586471558 790.05011631548405 12656.333332389593 907.53528726100922 1639.659647770226 1100.1087045967579 15841.326161839068 372.38512562215328 187.34070491790771 682.42647864669561 6641.4318545907736 178.14021138846874 9575.82477247715 620.32909456640482 1290.0892086401582 2338.8514774292707 221.4146166741848 2143.3190695121884 646.2413998991251 7998.5700307637453 545.09257529675961 300.18156591057777 2246.4461710900068 437.18723419308662 5070.6875983327627 339.66515435278416 1486.5933722704649 3031.7636655643582 1843.5317173600197 1387.6952385231853 256.6301241517067
leaf_count=3105 4159 41080 3929 12100 3757 69217 1565 576 4727 35380 608 53974 2363 8705 20022 759 16333 2757 35658 1734 1213 8522 1273 27707 1226 5789 13296 9122 9022 861
internal_value=0 -0.00266263 -0.000991908 0.00815207 -0.000392338 0.000140622 -0.0238056 0.00545544 0.00240121 0.00423683 0.00596749 0.00425164 -0.00447136 0.00559689 0.0164318 0.00149352 0.0182487 0.00174616 -0.000691285 -0.0129633 -0.0233373 -0.00349327 -0.0167434 0.0107086 0.00115627 -0.00322585 -0.00617788 0.00183886 0.0128942 -0.0145297
internal_weight=0 62637.4 49981 20463.2 48701.1 47163.8 1279.92 15435.9 29076.1 21924.1 15248.5 12221.2 2645.37 1724.86 5027.32 545.148 4482.17 15831.3 9189.9 1191.33 920.511 18087.8 1537.3 6092.78 1022.09 7151.94 4518.36 2633.58 3027.35 434.77
internal_count=400539 270898 229818 129641 224324 219294 5494 89422 141555 109189 88846 67724 13750 10174 40219 3864 36355 75529 40149 4491 3576 77739 5030 33660 5953 32366 19085 13281 21122 1469
is_linear=0
shrinkage=0.05


Tree=76
num_leaves=31
num_cat=0
split_feature=233 14 226 131 229 228 29 29 233 227 233 228 228 15 227 232 228 228 234 225 228 226 227 15 13 29 19 27 230 175
split_gain=1081.49 1218.39 893.242 428.649 318.284 210.753 184.421 170.93 171.162 147.74 147.385 128.032 124.085 120.3 117.414 111.754 113.747 111.518 110.44 92.7735 92.4585 91.5184 90.1406 85.8438 81.3664 73.7364 71.6359 71.0051 70.63 69.8463
threshold=-0.00032215450482908631 0.22612613439559939 -0.016695752739906308 -0.1042552813887596 0.98815491795539867 22.164649009704593 0.043434420600533492 0.035768933594226844 -0.023511325009167191 0.23063293099403384 -0.041231783106923096 51.96806716918946 50.77893257141114 0.70444613695144664 -0.024494701065123078 -1.6804370880126951 87.068138122558608 53.177101135253913 -0.031190510839223858 -0.012367889750748871 88.40799713134767 -0.036604972556233399 0.24095323681831363 0.34451046586036688 0.18464154750108722 0.034804513677954681 -0.81842637062072743 0.74881923198699962 1.5000000000000002 -0.035868300125002854
decision_type=2 2 2 2 2 2 2 2 2 2 2 2 2 2 2 2 2 2 2 2 2 2 2 2 2 2 2 2 2 2
left_child=2 6 3 12 7 18 20 8 -4 13 -7 19 -1 21 -12 -8 23 26 -5 -6 -2 -3 29 -17 -13 -21 -16 -24 -11 -9
right_child=1 9 4 5 11 10 15 22 -10 28 14 24 -14 -15 17 16 -18 -19 -20 25 -22 -23 27 -25 -26 -27 -28 -29 -30 -31
leaf_value=0.02844513762850916 -0.026380739248044884 0.12201035255449111 0.01983105733195259 -0.025665715901254039 -0.024919761549540134 -0.023820553117880547 0.021772744492114027 0.03753293027219174 -0.015841869222133258 -0.0024585971478502671 -0.016433404460293063 -0.017665308055060929 -0.0064455194350766121 0.022343185876561016 0.039496108414310789 -0.017386175910749185 0.041049677357068992 -0.030410937715492931 0.022498153200601275 -0.0068185250944493075 0.0048232991266658025 0.00085045559219278663 -0.0025222432804190196 0.0076730488582575224 0.03890522816049314 0.025608725216737179 0.0031403216116679318 0.035810729317477197 0.037193379036642528 0.024801969971933756
leaf_weight=1102.0888146162033 6140.324389481917 15.680008884519337 1362.9068019539118 144.78629087284207 144.43340483307838 2090.5804400891066 234.78888243809342 2257.3297821432352 446.38768396154046 134.36837334558368 1717.5527624450624 793.70101165398955 331.4653692394495 951.63893197476864 149.70261431485415 3577.1777231618762 92.66491437330842 233.81431170552969 668.83865236490965 228.94124401733279 246.93854737654328 2595.8301749415696 370.84665961191058 377.85303770005703 69.0965416431427 748.32849853113294 1427.7043150775135 179.17054314911366 683.95318816974759 2061.037118293345
leaf_count=5994 146061 95 5155 2323 2388 38461 2958 8561 8058 551 33048 10626 2229 3319 1849 52724 992 4132 4750 2067 4811 17866 2027 2919 266 4026 20763 653 2278 8589
internal_value=0 -0.0106757 0.00785031 -0.0043468 0.0189271 -0.00985652 -0.0197918 0.024152 0.0110299 0.0115239 -0.0133002 0.00134578 0.0203777 0.00712387 -0.00706751 -0.0117638 -0.0137091 0.00181403 0.0139273 0.0124841 -0.0251744 0.00157792 0.0290287 -0.0149921 -0.0131349 0.0180121 0.00659064 0.00996489 0.0306825 0.0314568
internal_weight=0 15051.2 16528.7 7866.53 8662.18 6432.98 10669.7 6677.68 1809.29 4381.47 5619.35 1984.5 1433.55 3563.15 3528.77 4282.48 4047.7 1811.22 813.625 1121.7 6387.26 2611.51 4868.38 3955.03 862.798 977.27 1577.41 550.017 818.322 4318.37
internal_count=400539 234574 165965 113549 52416 105326 210465 33043 13213 24109 98253 19373 8223 21280 59792 59593 56635 26744 7073 8481 150872 17961 19830 55643 10892 6093 22612 2680 2829 17150
is_linear=0
shrinkage=0.05


Tree=77
num_leaves=31
num_cat=0
split_feature=233 226 7 227 160 234 14 226 160 225 225 12 3 199 135 234 158 128 232 191 23 232 3 230 234 232 226 194 191 185
split_gain=674.38 444.185 429.155 275.216 266.769 265.66 247.838 230.403 131.563 116.476 94.9107 92.1602 91.7682 89.4159 85.2676 81.2848 72.8119 71.932 66.8838 65.4119 89.5086 63.1024 80.2692 62.4856 62.0751 70.7817 66.2514 63.6356 59.584 58.9294
threshold=0.0058588914107531318 -0.02959382068365812 1.0000000180025095e-35 0.19604091346263888 3.6600785255432133 0.0079615630675107258 0.0199396125972271 -0.014460486359894274 2.4469628334045415 0.051874106749892242 -0.015287211164832113 0.11259236186742784 665402.78125000012 -0.11089235544204711 6.5000000000000009 0.026340582408010963 -3610018.3749999995 -0.027308714576065537 -1.5185908079147337 1.0000000180025095e-35 45.198232650756843 -0.27259141206741327 704052.40625000012 1.5000000000000002 -0.046986028552055352 -1.0408806204795835 -0.026198688894510266 0.44913181662559515 1.0000000180025095e-35 3.225000000384171e-06
decision_type=2 2 2 2 2 2 2 2 2 2 2 2 2 2 2 2 2 2 2 2 2 2 2 2 2 2 2 2 2 2
left_child=4 5 3 6 12 -2 8 13 -3 10 17 -4 18 14 -6 -10 -12 -8 -1 20 -15 24 -23 -5 -21 26 27 -26 -17 -18
right_child=1 2 11 23 7 -7 9 -9 15 -11 16 -13 -14 19 -16 28 29 -19 -20 21 -22 22 -24 -25 25 -27 -28 -29 -30 -31
leaf_value=-0.021997029226422285 0.0053448963977777821 -0.016020086594049108 0.036947704124994346 -0.0050564431099487141 -0.00093778553496827195 0.035593316756266279 0.025279260800550096 -0.012581808213250101 -0.0044351725907398375 -0.015066550786991928 0.013201202609022503 0.0077951564801375956 -0.020075171403300188 0.040529338798447348 0.02151081175090051 0.036985793980300899 0.0037408445873470253 0.0097516164552573382 -0.0046142873244880353 0.019766280328760776 0.00092061471984273939 0.0077639701985364939 -0.0069563810661093881 -0.023483384153819835 -0.0089140733711826053 -0.019048300993093528 0.0060138654875684797 0.0066915193457516139 0.0044831130792675157 0.10013911874132381
leaf_weight=705.79763302206993 1227.3099587187171 1725.0511463880539 1095.132754445076 753.43390616029501 782.57579985260963 1776.6449437439442 1035.4838061109185 4472.3144240677357 5168.3810684010386 624.39753093570471 2443.7213986739516 360.29047019779682 3431.2773371115327 218.41681683808565 920.63590107113123 149.31689914315939 14029.231913216412 2666.5090621635318 2562.555133536458 250.74714504182339 411.0919511988759 2852.2662952169776 1371.344690784812 1181.5067720189691 4102.9410483241081 854.01426851004362 1370.0260465592146 776.95342832803726 2532.7401302829385 15.871749341487883
leaf_count=7671 6033 19115 4206 4918 4826 6065 3584 33752 36556 4506 13646 1764 39686 1185 4653 727 74802 12065 24732 1293 1932 14537 7265 8501 27364 5937 8908 4289 15963 58
internal_value=0 0.00480993 0.00317151 0.0019757 -0.00582245 0.0232349 0.00313981 -0.00270957 -0.00351741 0.0062023 0.00686003 0.029731 -0.014364 0.000464298 0.0111963 -0.000770084 0.0052357 0.0140949 -0.00836807 -0.00103302 0.0146634 -0.00188643 0.00298449 -0.0163082 -0.00468368 -0.00554668 -0.00370177 -0.00642943 0.00629262 0.00384978
internal_weight=0 36785 33781.1 32325.6 25083 3003.95 30390.7 18383.3 9575.49 20815.2 20190.8 1455.42 6699.63 13911 1703.21 7850.44 16488.8 3701.99 3268.35 12207.8 629.509 11578.3 4223.61 1934.94 7354.68 7103.93 6249.92 4879.89 2682.06 14045.1
internal_count=400539 212509 200411 194441 188030 12098 181022 115941 72361 108661 104155 5970 72089 82189 9479 53246 88506 15649 32403 72710 3117 69593 21802 13419 47791 46498 40561 31653 16690 74860
is_linear=0
shrinkage=0.05


Tree=78
num_leaves=31
num_cat=0
split_feature=41 6 29 7 11 225 41 5 5 6 232 228 234 7 5 29 5 6 29 7 233 226 154 130 233 136 160 223 23 111
split_gain=603.59 196.28 193.663 172.289 120.811 120.73 105.945 101.859 94.761 94.4349 82.5457 160.528 61.1274 60.3645 59.4393 59.1814 54.3052 53.1225 49.9415 48.4263 44.6856 169.264 48.2411 41.4966 53.6342 38.8705 38.4031 37.7699 36.0337 35.7429
threshold=0.028580216690897945 2.522150039672852 0.023417750373482708 1.0000000180025095e-35 0.054949380457401283 0.20679578930139544 0.054622668772935874 1.0000000180025095e-35 17.932149887084964 2.3783500194549565 -1.2801879048347471 28.266542434692386 0.0079615630675107258 1.0000000180025095e-35 1.0000000180025095e-35 0.018889586441218856 17.75934982299805 1.344749987125397 0.06072713993489743 1.0000000180025095e-35 0.019478814676404003 -0.0062182345427572719 -9.1647744178771955 -0.23854545503854749 0.15881321579217914 8.5000000000000018 8.0577960014343279 1.0000000180025095e-35 45.680101394653327 -0.23767949640750882
decision_type=2 2 2 2 2 2 2 2 2 2 2 2 2 2 2 2 2 2 2 2 2 2 2 2 2 2 2 2 2 2
left_child=2 3 20 7 9 -5 18 28 27 10 -4 12 -12 14 -13 -8 -16 -10 19 -3 -1 -22 -23 -17 26 29 -25 -9 -2 -19
right_child=1 6 4 5 -6 -7 15 8 17 -11 11 13 -14 -15 16 23 -18 25 -20 -21 21 22 -24 24 -26 -27 -28 -29 -30 -31
leaf_value=0.02184307415408869 0.002130047586896409 -0.0010749569455335737 0.015207987263274519 -0.032740817997685294 -0.033266939162018436 0.017368959194836338 -0.056699801823661466 -0.015149600221324817 0.00808529208991513 0.0011667617963924419 -0.0063415600654124276 -0.00046135438821388744 -0.037761798531267765 -0.035425247949011168 0.016875086825156586 -0.025056146857427145 0.0070012405543730411 -0.0073311545274749243 -0.0078853048595406011 -0.029062770321678751 -0.034796417000956266 0.027722761581852298 0.011247975535954819 -0.0077320124632616173 0.0018198241909756923 0.0048907353828273534 -0.015324607846842182 0.011891531533806256 -0.0060949960568362025 0.00023603281880463665
leaf_weight=1836.7157191187143 1832.0563633069396 13659.020966298878 2848.4558224231005 608.70998455584049 210.18003632128239 149.77891819179058 63.702001884579659 134.37684178352356 2518.2881991639733 9807.1235402897 403.75921633094549 1777.1525743454695 251.03998038172722 81.961862280964851 1943.3035115227103 363.98810702562332 4913.4650617837906 2135.6441957056522 3768.5674029588699 156.32394535839558 182.30654484033585 581.33725196868181 1885.5658072158694 10278.541823118925 1273.1092401146889 2986.6274808868766 1987.4544434845448 3308.8892969712615 4874.6111808121204 5794.3692315146327
leaf_count=15940 8841 61742 20767 2706 665 699 244 632 12626 53457 1446 9662 1042 363 12521 1037 28465 9600 12843 703 633 5224 15193 36271 4290 14963 5871 18180 19488 24315
internal_value=0 -0.00276298 0.00637297 0.0006102 0.00446114 -0.0228456 -0.0053656 0.00136454 0.00343584 0.00482116 0.00775418 0.00548841 -0.0183876 0.00728215 0.00768757 -0.00861658 0.00979963 0.00153918 -0.00278336 -0.00139165 0.0158498 0.0116946 0.0151303 -0.00839627 -0.00794838 2.9105e-05 -0.00896224 0.0108362 -0.00384817 -0.0018019
internal_weight=0 55894.1 26722.4 24343.4 22236.4 758.489 31550.7 23584.9 16878.2 22026.3 12219.1 9370.68 654.799 8715.88 8633.92 13966.8 6856.77 13434.9 17583.9 13815.3 4485.93 2649.21 2466.9 13903.1 13539.1 10916.6 12266 3443.27 6706.67 7930.01
internal_count=400429 235051 165378 112050 128388 3405 123001 108645 80316 127723 74266 53499 2488 51011 50648 47713 40986 61504 75288 62445 36990 21050 20417 47469 46432 48878 42142 18812 28329 33915
is_linear=0
shrinkage=0.05


Tree=79
num_leaves=31
num_cat=0
split_feature=233 14 226 34 108 6 228 232 234 228 13 232 152 226 234 233 15 233 233 29 233 3 6 224 122 233 234 232 29 29
split_gain=1002.61 1138.83 814.036 354.823 244.961 228.708 199.307 180.178 165.207 131.401 128.555 112.337 103.806 102.825 99.9146 98.3645 93.2853 88.8644 102.237 86.2974 87.9252 80.3619 79.4984 97.0429 78.058 73.0402 71.8956 71.4 69.6002 68.8286
threshold=-0.00032215450482908631 0.22612613439559939 -0.016695752739906308 7.2465524673461923 -1.0000000180025095e-35 2.7898499965667729 23.000260353088382 1.0157563090324404 -0.031190510839223858 88.40799713134767 0.28169113397598272 -1.6804370880126951 0.072453401982784285 0.11911282315850259 -0.033350853249430649 -0.052350873127579682 0.18689532577991488 0.064911253750324263 0.020514339208602909 0.034804513677954681 -0.025755463168025013 1045221.9375000001 2.6406500339508061 1.0000000180025095e-35 0.044849434867501266 0.09029006585478784 -0.008467934560030697 -1.8199365735054014 0.020591109059751037 0.026655068621039394
decision_type=2 2 2 2 2 2 2 2 2 2 2 2 2 2 2 2 2 2 2 2 2 2 2 2 2 2 2 2 2 2
left_child=2 5 3 6 14 27 8 19 -1 11 13 -7 -9 17 -4 -8 -13 18 -3 20 -6 -5 -19 -24 -17 -18 -21 -2 -26 -16
right_child=1 10 4 21 7 9 15 12 -10 -11 -12 16 -14 -15 29 24 25 22 -20 26 -22 -23 23 -25 28 -27 -28 -29 -30 -31
leaf_value=-0.027835177446823518 0.015439842585881361 0.017272167118199313 -0.020163618490036655 0.023259470819160816 0.019976825399425677 0.025188876090545834 -0.023961090532822322 -0.01155286693481628 0.023067131402008792 0.032577282691372465 0.025276977221048266 -0.019261474845353028 0.024978123481250877 -0.014736998885190717 -0.011951730385568493 -0.01384392482899759 -0.010359493682107758 -0.0049364058551649914 -0.0086766238496379759 0.013579038833337428 -0.013691426659301549 -0.0040526015892757622 0.0037640766311004812 0.038050712906556476 0.16114943623439448 0.016596168175587785 0.03080875702720224 -0.027067962659704348 0.00069265431741530141 0.014379101776136275
leaf_weight=204.59373901411891 100.58504266291857 638.03829518333077 414.89192043617368 1202.5773528553545 1017.5852907560766 184.82401457987726 1539.8231181502342 572.29012919589877 721.65107048675418 163.66347163543105 1141.2953090965748 3145.1072049550712 294.55304823815823 514.28197715058923 328.92679062113166 2593.2250687796623 970.58771175146103 252.28421933948994 937.09059514477849 710.06733612343669 239.56851452589035 347.05317426100373 308.46892949938774 623.53229793906212 6.7969494350254527 339.10774979740381 4109.8694159537554 5527.2331007961184 1187.0942404270172 1011.0980525501072
leaf_count=3380 1647 3263 7372 7429 3616 2840 28183 4631 5699 2516 3909 63408 1335 4709 3949 51365 10624 1519 5766 4136 4190 2581 1952 3002 55 4048 14929 125182 14795 8399
internal_value=0 -0.0104591 0.00744987 -0.00427568 0.0179676 -0.0194684 -0.00958346 0.0221857 0.0118236 -0.0114545 0.0108269 -0.0130077 0.000860353 0.00578921 0.00127739 -0.0133057 -0.0145924 0.00961476 0.00183447 0.0252275 0.0135609 0.0171427 0.0199627 0.0267027 -0.00897328 -0.0033801 0.0282705 -0.0263082 0.00160615 0.00791585
internal_weight=0 14846.1 16501.7 7802.81 8698.85 10431.1 6253.18 6943.93 926.245 4803.29 4414.99 4639.63 866.843 3273.7 1754.92 5326.94 4454.8 2759.41 1575.13 6077.09 1257.15 1549.63 1184.29 932.001 3787.12 1309.7 4819.94 5627.82 1193.89 1340.02
internal_count=400429 234385 166044 113487 52557 210265 103477 32837 9079 83436 24120 80920 5966 20211 19720 94398 78080 15502 9029 26871 7806 10010 6473 4954 66215 14672 19065 126829 14850 12348
is_linear=0
shrinkage=0.05


Tree=80
num_leaves=31
num_cat=0
split_feature=233 226 7 227 3 227 227 232 4 29 228 233 228 226 12 232 228 234 29 233 14 151 3 6 227 160 188 18 229 11
split_gain=625.595 572.354 384.791 249.376 241.856 217.977 137.8 135.073 126.613 121.937 104.25 95.4197 128.107 96.7325 93.0214 92.8208 92.4752 90.2686 79.5013 77.5063 74.2638 75.9023 68.597 74.0613 83.9663 77.958 66.4296 66.1293 60.0308 58.9546
threshold=0.019478814676404003 -0.0062182345427572719 1.0000000180025095e-35 0.1475668400526047 971368.96875000012 0.038397464901208885 0.22302427142858508 0.24266439676284793 1.0000000180025095e-35 0.034955471754074104 73.319728851318374 -0.059049820527434342 44.362541198730476 -0.017064406536519524 0.11259236186742784 -0.43770533800125117 57.011194229125984 0.0079615630675107258 0.032453052699565894 -0.0024530928349122401 0.052439071238040931 2.6645467281341557 127463.12109375001 2.441850066184998 0.083707042038440718 4.0076723098754892 0.37450000643730169 0.12139961123466493 1.0241429805755617 -0.035359064117074006
decision_type=2 2 2 2 2 2 2 2 2 2 2 2 2 2 2 2 2 2 2 2 2 2 2 2 2 2 2 2 2 2
left_child=4 17 3 5 6 15 7 8 -1 -6 22 -10 -13 -14 -4 18 20 -2 -3 28 -5 -22 -7 25 -25 -24 -9 -19 -15 -26
right_child=1 2 14 16 9 10 -8 26 11 -11 -12 12 13 19 -16 -17 -18 27 -20 -21 21 -23 23 24 29 -27 -28 -29 -30 -31
leaf_value=0.004125927982338456 0.011794440528062472 -0.0095132761808849123 0.03618158626210255 -0.014594324079752335 -0.020762650403364852 0.072651214700593547 -0.020146467232204247 0.012506703875151222 0.0064605514945604084 -0.0076898448377426612 0.0018971947825842065 -0.012151036553956518 0.0083933629937281793 -0.019235899669240625 0.0063786661312176807 -0.0076134940738672198 -0.010521466195934777 0.037027416257404432 0.0075188440321204628 0.0017452126905363519 0.057812691599074456 0.0040152197557744556 -0.0011391719705671443 0.023003512627924799 0.025967748463623038 0.013558408839524985 5.3954056446206784e-05 0.015890518732312467 -0.00069848125094169173 0.0066124647796823718
leaf_weight=4220.5979479178786 744.5337380617857 898.82638993859291 1044.4755966514349 571.48532407730818 2849.3746343702078 46.007311478257179 1029.0902142748237 2227.6593241170049 1405.1614110544324 4769.7120731845498 3889.7528971135616 6298.7422428056598 1662.2157116755843 1287.7480663284659 349.40859240293503 3775.9484389722347 4564.2624961510301 1586.2904982715845 2881.824353672564 1663.4720771089196 67.85077428817749 1946.1407304480672 1859.5833029150963 2096.6995444148779 471.51747065037489 1752.4437449425459 2062.5180727243423 482.62781305611134 660.85986702144146 2375.3681356310844
leaf_count=27915 2382 7763 4164 4100 34907 147 8431 12777 7532 31109 24689 51810 10160 11918 1719 24684 32043 5632 14465 11888 250 8981 12820 10841 1718 6781 10746 1624 5588 10845
internal_value=0 0.00520604 0.00308864 0.0017755 -0.00487842 0.00463468 -0.00227296 -0.00141701 -0.00339687 -0.0125788 0.00868974 -0.00584334 -0.00733724 -0.00158844 0.0287108 -0.00206852 -0.00624168 0.026724 0.00346956 -0.00618189 0.00131364 0.00582764 0.0117614 0.011434 0.0154104 0.00599164 0.00652 0.0320967 -0.012949 0.0098182
internal_weight=0 31405 28591.6 27197.7 30137.2 20048 22518.1 21489 17198.8 7619.09 12491.4 12978.2 11573 5274.3 1393.88 7556.6 7149.74 2813.45 3780.65 3612.08 2585.48 2013.99 8601.62 8555.61 4943.59 3612.03 4290.18 2068.92 1948.61 2846.89
internal_count=400429 175648 166010 160127 224781 114753 158765 150334 126811 66016 67841 98896 91364 39554 5883 46912 45374 9638 22228 29394 13331 9231 43152 43005 23404 19601 23523 7256 17506 12563
is_linear=0
shrinkage=0.05


Tree=81
num_leaves=31
num_cat=0
split_feature=41 29 234 233 229 226 41 226 34 29 131 3 15 226 234 227 227 228 230 233 191 29 232 227 110 234 30 227 3 213
split_gain=584.322 244.304 183.111 169.179 158.837 182.046 140.842 131.402 106.693 106.199 102.58 86.6311 86.5038 95.9845 250.573 88.8545 91.9301 80.421 80.1301 95.2946 76.0592 74.9537 71.3099 227.598 54.4742 52.3148 53.0136 47.1506 46.4217 46.326
threshold=0.022452712059021 0.052749900147318847 -0.011504785157740114 -0.036969205364584916 1.7563159465789797 0.20582216233015063 1.0000000180025095e-35 -0.055162630975246423 -0.45104305446147913 0.020887766033411029 -0.27830430865287775 636003.96875000012 0.11587873101234437 -0.030112086795270439 0.016909533180296425 -0.050510147586464875 0.13200449198484424 22.164649009704593 7.5000000000000009 1.0000000180025095e-35 1.0000000180025095e-35 0.034804513677954681 -0.66903001070022572 -0.026898153126239773 0.84697645902633678 0.072101317346096053 -0.011181933805346487 0.14217160642147067 1518895.5000000002 0.001713651465252042
decision_type=2 2 2 2 2 2 2 2 2 2 2 2 2 2 2 2 2 2 2 2 2 2 2 2 2 2 2 2 2 2
left_child=6 2 8 11 7 -6 -1 -5 21 -8 -7 -4 13 14 29 -15 18 -11 28 -20 -3 -2 -19 -24 -22 26 -14 -25 -17 -9
right_child=1 20 3 4 5 10 9 12 -10 17 -12 -13 25 15 -16 16 -18 22 19 -21 24 -23 23 27 -26 -27 -28 -29 -30 -31
leaf_value=-0.034171580092171368 0.019097473722122168 -0.015042779821851197 -0.023887706119393858 -0.027018187117570487 -0.030450915319315153 -0.027592115510101496 0.0190736299911545 0.0044627322868904225 -0.0020210982258579329 -0.018193606015396723 0.012363248950999377 -0.0032754465244817926 0.0039497348782814605 0.015747510415037799 -0.034740569965442857 0.0017269222119380445 0.0093448200100416257 0.013963840067115272 -0.026731160730719534 -0.0024306886636961101 -0.0039137493159630702 0.0067214042392331353 -0.03351284100451353 0.0052216745030310525 -0.01022739775793699 0.0098672120810846514 -0.0054433934797784083 0.014052250180597432 0.013103902513799457 -0.01940737730100078
leaf_weight=187.4134824052453 1555.6172494888306 2128.9251682311296 1220.3254723399878 434.29385501146317 925.57815742492676 218.17626096308231 2402.9642976820469 1992.2670912370086 2867.6980529204011 295.08857978135347 609.13564474880695 875.4506805613637 1831.8228803649545 1553.5222175642848 585.70889349281788 4984.9768783897161 4116.4361135140061 3750.945717677474 471.36327010393143 2799.7309978529811 17568.484940171242 5728.5543557181954 354.82345645129681 6142.6166384965181 4241.1528779119253 757.50664537400007 8345.9865803867579 2005.0710385963321 1093.2549210861325 226.35575936734676
leaf_count=573 12885 6816 3823 1724 4286 663 21112 11136 15148 1166 3006 2749 7763 9752 2283 25792 22099 27624 1607 15002 62969 32046 1346 37451 12490 3215 34104 12618 6119 1157
internal_value=0 -0.00197042 0.000275052 -0.00152945 -0.000598382 -0.015217 0.00890402 0.000279386 0.00614827 0.00944396 0.00182634 -0.0152775 0.000691611 0.00283954 -0.00565193 0.00442502 0.00311877 0.00759994 0.000377483 -0.00593238 -0.00602206 0.00936445 0.00822111 0.00568766 -0.00514152 -0.00280932 -0.0037528 0.0073948 0.00377323 0.00202738
internal_weight=0 67132.3 43193.8 33041.9 30946.1 1752.89 15138.9 29193.2 10151.9 14951.5 827.312 2095.78 28758.9 17823.6 2804.33 15019.3 13465.8 12548.5 9349.33 3271.09 23938.6 7284.17 12253.5 8502.51 21809.6 10935.3 10177.8 8147.69 6078.23 2218.62
internal_count=400524 298634 216359 156280 149708 7955 101890 141753 60079 101317 3669 6572 140029 94947 14576 80371 70619 80205 48520 16609 82275 44931 79039 51415 75459 45082 41867 50069 31911 12293
is_linear=0
shrinkage=0.05


Tree=82
num_leaves=31
num_cat=0
split_feature=233 14 226 144 229 6 228 228 233 29 233 228 151 228 126 151 234 233 187 234 226 225 226 3 228 41 144 226 108 131
split_gain=993.183 1086.94 786.782 330.874 284.74 213.444 184.967 134.597 131.289 125.924 166.219 122.041 110.241 104.636 102.077 99.4038 92.8551 88.8999 193.822 87.6429 86.9227 81.8202 75.0601 72.6992 73.0127 72.6152 71.7653 70.7552 70.4368 66.7965
threshold=-0.00032215450482908631 0.2327840253710747 -0.016695752739906308 7.9207501411437997 0.98815491795539867 2.7898499965667729 22.164649009704593 88.40799713134767 -0.041231783106923096 0.034256096929311759 -0.025755463168025013 51.96806716918946 31.499461174011234 30.530818939208988 0.023530933074653152 35.583196640014656 -0.031190510839223858 -0.023511325009167191 -1.9344999790191648 -0.010293399915099142 0.11911282315850259 -0.012367889750748871 -0.02959382068365812 1045221.9375000001 54.589241027832038 0.059783495962619788 25.504349708557132 0.011243334971368315 0.0078892749734222906 -0.16860681772232053
decision_type=2 2 2 2 2 2 2 2 2 2 2 2 2 2 2 2 2 2 2 2 2 2 2 2 2 2 2 2 2 2
left_child=2 5 3 6 9 -2 16 15 -8 10 -4 21 25 -14 20 -7 -1 -11 27 22 -3 -6 -17 24 29 -10 -13 -19 -18 -5
right_child=1 14 4 23 11 7 8 -9 12 17 -12 26 13 -15 -16 19 28 18 -20 -21 -22 -23 -24 -25 -26 -27 -28 -29 -30 -31
leaf_value=-0.024850539663969884 -0.025930145593524051 0.0093190852318605962 0.019618300135602926 0.039664561416859506 -0.024231392401079261 -0.017725753169647075 -0.023031545338240825 0.03200391513456189 -0.014104525245809758 0.033053827119204286 -0.017792162891177729 -0.018838318487495006 0.047395060732624526 -0.00088129248078640558 0.022104516499098999 0.12708837407321 0.0021051607540269698 0.016801154708593415 -0.0044706102285400643 -0.0054728197095978426 -0.013536578304580747 0.016928311544594149 0.021395019245476057 -0.0044019384631865718 -0.012410852999331794 0.008289556632225659 0.024857797607744418 0.035927735410927461 0.036014431612162154 0.015335769293982943
leaf_weight=130.1848963573575 5519.1571881845593 2483.3542963117361 1203.8699362389743 470.46692451089621 137.66862513497472 3343.1519294027239 1985.2594283632934 171.18134044855833 2379.5565436817706 2564.7455820888281 394.12047085538507 739.44367941841483 164.14859234541655 354.94415344856679 1339.7366717681289 20.499187145382166 266.93985266983509 856.51520631834865 619.56924583017826 1206.2636443767697 499.69782941788435 981.98478948697448 93.032068317756057 360.4414640404284 146.04046126455069 426.94320417568088 107.64462158828974 1110.3678490258753 359.24676824733615 704.77693243324757
leaf_count=2239 127423 13026 4415 1721 2376 60643 38038 2524 46114 7673 7562 10493 2039 4975 5808 216 2625 4404 4569 19354 4078 6084 1548 2626 988 4583 422 4645 1848 5465
internal_value=0 -0.0104188 0.00746937 -0.0041225 0.0177752 -0.0192113 -0.00956204 -0.0115403 -0.0128567 0.0226537 0.0103916 0.00103388 -0.00678265 0.0143848 0.0106396 -0.0131389 0.0135712 0.0264576 0.0199167 -0.00151996 0.00549048 0.0118675 0.040479 0.015502 0.0209317 -0.0106978 -0.0132856 0.0275987 0.0215591 0.0250749
internal_weight=0 14676.1 16464.9 7748.95 8715.93 10353.3 6067.22 4834.13 5310.85 6749.19 1597.99 1966.74 3325.59 519.093 4322.79 4662.95 756.372 5151.2 2586.45 1319.79 2983.05 1119.65 113.531 1681.73 1321.28 2806.5 847.088 1966.88 626.187 1175.24
internal_count=400524 234620 165904 113261 52643 211708 102461 84285 95749 33268 11977 19375 57711 7014 22912 81761 6712 21291 13618 21118 17104 8460 1764 10800 8174 50697 10915 9049 4473 7186
is_linear=0
shrinkage=0.05


Tree=83
num_leaves=31
num_cat=0
split_feature=7 232 231 234 226 234 225 160 3 234 228 225 228 13 229 225 226 226 108 142 225 226 229 3 34 129 142 226 225 228
split_gain=418.304 271.78 284.722 165.55 301.217 129.444 127.62 125.586 120.043 110.339 133.173 131.079 102.34 95.3632 94.7314 92.9562 83.477 78.8563 78.1723 67.7814 67.6416 92.4352 82.4535 67.595 67.2556 64.1703 60.5572 59.7365 59.1559 80.4466
threshold=1.0000000180025095e-35 -1.6804370880126951 1.7051149606704714 -0.0021912577794864769 0.016398402862250808 -0.030719652771949765 0.015566497575491669 3.1746126413345341 696286.40625000012 0.016909533180296425 58.29510688781739 0.0036097576376050715 37.995595932006843 0.1263004541397095 0.77630826830863964 -0.033661128953099244 -0.0082602798938751203 -0.05077246576547622 0.064170602709054961 15.136849880218508 0.11845536530017854 0.19428224861621859 1.1056040525436404 178081.60156250003 -17.082659721374508 0.4546769261360169 7.2716000080108651 0.055538186803460128 -0.020847339183092114 25.506140708923343
decision_type=2 2 2 2 2 2 2 2 2 2 2 2 2 2 2 2 2 2 2 2 2 2 2 2 2 2 2 2 2 2
left_child=1 5 8 7 9 18 23 -4 12 11 -11 17 -3 -2 24 -14 -17 -5 -1 -7 21 22 -8 -6 -9 -13 -25 -24 -16 -30
right_child=13 2 3 4 6 19 20 14 -10 10 -12 25 15 -15 28 16 -18 -19 -20 -21 -22 -23 27 26 -26 -27 -28 -29 29 -31
leaf_value=-0.0041851364163308872 0.035556759369775835 0.015682843989740323 -0.014039989829081535 0.027227987022729584 0.025623784811651413 -0.024109752334724628 -0.0092066321012848028 0.034044924004220871 -0.013333274478896609 0.037008376052986833 0.010020514704885986 -0.017354576375336547 0.018868169123105152 0.005244147338058178 0.0056945548742115219 -0.017814808293834975 -0.0028410169603318046 0.010022808585296167 0.024185074957381161 -0.010459585209919924 -0.020481682284702703 0.011773508727150949 0.0050805418425678844 -0.014826375758135208 0.0064507429376061583 0.012278567004786495 0.0050416429493031689 -0.0072830005875001271 -0.021721317441242609 -0.0025908802282346433
leaf_weight=1616.5108749717474 1016.3650574982166 705.28415509313345 1869.2817817255855 895.12099262326956 389.10607194900513 1513.3234002329409 3376.5575100854039 255.65383338183165 3994.4353628829122 1009.6495015770197 835.26233316957951 559.05958643555641 395.467200294137 348.40423290431499 1928.6481340304017 1206.692260608077 4070.5722778439522 2601.5189647674561 285.72928604483604 2279.0489720664918 487.15768586844206 1167.5730351284146 3059.835893727839 394.0527518466115 1620.5093494057655 271.37131069600582 14359.102106161416 1435.2809942886233 597.91384520381689 6792.2394838631153
leaf_count=10796 4211 3555 22815 3567 1718 16471 23454 1149 32723 3608 3660 4466 2326 1714 11338 10145 29809 13486 1341 17365 3709 4770 19791 4391 8074 1681 78839 9877 4643 45032
internal_value=0 -0.000176063 0.000914191 0.00267436 0.00467266 -0.0105677 0.002201 -0.00204298 -0.00653634 0.0145516 0.0247899 0.0101863 -0.00227954 0.0278184 -3.9782e-05 -0.00451278 -0.0062649 0.0144272 7.62604e-05 -0.0159066 -0.00233306 -0.00135496 -0.00330225 0.0050535 0.0102108 -0.00767095 0.00451097 0.00113289 -0.00210355 -0.00413866
internal_weight=0 59972 54277.3 43904.9 30840.6 5694.61 24668.7 13064.2 10372.5 6171.98 1844.91 4327.07 6378.02 1364.77 11195 5672.73 5277.26 3496.64 1902.24 3792.37 9526.41 9039.25 7871.67 15142.3 1876.16 830.431 14753.2 4495.12 9318.8 7390.15
internal_count=400524 394599 348626 270068 177017 45973 146549 93051 78558 30468 7268 23200 45835 5925 70236 42280 39954 17053 12137 33836 61601 57892 53122 84948 9223 6147 83230 29668 61013 49675
is_linear=0
shrinkage=0.05


Tree=84
num_leaves=31
num_cat=0
split_feature=122 41 7 6 11 232 230 225 224 3 194 3 229 228 232 227 130 226 194 24 29 6 227 228 7 228 233 226 29 20
split_gain=527.033 231.435 259.383 148.933 133.231 121.288 130.12 133.924 124.073 113.566 80.8165 78.9609 71.5938 67.8941 76.7574 193.704 64.3337 68.788 61.5865 56.1465 52.5739 50.6242 50.9861 50.5987 49.6135 49.0844 114.084 66.1371 47.3866 46.2172
threshold=0.022544330917298797 0.054089806973934181 1.0000000180025095e-35 3.0664499998092656 0.057505674660205848 -1.2626829743385313 4.5000000000000009 0.0032975355861708526 3.5000000000000004 1144117.8750000002 1.0000000180025095e-35 827842.84375000012 0.86389207839965831 23.000260353088382 -0.80642771720886219 -0.026898153126239773 -0.23854545503854749 0.19763496518135074 1.0000000180025095e-35 25.82252407073975 0.029685116373002533 3.4420000314712529 -0.087686259299516664 29.689025878906254 1.0000000180025095e-35 43.143768310546882 0.019478814676404003 1.0000000180025095e-35 0.05092244595289231 0.10233801603317262
decision_type=2 2 2 2 2 2 2 2 2 2 2 2 2 2 2 2 2 2 2 2 2 2 2 2 2 2 2 2 2 2
left_child=4 2 3 5 9 20 11 8 -8 13 19 18 -10 -1 -15 -16 -12 24 -7 -3 -2 22 23 -11 -18 26 -20 -28 -5 -22
right_child=1 10 -4 28 -6 6 7 -9 12 21 16 -13 -14 14 15 -17 17 -19 25 -21 29 -23 -24 -25 -26 -27 27 -29 -30 -31
leaf_value=-0.019471833659176298 0.020664637647939368 -0.03352052406117171 -0.031117120894564462 -0.00085303451662268074 -0.033906630727652987 -0.031486679709367894 -0.0018142242494643968 0.0027883407723257154 -0.0268698421881171 -0.030327246629892925 -0.02518370402632903 0.011483055411444032 -0.0087299802959084401 0.01380247629851337 -0.035483918857002597 0.0056795088731677358 -0.005344264146594324 0.0047892677195206504 0.0043059275560181761 -0.011642839835955203 0.0085817280063176585 0.0055562682558920875 0.019362047700835178 0.025983752004484991 -0.025489064868462454 0.0048829268522045241 -0.03761340418800619 -0.0051913079057493107 -0.0062889975958088096 -0.0048320390565028248
leaf_weight=254.35619567334652 797.7358011379838 380.48763413727283 650.63871736824512 9976.4325489401817 182.88727721571922 134.77158591896296 2583.6505420133471 4526.8672087192535 1114.5820256769657 104.15092919766903 394.20975974202156 3069.1391844004393 1062.4115562438965 2740.8237000107765 298.27825751900673 6829.2472340017557 17852.414925001562 1714.053505346179 1255.8228418901563 1279.2933201342821 5598.8433502092957 1026.1720883324742 3571.6457302868366 64.65869115293026 310.96672473847866 5808.8948194757104 321.97215549647808 307.52196171879768 6702.4739126414061 725.35259705781937
leaf_count=977 7079 1260 3175 49324 556 596 11731 23122 3908 429 1142 16771 4252 20107 1180 43439 64811 6561 6756 3987 32033 6605 28759 645 1348 28721 1288 1250 24271 3768
internal_value=0 -0.0018448 0.000221696 0.000685253 0.00850946 0.00295903 0.000979717 -0.00336886 -0.00922371 0.00903046 -0.00605075 0.00468563 -0.0180173 0.00603397 0.00669138 0.00395687 -0.00518226 -0.00478559 0.00202088 -0.0166581 0.00856899 0.015394 0.0180929 -0.0087586 -0.00568915 0.0026078 -0.00440214 -0.0217745 -0.00303749 0.00704324
internal_weight=0 66568.5 44637.1 43986.5 15072.2 27307.6 20185.6 9287.51 4760.64 14889.3 21931.4 10898.1 2176.99 10122.7 9868.35 7127.53 20271.6 19877.4 7828.98 1659.78 7121.93 4766.63 3740.46 168.81 18163.4 7694.21 1885.32 629.494 16678.9 6324.2
internal_count=399851 297154 218045 214870 102697 141275 98395 43013 19891 102141 79109 55382 8160 65703 64726 44619 73862 72720 38611 5247 42880 36438 29833 1074 66159 38015 9294 2538 73595 35801
is_linear=0
shrinkage=0.05


Tree=85
num_leaves=31
num_cat=0
split_feature=160 231 231 122 225 225 227 228 228 187 234 151 234 227 6 15 227 229 232 227 164 3 22 228 230 232 227 229 223 152
split_gain=847.12 481.586 359.563 346.518 198.608 195.445 170.917 219.9 161.395 160.73 180.822 138.338 132.082 136.105 118.799 115.044 109.418 104.435 100.983 148.92 94.6325 90.8333 85.5213 83.6605 89.7073 77.47 108.037 75.2336 92.9428 72.8668
threshold=4.1001091003417978 1.0605680942535403 1.7051149606704714 0.075291581451892867 -0.023775535635650154 0.00082499513518996548 0.15536781400442126 29.883596420288089 41.698772430419929 -19.639499664306637 0.0023294708225876097 20.101209640502933 -0.032319288700819009 -0.068882577121257768 3.0218499898910527 -0.09409774467349051 0.18789839744567874 0.86389207839965831 0.24266439676284793 0.013518193271011116 281.16470336914068 300081.50000000006 1.0000000180025095e-35 49.099992752075202 7.5000000000000009 0.24266439676284793 -0.030606897547841069 0.84419053792953502 1.0000000180025095e-35 0.10532712936401369
decision_type=2 2 2 2 2 2 2 2 2 2 2 2 2 2 2 2 2 2 2 2 2 2 2 2 2 2 2 2 2 2
left_child=1 5 4 6 29 17 7 12 -6 -3 11 22 -4 -14 -8 -10 20 -1 19 -9 -5 -15 -11 -17 -25 26 -13 28 -16 -2
right_child=2 9 3 16 8 -7 14 18 15 10 -12 25 13 21 27 23 -18 -19 -20 -21 -22 -23 -24 24 -26 -27 -28 -29 -30 -31
leaf_value=0.023409755531576888 -0.0239377710892432 0.024366914415751267 -0.018351532660324049 -0.0040278396238393058 -0.014224082420477017 -0.020096508897239063 -0.0056679692058747809 -0.012303354779544043 -0.004970498107981682 0.075014865409459897 -0.025467753630022488 -0.01893686519908 -0.011801259208080783 0.0062825854036739617 0.092277348063497702 0.031322884919371873 0.028155894508806317 0.0014861782637968057 -0.021405787776678908 0.017296303410672124 0.014586960287281651 0.040410674970479919 -0.017085272854463918 0.022654708218700123 0.0031157596892183951 -0.024146631127842842 0.021750705905146883 0.021866086794502422 -0.019724248478275423 0.027961898230628765
leaf_weight=1178.1998741496354 402.43608358874917 224.11740348860621 349.77270135655999 1009.5021261051297 359.4824547059834 547.80432867817581 1061.2248690910637 2599.95098252967 411.25502561405301 25.419437795877457 4469.0951751302928 219.90488599799573 303.75838904827833 315.89563427492976 20.349212065339088 1744.7034661881626 923.45204290375113 1007.884601958096 2232.2062040828168 507.95124701783061 2109.3900408446789 509.30275020748377 2993.70127315633 2274.64590145275 791.97530847042799 188.84088915586472 632.14869105070829 1139.336248897016 206.37794008851051 81.291296675801277
leaf_count=5334 4954 1133 5738 9348 3691 11654 9245 38355 4875 180 112044 5135 4803 3515 107 7948 3180 8357 33719 3273 12473 4567 64586 12122 5160 4041 10061 7679 2181 393
internal_value=0 -0.011709 0.00543122 0.000826791 0.0155182 0.00660975 -0.00451187 -0.00856777 0.0181816 -0.0174304 -0.0185287 -0.0108906 0.00849534 0.016813 0.00688215 0.0204121 0.013038 0.013302 -0.0132927 -0.00746563 0.00856185 0.027346 -0.0163098 0.0225818 0.0176086 0.00482806 0.0112497 0.0166317 -0.00967188 -0.0152159
internal_weight=0 11487.1 19354.3 13288.5 6065.79 2733.89 9246.13 6818.84 5582.06 8753.23 8529.11 4060.02 1478.73 1128.96 2427.29 5222.58 4042.34 2186.08 5340.11 3107.9 3118.89 825.198 3019.12 4811.32 3066.62 1040.89 852.054 1366.06 226.727 483.727
internal_count=399851 222525 177326 138183 39143 25345 113182 93970 33796 197180 196047 84003 18623 12885 19212 30105 25001 13691 75347 41628 21821 8082 64766 25230 17282 19237 15196 9967 2288 5347
is_linear=0
shrinkage=0.05


Tree=86
num_leaves=31
num_cat=0
split_feature=233 226 7 227 234 160 226 14 151 229 160 12 188 199 229 3 135 234 14 191 229 6 230 227 227 232 185 230 232 3
split_gain=507.035 325.288 318.117 245.555 228.2 218.859 205.88 178.885 108.076 100.039 99.3935 93.2858 92.3855 88.9442 85.5984 83.6628 83.0673 74.4558 64.3462 62.4184 130.56 56.973 56.1993 55.3061 57.1808 58.552 59.0746 54.6002 53.5015 69.3274
threshold=0.0058588914107531318 -0.02959382068365812 1.0000000180025095e-35 0.19604091346263888 0.0079615630675107258 3.425679206848145 -0.013697971124202011 0.0199396125972271 2.6645467281341557 0.95650553703308117 2.4667174816131596 0.12001532316207887 1.0385000109672549 -0.10563296079635619 0.87970107793807995 1030136.5625000001 7.5000000000000009 0.022643157280981544 0.11912726238369943 1.0000000180025095e-35 0.94889390468597423 1.010950028896332 1.5000000000000002 0.15454842895269397 0.038397464901208885 1.4200803041458132 1.4999999908837939e-08 12.500000000000002 -0.27259141206741327 435780.07812500006
decision_type=2 2 2 2 2 2 2 2 2 2 2 2 2 2 2 2 2 2 2 2 2 2 2 2 2 2 2 2 2 2
left_child=5 4 3 7 -2 15 13 10 14 -8 -3 -4 21 16 -9 27 -7 -12 -6 20 -15 -10 -5 24 -23 26 -26 -1 -21 -30
right_child=1 2 11 22 18 6 9 8 12 -11 17 -13 -14 19 -16 -17 -18 -19 -20 28 -22 23 -24 -25 25 -27 -28 -29 29 -31
leaf_value=-0.011286575168662348 0.0039391169922987791 -0.013979268041786645 0.034381827089701687 -0.0051326077103070631 0.034592928245994713 -0.00014386141897686415 -0.018747494181251299 0.056966533798248155 -0.0068553377700247197 -0.0039821528888597697 -0.0044367154522788402 0.0033392322772581393 -0.0042594683059833669 -0.0062184649505955631 0.011229970600483943 -0.022501156433290544 0.020476399757134427 0.0056060105526833806 -0.017546913520511197 -0.004741983729677348 0.038567651401567427 0.0036028178795211186 -0.0227681601539876 0.00054481365698896107 0.038265684069372141 0.0069522285183271429 0.013312650438379016 0.01312662376738321 0.0090623390519219624 -0.0034111929635891646
leaf_weight=2779.8877983875573 1208.5235063284636 1658.0271065309644 997.35757929086685 751.30376767367125 1565.4741531759501 989.65672697871923 2507.1121490970254 177.21367252618074 805.60860934481025 2114.7946188673377 4695.0506120547652 319.55479352176189 2418.962099224329 368.35709778219461 242.00222953408957 1975.3432106152177 964.29976914077997 3040.9731440618634 61.497481614351273 7744.3656963407993 291.50713156163692 4833.9957191646099 1132.9895844534039 2977.539206251502 253.25979618728161 5538.8115320652723 3737.8366124778986 249.58888150751591 1997.3206969723105 2518.671544469893
leaf_count=31014 5969 19465 4265 4924 5799 6321 21734 719 5110 14834 33588 1628 11397 1886 1291 26082 4909 19105 185 52948 1426 26593 8473 16730 1202 28152 17632 2345 10410 13715
internal_value=0 0.00413457 0.00276138 0.00177818 0.0203971 -0.00516838 -0.00277406 0.00286454 0.00543161 -0.0119915 -0.00287 0.0268492 0.00491932 9.01032e-05 0.030564 -0.0144954 0.0100325 -0.000488995 0.0326221 -0.00141351 0.0135666 0.00614283 -0.0157365 0.00674667 0.00803227 0.0102791 0.0148961 -0.00927525 -0.00221975 0.00210557
internal_weight=0 36416 33580.5 32263.6 2835.5 24500.9 19496.1 30379.3 20985.2 4621.91 9394.05 1316.91 20566 14874.2 419.216 5004.82 1953.96 7736.02 1626.97 12920.2 659.864 18147.1 1884.29 17341.4 14363.9 9529.91 3991.1 3029.48 12260.4 4515.99
internal_count=399851 212227 200274 194381 11953 187624 128183 180984 108826 36568 72158 5893 106816 91615 2010 59441 11230 52693 5984 80385 3312 95419 13397 90309 73579 46986 18834 33359 77073 24125
is_linear=0
shrinkage=0.05


Tree=87
num_leaves=31
num_cat=0
split_feature=122 6 7 5 41 41 160 5 225 228 232 227 110 233 160 227 142 108 227 233 234 232 7 232 227 226 227 14 6 4
split_gain=486.837 214.149 172.358 145.377 125.065 113.388 106.127 102.743 95.4821 69.84 62.5665 198.42 62.4407 54.9496 51.4877 48.9306 55.0032 52.2543 48.0063 47.6922 53.1329 45.5087 45.4146 44.6272 87.8744 56.1613 67.0586 43.8267 43.1144 42.0565
threshold=0.022544330917298797 2.2744499444961552 1.0000000180025095e-35 4.7975499629974374 1.0000000180025095e-35 0.057915862649679191 2.0887764692306523 17.932149887084964 0.20679578930139544 23.000260353088382 -0.61632698774337757 -0.021259790286421772 0.43637520074844366 -0.024283254519104954 5.0433039665222177 0.13200449198484424 17.469399452209476 -0.0011371214059181509 0.22302427142858508 -0.0055104533676058045 -0.011504785157740114 0.30034458637237554 1.0000000180025095e-35 -0.61112582683563221 -0.026898153126239773 -0.055162630975246423 -0.033182777464389794 -0.044296493753790848 2.3627499341964726 27.461699485778812
decision_type=2 2 2 2 2 2 2 2 2 2 2 2 2 2 2 2 2 2 2 2 2 2 2 2 2 2 2 2 2 2
left_child=4 2 3 27 -1 14 -6 -5 -4 -8 28 -12 23 -14 15 17 -17 22 19 20 -7 -22 -3 25 -25 26 -9 -2 -11 -13
right_child=1 5 8 7 6 18 9 12 -10 10 11 29 13 -15 -16 16 -18 -19 -20 -21 21 -23 -24 24 -26 -27 -28 -29 -30 -31
leaf_value=-0.031401856922928108 0.0021036285564782265 0.0020023888420016198 -0.031289191785391697 0.011539476365227322 0.018655807853122621 -0.0068078507404625288 -0.016568718946628518 -0.028936210743410781 0.016657672572308723 0.016604397584649253 -0.026096156013883372 0.010670721795265577 -0.0089709256753445123 0.0018404059008683971 -0.0047880209187811038 0.013684746019209312 0.00067663256086922859 -0.0051210965273085687 -0.01684019148491522 -0.0045409162724818269 -0.023334685688785928 -0.0024084471109973894 -0.027672358877222761 -0.037301078096369948 0.0033946231172075451 0.011232570884586738 0.018961493657327702 -0.0063644663994641901 0.0051502053873106676 0.0033311915767774165
leaf_weight=195.63376212120056 2264.2059509828687 6134.4340996742249 573.60180604457855 4397.4460030198097 2319.3778125941753 2598.4643795490265 306.51295925676823 193.72625034302473 126.78533960878849 2565.3716633915901 478.16214822232723 3993.85827511549 1427.1311908438802 6660.2056824341416 10535.564645498991 1167.7103674784303 2672.528168566525 6104.6562089398503 1288.8163202106953 8370.4550236091018 1158.661166138947 334.90355749428272 131.70011126995087 145.24339953064919 1529.816463753581 3783.7261152565479 117.33275066316128 4698.8253866806626 1208.5974279120564 3817.3536776155233
leaf_count=595 11478 33944 2879 26657 21263 9513 1268 808 610 20445 1826 25922 5747 30788 38516 6837 12113 28261 3937 28434 3720 1046 678 594 7720 22810 577 19801 8282 23215
internal_value=0 -0.00169252 0.00185648 0.002536 0.0083121 -0.00396383 0.00884102 0.00488065 -0.0226098 0.00700072 0.00759959 0.00516993 0.00276754 -6.74148e-05 -0.0020668 -0.000298274 0.00463204 -0.00182878 -0.0076536 -0.00670357 -0.0111274 -0.0186424 0.00137869 0.00674117 -0.000134076 0.00955363 -0.010869 -0.00361085 0.0129362 0.00708388
internal_weight=0 66415.9 25918 25217.7 14884.9 40497.9 14689.2 18254.6 700.387 12369.9 12063.3 8289.37 13857.2 8087.34 26746.6 16211 3840.24 12370.8 13751.3 12462.5 4092.03 1493.56 6266.13 5769.84 1675.06 4094.79 311.059 6963.03 3773.97 7811.21
internal_count=400284 297468 130469 126980 102816 166999 102221 95701 3489 80958 79690 50963 69044 36535 120349 81833 18950 62883 46650 42713 14279 4766 34622 32509 8314 24195 1385 31279 28727 49137
is_linear=0
shrinkage=0.05


Tree=88
num_leaves=31
num_cat=0
split_feature=233 15 108 152 224 151 230 233 167 232 3 232 234 230 131 151 227 15 232 29 232 14 151 25 225 233 227 3 231 233
split_gain=837.21 974.745 617.838 285.613 280.405 192.924 185.8 169.759 172.942 140.83 138.633 137.65 132.907 114.358 103.051 101.831 98.976 96.7713 94.3332 92.3371 83.4327 74.3264 71.8939 69.935 69.4242 68.9995 68.0113 66.952 66.5113 65.1167
threshold=-0.00032215450482908631 0.28449568152427679 0.0086223953403532522 0.11920326575636865 1.5000000000000002 25.001905441284183 2.5000000000000004 -0.052350873127579682 4.8697500228881845 0.30034458637237554 1577269.8750000002 -0.4532077014446258 -0.011276395060122011 4.5000000000000009 -0.10792386531829833 28.788136482238773 0.23063293099403384 0.70444613695144664 -1.6804370880126951 0.039929928258061416 -1.9481678605079649 0.45790772140026098 1.0000000180025095e-35 1.0000000180025095e-35 -0.0079692690633237345 0.064911253750324263 -0.0058123895432800046 688496.00000000012 21.862838745117191 -0.031650756485760205
decision_type=2 2 2 2 2 2 2 2 2 2 2 2 2 2 2 2 2 2 2 2 2 2 2 2 2 2 2 2 2 2
left_child=2 3 7 5 14 22 9 -1 11 26 29 15 18 -13 -4 23 17 24 -7 -10 -21 -11 -2 -9 -3 -26 -6 -15 -27 -8
right_child=1 16 4 -5 6 12 10 8 19 21 -12 13 -14 27 -16 -17 -18 -19 -20 20 -22 -23 -24 -25 25 28 -28 -29 -30 -31
leaf_value=-0.023260876382559869 0.040999184666489032 -0.012268044638462629 0.013654419728291123 0.013710123795497596 0.0016473248389558132 0.085170187281213963 0.032367658560532496 0.1162944777494954 -0.00075202439423902566 -0.022714080163897331 0.0047410331207995513 -0.013428078014069037 -0.012819572409636843 0.030154349923552922 -0.014224186485762 0.012615297519644407 0.025702868490251371 0.019432370415991034 0.0087557453543085605 0.067174926067689905 0.016883595504903599 0.030611866445810865 -0.026071388995539076 -0.016439771879864597 -0.0027011914169526086 0.021522762752471371 0.02250480582358173 -0.0046603346043885951 -0.0096917690828415629 0.020679443824896726
leaf_weight=1026.8763792179525 40.201415045186877 717.25394995883107 501.60292844474316 628.68106132373214 661.66364182345569 54.862014597281814 2603.5205747485161 9.9610315859317762 880.75347993150353 472.9746672026813 817.26922595687211 388.67026839405298 2307.2892502751201 497.63463845476508 977.32058350741863 353.89983711391687 743.81024323403835 975.4759086817503 153.08781751431525 90.375395607203245 942.65699861198664 75.818785965442657 6510.1825662329793 2639.2670218721032 1165.8195162527263 820.64366200193763 954.87294936552644 191.1358932480216 215.46242734417319 2197.3127246722579
leaf_count=21064 334 5315 2603 4858 6415 665 9197 58 12320 4959 4336 4892 44880 1584 14645 5219 2464 3307 2985 595 8795 251 154893 51419 8043 5496 5022 917 1508 11245
internal_value=0 -0.00986046 0.00670959 -0.0188799 0.0151893 -0.0211399 0.0189814 -0.0044767 -0.00125884 0.00653802 0.0237774 -0.00707499 -0.00936907 0.0082566 -0.00476867 -0.0125755 0.00898999 0.00579813 0.0289157 0.0111423 0.0212834 -0.0153468 -0.0256598 -0.0159407 0.0012421 0.00564288 0.0139676 0.0204932 0.0150316 0.027018
internal_weight=0 14332.8 16283.6 9694.3 9262.36 9065.62 7783.43 7021.23 5994.35 2165.33 5618.1 4080.57 2515.24 1077.44 1478.92 3003.13 4638.47 3894.66 207.95 1913.79 1033.03 548.793 6550.38 2649.23 2919.18 2201.93 1616.54 688.771 1036.11 4800.83
internal_count=400284 234748 165536 208615 58673 203757 41425 106863 85799 16647 24778 64089 48530 7393 17248 56696 26133 23669 3650 21710 9390 5210 155227 51477 20362 15047 11437 2501 7004 20442
is_linear=0
shrinkage=0.05


Tree=89
num_leaves=31
num_cat=0
split_feature=233 226 227 225 3 227 227 5 5 28 227 151 151 225 35 227 157 136 233 227 22 234 194 31 20 17 151 227 107 19
split_gain=457.701 445.649 284.186 309.621 210.947 173.704 122.947 107.248 101.059 78.9472 75.4645 78.8403 76.5413 74.0484 71.2738 71.1226 68.4282 69.7439 66.4302 64.8766 64.827 61.3171 62.9316 58.4773 57.8415 55.4956 52.1732 51.6431 67.1151 49.6069
threshold=0.019478814676404003 -0.0062182345427572719 0.1475668400526047 0.048409214243292815 971368.96875000012 0.038397464901208885 0.22302427142858508 1.0000000180025095e-35 21.637149810791019 0.13767966628074649 0.083707042038440718 3.97078549861908 37.95356750488282 1.0000000180025095e-35 -62.163358688354485 0.20794968307018283 0.2009294927120209 2.5000000000000004 0.16621023416519168 -0.075426507741212831 48.564256668090827 0.031429702416062362 0.076410755515098586 0.047760218381881721 0.0089116571471095102 -0.0041916684713214627 6.0539162158966073 -0.0049314643256366244 0.040951129049062736 -0.51932460069656361
decision_type=2 2 2 2 2 2 2 2 2 2 2 2 2 2 2 2 2 2 2 2 2 2 2 2 2 2 2 2 2 2
left_child=4 13 3 5 6 21 7 -1 -9 -6 12 18 -7 14 -2 20 -13 -18 -12 -10 -4 25 23 -23 -11 -3 -22 28 -24 -21
right_child=1 2 15 -5 9 10 -8 8 19 24 11 16 -14 -15 -16 -17 17 -19 -20 29 26 22 27 -25 -26 -27 -28 -29 -30 -31
leaf_value=0.0046092105860110382 0.028618005463889512 -0.012463460554296105 -0.013441310257046941 0.028229780984868072 -0.017701009275737978 0.0097441568396381632 -0.019033188816246611 -0.011179352767333166 -0.011529932763515074 -0.011648201769407653 0.0091320447399570008 -0.0044004157146605872 0.026562599621128131 0.035087320662258718 0.0083503882242375992 -0.01758716662972128 0.0049716779990620829 0.030999128564084551 0.045156510376273384 0.0080687457558940232 0.010629451898874659 0.065763650703286283 -0.0035623090055224302 0.0034788351058812512 0.00029160900193315835 -0.0008130626872711119 -0.0033508746865204353 -0.0079824109888710498 0.013630684327007252 -0.0012718976812081438
leaf_weight=6245.5124738626182 813.36610867083073 1853.1429709494114 1345.719579577446 1415.7115544676781 3005.8882115893066 3862.1050391420722 977.27397342026234 3130.9335057549179 1319.4075216390193 2691.5578055121005 331.60647675395012 2081.6110813245177 820.15500150620937 962.57731734216213 929.46754960715771 1091.2905319109559 4705.634505726397 272.27788102626801 208.39124621450901 1694.1912600547075 800.26186315715313 75.312414966523647 1054.7280193716288 75.425703927874565 1627.7948653064668 2279.4611016586423 4018.0456435829401 989.99330791831017 1229.0552606582642 8829.2814932391047
leaf_count=39615 2875 13771 10536 5933 35113 23220 8317 28660 11559 19709 1920 14636 4167 3655 3144 8466 20984 1094 754 10244 4692 305 7087 277 10980 13502 22910 5973 6142 60044
internal_value=0 0.00456281 0.00272246 0.00563905 -0.00412144 0.00402696 -0.00169342 -0.000894824 -0.00319053 -0.0114787 0.00769695 0.00462053 0.0126901 0.0239567 0.0178091 -0.00582174 0.00321202 0.00639531 0.0230343 -0.00107851 -0.00373877 -0.00193746 0.00301014 0.0345978 -0.00714855 -0.00603734 -0.00102891 0.00155572 0.00569038 0.000231868
internal_weight=0 31215.3 28509.9 21254.6 29521.8 19838.9 22196.6 21219.3 14973.8 7325.24 12281.8 7599.52 4682.26 2705.41 1742.83 7255.32 7059.52 4977.91 539.998 11842.9 6164.03 7557.12 3424.51 150.738 4319.35 4132.6 4818.31 3273.78 2283.78 10523.5
internal_count=400284 176043 166369 119765 224241 113832 158439 150122 110507 65802 66775 39388 27387 9674 6019 46604 36714 22078 2674 81847 38138 47057 19784 582 30689 27273 27602 19202 13229 70288
is_linear=0
shrinkage=0.05


Tree=90
num_leaves=31
num_cat=0
split_feature=160 7 3 29 232 228 36 231 131 4 226 227 17 233 227 4 4 225 118 110 29 226 151 28 110 227 225 225 234 230
split_gain=471.707 225.069 176.482 131.981 126.015 183.946 116.853 101.538 90.5566 90.2449 74.5436 77.7646 73.1785 87.5788 72.1172 61.3785 84.9909 60.1741 60.1276 58.8044 55.8971 46.8533 46.3683 45.9168 45.7138 41.4973 40.8667 39.8862 39.4049 53.1842
threshold=3.993026971817017 1.0000000180025095e-35 1303285.3750000002 0.072385553270578398 -1.1921979784965513 28.266542434692386 -34.882888793945305 4.2564625740051278 -0.13896994292736051 32.522050857543952 -0.03452963009476661 -0.011294552125036715 -0.010492143686860798 -0.025755463168025013 -0.089627876877784715 4.6814000606536874 25.873649597167972 -0.0223178481683135 1.5000000000000002 0.59722590446472179 0.025780571624636654 0.17813075333833697 2.6645467281341557 0.29042612016201025 0.7685227394104005 0.17166101187467578 -0.0096520888619124872 -0.072023449465632425 0.022681497968733314 6.5000000000000009
decision_type=2 2 2 2 2 2 2 2 2 2 2 2 2 2 2 2 2 2 2 2 2 2 2 2 2 2 2 2 2 2
left_child=1 2 4 6 19 17 15 10 -3 14 11 -7 -12 -14 26 21 -17 -6 -8 -1 -16 23 -9 -2 -15 -22 -4 -18 -11 -30
right_child=3 8 9 -5 5 7 18 22 -10 28 12 -13 13 24 20 16 27 -19 -20 -21 25 -23 -24 -25 -26 -27 -28 -29 29 -31
leaf_value=0.012277011973615019 -0.0052662335804531685 0.006309504485653681 -0.025682987063071646 -0.0096656065473318779 -0.0042826844544257133 -0.035350105789602883 -0.0053286801246885214 -0.020271294829951495 -0.031429831615622746 0.0077816753047355511 0.0064091507246777455 0.0064799269798804585 -0.01310609427823399 0.004472646760614824 0.021894360745185887 0.0069180933179746303 -0.020982307839053929 -0.030508630531294514 -0.023299281539305227 -0.004269467607181711 0.0097804637640060352 -0.019103168441154662 0.0094090791494860129 0.0047592379660041477 -0.0037090574167808685 0.02575937349815105 0.021814293113557752 -0.00029957159965932274 0.004221613115257726 -0.022417057811759154
leaf_weight=4311.4565615579486 5343.5345043241978 217.2933534681797 166.18665035814047 6481.079037219286 353.76042507588863 292.88027456402779 12033.324706748128 135.42401700466871 592.04707755148411 1968.6299505382776 3909.6081687808037 179.02259217947721 1438.340358145535 3488.4338000714779 2334.4681410193443 4868.2006207853556 236.46614792943001 572.96929486095905 484.19617657363415 613.34214562177658 3044.7952277734876 491.91715450584888 4647.7348202988505 1452.5544828921556 3343.6798134446144 468.88895207643509 62.250388436019421 16385.996600344777 525.10074474662542 291.31894836574793
leaf_count=32992 23001 1043 805 20309 1552 1328 44053 685 3211 13159 26839 1256 5395 22299 21024 22451 785 2380 1417 3857 19441 1653 27921 5587 18298 3141 585 68684 2935 1545
internal_value=0 0.00474381 0.0053994 -0.00303205 0.0031141 0.00120923 -0.00199097 0.002363 -0.0212975 0.0114047 1.68812e-05 -0.0194813 0.000772318 -0.00189233 0.0148207 -0.000236847 0.00110784 -0.0204974 -0.00602381 0.0102163 0.0158972 -0.00420203 0.00856875 -0.00312345 0.000468469 0.0119128 -0.0127397 -0.000593798 0.00395163 -0.00528373
internal_weight=0 32957.6 32148.3 47777.3 23286.7 18361.9 41296.2 17435.1 809.34 8861.64 12652 471.903 12180.1 8270.45 6076.59 28778.7 21490.7 926.73 12517.5 4924.8 5848.15 7288.01 4783.16 6796.09 6832.11 3513.68 228.437 16622.5 2785.05 816.42
internal_count=399631 211691 207437 187940 144802 107953 167631 104021 4254 62635 75415 2584 72831 45992 44996 122161 91920 3932 45470 36849 43606 30241 28606 28588 40597 22582 1390 69469 17639 4480
is_linear=0
shrinkage=0.05


Tree=91
num_leaves=31
num_cat=0
split_feature=233 15 108 226 228 34 233 227 225 232 6 228 228 15 227 142 233 194 6 232 152 187 229 225 226 226 122 227 15 187
split_gain=797.863 807.104 577.481 236.897 201.015 188.486 172.206 206.035 148.14 145.248 138.349 120.148 116.89 112.683 111.411 111.979 109.124 102.177 101.607 101.28 89.6965 83.3046 80.5966 78.4338 76.6781 69.8657 65.0976 65.0605 60.485 59.0335
threshold=0.0058588914107531318 0.24740834534168246 0.013542233966290953 -0.017064406536519524 92.030529022216811 16.443942070007328 -0.052350873127579682 -0.029393327422440049 0.00082499513518996548 1.0157563090324404 2.9552500247955327 88.40799713134767 29.883596420288089 0.5830226242542268 0.24618177860975268 46.372949600219734 -0.052350873127579682 0.063654579222202315 1.4597499966621401 -1.8838361501693723 0.073895633220672621 -0.10850000008940695 0.87824690341949474 0.0017990402411669495 0.023450722917914394 0.019742332398891452 0.062057156115770347 0.15454842895269397 0.35605894029140478 -5.1714999675750724
decision_type=2 2 2 2 2 2 2 2 2 2 2 2 2 2 2 2 2 2 2 2 2 2 2 2 2 2 2 2 2 2
left_child=2 4 5 12 10 6 -1 26 18 23 -2 13 16 -3 15 17 21 28 -9 -10 -11 -4 -20 -5 29 -21 -8 -15 -14 -25
right_child=1 11 3 9 -6 -7 7 8 19 20 -12 -13 14 27 -16 -17 -18 -19 22 25 -22 -23 -24 24 -26 -27 -28 -29 -30 -31
leaf_value=-0.023909690557980923 -0.027365189371967965 -0.0020751445952174124 -0.016908961851206609 0.028224066064462927 0.023952677420312971 0.032481178780420547 -0.018729746529196473 -0.0040705380524943364 0.024862581738951301 -0.011165127762893605 -0.013778922647973455 0.033650465653518417 0.0018192575251936385 0.005959536184566315 0.032454264342035445 0.011145232885529155 0.029844524940493458 -0.016611155821895884 0.02835198806963269 -0.017597357020434426 0.023539334093030717 0.048569459034559143 0.0083618044882653435 0.021389555572887083 0.033139132763834893 0.01316445492892096 0.0092810489387689168 0.02760357865988727 0.10998373915846178 0.0023814800982020052
leaf_weight=1078.3354713339359 4507.300805516541 2947.813466090709 274.96336769871414 3144.6342536956072 248.70906076207757 343.76111042872071 1840.6448153443635 926.52873999811709 198.97325060516596 545.73065647482872 3206.956937590614 357.57922969758511 26.298819042742252 826.85740681737661 204.32625416666269 639.57881013676524 647.73972385004163 1378.5953619796783 797.31395163014531 1269.3437636829913 282.59803296625614 58.997487898916006 1371.6766120102257 725.90659925527871 493.64955798536539 215.9848297983408 233.76471127942204 598.52295510470867 25.414832830429077 934.08916009403765
leaf_count=22734 115751 23151 3335 11680 2816 1750 41561 10679 1159 4270 63440 1653 330 3176 1169 3125 4875 18658 5668 23736 1210 512 14751 3372 2095 2351 2725 1937 111 5851
internal_value=0 -0.0105729 0.00586158 0.0143537 -0.0202907 -0.00376559 -0.00533636 -0.00241433 0.00329654 0.0201455 -0.0217171 0.00578439 0.00345529 0.00350589 -0.00276908 -0.00624611 0.0178747 -0.0140228 0.00978952 -0.00863668 0.000674873 -0.00534155 0.0157101 0.0231896 0.0158385 -0.0131242 -0.0155732 0.015048 0.054977 0.0106936
internal_weight=0 12693.7 17658.9 9382.52 7962.97 8276.33 7932.57 6854.23 4779.82 6126.61 7714.26 4730.77 3255.91 4373.19 2274.21 2069.89 981.701 1430.31 3095.52 1684.3 828.329 333.961 2168.99 5298.28 2153.65 1485.33 2074.41 1425.38 51.7137 1660
internal_count=399631 211924 187707 60593 182007 127114 125364 102630 58344 28478 179191 29917 32115 28264 23393 22224 8722 19099 31098 27246 5480 3847 20419 22998 11318 26087 44286 5113 441 9223
is_linear=0
shrinkage=0.05


Tree=92
num_leaves=31
num_cat=0
split_feature=233 227 7 29 226 232 38 234 234 229 151 227 225 3 189 29 158 188 29 20 227 151 225 128 232 224 233 157 3 227
split_gain=440.223 305.131 242.827 213.52 204.256 296.121 173.277 158.799 147.095 119.153 92.4637 90.3041 85.6106 85.3081 83.499 79.2389 78.0528 75.9642 67.6219 63.8895 63.031 79.4175 72.0701 66.6733 62.753 57.0694 53.914 56.5547 56.789 47.3218
threshold=-0.0055104533676058045 0.20794968307018283 1.0000000180025095e-35 0.042128385975956924 -0.02959382068365812 -1.4890024065971372 -0.043985530734062188 0.0079615630675107258 -0.0098380171693861467 0.97998017072677623 2.6645467281341557 0.11149330809712411 0.14232292771339419 665402.78125000012 0.53849998116493236 0.021720306947827343 -1565627.2499999998 1.2275000214576723 0.022247320972383026 0.14518050104379657 0.15422817319631579 7.0807492733001718 -0.015287211164832113 -0.028292152099311348 -2.8103680610656734 1.5000000000000002 -0.017188164405524727 -0.89237180352210987 178081.60156250003 0.038397464901208885
decision_type=2 2 2 2 2 2 2 2 2 2 2 2 2 2 2 2 2 2 2 2 2 2 2 2 2 2 2 2 2 2
left_child=3 2 4 13 5 -2 18 16 24 -10 11 -8 -4 -1 -13 -12 -7 20 -6 -9 22 25 23 -17 -5 -22 27 -26 -29 -24
right_child=1 -3 12 8 6 7 10 19 9 -11 15 14 -14 -15 -16 17 -18 -19 -20 -21 21 -23 29 -25 26 -27 -28 28 -30 -31
leaf_value=-0.0077455547266212475 -0.021425780226923121 -0.017774517940833925 0.036029534273626783 -0.017635485005013652 -0.020172182451637849 0.025692617408157516 0.0024605925053172752 0.03386525741187156 -0.018289209884771347 0.0014706706227517023 -0.0086838331965731486 0.012242608325865725 0.0088201534600438735 -0.018612552162677754 0.062442940411099226 0.023628117393924945 0.0033537860269783233 -0.0064463478745301547 -0.0032560178794506772 -0.0081883046773627826 -0.0098866784480566416 -0.0035869063913467323 0.001888975239782963 0.0080507863254257479 0.0103903278197214 0.019569629112131042 -0.0092668280133651453 0.015783636160737351 -0.0010126331426199137 0.0073343718797072481
leaf_weight=3956.9353813230991 510.68533954769373 1661.8116890490055 776.48097677528858 401.38186156004667 650.3442949950695 547.29396001622081 289.18800279125571 1454.1673762202263 2026.2307057529688 1223.645201921463 1267.8271587528288 146.89096757024527 460.55506971478462 3322.2857231274247 189.94852811098099 1005.1232729777694 1369.501518830657 1593.3911330401897 6450.0314885601401 96.296702966094017 213.86217933893204 3767.9847456291318 7633.4180016852915 2169.79777123034 2352.2732560783625 711.42758011817932 853.24139612168074 569.85283888876438 4305.3558591008186 8358.3248049691319
leaf_count=38746 4748 13280 3540 2965 8621 2749 1926 5656 16582 6628 14244 702 2331 39035 808 3553 6971 7513 46744 338 1442 21245 46875 9899 12404 3957 6298 3383 23912 42536
internal_value=0 0.00321536 0.00409481 -0.00597823 0.00339285 0.0141203 0.00215406 0.0193558 -0.00180434 -0.0108492 0.00396101 0.0229556 0.0258993 -0.0127053 0.0405513 0.003516 0.00973209 0.00412367 -0.00480542 0.0312534 0.00482955 -0.000363802 0.00610123 0.0129823 0.00166115 0.0127614 0.00261965 0.00402291 0.000950647 0.00473509
internal_weight=0 41324.4 39662.5 19011.2 38425.5 3977.94 34447.6 3467.26 11732 3249.88 27347.2 626.027 1237.04 7279.22 336.839 26721.2 1916.8 25453.3 7100.38 1550.46 23859.9 4693.27 19166.7 3174.92 8482.11 925.29 8080.72 7227.48 4875.21 15991.7
internal_count=399631 249678 236398 149953 230527 20462 210065 15714 72172 23210 154700 3436 5871 77781 1510 151264 9720 137020 55365 5994 129507 26644 102863 13452 48962 5399 45997 39699 27295 89411
is_linear=0
shrinkage=0.05


Tree=93
num_leaves=31
num_cat=0
split_feature=160 7 6 110 29 36 228 233 7 225 230 12 226 234 233 225 124 229 187 234 234 15 246 17 25 142 232 232 226 226
split_gain=408.303 159.986 141.614 137.671 112.994 93.6044 90.1647 220.669 89.7132 80.0678 78.0384 75.0689 72.9597 71.1278 156.85 137.921 66.5036 57.2108 57.1365 56.7619 56.4665 55.3902 50.5964 46.6249 46.1617 45.3593 43.0988 68.6967 64.1636 40.7673
threshold=3.6044785976409917 1.0000000180025095e-35 1.4132500290870669 0.7873075306415559 0.070512320846319212 -1.0000000180025095e-35 28.266542434692386 0.019478814676404003 1.0000000180025095e-35 0.016725450754165653 4.5000000000000009 0.10636672750115396 0.062622996047139182 -0.020649572834372517 -0.036969205364584916 -0.0057956057135015717 0.009804537985473873 0.83248120546340953 -25.529999732971188 0.03420557081699372 -0.006932137766852974 0.017315132543444637 104.50000000000001 -0.022224820218980309 32.801374435424812 10.615849971771242 -0.61632698774337757 -0.48024469614028925 0.0011882765393238517 -0.055162630975246423
decision_type=2 2 2 2 2 2 2 2 2 2 2 2 2 2 2 2 2 2 2 2 2 2 2 2 2 2 2 2 2 2
left_child=1 2 6 4 8 10 7 -1 9 13 25 -3 17 24 15 -15 29 20 -5 -20 -12 -22 26 -19 -2 -4 -8 28 -28 -16
right_child=3 11 5 18 -6 -7 22 -9 -10 -11 12 -13 -14 14 16 -17 -18 23 19 -21 21 -23 -24 -25 -26 -27 27 -29 -30 -31
leaf_value=0.016680358084844131 0.0072311333212302879 -0.030475148799269377 0.01390661187201204 -0.018485075264513515 -0.0074855024522562374 -0.022862054346384438 0.018802558554771993 -0.030874781193230019 -0.028681495237186473 0.0057956847172041734 0.0096326887513882489 0.009321405225502389 0.015795046519898062 -0.026591281022078979 -0.023563251373102046 -0.0022057320440708964 -0.0036558468275489386 0.0081077416960943054 -0.0078492345092229833 -0.00086458651598651846 -0.026340115408413495 -0.0034100858262454551 0.030459891879566093 -0.0017093052477704191 -0.00074344322821013578 0.0052545827310313976 -0.038838177903603666 0.011598239397041854 0.0077536124079550343 0.0025207550888978556
leaf_weight=617.75481117516756 3963.3906936198473 449.05242276191711 1994.9477478265762 939.2358096241951 5650.3619865179062 332.60125386714935 1952.2679061517119 403.13170884549618 268.1732285618782 5659.156761534512 278.42163782566786 160.97655741870403 704.54250061511993 1160.8581879138947 152.05446806550026 1158.4891847670078 9618.5202107056975 1678.1709012389183 9632.9179317653179 4167.0414260029793 566.13423243165016 492.46577024459839 430.36438751220703 4330.521545663476 3347.3458588644862 6294.6867181882262 135.03871774673462 3717.6723009198904 163.19631991535425 10090.794762484729
leaf_count=5415 20768 2545 16632 2711 18439 1512 17825 1603 1343 26617 2347 823 4435 3920 601 4912 40187 12324 34235 14359 2464 2195 3809 26462 16374 40904 623 26266 1277 46410
internal_value=0 0.00531403 0.00595433 -0.00240694 -0.000919226 0.00339708 0.0117008 -0.0020984 0.000128293 0.000348091 0.00393159 -0.0199735 0.000425183 -0.000697256 -0.00210698 -0.014411 -0.000670161 -0.00104897 -0.0065523 -0.00574015 -0.0104033 -0.015673 0.0139025 0.0010325 0.00357984 0.00733674 0.0127085 0.00974603 -0.0133428 0.00213354
internal_weight=0 24701.9 24091.9 55808.3 41069.1 16672.5 7419.43 1020.89 35418.8 35150.6 16339.9 610.029 8050.26 29491.5 22180.7 2319.35 19861.4 7345.71 14739.2 13800 1337.02 1058.6 6398.54 6008.69 7310.74 8289.63 5968.18 4015.91 298.235 10242.8
internal_count=400337 169461 166093 230876 179571 109275 56818 7018 161132 159789 107763 3368 50227 133172 96030 8832 87198 45792 51305 48594 7006 4659 49800 38786 37142 57536 45991 28166 1900 47011
is_linear=0
shrinkage=0.05


Tree=94
num_leaves=31
num_cat=0
split_feature=233 15 226 13 152 229 228 234 6 228 29 233 233 122 233 233 187 234 15 39 3 228 246 233 225 233 164 18 228 193
split_gain=745.371 846.453 574.899 273.292 271.731 237.528 164.244 161.339 158.239 126.808 113.718 122.653 92.6509 105.147 82.6043 82.2685 172.669 78.1899 71.6879 70.6423 70.4092 66.9135 68.6499 66.5346 83.3599 67.1462 64.4353 63.0676 62.9587 62.7959
threshold=-0.00032215450482908631 0.30753251910209661 -0.016695752739906308 0.04974931292235852 0.10242580249905588 0.98815491795539867 29.883596420288089 -0.034047760069370263 3.0218499898910527 54.589241027832038 0.034256096929311759 -0.025755463168025013 -0.030656483024358746 0.068684842437505736 -0.046004204079508774 -0.023511325009167191 -1.9344999790191648 -0.011276395060122011 0.81733050942420971 1.2604030370712282 775547.25000000012 88.40799713134767 86.500000000000014 0.064911253750324263 -0.0067020803689956656 0.020514339208602909 148.17609405517581 0.1451428830623627 92.030529022216811 0.16222728043794635
decision_type=2 2 2 2 2 2 2 2 2 2 2 2 2 2 2 2 2 2 2 2 2 2 2 2 2 2 2 2 2 2
left_child=2 4 3 6 8 10 7 -1 -2 20 11 -4 -7 -14 19 -12 -17 -10 23 -9 -5 -19 -23 25 -25 29 -26 -8 -6 -3
right_child=1 18 5 9 28 12 27 14 17 -11 15 -13 13 -15 -16 16 -18 21 -20 -21 -22 22 -24 24 26 -27 -28 -29 -30 -31
leaf_value=-0.024490156874190046 -0.026013650057578681 0.053986558112497467 0.01570045303571338 0.027064875342505207 0.00049358877460679157 0.012859532912203051 -0.018667289932407509 0.036022026650455889 0.013390130106563132 -0.018125041664548522 0.029764930786514467 -0.017030593308698574 -0.019151553319489277 0.014054167269700064 0.0018105026400645253 0.024215893626241006 -0.0058630720855056759 -0.015693147929003674 0.022980796857818231 -0.0088545738580115985 0.002143942593693588 0.0049900415937901548 0.10778636139479868 -0.010290244265729099 -0.0091482191500068706 -0.0086174489328596487 0.022549009169638212 -0.00081150882937412955 0.031214815689617377 0.0060485559889523676
leaf_weight=477.2330711428076 5109.6829127725214 75.743548311293125 1213.3637800887227 1016.0127310417593 832.21746956184506 803.85115408524871 2893.6745995786041 379.04579800739884 274.49704215116799 256.24797408655286 2511.4656628370285 374.57738216035068 803.31845589727163 339.00992773473263 1385.4252240695059 2027.3151680491865 623.97207453846931 3140.7908912301064 768.77728514373302 114.08733425289392 393.08069212920964 81.156366864219308 20.305012259632349 309.05597924813628 184.552818428725 1064.1872889436781 1221.6923363469541 596.45960056222975 208.56505015492439 696.48398794233799
leaf_count=9222 133193 361 4425 6110 8600 6071 61265 1371 4823 2290 7658 7534 11495 1762 23022 9031 4535 62369 2441 918 2719 1475 363 2041 1081 6748 6368 6426 886 3734
internal_value=0 -0.00926116 0.00649281 -0.00363986 -0.0174839 0.0152441 -0.00873027 0.00147068 -0.0203956 0.0142292 0.0196809 0.00797957 -0.000145487 -0.00929706 0.00806582 0.0232799 0.0171369 -0.0122328 0.00913733 0.0256397 0.0201129 -0.0144021 0.0255622 0.00614087 0.0132218 -0.000473054 0.0183891 -0.0156158 0.00664989 0.0107505
internal_weight=0 13987.7 16208.1 7511.27 9667.21 8696.87 5845.93 2355.79 8626.43 1665.34 6750.69 1587.94 1946.18 1142.33 1878.56 5162.75 2651.29 3516.75 4320.49 493.133 1409.09 3242.25 101.461 3551.72 1715.3 1836.41 1406.25 3490.13 1040.78 772.228
internal_count=400337 234483 165854 113343 211709 52511 102224 34533 202223 11119 33183 11959 19328 13257 25311 21224 13566 69030 22774 2289 8829 64207 1838 20333 9490 10843 7449 67691 9486 4095
is_linear=0
shrinkage=0.05


Tree=95
num_leaves=31
num_cat=0
split_feature=233 227 225 29 234 232 227 234 29 228 151 229 234 227 227 227 151 227 6 228 151 232 225 228 233 230 227 232 38 185
split_gain=415.031 276.962 253.07 200.039 142.526 134.894 258.292 149.521 133.592 121.85 154.862 120.374 89.459 87.0182 101.418 99.2168 92.9123 92.493 86.4689 78.573 78.2345 73.7686 78.2191 72.0196 71.3946 70.0404 68.9691 68.9854 65.0809 67.4125
threshold=-0.0055104533676058045 0.15536781400442126 0.048409214243292815 0.03467278182506562 -0.0098380171693861467 -1.5185908079147337 -0.059868887066841119 0.0079615630675107258 0.020277057774364952 57.011194229125984 7.0807492733001718 0.97998017072677623 -0.011504785157740114 0.038397464901208885 0.13025868684053424 -0.011741669848561285 3.0983552932739262 -0.050510147586464875 0.96645000576972973 39.999382019042976 36.137224197387702 -0.21642581373453137 0.01083290344104171 50.77893257141114 -0.010964763816446064 7.5000000000000009 -0.036407448351383202 -2.2622259855270381 -0.74270224571228016 2.2500000085301511e-07
decision_type=2 2 2 2 2 2 2 2 2 2 2 2 2 2 2 2 2 2 2 2 2 2 2 2 2 2 2 2 2 2
left_child=3 2 5 -1 12 19 7 18 -8 10 -3 24 21 15 20 17 -16 -10 -7 -2 -15 26 28 -13 -6 -17 27 -5 -23 -30
right_child=1 9 -4 4 11 6 8 -9 13 -11 -12 23 -14 14 16 25 -18 -19 -20 -21 -22 22 -24 -25 -26 -27 -28 -29 29 -31
leaf_value=-0.016209395016518927 -0.016647523140492251 0.019627978208669815 0.026464512337881677 -0.01390287081308059 -0.021135687338221895 0.040766437476497816 -0.012380344664439465 0.030232374721924971 -0.0054912779487230291 -0.011148319015843766 -0.004336348592248661 -0.01704412039736931 0.033418040542723862 0.0081513929396299766 0.035023854890714488 -0.0055780307364092022 0.00021490081529756757 0.0099553938839395551 0.0010471427380517274 0.0030815120692446549 0.020180398772574076 0.025502192431791061 -0.0088183371579726028 0.0065736706887581202 -0.0030391539716650997 0.0065589194917822615 -0.0068487244302583017 0.0091037136577220724 -0.0020511906772775527 0.015022224562044243
leaf_weight=3643.864433337003 1158.2274951711297 883.26681948825717 1348.0176515579224 412.90929840505123 2198.5838611423969 158.64016361162066 1227.0903292782605 1531.3518205732107 1260.9818470403552 4103.2520866803825 2847.3803243897855 440.74487402290106 196.48908111453056 7304.7075253687799 199.4464708045125 5066.130373686552 4938.3407180532813 4187.1280187554657 1005.6199815869331 894.34954480826855 1658.6129371374846 493.85106153041124 785.97614993155003 1206.0435617566109 724.6657595038414 1553.1056745424867 4903.885689586401 1545.0374410524964 1302.2054063305259 1039.793527752161
leaf_count=47009 10565 4862 5900 2900 19687 822 15017 6080 8321 30910 15721 3565 822 37934 863 33447 24783 25467 5181 7335 7909 2187 4993 6179 5627 9108 35479 10157 6448 5059
internal_value=0 0.00326113 0.00524079 -0.00568442 -0.00316959 0.00435073 0.00519668 0.0199645 0.00374359 -0.00520237 0.00133744 -0.010559 -7.66894e-06 0.00449967 0.00716693 0.00138289 0.00156617 0.00638021 0.00645923 -0.00805118 0.0103773 -0.000634147 0.00513891 0.000252628 -0.0166496 -0.00273028 -0.00368129 0.00425188 0.00900726 0.00552901
internal_weight=0 41325.6 33491.8 18894.1 15250.2 32143.7 30091.2 2695.61 27395.5 7833.9 3730.65 4570.04 10680.1 26168.5 14101.1 12067.3 5137.79 5448.11 1164.26 2052.58 8963.32 10483.7 3621.83 1646.79 2923.25 6619.24 6861.83 1957.95 2835.85 2342
internal_count=400337 250225 198732 150112 103103 192832 174932 12083 162849 51493 20583 35058 68045 147832 71489 76343 25646 33788 6003 17900 45843 67223 18687 9744 25314 42555 48536 13057 13694 11507
is_linear=0
shrinkage=0.05


Tree=96
num_leaves=31
num_cat=0
split_feature=29 15 234 227 7 7 232 226 6 29 234 110 227 230 130 227 225 227 41 146 14 3 233 225 3 191 234 234 230 227
split_gain=376.119 160.498 143.512 158.619 132.549 122.042 100.211 266.492 92.7532 85.1868 82.3437 66.4941 65.6606 74.9231 62.7455 62.5721 61.6163 68.8074 61.1298 59.7483 59.3088 59.1714 65.1051 52.1051 51.9539 44.8871 45.3292 55.1678 42.1416 43.5002
threshold=0.032181382179260261 0.1118288040161133 -0.011504785157740114 0.090677767992019667 1.0000000180025095e-35 1.0000000180025095e-35 -1.1921979784965513 -0.030112086795270439 1.4368500113487246 0.051171280443668372 -0.0011131095234304664 0.91984793543815624 0.16069030016660693 10.500000000000002 0.1208418942987919 -0.068882577121257768 0.0054039249662309894 -0.068882577121257768 0.082354757934808745 1316.002868652344 0.59155243635177623 2212173.3750000005 -0.025755463168025013 0.0069221146404743203 1441113.1250000002 1.0000000180025095e-35 -0.042189449071884148 -0.046986028552055352 6.5000000000000009 -0.017081287689507004
decision_type=2 2 2 2 2 2 2 2 2 2 2 2 2 2 2 2 2 2 2 2 2 2 2 2 2 2 2 2 2 2
left_child=2 4 18 5 9 6 -4 15 -9 14 24 12 -12 20 16 -8 28 -18 -1 -5 -14 22 -10 -15 -3 -11 27 -27 -2 -30
right_child=1 10 3 19 -6 -7 7 8 21 25 11 -13 13 23 -16 -17 17 -19 -20 -21 -22 -23 -24 -25 -26 26 -28 -29 29 -31
leaf_value=0.018455650005152972 0.0015762715415833526 -0.010358050875284644 0.013198907677738347 -0.046734283341733573 -0.023977317340483861 -0.02791554218679336 -0.032931083991112844 0.011664263243069635 -0.01744804235574798 -0.014429141288205265 -0.0030792512890555623 -0.0071052251012462403 0.0071907671915324147 -0.033374491940048732 0.0098215667534875227 0.024395841927279439 -0.034707453234448175 0.0058059197165663667 -0.059375081003617082 0.014542080321945657 -0.025560404037770674 0.010548006001299279 -0.00036393232541319376 0.0079993777096036209 0.00023635624263268324 -0.0063971591723473832 -0.0027824610269354512 0.019658826822719938 -0.0096587349786583614 0.00084927820937023976
leaf_weight=2558.4555240869522 9041.5702411532402 6839.4529554769397 1877.4925365373492 40.224202752113342 535.32408048212528 334.89502091705799 662.16954903304577 2253.0342888012528 654.41369241476059 749.92981095612049 9805.2943478375673 5882.2734559103847 4001.3826496079564 213.5784634500742 2775.4175770580769 51.286314561963081 106.21125160157681 7910.8152684494853 25.479732856154442 3613.1565177664161 143.17721578478813 1005.2679715827107 3771.8960313126445 118.21728813648224 1392.8514130413532 337.02235420048237 8974.6662732511759 511.41074772179127 2052.546738229692 1893.4516727402806
leaf_count=25275 49152 23929 16506 166 2785 1946 2920 16749 2042 2760 35438 19974 16069 628 15939 501 496 43222 137 26373 390 6948 25644 449 5284 1460 35661 2207 10089 9309
internal_value=0 -0.00156064 0.00684589 0.00488178 0.000711034 0.00178785 0.00275592 0.000421266 0.00313518 0.00109575 -0.00435167 -0.00263128 -0.000788566 0.0042291 0.00275598 -0.0288102 0.00182238 0.00526919 0.0176882 0.0138674 0.00605935 -0.000402715 -0.00288976 -0.0186332 -0.00856555 -0.00263829 -0.00173814 0.00930863 -0.000305289 -0.00461656
internal_weight=0 63284.6 16847.8 14263.8 34888.4 10610.5 10275.6 8398.07 7684.61 34353 28396.2 20163.9 14281.6 4476.36 23780 713.456 21004.6 8017.03 2583.94 3653.38 4144.56 5431.58 4426.31 331.796 8232.3 10573 9823.1 848.433 12987.6 3946
internal_count=400448 275241 125207 99795 173080 73256 71310 54804 51383 170295 102161 72948 52974 17536 128207 3421 112268 43718 25412 26539 16459 34634 27686 1077 29213 42088 39328 3667 68550 19398
is_linear=0
shrinkage=0.05


Tree=97
num_leaves=31
num_cat=0
split_feature=233 15 226 152 152 228 233 15 151 228 233 151 246 187 5 187 29 228 43 211 233 226 122 151 167 226 126 5 122 232
split_gain=706.334 740.459 485.758 293.737 251.548 180.091 174.904 319.69 165.72 115.546 112.234 126.956 105.324 104.368 98.7067 97.3518 95.3657 85.3024 82.2198 79.6214 79.5892 78.8181 78.7518 72.3047 69.3989 68.8012 68.228 64.3912 61.6154 60.8349
threshold=0.0058588914107531318 0.30753251910209661 -0.016695752739906308 0.052081082016229636 0.099756129086017623 29.883596420288089 -0.025755463168025013 0.12433041259646417 22.280946731567386 60.663856506347663 -0.052350873127579682 23.183997154235843 104.50000000000001 -1.0000000180025095e-35 1.0000000180025095e-35 -2.9695000648498531 0.035768933594226844 51.668199539184577 3.5000000000000004 1.0000000180025095e-35 0.064911253750324263 -0.024013678543269631 0.18545309454202655 7.0026230812072763 5.1072499752044687 0.015928446315228943 0.045679409056901939 43.309249877929695 0.059977209195494659 0.77483341097831737
decision_type=2 2 2 2 2 2 2 2 2 2 2 2 2 2 2 2 2 2 2 2 2 2 2 2 2 2 2 2 2 2
left_child=2 4 3 5 8 10 9 16 22 12 13 21 23 -1 -9 27 -8 -5 -15 29 -3 28 -2 -4 -22 -18 -6 -16 -12 -7
right_child=1 20 6 17 26 19 7 14 -10 -11 11 -13 -14 18 15 -17 25 -19 -20 -21 24 -23 -24 -25 -26 -27 -28 -29 -30 -31
leaf_value=-0.026374830087680545 -0.027058735982111788 0.00035587219385483678 0.010855489350288551 0.018444487146401685 -0.0012380122639007553 -0.00028371715511481607 -0.023923577900688962 0.030577634336669626 -0.010956966274403308 -0.015124836824633626 -0.011318195525098862 0.028853481324353048 -0.025677323678425748 -0.010070476632749719 0.0037548550951081077 -0.0059527404632704209 -0.010944915737461572 -0.011406428127609742 0.084436915153652925 -0.017049227576252182 -0.0070993156485139874 0.024216084016130037 0.12683927156301192 0.027238013473396546 0.018465576513246675 0.012171164990781533 0.032285018738023204 0.025262729810518983 0.021262360338766807 0.066933165019100627
leaf_weight=493.13405135460198 4981.5438050720841 1847.6917864345014 854.40654126182199 1589.4045324511826 849.33714786544442 124.3105345312506 677.9344841837883 935.97676120698452 2465.5610653795302 215.2182384096086 916.18427108600736 520.59869732894003 110.64636393263936 52.659167297184467 533.42898939363658 601.05666779354215 734.52169931121171 281.74790858663619 40.878954265266657 3617.1297162994742 312.46300572529435 265.71625232696533 8.3264495730400068 3181.1458873972297 1764.8563748449087 572.99357975274324 184.80637408420444 1001.0508535820991 172.42562285810709 46.16169685125351
leaf_count=9442 130264 10347 3590 10477 9080 1813 16167 3878 51355 3603 18473 5412 535 677 2883 3595 10407 2415 338 72517 1806 783 45 11863 8745 3232 724 3997 1756 229
internal_value=0 -0.0100535 0.00553243 -0.00342909 -0.0183564 -0.00863269 0.0132589 0.00693111 -0.0215619 0.0205958 0.00189608 0.00786822 0.02245 -0.0171901 0.0170386 0.0111046 -0.00870528 0.0139497 0.0312321 -0.0154754 0.00790529 -0.000198453 -0.0268019 0.0237695 0.0146202 -0.000814735 0.00475271 0.017786 -0.00615774 0.0179178
internal_weight=0 12414.6 17538.7 8120.35 8489.57 6249.2 9418.38 5056.96 7455.43 4361.42 2461.6 1874.92 4146.2 586.672 3071.51 2135.54 1985.45 1871.15 93.5381 3787.6 3925.01 1354.33 4989.87 4035.55 2077.32 1307.52 1034.14 1534.48 1088.61 170.472
internal_count=400448 212366 188082 124332 191468 111440 63750 44159 181664 19591 36881 26424 15988 10457 14353 10475 29806 12892 1015 74559 20898 21012 130309 15453 10551 13639 9804 6880 20229 2042
is_linear=0
shrinkage=0.05


Tree=98
num_leaves=31
num_cat=0
split_feature=233 227 7 160 226 234 142 234 229 234 227 228 151 227 225 227 227 227 226 234 3 233 144 6 229 234 3 151 233 184
split_gain=374.232 261.206 200.216 195.296 174.182 253.234 149.169 138.768 122.914 119.696 109.66 93.753 86.9051 87.9587 80.3359 79.7728 118.798 99.3056 98.066 75.6028 78.6794 77.5976 75.4232 74.6359 70.7448 83.594 69.9992 67.9033 59.0569 58.5795
threshold=-0.0055104533676058045 0.20794968307018283 1.0000000180025095e-35 3.425679206848145 -0.02959382068365812 -0.0059268265031278125 8.3838000297546404 -0.0098380171693861467 0.97998017072677623 0.016909533180296425 -0.054757183417677872 74.275436401367202 4.9673101902008066 0.059201214462518699 0.14232292771339419 0.13724447786808017 0.038397464901208885 -0.012126587331295012 0.23819749057292941 -0.011504785157740114 191760.03906250003 -0.017188164405524727 -0.60589998960494984 2.441850066184998 0.93435335159301769 -0.030719652771949765 264813.90625000006 2.7836118936538701 -0.010964763816446064 6.500000154119335e-06
decision_type=2 2 2 2 2 2 2 2 2 2 2 2 2 2 2 2 2 2 2 2 2 2 2 2 2 2 2 2 2 2
left_child=3 2 4 -1 5 -2 -6 19 28 22 27 12 13 -12 -4 16 17 -14 23 20 -5 24 29 -18 -22 -26 -19 -8 -9 -7
right_child=1 -3 14 7 6 9 10 8 -10 -11 11 -13 15 -15 -16 -17 18 26 -20 -21 21 -23 -24 -25 25 -27 -28 -29 -30 -31
leaf_value=-0.016514035034670301 -0.026309117877534944 -0.016760794939679233 0.034332709111178548 0.010599723738722299 -0.01357782390921111 0.027419317498817753 0.032252285206050078 -0.020801950123909133 0.0003130003622429608 0.033072077876905387 0.0018009690120709748 -0.0026035006041723718 0.0081720033172911818 0.020052278244759761 0.0075709594631107298 -0.00073502689213580182 0.0054727495178985078 0.011469405764511893 -0.006571200082415682 0.03054251246822139 0.0036313936382013248 -0.015837310634884857 0.000327933974537907 0.01736145869019939 -0.00045757105201413149 -0.015787045757425743 -0.0047195361744865345 -0.012564428462367423 -0.0043955594548914009 0.0089407864499550706
leaf_weight=3398.2938375100493 369.79433750733733 1630.7689820788801 722.08102191984653 1336.9283885136247 1488.824517481029 845.44982944056392 89.461404964327812 2198.6150125265121 1662.3589517176151 887.08035533130169 1085.8374190703034 5609.1584527790546 3752.281531251967 1683.7857045941055 458.4844271838665 7446.0642692632973 2087.2380493544042 779.34057276695967 722.01872713118792 196.76846398413181 4297.2095848992467 959.63220699876547 924.23298444598913 3592.0088846199214 2641.2153583317995 1340.7799876704812 4662.2019706852734 1529.6366939879954 730.83894118666649 870.49514257535338
leaf_count=45298 3511 13382 3534 8699 17814 4488 682 20171 9903 3625 7701 36027 23668 8036 2370 39744 10896 4887 2975 818 24351 8031 4573 16447 17067 10098 29603 12055 5718 4276
internal_value=0 0.00285039 0.00365789 -0.00566737 0.00303475 0.0130551 0.00190379 -0.0032683 -0.0105465 0.017182 0.00260143 0.00325534 0.00452857 0.0128968 0.0239395 0.00352268 0.00555558 0.0019142 0.0107855 -0.000165955 -0.000737305 -0.00237786 0.011843 0.0129921 -0.000817789 -0.00561917 -0.00240095 -0.0100881 -0.0167089 0.0180452
internal_weight=0 41236.2 39605.5 18762.6 38424.9 3897.05 34527.9 15364.3 4591.81 3527.26 33039 31419.9 25810.8 2769.62 1180.57 23041.2 15595.1 9193.82 6401.27 10772.5 10575.8 9238.84 2640.18 5679.25 8279.2 3982 5441.54 1619.1 2929.45 1715.94
internal_count=400448 250294 236912 150154 231008 20473 210535 104856 35792 16962 192721 179984 143957 15737 5904 128220 88476 58158 30318 69064 68246 59547 13337 27343 51516 27165 34490 12737 25889 8764
is_linear=0
shrinkage=0.05


Tree=99
num_leaves=31
num_cat=0
split_feature=41 6 194 41 5 5 29 227 3 232 227 3 191 7 32 232 227 29 226 7 226 187 108 6 142 227 227 233 225 225
split_gain=342.523 168.463 119.495 111.044 89.3291 159.463 88.5191 83.5008 64.2023 73.2947 85.2887 55.4628 45.1609 43.4971 43.5852 41.4615 61.574 40.6932 39.4075 39.3475 38.206 43.6716 42.2941 38.0744 37.2647 34.9953 34.0921 34.0698 32.3944 31.9821
threshold=0.022745255380868915 1.3903500437736513 1.0000000180025095e-35 1.0000000180025095e-35 1.0000000180025095e-35 29.975799560546879 0.01851062756031752 0.22302427142858508 712334.37500000012 -0.67935836315155018 -0.01557164406403899 1240079.3125000002 0.55350109934806835 1.0000000180025095e-35 0.13657870888710025 -1.1921979784965513 -0.07932079583406447 0.02385786455124617 -0.030112086795270439 1.0000000180025095e-35 0.036901047453284271 -0.84450000524520863 0.11343928799033166 2.9338500499725346 48.064500808715827 -0.093692712485790239 -0.093692712485790239 0.07824015244841577 -0.0096520888619124872 0.14232292771339419
decision_type=2 2 2 2 2 2 2 2 2 2 2 2 2 2 2 2 2 2 2 2 2 2 2 2 2 2 2 2 2 2
left_child=3 8 17 -1 7 19 -5 -4 9 -2 -11 15 13 -7 -15 -8 18 -3 -17 -6 21 22 -9 26 25 -10 28 -18 -13 -21
right_child=1 2 4 6 5 12 11 20 24 10 -12 23 -14 14 -16 16 27 -19 -20 29 -22 -23 -24 -25 -26 -27 -28 -29 -30 -31
leaf_value=-0.030469696546191402 0.0079611181161499383 -0.04359166124181918 -0.0042177807297876053 0.020231461953214975 0.0048140110839490638 -0.0015365053782464763 0.010547553956177881 -0.040034470480497131 -0.020384323301520093 -0.023381161340269026 0.00012248105281060774 -0.033112265255178526 -0.0071223509478078283 -0.034236867401961128 0.0046221563530624826 -0.028077468070245439 0.0020169155736931461 -0.011211973787631472 0.015668185298580998 -0.03139116250959742 -0.0063839442788869299 0.0015623618385782467 -0.0078160123564717261 0.0042224694571761576 -0.011290203047272615 0.013473336689533981 0.016547280992257701 0.011298887631574744 0.033776137079365047 0.0039968676151222529
leaf_weight=194.97841838747263 2743.8549510836601 100.48136619478464 13659.239264011383 1250.0171301811934 10893.356417432427 22358.280403286219 2100.870576441288 411.4141865298152 78.594086088240147 449.04261919111013 2748.2340571880341 65.783636540174484 4826.6299999281764 201.02754168212414 112.56595326960087 249.62659579515457 5992.6041097119451 2826.780606880784 64.856842197477818 137.74877107143402 388.86080556362867 117.31781629472971 135.38032764196396 1145.4332843571901 175.32778844237328 2637.0960212945938 2259.2437585368752 1183.9383033663034 24.97281040251255 119.0041049271822
leaf_count=590 16538 405 56268 12681 57012 98702 16167 1318 406 2049 12942 285 16824 1155 472 1029 38765 10158 585 831 1356 433 417 7633 561 16677 19163 7614 274 590
internal_value=0 -0.00148009 -0.00248746 0.00700955 -0.00194788 -0.000685679 0.00751924 -0.00526364 0.00493997 0.00196623 -0.0031785 0.00630505 -0.0027308 -0.00179588 -0.0202882 0.00434013 0.00259925 -0.0123234 -0.0190557 0.00435801 -0.0188305 -0.0261185 -0.0320575 0.011697 0.0110511 0.0124935 0.0153402 0.00354819 -0.0147071 -0.0149889
internal_weight=0 65120.2 56288.1 14532.3 53360.8 38648.6 14337.3 14712.2 8832.15 5941.13 3197.28 13087.3 27498.5 22671.9 313.593 9591.9 7491.03 2927.26 314.483 11150.1 1052.97 664.112 546.795 3495.43 2891.02 2715.69 2350 7176.54 90.7564 256.753
internal_count=399900 295114 245941 104786 235378 175586 104196 59792 49173 31529 14991 91515 117153 100329 1627 64160 47993 10563 1614 58433 3524 2168 1735 27355 17644 17083 19722 46379 559 1421
is_linear=0
shrinkage=0.05


Tree=100
num_leaves=31
num_cat=0
split_feature=29 233 231 167 233 234 234 233 227 152 226 126 143 228 187 234 232 152 228 227 233 226 151 230 157 225 228 151 228 227
split_gain=636.309 444.179 298.022 322.459 259.739 223.185 201.681 199.9 184.76 174.092 178.733 149.828 127.823 120.119 98.5252 97.6514 95.1207 95.2181 90.9959 83.1136 112.536 84.0395 78.7134 77.4428 66.6472 66.2733 66.2493 64.0592 63.2275 63.1884
threshold=0.038171352818608291 -0.024283254519104954 1.7051149606704714 5.6298499107360849 -0.025755463168025013 -0.0098380171693861467 0.00041393567516934132 -0.052350873127579682 -0.024494701065123078 0.057640127837657935 0.015928446315228943 0.020944747142493728 1.0000000180025095e-35 59.570852279663093 -1.0000000180025095e-35 -0.033350853249430649 -1.6804370880126951 0.075295016169548049 92.030529022216811 0.15536781400442126 0.0089163798838853853 0.019742332398891452 23.40721416473389 2.5000000000000004 -0.2063782066106796 0.054646359756588943 66.089797973632827 28.788136482238773 52.126058578491218 0.18924812972545627
decision_type=2 2 2 2 2 2 2 2 2 2 2 2 2 2 2 2 2 2 2 2 2 2 2 2 2 2 2 2 2 2
left_child=1 5 4 6 15 -1 7 14 -9 10 28 19 -3 22 -4 -2 27 -18 -8 20 -5 -21 24 -7 -10 26 -23 -14 -6 -24
right_child=2 12 3 11 9 23 18 8 13 -11 -12 -13 16 -15 -16 -17 17 -19 -20 21 -22 25 29 -25 -26 -27 -28 -29 -30 -31
leaf_value=-0.017670590395560241 -0.0040282180350716653 0.06094426721436156 -0.023836589345735144 0.010821733619968379 -0.016699812336115526 -0.021166038517608773 -0.017363844572082673 -0.012902639124883855 -0.0028230806189145749 0.018354383670896778 0.026007487929672692 0.021273836720606315 -0.0083044690833198494 -0.014968579412247352 0.03541094526903947 0.028827113179133296 -0.02560004033397096 -0.0031897384230664128 0.027222084914769989 -0.0045982162951261792 -0.009068048719160204 0.014776996465920747 0.038870957353973473 0.014383989827815958 0.01810279155790669 -0.0028068303453825504 0.044476659242749635 0.040357349442368823 0.00016977117179828638 0.0047660660826436448
leaf_weight=922.01493703946471 252.13314124569297 47.684953521937132 955.53215939179063 1183.3307819925249 1151.3359390478581 165.81705645471811 3383.1890698019415 1003.0820666849613 608.81767526455224 1539.7566720619798 449.46561219543219 1655.4951286949217 423.35471552051604 352.49511703103781 75.73050632327795 2194.9897689856589 4610.1266958769411 528.30123707652092 118.44325672090054 435.0898616835475 1782.3206497840583 397.04296974092722 532.30733630433679 2012.3327042683959 1014.6183702722192 212.29095434397459 356.23401454463601 80.488959671929479 1073.1707389391959 182.33526341244578
leaf_count=23596 3413 324 17589 9897 14958 4263 50785 16371 7533 8550 1579 9167 11827 6249 728 7620 136359 7726 581 2678 19584 2536 4150 7269 8115 1362 2464 1513 9712 1402
internal_value=0 -0.0122777 0.00375513 -0.000326258 0.0124857 0.00294924 -0.00676171 -2.2158e-05 0.00541205 0.00496137 -0.00275075 0.0084654 -0.0205741 0.01224 -0.0194858 0.0254419 -0.0212631 -0.023296 -0.0158557 0.00360905 -0.00113179 0.0136469 0.0163421 0.0116777 0.0102552 0.0218683 0.0288223 -0.00053075 -0.0085614 0.0301694
internal_weight=0 8790.12 20909.2 14248.4 6660.85 3100.16 8226.55 4724.92 3693.66 4213.73 2673.97 6021.8 5689.96 2690.57 1031.26 2447.12 5642.27 5138.43 3501.63 4366.31 2965.65 1400.66 2338.08 2178.15 1623.44 965.568 753.277 503.844 2224.51 714.643
internal_count=399900 192877 207023 161191 45832 35128 113503 62137 43820 34799 26249 47688 157749 27449 18317 11033 157425 144085 51366 38521 29481 9040 21200 11532 15648 6362 5000 13340 24670 5552
is_linear=0
shrinkage=0.05


Tree=101
num_leaves=31
num_cat=0
split_feature=227 232 7 231 3 234 227 232 227 227 230 29 3 29 225 227 18 6 232 158 226 229 3 38 234 3 230 225 218 227
split_gain=274.517 245.158 206.778 151.967 120.395 112.915 179.325 160.218 125.497 148.324 104.791 104.088 88.2295 82.3553 81.2809 77.45 73.1255 72.0633 83.9744 64.4386 62.7949 61.6402 60.7638 60.4453 59.6264 59.1635 62.7924 58.5675 57.2027 59.6504
threshold=0.20794968307018283 -1.6804370880126951 1.0000000180025095e-35 1.4151450991630556 191760.03906250003 -0.0062993459869176141 -0.014098220970481632 -0.79598388075828541 0.038397464901208885 0.13415639102458957 2.5000000000000004 0.046557080000638969 738368.40625000012 0.031447328627109535 0.14232292771339419 0.16889240592718127 0.38921192288398748 2.441850066184998 1.2523899078369143 -4036931.3749999995 -0.055162630975246423 0.86389207839965831 849473.09375000012 -0.51150077581405629 0.026776698417961601 2454680.7500000005 7.5000000000000009 0.0090238009579479712 1.0000000180025095e-35 -0.050510147586464875
decision_type=2 2 2 2 2 2 2 2 2 2 2 2 2 2 2 2 2 2 2 2 2 2 2 2 2 2 2 2 2 2
left_child=1 10 3 12 28 13 7 20 25 17 11 -1 15 -6 -4 -3 -17 -10 22 -11 -7 -22 -19 -23 -20 26 -8 -24 29 -5
right_child=-2 2 14 4 5 6 8 -9 9 19 -12 -13 -14 -15 -16 16 -18 18 24 -21 21 23 27 -25 -26 -27 -28 -29 -30 -31
leaf_value=-0.01355272221355717 -0.015184807050145067 -0.0048561638272811873 0.033973563740245953 0.00077954362525691791 -0.014389007077640443 0.024648127980422766 -0.005402445075656237 0.028011016692924929 0.0026338545227788273 0.0099178825385876912 -0.016190695935030135 0.006102833650759463 -0.012580993979223435 -0.00074687963768487104 0.0067983071942492096 0.019493944983803354 -0.0058074254514152322 0.012435405601746692 0.011025752661375692 -0.0028154616724229021 -0.012028462889775944 0.024149065139634687 0.017018781021456993 0.0052279658763938214 -0.0022430249479413796 -0.018727595109843464 0.0087842094112041396 0.043465975974784687 0.0095210706187431292 0.03891481904526467
leaf_weight=1168.5913179777563 2697.564963966608 3333.1061577387154 692.22401267290115 142.98769701272249 1267.1088299080729 475.53483961522579 4304.8812460526824 1164.7462883554399 4007.3197988756001 1148.0769926197827 2616.9060782268643 1589.9954085722566 2521.363940846175 8716.321051299572 456.69071212410927 753.02798145264387 460.03867882490158 1265.4549580067396 2805.4491190128028 7383.1631713621318 449.23521243408322 479.98284193500876 433.42493104189634 3499.834286250174 1212.6478940024972 658.72981375828385 952.58197279646993 404.87819894403219 2259.0365959666669 362.51094646006823
leaf_count=12613 23264 27321 3527 870 18345 1969 28935 5486 24340 6843 24309 8866 22007 55783 2375 3846 2088 6009 14788 43353 4377 2445 1971 21023 5985 5224 5078 2028 13221 1611
internal_value=0 0.00113864 0.00219704 0.0017195 0.00282684 0.00213985 0.00364431 0.0113408 0.00174361 0.00375541 -0.00902311 -0.00222364 -0.0050795 -0.00247835 0.0231715 -0.000919073 0.00989875 0.00784646 0.0112586 -0.00110189 0.00738198 0.00552817 0.0193517 0.00750993 0.00702128 -0.00460188 -0.00283201 0.0297921 0.0129233 0.0281277
internal_weight=0 56985.9 51610.4 50461.4 43393.9 40629.4 30645.9 6069.33 24576.6 18660.4 5375.49 2758.59 7067.54 9983.43 1148.91 4546.17 1213.07 10129.2 6121.86 8531.24 4904.59 4429.05 2103.76 3979.82 4018.1 5916.19 5257.46 838.303 2764.54 505.499
internal_count=399900 376636 330848 324946 269684 253982 179854 35300 144554 105317 45788 21479 55262 74128 5902 33255 5934 55121 30781 50196 29814 27845 10008 23468 20773 39237 34013 3999 15702 2481
is_linear=0
shrinkage=0.05


Tree=102
num_leaves=31
num_cat=0
split_feature=160 160 3 110 7 5 5 232 226 234 118 7 234 230 225 233 234 234 228 227 108 151 226 233 122 226 233 234 194 138
split_gain=334.245 133.978 124.05 108.535 115.362 81.3793 105.31 74.4956 82.6884 93.2058 65.9946 62.7098 55.5985 50.9201 55.6307 74.9039 76.9744 49.8572 60.5836 48.1422 60.6628 49.4221 47.972 105.388 47.7912 41.4371 55.5373 38.4617 35.6027 34.6167
threshold=2.95404064655304 6.2711186408996591 1346561.3750000002 0.72790315747261058 1.0000000180025095e-35 1.0000000180025095e-35 21.637149810791019 -1.1921979784965513 -0.030209682881832119 0.0073904907330870637 1.5000000000000002 1.0000000180025095e-35 0.072101317346096053 5.5000000000000009 0.00082499513518996548 -0.022702819667756554 -0.0098380171693861467 -0.0072998178657144299 29.689025878906254 0.10994547978043558 -0.0011371214059181509 2.41655445098877 -0.030112086795270439 0.019478814676404003 0.068684842437505736 0.15715487301349643 0.028118208050727848 -0.019751888699829575 1.0000000180025095e-35 0.038727898150682456
decision_type=2 2 2 2 2 2 2 2 2 2 2 2 2 2 2 2 2 2 2 2 2 2 2 2 2 2 2 2 2 2
left_child=2 3 7 4 5 25 22 24 9 -9 12 19 -5 29 15 16 -15 -4 -19 20 -10 -21 23 -7 -1 26 27 -2 -20 -8
right_child=1 -3 17 10 -6 6 13 8 11 -11 -12 -13 -14 14 -16 -17 -18 18 28 21 -22 -23 -24 -25 -26 -27 -28 -29 -30 -31
leaf_value=0.016598941321670554 0.0017286205138784486 -0.0057299552705880235 0.024423176564575849 -0.0034967965748349938 -0.02686194498667447 0.0078525916404876307 0.0082624274081351239 0.017623867558048574 0.0088355413800600517 -0.031921006387041158 -0.02047047114059913 -0.024993817469413794 0.0078815452240947378 0.0010680562438568678 0.002583292540380755 -0.0014015265675362254 -0.026075046347832337 -0.016928760096211536 -0.051426504709912516 -0.045560414145807082 -0.0026378701344735643 0.014997573103044488 0.012437749825674582 -0.023159595493521871 -0.051472749381342255 -0.017506054193036146 0.0046731001458121006 -0.0065076968084552171 0.013850866226365484 0.0020314070048428013
leaf_weight=1254.9936796724796 2063.0799313783646 13068.272762253881 1021.3818023949862 16222.697632797062 355.73193773627281 1737.8619318306446 2844.7147975340486 131.55137819051743 1986.2341071143746 340.95662176609039 541.40418606996536 186.21550986170769 1149.6927385777235 399.80916202813387 3701.1863452643156 2653.2188255190849 753.385363727808 174.42508337646723 21.036670058965683 34.669542670249939 2743.179269656539 1194.1252285540104 3792.8782769590616 325.20969432592392 26.325128383934498 421.92079620063305 2621.9615186452866 4529.221411883831 2956.1921300292015 10298.025885425508
leaf_count=12247 10912 42416 10820 65708 2112 11823 16342 1328 16248 1596 1627 1160 4829 2200 18863 13332 2551 1082 89 169 17497 9571 22338 1353 142 1481 12920 21339 24661 51914
internal_value=0 -0.00118388 0.00784973 -9.20352e-05 0.00147243 0.00175131 0.00318184 0.00416545 0.00202862 -0.0181272 -0.00327954 0.00357861 -0.00274379 0.00150355 -0.00178151 -0.00602565 -0.0166646 0.0148229 0.0117117 0.0044716 0.00218067 0.013289 0.00910012 0.00296402 0.0152004 -0.00218364 -0.00148203 -0.00393012 0.0133896 0.0033801
internal_weight=0 67480.3 12071.3 54412 36498.2 36142.5 26506.3 7898.25 6616.93 472.508 17913.8 6144.42 17372.4 20650.3 7507.6 3806.41 1153.19 4173.04 3151.65 5958.21 4729.41 1228.79 5855.95 2063.07 1281.32 9636.18 9214.26 6592.3 2977.23 13142.7
internal_count=400670 304060 96610 261644 189480 187368 140716 59958 47569 2924 72164 44645 70537 105202 36946 18083 4751 36652 25832 43485 33745 9740 35514 13176 12389 46652 45171 32251 24750 68256
is_linear=0
shrinkage=0.05


Tree=103
num_leaves=31
num_cat=0
split_feature=160 231 11 234 225 230 229 160 231 151 27 12 228 234 187 234 232 228 108 227 232 226 228 15 224 126 227 22 232 20
split_gain=567.235 455.691 234.528 198.427 192.755 166.292 162.533 150.349 115.645 109.872 106.309 91.047 89.5707 89.2376 75.8202 75.0824 76.7828 73.0698 68.8586 68.0289 103.063 66.1824 59.4672 75.4782 56.995 56.1368 56.4075 54.7432 54.1574 53.7763
threshold=4.9283092021942148 1.7051149606704714 0.089171297848224654 -0.004272214835509657 -0.02593954652547836 2.5000000000000004 0.99637550115585338 6.2711186408996591 1.7051149606704714 22.950696945190433 0.92829939723014843 0.050171215087175376 88.40799713134767 0.014197493903338911 -1.0000000180025095e-35 -0.033350853249430649 1.9679917097091677 42.573217391967781 0.0078892749734222906 -0.024494701065123078 -0.034865973517298691 0.11911282315850259 42.236108779907234 0.13866204768419269 2.5000000000000004 0.019002877175807956 -0.029393327422440049 1.0000000180025095e-35 -1.4080848693847654 0.17173347622156146
decision_type=2 2 2 2 2 2 2 2 2 2 2 2 2 2 2 2 2 2 2 2 2 2 2 2 2 2 2 2 2 2
left_child=1 5 3 9 11 -1 13 8 -6 18 21 14 28 17 -2 -9 25 -7 27 -11 -21 -10 -8 -24 -15 26 -17 -3 29 -5
right_child=4 2 -4 12 7 6 22 15 10 19 -12 -13 -14 24 -16 16 -18 -19 -20 20 -22 -23 23 -25 -26 -27 -28 -29 -30 -31
leaf_value=-0.019917006560267094 -0.022430960687798852 0.067236052949486563 0.012916818521939164 -0.013023363183896249 0.012927855119263998 -0.028922856449279073 0.011744291512504473 -0.0095446849218336332 -0.0039419318871197224 -0.015504414714829218 0.012085822579721024 0.016253414589834793 0.0097279818378022895 0.029934995628496844 0.029641521652017489 -0.0030661180452099474 -0.011124758099801436 0.015881873243020837 0.000211435939334231 0.027525560038870835 -0.015666107130778466 -0.030213518602723633 -0.020014073751914992 0.015126127256046213 -0.021366447557040234 0.024286195373017072 0.015496262456326902 -0.017883410975228355 -0.02461766697251663 0.040160685515923653
leaf_weight=658.08872242085636 956.18500869348645 19.074663013219833 756.21555970422924 447.01688302494586 1988.0199772156775 93.584289282560349 292.78145509213209 322.26944515109062 3090.9732705745846 232.7255530282855 1075.827739931643 228.57948991656303 216.42032636329532 66.67765436321497 75.41877831146121 467.35403423197567 262.79209927469492 3292.2774135936052 818.31520888954401 505.53425521962345 190.03494548797607 259.87812816724181 857.89422067068517 185.92844932153821 287.92358668707311 1635.2917242385447 3293.0370795316994 1942.0333685260266 5041.2062363158911 53.185033470392227
leaf_count=13422 12741 117 4449 11883 12060 2234 915 3307 35148 5203 5443 1210 4590 797 585 3947 1999 17580 11969 6580 3751 4204 21459 1860 6356 7703 18291 48024 131829 1014
internal_value=0 -0.00754917 -0.0138782 -0.0160189 0.00633305 0.00373114 0.00679641 0.00822715 0.00291001 -0.00699754 -0.001589 -0.0122978 -0.0218282 0.0121442 -0.018624 0.0139301 0.0152671 0.0146435 -0.0119718 0.00789591 0.0157253 -0.00597945 -0.00816926 -0.0137548 -0.01172 0.0165525 0.0131893 -0.0170555 -0.0230606 -0.00736846
internal_weight=0 15956.9 10221.8 9465.55 13655.6 5735.16 5077.07 12395.4 6414.7 3707.72 4426.68 1260.18 5757.83 3740.46 1031.6 5980.74 5658.47 3385.86 2779.42 928.295 695.569 3350.85 1336.6 1043.82 354.601 5395.68 3760.39 1961.11 5541.41 500.202
internal_count=400670 294032 229409 224960 106638 64623 51201 92102 56855 75644 44795 14536 149316 26967 13326 35247 31940 19814 60110 15534 10331 39352 24234 23319 7153 29941 22238 48141 144726 12897
is_linear=0
shrinkage=0.05


Tree=104
num_leaves=31
num_cat=0
split_feature=233 227 160 7 226 232 142 226 227 15 225 228 229 184 12 128 15 228 233 225 246 246 226 185 154 158 227 166 226 176
split_gain=352.993 243.901 167.829 165.032 144.973 214.101 138.208 118.777 98.7057 97.1749 103.631 89.2017 82.9257 81.9543 79.7853 75.0019 72.6962 63.5743 74.0621 82.6266 80.0191 101.458 67.282 54.7327 50.455 49.4241 64.173 59.0142 46.4366 45.616
threshold=-0.0055104533676058045 0.20794968307018283 3.6743233203887944 1.0000000180025095e-35 -0.02959382068365812 -1.4890024065971372 9.4152503013610858 -0.013472215272486208 -0.054757183417677872 0.04335529915988446 -0.0070878711994737378 74.275436401367202 0.98815491795539867 6.500000154119335e-06 0.11259236186742784 -0.019291829317808148 0.5830226242542268 50.77893257141114 -0.059049820527434342 0.021300354041159156 92.500000000000014 93.500000000000014 -0.022484382614493367 3.1749999607200156e-06 -5.4967303276062003 -2161091.3749999995 0.059201214462518699 145.63189697265628 0.055185308679938323 0.015756399370729927
decision_type=2 2 2 2 2 2 2 2 2 2 2 2 2 2 2 2 2 2 2 2 2 2 2 2 2 2 2 2 2 2
left_child=2 3 -1 4 5 -2 -6 17 -8 10 13 15 -9 -7 -5 16 29 18 -4 23 -21 -22 -19 -20 -17 26 -26 -27 -13 -10
right_child=1 -3 7 14 6 9 8 12 11 -11 -12 28 -14 -15 -16 24 -18 22 19 20 21 -23 -24 -25 25 27 -28 -29 -30 -31
leaf_value=-0.014040889468431454 -0.019032816635997988 -0.016438241764838837 0.0036512073196712869 0.031152013644129107 -0.010447339564914507 0.023980090804978524 -0.0094225865929756791 -0.019860019798064264 0.012850218254522948 0.00038769327351824662 0.030515312272739865 0.0017800143997379531 -0.0032062066978950556 -0.0015804240727150115 0.0019691924506043124 -0.0031319148726064103 -0.012351536983005377 0.013580663474516474 -0.0075107273373657985 0.0093097096029874579 0.1534259467685124 0.0022882235345682228 -0.0071891796130182 0.033148002043469023 0.0021431530976529765 0.0059947344189474512 0.015488334637012708 -0.0008748237262344743 -0.0075038728558071786 0.0023354587593379258
leaf_weight=4315.0462973564863 476.84435245767236 1567.3564233221114 3460.794012375176 793.70374502241611 2065.3449060097337 605.20771910995245 1549.6279268935323 1514.9906389787793 4892.6843801550567 714.11438382044435 1400.6161103770137 3078.1714573949575 1475.4661475047469 650.83986806869507 332.2561871856451 2730.8394148014486 364.2111709266901 1400.742696762085 5495.0724797397852 232.50632629543543 23.641318134963512 20.938800849020481 540.32483048737049 84.037041552364826 1666.650482840836 6576.1719354577363 1960.4791763871908 5959.5880197733641 2394.8194364309311 1307.0196318514645
leaf_count=55942 4714 13253 17243 4188 24380 2705 12251 15275 23145 3299 6778 19208 10473 2970 1737 19132 1391 5756 39475 1518 132 129 3959 590 10993 38948 9866 29789 15582 5849
internal_value=0 0.0029058 -0.00540185 0.003673 0.00311967 0.012326 0.00209429 -0.00278559 0.00289178 0.0167621 0.0211636 0.00350873 -0.0116432 0.0107355 0.0225405 0.00475372 0.00935813 -0.000432762 -0.00214775 -0.00557472 0.0210753 0.0824382 0.00779907 -0.00689829 0.00315409 0.00421616 0.00935628 0.0027289 -0.00228234 0.0106335
internal_weight=0 41086.5 18563.6 39519.2 38393.2 3847.62 34545.6 14248.5 32480.3 3370.78 2656.66 30930.6 2990.46 1256.05 1125.96 25457.6 6563.92 11258.1 9316.99 5856.2 277.086 44.5801 1941.07 5579.11 18893.7 16162.9 3627.13 12535.8 5472.99 6199.7
internal_count=400670 250178 150492 236925 231000 20466 210534 94550 186154 15752 12453 173903 25748 5675 5925 139113 30385 68802 59087 41844 1779 261 9715 40065 108728 89596 20859 68737 34790 28994
is_linear=0
shrinkage=0.05


end of trees

feature_importances:
mkt_ret_60d=305
cyb_rel_strength=284
mkt_ret_20d=224
mkt_rsi14=210
zz500_rel_strength=210
mkt_ret_5d=205
hs300_ret60_z60=163
atr_pct=130
natr_14=112
mkt_vol_ratio=85
regime_intensity=84
market_score_adj=79
total_mv=74
ma_ratio_120=73
regime_days_in=61
kama_20=60
k_klen=46
ma_ratio_60=45
regime_id=44
pb=38
sump_20=36
pe_ttm=35
amplitude=34
kama_dist=31
tail_risk_5d=31
ma_ratio_10=27
lr_slope_60=21
ma_ratio_20=20
channel_pos_60=20
qtld_20=19
macd=15
industry_id=15
pyr_5d=14
macd_hist=13
rsi_14=13
sumd_20=13
pe=12
ma20_ma60=12
macd_signal=12
ma_ratio_5=11
roc_20=11
sumn_20=11
pyr_60d=9
trix=8
k_klow=8
range_per_amount_5d=8
rsi_24=7
wr_14=6
amount_ratio_20=6
ad=6
rsi_6=5
bias_10=5
roc_10=5
k_ksft=5
amount_zscore_60d=5
amihud_illiq_5d=5
vol_ratio_5=4
limit_consec=4
qtlu_20=4
rsv_20=4
amount_1d=4
amount_log=4
mfk_main_acc_ratio_60d=4
kdj_k=3
cci_14=3
vol_ratio_20=3
lr_slope_20=3
limit_up=3
imin_20=3
cmo_14=3
apo=3
range_compression=3
pyr_velocity_20_60=3
kdj_d=2
boll_pct=2
boll_width=2
bias_5=2
bias_20=2
vol_price_match=2
lr_r2_60=2
k_kmid=2
imxd_20=2
adosc=2
pyr_20d=2
mfk_main_days_in_cross=2
mfk_inst_acc_velocity=2
adx=1
obv_diff_20=1
k_kup=1
k_ksft2=1
imax_20=1
cord_ret_vol_20=1
vma_20=1
vstd_20=1
ppo=1
stochrsi_k=1
amount_5d_avg=1
amount_20d_avg=1
lg_net_20d=1
elg_net_20d=1
upward_impact_per_amount=1
drawdown_recovery=1
pyr_10d=1
pyr_velocity_10_60=1
f1_neg8=1
mfk_main_macd=1

parameters:
[boosting: gbdt]
[objective: multiclass]
[metric: multi_logloss]
[tree_learner: serial]
[device_type: cpu]
[data_sample_strategy: bagging]
[data: ]
[valid: ]
[num_iterations: 300]
[learning_rate: 0.05]
[num_leaves: 31]
[num_threads: 0]
[seed: 20260613]
[deterministic: 0]
[force_col_wise: 0]
[force_row_wise: 0]
[histogram_pool_size: -1]
[max_depth: -1]
[min_data_in_leaf: 80]
[min_sum_hessian_in_leaf: 0.001]
[bagging_fraction: 0.8]
[pos_bagging_fraction: 1]
[neg_bagging_fraction: 1]
[bagging_freq: 1]
[bagging_seed: 30411]
[feature_fraction: 0.8]
[feature_fraction_bynode: 1]
[feature_fraction_seed: 13955]
[extra_trees: 0]
[extra_seed: 14635]
[early_stopping_round: 0]
[early_stopping_min_delta: 0]
[first_metric_only: 0]
[max_delta_step: 0]
[lambda_l1: 0]
[lambda_l2: 0]
[linear_lambda: 0]
[min_gain_to_split: 0]
[drop_rate: 0.1]
[max_drop: 50]
[skip_drop: 0.5]
[xgboost_dart_mode: 0]
[uniform_drop: 0]
[drop_seed: 10744]
[top_rate: 0.2]
[other_rate: 0.1]
[min_data_per_group: 100]
[max_cat_threshold: 32]
[cat_l2: 10]
[cat_smooth: 10]
[max_cat_to_onehot: 4]
[top_k: 20]
[monotone_constraints: ]
[monotone_constraints_method: basic]
[monotone_penalty: 0]
[feature_contri: ]
[forcedsplits_filename: ]
[refit_decay_rate: 0.9]
[cegb_tradeoff: 1]
[cegb_penalty_split: 0]
[cegb_penalty_feature_lazy: ]
[cegb_penalty_feature_coupled: ]
[path_smooth: 0]
[interaction_constraints: ]
[verbosity: -1]
[saved_feature_importance_type: 0]
[use_quantized_grad: 0]
[num_grad_quant_bins: 4]
[quant_train_renew_leaf: 0]
[stochastic_rounding: 1]
[linear_tree: 0]
[max_bin: 255]
[max_bin_by_feature: ]
[min_data_in_bin: 3]
[bin_construct_sample_cnt: 200000]
[data_random_seed: 4083]
[is_enable_sparse: 1]
[enable_bundle: 1]
[use_missing: 1]
[zero_as_missing: 0]
[feature_pre_filter: 1]
[pre_partition: 0]
[two_round: 0]
[header: 0]
[label_column: ]
[weight_column: ]
[group_column: ]
[ignore_column: ]
[categorical_feature: ]
[forcedbins_filename: ]
[precise_float_parser: 0]
[parser_config_file: ]
[objective_seed: 18212]
[num_class: 3]
[is_unbalance: 0]
[scale_pos_weight: 1]
[sigmoid: 1]
[boost_from_average: 1]
[reg_sqrt: 0]
[alpha: 0.9]
[fair_c: 1]
[poisson_max_delta_step: 0.7]
[tweedie_variance_power: 1.5]
[lambdarank_truncation_level: 30]
[lambdarank_norm: 1]
[label_gain: ]
[lambdarank_position_bias_regularization: 0]
[eval_at: ]
[multi_error_top_k: 1]
[auc_mu_weights: ]
[num_machines: 1]
[local_listen_port: 12400]
[time_out: 120]
[machine_list_filename: ]
[machines: ]
[gpu_platform_id: -1]
[gpu_device_id: -1]
[gpu_use_dp: 0]
[num_gpu: 1]

end of parameters

pandas_categorical:[]
