{
  "best_iter": 28,
  "auc": 0.6758330972527693,
  "base_rate": 0.3579985652797704,
  "n_train": 1500000,
  "n_test": 920040,
  "n_features": 203,
  "version": "v4",
  "leakage_fix": true,
  "anchor_p5": 0.2721785769994272,
  "anchor_p50": 0.4749357646068788,
  "anchor_p95": 0.700713057825172
}