{
  "best_iter": 62,
  "auc": 0.6813423130987977,
  "base_rate": 0.3579985652797704,
  "n_train": 1500000,
  "n_test": 920040,
  "n_features": 220,
  "version": "v6",
  "mfk_importance_pct": 0.030010997572938482,
  "anchor_p5": 0.17704351333732168,
  "anchor_p50": 0.4793750481980279,
  "anchor_p95": 0.7828922181102647
}