tree
version=v4
num_class=3
num_tree_per_iteration=3
label_index=0
max_feature_idx=246
objective=multiclass num_class:3
feature_names=adx winner_rate holder_pct total_mv pe pe_ttm pb market_score_adj mf_divergence mf_strength mf_consecutive ma_ratio_5 ma_ratio_10 ma_ratio_20 ma_ratio_60 ma_ratio_120 ma5_ma20 ma20_ma60 macd macd_signal macd_hist rsi_6 rsi_14 rsi_24 kdj_k kdj_d kdj_j boll_pct boll_width atr_pct bias_5 bias_10 bias_20 roc_10 roc_20 cci_14 wr_14 mfi_14 trix vol_ratio_5 vol_ratio_20 amplitude amount_ratio_20 vol_price_match obv obv_diff_20 cdl2crows cdl3blackcrows cdl3inside cdl3linestrike cdl3outside cdl3starsinsouth cdl3whitesoldiers cdlabandonedbaby cdladvanceblock cdlbelthold cdlbreakaway cdlclosingmarubozu cdlconcealbabyswall cdlcounterattack cdldarkcloudcover cdldoji cdldojistar cdldragonflydoji cdlengulfing cdleveningdojistar cdleveningstar cdlgapsidesidewhite cdlgravestonedoji cdlhammer cdlhangingman cdlharami cdlharamicross cdlhighwave cdlhikkake cdlhikkakemod cdlhomingpigeon cdlidentical3crows cdlinneck cdlinvertedhammer cdlkicking cdlkickingbylength cdlladderbottom cdllongleggeddoji cdllongline cdlmarubozu cdlmatchinglow cdlmathold cdlmorningdojistar cdlmorningstar cdlonneck cdlpiercing cdlrickshawman cdlrisefall3methods cdlseparatinglines cdlshootingstar cdlshortline cdlspinningtop cdlstalledpattern cdlsticksandwich cdltakuri cdltasukigap cdlthrusting cdltristar cdlunique3river cdlupsidegap2crows cdlxsidegap3methods lr_slope_20 lr_slope_60 lr_angle_20 channel_pos_60 lr_r2_60 break_high_20 break_high_60 break_low_20 gap_up gap_down limit_up limit_consec volume_spike_up volume_spike_dn k_kmid k_klen k_kmid2 k_kup k_kup2 k_klow k_klow2 k_ksft k_ksft2 qtlu_20 qtld_20 rank_20 rsv_20 imax_20 imin_20 imxd_20 corr_close_vol_20 cord_ret_vol_20 cntp_20 cntn_20 cntd_20 sump_20 sumn_20 sumd_20 vma_20 vstd_20 wvma_20 aroon_up aroon_dn aroon_osc kama_20 kama_dist sar_signal cmo_14 bop ppo apo ad adosc natr_14 stochrsi_k stochrsi_d ht_trendmode amount_1d amount_5d_avg amount_20d_avg amount_log amount_zscore_60d amount_breakout sm_net_5d mid_net_5d lg_net_5d elg_net_5d main_net_5d lg_net_20d elg_net_20d main_net_20d main_consec_in main_consec_out dispersion_5d elg_ratio_5d buy_sell_imb_5d upward_impact_per_amount range_per_amount_5d amihud_illiq_5d kyle_lambda_20d tail_risk_5d range_compression drawdown_recovery price_impact_asym pyr_5d pyr_10d pyr_20d pyr_60d pyr_acc_5_20 pyr_velocity_10_60 pyr_velocity_5_60 pyr_velocity_10_30 pyr_velocity_20_60 pyr_velocity_5_30 f1_neg1 f2_pos1 f1_neg5 f2_pos5 f1_neg8 f2_pos8 mfk_main_ma5 mfk_main_ma20 mfk_main_ma_diff mfk_main_cross_state mfk_main_days_in_cross mfk_main_cross_strength mfk_main_macd mfk_main_macd_hist mfk_main_macd_zero_dist mfk_smart_dumb_spread mfk_pyramid_top_heavy mfk_inst_acc_velocity mfk_main_price_sync_20d mfk_main_lead_5d mfk_main_velocity_5d mfk_main_consec_above_ma20 mfk_main_acc_ratio_60d regime_id mkt_ret_5d mkt_ret_20d mkt_ret_60d mkt_rsi14 mkt_vol_ratio regime_days_in regime_intensity hs300_ret60_z60 cyb_rel_strength zz500_rel_strength long_return_252d long_return_504d long_return_252d_decile long_return_504d_decile industry_return_252d industry_return_504d industry_return_504d_decile relative_strength_252d relative_strength_504d rs_in_decile concept_return_504d_mean industry_id
feature_infos=[-8:10] [-10:12] [-6:8] [43725.23046875:285481408] [0:12497.0771484375] [0:471419.21875] [0:849.60748291015625] [-5:2] [-12:8] [-10:10] [0:5] [-0.35290896892547607:0.57845622301101685] [-0.44968828558921814:1.1306459903717041] [-0.51986825466156006:1.9038321971893311] [-0.67996472120285034:3.1801402568817139] [-0.71175450086593628:4.21075439453125] [-0.52315342426300049:1.084309458732605] [-0.62258601188659668:1.3943886756896973] [-63.822898864746094:210.04953002929688] [-56.582744598388672:180.43116760253906] [-28.770673751831055:58.048389434814453] [0:99.908943176269531] [0:99.100975036621094] [0:97.570526123046875] [-1.0421293683690255e-13:100] [-4.0461459459599156e-15:100] [-57.041248321533203:164.94111633300781] [-0.57897853851318359:1.5631526708602905] [0:2.7980692386627197] [0:0.64890652894973755] [-0.35290896892547607:0.57845622301101685] [-0.44968828558921814:1.1306459903717041] [-0.51986825466156006:1.9038321971893311] [-68.688430786132812:416.19537353515625] [-68.75:658.29833984375] [-466.66665649414062:465.65982055664062] [-100:0] [-2.4777006618278974e-13:100] [-4.1446123123168945:11.62141227722168] [0:4.6212453842163086] [0:13.322762489318848] [0:5.8255815505981445] [0:14.207952499389648] [1:4] [-65725116:370149536] [-97915200:150955424] [-100:0] none [-100:100] [-100:100] [-100:100] none [0:100] none [-100:0] [-100:100] none [-100:100] none [-100:100] [-100:0] [0:100] [-100:100] [0:100] [-100:100] [-100:0] [-100:0] [-100:100] [0:100] [0:100] [-100:0] [-100:100] [-100:100] [-100:100] [-200:200] [-200:200] [0:100] [-100:0] [-100:0] [0:100] none none [0:100] [0:100] [-100:100] [-100:100] [0:100] none [0:100] [0:100] [-100:0] [0:100] [0:100] [-100:100] [-100:100] [-100:0] [-100:100] [-100:100] [-100:0] [0:100] [0:100] [-100:100] [-100:0] [-100:100] [0:100] none [-100:100] [-16.925893783569336:48.104888916015625] [-5.7689261436462402:19.163328170776367] [-86.61883544921875:88.809112548828125] [0:1] [-94.364013671875:0.9599461555480957] [0:1] [0:1] [0:1] [0:1] [0:1] [0:1] [0:12] [0:1] [0:1] [-0.49431818723678589:0.42889055609703064] [0:1.5497499704360962] [-1:1] [0:1.2999999523162842] [0:1] [0:0.3002878725528717] [0:1] [-1.0502500534057617:0.42889055609703064] [-1:1] [-0.62103039026260376:2.1954700946807861] [-0.81875604391098022:0.72680968046188354] [0:1] [0:1] [0:19] [0:19] [-19:19] [-0.94582825899124146:0.99755913019180298] [-0.96327251195907593:0.9773709774017334] [0:20] [0:20] [-20:20] [0:448.95748901367188] [0:106.54489898681641] [-99.847999572753906:382.59259033203125] [0:20917318] [0:12829176] [0:25129162] [0:100] [0:100] [-100:100] [0:1667.537109375] [-0.58550095558166504:0.45152541995048523] [-1:1] [-99.354484558105469:98.201942443847656] [-1:1] [-49.833267211914062:73.228157043457031] [-105.36647796630859:290.40460205078125] [-190265776:216440720] [-11214264:22809198] [0:64.890655517578125] [0:100] [-2.4632149076518617e-13:100] [0:1] [0:33548.44140625] [0:51482.90234375] [0:34927.65234375] [0:10.42080020904541] [-2.6417999267578125:7.5611000061035156] [0:1] [-2.7950835227966309:8.2182483673095703] [-3.6398806571960449:4.0685734748840332] [-3.2871072292327881:2.1247715950012207] [-10.47773265838623:6.547569751739502] [-11.476722717285156:6.2551002502441406] [-8.0010061264038086:4.8008866310119629] [-22.183414459228516:6.6149477958679199] [-28.44953727722168:5.6268177032470703] [0:22] [0:33] [-2:2] [-2:3] [-2.8362810553517193e-05:4.4886837713420391e-05] [0:0.00064300000667572021] [0:0.0010880000190809369] [0:0.00036167001235298812] [-0.71369999647140503:0.99309998750686646] [-68.242996215820312:0] [0:6.5980000495910645] [0:18.969999313354492] [-0.00015799999528098851:0.00042500000563450158] [0:17.918025970458984] [0:16.759489059448242] [0:16.409717559814453] [0:5.1177806854248047] [0:9.8778285980224609] [-0.61496162414550781:14.171857833862305] [-0.66326326131820679:15.422342300415039] [-0.55100178718566895:12.905445098876953] [-0.54765141010284424:12.17464542388916] [-0.6561318039894104:14.544523239135742] [-13.264616966247559:0.87617027759552002] [-6.7414793968200684:7.5254669189453125] [-9.3515453338623047:0.87617027759552002] [-5.670952320098877:3.1188757419586182] [-6.3586196899414062:0.39285978674888611] [-3.0182271003723145:3.1188757419586182] [-2.2953445911407471:1.251020073890686] [-1.4224768877029419:0.28134086728096008] [-1.5868536233901978:1.0222725868225098] [-1:1] [0:44] [-490.538330078125:182.07670593261719] [-0.65404003858566284:0.30606386065483093] [-0.37761494517326355:0.23757801949977875] [-7.6838364601135254:7.6919112205505371] [-90.751274108886719:84.256088256835938] [0:17.918025970458984] [0:3.9404690265655518] [-0.99227768182754517:0.99490666389465332] [-0.86703652143478394:0.87629669904708862] [-2.3762414455413818:1.4148014783859253] [0:28] [0:1] [0:5] [-0.094006642699241638:0.26975291967391968] [-0.089901730418205261:0.28140386939048767] [-0.099811241030693054:0.260579913854599] [9.3693952560424805:98.029869079589844] [0.58250290155410767:3.3435266017913818] [1:17] [0.030042635276913643:28.140386581420898] [-4.1243042945861816:5.7097206115722656] [-0.092677295207977295:0.33222582936286926] [-0.057545881718397141:0.097518295049667358] none none none none none none none none none none none [0:109]
tree_sizes=3505 3437 3454 3564 3530 3547 3576 3523 3556 3578 3543 3569 3588 3560 3576 3566 3555 3568 3566 3558 3592 3575 3563 3583 3576 3541 3595 3571 3552 3576 3587 3554 3593 3579 3557 3594 3564 3564 3583 3590 3564 3586 3572 3575 3586 3597 3565 3580 3609 3580 3607 3600 3560 3592 3598 3579 3588 3582 3582 3586 3584 3542 3587 3590 3574 3613 3599 3585 3612 3576 3587 3584 3602 3569 3596 3590 3589 3600 3592 3569 3604 3588 3592 3583 3603 3570 3630 3610 3593 3604 3605 3580 3591 3610 3584 3591 3597 3598 3585 3593 3585 3598 3605 3575 3584 3606 3569 3587 3578 3573 3609 3599 3599 3595 3594 3583 3594 3611 3587 3599 3608 3559 3597 3593 3602 3594 3608 3592 3609 3603 3574 3603 3616 3586 3611 3600 3589 3615 3617 3574 3605 3595 3597 3597 3591 3578 3602 3600 3606 3587 3591 3599 3608 3610 3602 3616 3607 3586 3616 3613 3597 3619 3596 3589 3565 3602 3622 3607 3609 3607 3581 3600 3586 3611 3603 3590 3622 3610 3624 3561 3590 3594 3607 3610 3601 3580 3607 3604 3580 3596 3588 3596 3590 3596 3610 3601 3589 3610 3627 3583 3594 3620 3579 3574 3607 3587 3612 3622 3618 3575 3598 3608 3610 3623 3575 3598 3601 3610 3587 3626 3596 3585 3615 3582 3586 3597 3589 3579 3625 3618 3581 3606 3610 3583 3594 3585 3611 3611 3603 3588 3613 3596 3617 3599 3594 3589

Tree=0
num_leaves=31
num_cat=0
split_feature=122 29 142 7 29 7 13 41 29 29 15 7 15 110 232 232 228 41 232 232 110 29 117 152 231 224 41 22 228 224
split_gain=26355 8069.55 4921.38 3730.58 1823.88 1576.37 1258.68 1204.1 1046.46 981.831 778.507 723.351 564.182 537.973 397.852 324.19 350.418 252.279 240.119 232.119 222.861 217.687 211.576 202.98 199.943 246.174 198.373 196.933 178.981 352.353
threshold=0.043796839192509658 0.035958308726549155 33.257749557495124 1.0000000180025095e-35 0.046433122828602798 1.0000000180025095e-35 0.16308469325304034 0.082587413489818587 0.042221942916512496 0.027980512939393524 0.23109144717454913 1.0000000180025095e-35 0.34350650012493139 0.83784767985343944 -3.334617972373962 -3.334617972373962 25.91130352020264 0.070637710392475142 -3.334617972373962 -3.334617972373962 0.84212377667427074 0.057267626747488982 1.0000000180025095e-35 0.078058611601591124 5.3542072772979745 4.5000000000000009 0.11004179716110231 45.856031417846687 20.885622978210453 4.5000000000000009
decision_type=2 2 2 2 2 2 2 2 2 2 2 2 2 2 2 2 2 2 2 2 2 2 2 2 2 2 2 2 2 2
left_child=1 3 5 9 11 7 12 8 23 28 18 13 17 14 -3 -10 24 -4 -6 -11 -21 -20 -15 -2 25 -17 -9 -18 29 -1
right_child=2 4 6 -5 10 -7 -8 26 15 19 -12 -13 -14 22 -16 16 27 -19 21 20 -22 -23 -24 -25 -26 -27 -28 -29 -30 -31
leaf_value=-0.39098928715904185 -0.4246962767121914 -0.50337441829475249 -0.46158633064009286 -0.52099601123331352 -0.51125729966553979 -0.51702242037183022 -0.50532356060782269 -0.46473416417008495 -0.51457601419360766 -0.47840104517486398 -0.46484382412528097 -0.52097476245606589 -0.49178426467123704 -0.43984102005550779 -0.41811551136439867 -0.44191729411330111 -0.43846125943095127 -0.47912742837451389 -0.43332088915623806 -0.40480934051433526 -0.41886203584576237 -0.44650600236417987 -0.51856871641019253 -0.44829615394624522 -0.49462445044627196 -0.50274839564085683 -0.49028276126990417 -0.45257300428603481 -0.39269236394845192 -0.51723129164810122
leaf_weight=155.07032677531242 7360.8987202048302 137.6888176202774 5549.4728151261806 644.13828045129776 110.76451912522316 803.63918799161911 4664.7199177443981 2430.6847704648972 195.62718147039413 113.15021646022797 3276.5848826766014 183.01706698536873 3505.9526407420635 2570.077657610178 21947.052226424217 661.17897570133209 4447.6214602589607 3250.3422119915485 10211.125407725573 21828.448987483978 3240.1177948415279 4514.4209856390953 88.270801395177841 1039.823224157095 599.8324728012085 222.21066606044769 1105.2594939172268 5566.513510376215 25742.355872511864 85.885104060173035
leaf_count=455 21598 404 16283 1890 325 2358 13687 7132 574 332 9614 537 10287 7541 64396 1940 13050 9537 29961 64048 9507 13246 259 3051 1760 652 3243 16333 75532 252
internal_value=-0.429298 -0.41471 -0.462523 -0.401418 -0.430712 -0.448156 -0.483207 -0.445814 -0.441079 -0.399912 -0.442786 -0.421938 -0.474823 -0.421205 -0.418647 -0.450751 -0.449665 -0.468065 -0.437915 -0.406948 -0.406626 -0.437363 -0.442455 -0.427617 -0.472346 -0.457219 -0.47272 -0.446305 -0.393094 -0.435986
internal_weight=0 94848.2 41403.8 51809.2 43039 24433.3 16970.5 23629.7 20093.7 51165 18112.9 24926.1 12305.8 24743.1 22084.7 11693 11497.4 8799.82 14836.3 25181.7 25068.6 14725.5 2658.35 8400.72 1483.22 883.39 3535.94 10014.1 25983.3 240.955
internal_count=399784 278299 121485 152016 126283 71691 49794 69333 58958 150126 53146 73137 36107 72600 64800 34309 33735 25820 43532 73887 73555 43207 7800 24649 4352 2592 10375 29383 76239 707
is_linear=0
shrinkage=1


Tree=1
num_leaves=31
num_cat=0
split_feature=14 122 233 231 230 187 232 232 226 122 232 15 233 228 224 232 226 230 224 230 232 13 14 3 230 225 142 143 231 230
split_gain=17160.3 6495.67 2816.86 3271.95 3204.37 2621.32 1829.92 1641.15 1261.67 1234.16 1077.48 1021.51 885.309 721.209 858.659 673.459 1453.95 637.425 2918.9 614.867 2144.94 589.89 566.418 541.79 531.986 584.117 505.291 478.631 473.626 446.624
threshold=0.19763417541980746 0.044706486165523536 -0.01175938034430146 0.47908110916614538 9.5000000000000018 -16.172500610351559 -3.334617972373962 -3.334617972373962 -0.00035978603409603233 0.073919951915740981 1.59461385011673 0.14561774581670764 0.19598775357007983 20.885622978210453 3.5000000000000004 -1.6804370880126951 -0.018953709863126274 11.500000000000002 4.5000000000000009 2.5000000000000004 -1.6804370880126951 0.1552022993564606 0.32443280518054968 673372.06250000012 3.5000000000000004 -0.072023449465632425 22.999199867248539 17.315649986267093 1.7805396914482119 8.5000000000000018
decision_type=2 2 2 2 2 2 2 2 2 2 2 2 2 2 2 2 2 2 2 2 2 2 2 2 2 2 2 2 2 2
left_child=1 2 3 4 8 12 -3 -5 -1 13 22 27 -2 14 -8 16 24 28 -19 -15 29 -11 -7 -18 25 -9 -22 -4 -17 -21
right_child=5 6 11 7 -6 10 9 15 -10 21 -12 -13 -14 19 -16 17 23 18 -20 20 26 -23 -24 -25 -26 -27 -28 -29 -30 -31
leaf_value=-1.7880787135077247 -1.7843254360393126 -1.7117430883259421 -1.9239727783536269 -1.7371107623344226 -1.6858320759705032 -1.8334086576059645 -1.9085350945175432 -1.6878062732791268 -1.9259112294598513 -1.8566008224492179 -1.8670622487180959 -1.8938884279738841 -1.6941315496523097 -1.8980713584955249 -1.751875428357744 -1.8910546064539477 -1.7453757948638464 -1.9110011287756299 -1.6785812585114803 -1.7879221089663635 -1.9009546673633877 -1.7873251219529074 -1.7890611299636894 -1.8529281501111707 -1.8678297855602963 -1.9238337602372837 -1.872251554295826 -1.9109467751080569 -1.9127371227390153 -1.9043819880961148
leaf_weight=280.74227955937386 1560.5967893153429 174.55180035531521 20920.676560297608 158.22957479953766 362.3534073382616 2455.6308283209801 144.01963725686073 26.88366562128067 406.32740324735641 3877.2006611377001 1921.9900657385588 4408.9211618900299 329.51693004369736 4949.4748670607805 222.75037229061127 3554.9807260483503 248.2898546308279 616.21202127635479 173.01559089124203 757.35126578807831 2812.0314239859581 333.74150606989861 1018.6989008635283 221.59821519255638 1041.3579904586077 1050.5752472430468 3371.7877474576235 10638.05851252377 8639.0659473985434 92.364594027400017
leaf_count=1462 8127 909 108947 824 1887 12788 750 140 2116 20191 10009 22960 1716 25775 1160 18513 1293 3209 901 3944 14644 1738 5305 1154 5423 5471 17559 55399 44989 481
internal_value=-1.8922 -1.89993 -1.90854 -1.89162 -1.80614 -1.81927 -1.87279 -1.89733 -1.86959 -1.87449 -1.83702 -1.91643 -1.7686 -1.88246 -1.81339 -1.89895 -1.87567 -1.9036 -1.86005 -1.88457 -1.87507 -1.85111 -1.82041 -1.7961 -1.89331 -1.91794 -1.8853 -1.91958 -1.90642 -1.80058
internal_weight=0 69482.6 52747.3 16779.6 1049.42 7286.43 16735.3 15730.2 687.07 16560.7 5396.32 35967.7 1890.11 12349.8 366.77 15572 2588.7 12983.3 789.228 11983 7033.54 4210.94 3474.33 469.888 2118.82 1077.46 6183.82 31558.7 12194 849.716
internal_count=399784 361839 274688 87382 5465 37945 87151 81917 3578 86242 28102 187306 9843 64313 1910 81093 13481 67612 4110 62403 36628 21929 18093 2447 11034 5611 32203 164346 63502 4425
is_linear=0
shrinkage=1


Tree=2
num_leaves=31
num_cat=0
split_feature=7 29 29 142 225 225 226 154 225 229 228 229 224 234 234 19 41 230 234 227 234 228 234 228 227 225 230 226 225 232
split_gain=11823.8 8036.77 1431.1 870.357 865.422 653.28 617.721 617.246 590.633 445.179 421.192 358.338 296.985 315.973 560.215 285.487 279.827 273.654 392.455 283.435 252.7 728.547 240.41 840.846 349.173 424.688 240.787 240.327 231.158 215.852
threshold=1.0000000180025095e-35 0.041261412203311927 0.029663368128240112 29.467549324035648 0.20679578930139544 -0.030940170399844643 -0.063176956027746187 17.312600135803226 -0.052046963945031159 1.804553806781769 50.984958648681648 0.62673509120941173 3.5000000000000004 0.072101317346096053 0.06970811635255815 0.34260639548301702 0.034425433725118644 1.5000000000000002 0.026880226098001007 0.18537236005067828 0.014099156949669124 33.599060058593757 0.014099156949669124 33.599060058593757 -0.075891796499490724 0.0044434329029172668 12.500000000000002 -0.011426768731325863 0.0037611918523907666 -2.8103680610656734
decision_type=2 2 2 2 2 2 2 2 2 2 2 2 2 2 2 2 2 2 2 2 2 2 2 2 2 2 2 2 2 2
left_child=1 2 20 6 -2 10 8 22 -3 11 -5 -7 13 14 17 -12 -8 18 -13 -19 -1 -22 26 -24 25 -25 -4 -21 -28 -18
right_child=4 3 7 5 -6 9 16 -9 -10 -11 15 12 -14 -15 -16 -17 29 19 -20 27 21 -23 23 24 -26 -27 28 -29 -30 -31
leaf_value=-1.6467695680312588 -1.4564210828825748 -1.6093324312122981 -1.634495012646719 -1.5935224006832363 -1.5531037540101833 -1.5469344967773824 -1.6193139394116363 -1.6122929647846036 -1.5173006134579203 -1.6411034866455041 -1.578085398710487 -1.5921059734873544 -1.6098218911514559 -1.6197984640164134 -1.5079330545635157 -1.517346125737919 -1.6392281969474465 -1.5945426385696075 -1.5527085992191576 -1.580953037980815 -1.4976787938358218 -1.6374753101897879 -1.484699726658669 -1.6332078400586187 -1.6261960550788095 -1.4984829252297192 -1.5909996547402603 -1.6331684493274037 -1.6340383279750723 -1.6061162515565397
leaf_weight=13978.061635941267 1150.8090595901012 357.21342131495476 15742.905782237649 682.71163232624531 289.72917683422565 345.76733037829399 8367.5693951547146 6481.3489928841591 340.52120536565781 600.68131394684315 311.66751779615879 2214.103215560317 4254.3689250200987 1138.6475879698992 193.86816523969173 510.06642736494541 513.4048705548048 7517.6971431076527 884.68744531273842 289.96763706207275 94.191789999604225 8829.705316722393 110.64554572105408 113.74552868306637 5822.7218435704708 120.42241506278515 648.85027997195721 918.07187721133232 600.91977417469025 11907.511477544904
leaf_count=58618 4826 1498 66019 2863 1215 1450 35090 27180 1428 2519 1307 9285 17841 4775 813 2139 2153 31526 3710 1216 395 37028 464 477 24418 505 2721 3850 2520 49935
internal_value=-1.618 -1.62021 -1.63319 -1.60372 -1.47587 -1.59617 -1.61069 -1.62593 -1.56442 -1.59877 -1.5645 -1.59734 -1.59834 -1.59462 -1.59224 -1.54038 -1.61225 -1.59362 -1.58086 -1.59816 -1.64257 -1.636 -1.62975 -1.62129 -1.62379 -1.56392 -1.63282 -1.62064 -1.61169 -1.60748
internal_weight=0 93892 52543.5 41348.5 1440.54 19862.3 21486.2 29641.6 697.735 18357.9 1504.45 17757.2 17411.4 13157 12018.4 821.734 20788.5 11824.5 3098.79 8725.74 22902 8923.9 23160.2 6167.54 6056.89 234.168 16992.7 1208.04 1249.77 12420.9
internal_count=399784 393743 220345 173398 6041 83294 90104 124304 2926 76985 6309 74466 73016 55175 50400 3446 87178 49587 12995 36592 96041 37423 97124 25864 25400 982 71260 5066 5241 52088
is_linear=0
shrinkage=1


Tree=3
num_leaves=31
num_cat=0
split_feature=122 29 14 7 29 7 15 29 13 29 122 7 229 29 29 29 232 30 232 117 225 232 228 224 110 226 133 29 14 231
split_gain=23332 6582.82 5007.42 2963.47 1899.04 1906.65 1396.66 916.69 811.258 805.385 538.574 515.029 486.733 449.813 427.317 284.262 263.368 234.03 197.699 197.632 196.263 175.699 170.032 295.623 164.088 159.467 158.6 155.891 151.173 149.603
threshold=0.041224731132388122 0.036235259845852859 0.16103877872228625 1.0000000180025095e-35 0.050484418869018562 1.0000000180025095e-35 0.19749607890844348 0.027645040303468708 0.17209796607494357 0.046433122828602798 0.07281759008765222 1.0000000180025095e-35 1.5005524158477785 0.037812534719705589 0.057658925652503974 0.060979632660746581 -3.334617972373962 0.07672546431422235 -3.334617972373962 1.0000000180025095e-35 0.048409214243292815 -3.334617972373962 20.885622978210453 4.5000000000000009 0.84212377667427074 -0.063176956027746187 0.55406689643859874 0.0559010747820139 0.18826913833618167 0.47908110916614538
decision_type=2 2 2 2 2 2 2 2 2 2 2 2 2 2 2 2 2 2 2 2 2 2 2 2 2 2 2 2 2 2
left_child=1 3 4 7 5 10 9 20 14 11 13 16 15 -2 -4 26 -3 28 -9 24 22 -15 23 -1 -20 -23 -6 -11 -8 -24
right_child=2 6 8 -5 12 -7 17 18 -10 27 -12 -13 -14 21 -16 -17 -18 -19 19 -21 -22 25 29 -25 -26 -27 -28 -29 -30 -31
leaf_value=0.037858377202128229 0.010074515919090818 -0.065471876489700168 -0.034657031007255944 -0.081822276981498521 -0.016395908712319295 -0.080260358820784514 -0.015808548277723222 -0.042857339534545229 -0.070977145970045619 -0.0026069800140855427 -0.024316568763177268 -0.081515620952621035 -0.066747628347269355 -0.07298642812854636 -0.055774586653189497 -0.037023006232080755 0.010530653623048924 -0.08106602549908215 0.023608137060826651 -0.086357865393951794 -0.0030518075261688404 -0.051575822497202529 0.018092481152923785 -0.077931464698134931 0.011524805693829068 -0.0057519640907099439 -0.032955002878909893 -0.014320818335530311 -0.033432042914128872 0.036962283648754861
leaf_weight=142.67680305242538 5997.1343008577824 114.63149809837341 4782.169995367527 619.6803250014782 4205.4095420539379 865.34690734744072 3418.0835677683353 118.35927125811577 4497.2365520000458 8137.0887123942375 2846.4140865802765 154.56275135278702 942.67397627234459 101.00204169750214 4800.0120955705643 6338.1345644891262 20206.383863508701 173.67302292585373 22368.402452975512 42.079047739505768 331.70273175835609 193.82304310798645 1101.3514705300331 89.829633593559265 3213.1893613040447 9278.4653308689594 2203.7497372329235 4363.3455791175365 1889.4816492497921 22695.53464025259
leaf_count=427 17675 325 13781 1737 12210 2425 9961 338 12730 23837 8227 433 2694 286 13730 18320 59612 494 66467 123 992 555 3277 252 9483 27101 6370 12727 5455 67902
internal_value=0 0.0150212 -0.0284963 0.0268497 -0.0178375 -0.0077267 -0.000579892 0.0281937 -0.0534579 0.00330489 -0.00431858 0.00941033 -0.0320785 -0.000662765 -0.0452355 -0.0295147 0.0101019 -0.0239514 0.0216145 0.0219123 0.0351459 -0.00738907 0.0356732 -0.00687741 0.0220904 -0.00668962 -0.0220897 -0.00669576 -0.0220825 0.036089
internal_weight=0 89180.1 47051.6 50722.8 32972.2 19282.2 38457.3 50103.1 14079.4 32976 18416.8 20475.6 13690 15570.4 9582.18 12747.3 20321 5481.24 25742 25623.7 24361.1 9573.29 24029.4 232.506 25581.6 9472.29 6409.16 12500.4 5307.57 23796.9
internal_count=399946 263842 136104 150998 95863 56269 112844 149261 40241 96934 53844 60370 39594 45617 27511 36900 59937 15910 76411 76073 72850 27942 71858 679 75950 27656 18580 36564 15416 71179
is_linear=0
shrinkage=0.05


Tree=4
num_leaves=31
num_cat=0
split_feature=122 13 29 232 15 233 227 226 230 226 232 228 233 230 226 232 227 228 232 15 232 227 233 234 230 227 230 226 230 232
split_gain=14637.5 4828.72 4723.61 1632.29 1587.5 1551.81 1524.51 1504.05 1918.19 1022.86 939.147 876.475 830.042 798.411 1533.96 740.435 693.332 1086.83 681.75 652.322 785.927 1464.43 863.227 802.419 1280.95 798.617 629.479 774.199 515.612 1419.32
threshold=0.052658649161458022 0.1552022993564606 0.042546687647700317 -3.334617972373962 0.29774667322635656 -0.01175938034430146 0.22535404562950137 -0.0047057049814611665 9.5000000000000018 0.021448242478072647 -0.65437415242195118 20.885622978210453 0.24723561108112338 11.500000000000002 -0.024013678543269631 -3.334617972373962 0.15536781400442126 82.401290893554702 -0.71826806664466847 0.29032443463802343 0.24266439676284793 0.011352922767400743 -0.033969070762395852 -0.010293399915099142 9.5000000000000018 0.12312197312712671 3.5000000000000004 -0.0097577082924544794 2.5000000000000004 -1.6804370880126951
decision_type=2 2 2 2 2 2 2 2 2 2 2 2 2 2 2 2 2 2 2 2 2 2 2 2 2 2 2 2 2 2
left_child=2 4 5 -4 11 7 19 13 10 -10 -9 18 -3 -1 -15 -13 -7 -18 -2 20 21 22 23 -5 -25 -23 -8 -28 -17 -30
right_child=1 12 3 6 -6 16 26 8 9 -11 -12 15 -14 14 -16 28 17 -19 -20 -21 -22 25 -24 24 -26 -27 27 -29 29 -31
leaf_value=-0.018249753355742485 0.035821907698786321 0.086818190916613788 0.15576267063968627 0.014132858574583941 0.063896207386621093 -0.030571275085458739 0.010278379848716837 0.089369115974867838 0.17437781273978206 -0.035603986591794298 -0.0044617991440451194 0.14794267316272341 0.16686568700201884 -0.017921445768968491 0.17342712146042757 0.0023831566371361455 -0.017803059412410078 0.061879420708304059 0.15202769778216665 0.032804768566655505 -0.013388325032169439 0.11290686200948907 -0.0067227945209618056 0.020415958581970088 0.18078840806965837 -0.0022515918361157793 0.033043088797912928 0.13974177198972323 0.094142497319689378 0.01644980593114077
leaf_weight=8908.2627510428429 310.48583561182022 2885.2480898946524 187.38454781472683 2595.8355451226234 2510.8228940218687 24986.468145161867 333.93238182365894 316.31503617763519 300.248923137784 71.87934710085392 1699.2898787111044 106.49396495521069 364.79648049175739 297.97010450065136 161.5091952085495 4397.688592761755 3671.5561268776655 484.38843232393265 212.66391351819038 1774.6851941049099 6036.2952928245068 501.4112383723259 6154.1833021044731 325.28879392147064 201.73007562756538 215.15341602265835 298.39232398569584 395.14551714062691 659.02663561701775 5442.2951083779335
leaf_count=47097 1540 13679 849 13521 12271 133813 1705 1509 1383 382 8928 475 1632 1587 721 22463 19538 2581 1017 8839 31518 2528 32235 1700 921 1127 1538 1991 3218 27640
internal_value=0 0.0410344 -0.0116665 0.00892 0.027984 -0.0212402 0.00745887 -0.00590526 0.0295194 0.133818 0.0102634 0.0198816 0.095803 -0.0149346 0.0493385 0.0167651 -0.027426 -0.00851582 0.0830603 0.0040414 0.000856977 0.00946137 0.00414193 0.0255529 0.0818027 0.0783298 0.0666787 0.093835 0.0154345 0.0248417
internal_weight=0 16889.5 59917.3 19019.4 13639.5 40897.9 18832.1 11755.5 2387.73 372.128 2015.6 11128.7 3250.04 9367.74 459.479 10605.5 29142.4 4155.94 523.15 17804.6 16029.9 9993.6 9277.04 3122.85 527.019 716.565 1027.47 693.538 10499 6101.32
internal_count=399946 83935 316011 98472 68624 217539 97623 61607 12202 1765 10437 56353 15311 49405 2308 53796 155932 22119 2557 92389 83550 52032 48377 16142 2621 3655 5234 3529 53321 30858
is_linear=0
shrinkage=0.05


Tree=5
num_leaves=31
num_cat=0
split_feature=7 29 29 231 227 29 22 233 228 233 234 228 231 231 234 228 229 231 234 126 234 228 227 227 230 228 234 231 234 227
split_gain=9590.65 7010.23 1401.33 662.156 627.609 598.339 563.803 459.55 413.247 366.307 342.822 331.788 297.202 596.948 270.24 770.52 268.611 262.565 257.273 224.299 206.023 712.304 312.328 384.492 273.646 204.702 197.719 194.855 198.047 193.756
threshold=1.0000000180025095e-35 0.041893452405929572 0.030109877698123459 1.7051149606704714 0.16558407247066501 0.054608892649412162 56.584394454956062 -0.012939637526869772 34.72050857543946 -0.012145258486270903 -0.046986028552055352 35.280538558959968 17.813075065612797 20.582216262817386 0.014099156949669124 33.599060058593757 1.804553806781769 1.8432740569114687 -0.046986028552055352 0.066311009228229537 0.014197493903338911 33.599060058593757 -0.075891796499490724 -0.080775048583745943 12.500000000000002 74.275436401367202 0.044121962040662772 6.4478690624237069 0.021706453524529937 -0.075891796499490724
decision_type=2 2 2 2 2 2 2 2 2 2 2 2 2 2 2 2 2 2 2 2 2 2 2 2 2 2 2 2 2 2
left_child=1 2 14 7 -2 8 20 -3 18 -9 -7 -11 17 -14 -1 -16 -10 26 -5 -19 24 -22 23 -23 -4 -15 -12 28 -20 -17
right_child=4 3 6 5 -6 10 -8 9 16 11 12 -13 13 25 15 29 -18 19 27 -21 21 22 -24 -25 -26 -27 -28 -29 -30 -31
leaf_value=-0.027451190416858746 0.13492301932301679 -0.013121628379215525 -0.015767530383624384 0.085117146247619513 0.056395403130469424 0.096052467390232266 0.0041134271824527285 0.074645273518312114 0.016832714671189523 0.043794271651249508 0.023396624828562612 0.0034869071929378432 0.085453907086110337 0.038008387716472594 0.1173315500865993 0.034063086043920623 -0.024103197294423586 0.018992683980033884 -0.0075414068896013532 0.088043138881327962 0.12015676763720505 -0.016075353273963085 -0.0079675394396088624 0.11394362384815925 0.0092993084632289925 -0.0078348053558203613 0.087902146594297306 0.0355701020895174 0.063322346736426047 -0.019040191299437601
leaf_weight=14245.790052890778 1327.2336192131042 3335.3890098631382 14876.751610860229 83.85119166970253 314.78581646084785 166.26722356677055 8482.3939933031797 213.03473789989948 12476.380738899112 571.55073137581348 224.46230944991112 4782.932099968195 564.56213201582432 692.46270161867142 106.40383079648018 175.1729937940836 414.03171642124653 11667.935525149107 4294.134241938591 118.8046560138464 115.79918695986271 108.71313199400902 4823.1627947241068 119.21421357989311 1174.7279823571444 375.58340901136398 252.34463174641132 302.54670621454716 100.91308109462261 8848.2674190402031
leaf_count=61624 4886 13874 63395 344 1236 678 35511 855 51511 2338 922 19763 2236 2807 421 751 1732 47758 17877 471 453 463 20433 470 4933 1553 1009 1212 419 38011
internal_value=0 -0.00202368 -0.0139896 0.0136051 0.119869 0.0169856 -0.00678206 0.00155506 0.0108612 0.0103476 0.0246821 0.00778941 0.0238281 0.0438689 -0.0231474 -0.016432 0.0155179 0.0211602 -0.001693 0.0196887 -0.0111377 -0.00245381 -0.00526473 0.0519293 -0.013933 0.0218874 0.0575354 -0.00324254 -0.00591433 -0.0180093
internal_weight=0 93713.6 53076.4 40637.2 1642.02 31734.3 29700.8 8902.91 17671.9 5567.52 14062.4 5354.48 13896.2 1632.61 23375.6 9129.84 12890.4 12263.5 4781.45 11786.7 21218.4 5166.89 5051.09 227.927 16051.5 1068.05 476.807 4697.59 4395.05 9023.44
internal_count=399946 393824 226465 167359 6122 130529 125658 36830 73095 22956 57434 22101 56756 6596 100807 39183 53243 50160 19852 48229 90147 21819 21366 933 68328 4360 1931 19508 18296 38762
is_linear=0
shrinkage=0.05


Tree=6
num_leaves=31
num_cat=0
split_feature=122 160 14 7 160 7 160 160 187 14 7 41 110 226 160 160 160 152 231 234 23 225 231 233 229 230 231 117 231 233
split_gain=20829.6 6485.29 3955.51 2754.52 1527.36 1419.41 1389.39 838.544 586.134 581.816 508.387 497.92 437.322 389.326 368.38 345.041 213.144 242.637 191.395 221.36 182.32 180.654 180.067 183.365 295.233 244.024 244.713 178.658 152.16 320.841
threshold=0.042859056964516647 3.5958307981491093 0.16811233758926394 1.0000000180025095e-35 5.0982520580291757 1.0000000180025095e-35 4.6433124542236337 2.7645040750503544 -15.516499996185301 0.11261436715722085 1.0000000180025095e-35 0.088238615542650237 0.85053730010986339 -0.063176956027746187 3.942053079605103 6.2411963939666757 7.3331458568573007 0.0029612121870741252 1.7805396914482119 -0.043213134631514542 58.937358856201179 0.051874106749892242 1.935372591018677 -0.012939637526869772 0.97116810083389293 9.5000000000000018 1.1556199789047243 1.0000000180025095e-35 0.47908110916614538 -0.015967056620866057
decision_type=2 2 2 2 2 2 2 2 2 2 2 2 2 2 2 2 2 2 2 2 2 2 2 2 2 2 2 2 2 2
left_child=1 3 4 7 5 11 10 21 -4 18 12 14 22 -6 -2 -10 17 -15 -8 -20 28 -1 23 24 25 26 -3 -14 29 -9
right_child=2 6 8 -5 13 -7 9 20 15 -11 -12 -13 27 16 -16 -17 -18 -19 19 -21 -22 -23 -24 -25 -26 -27 -28 -29 -30 -31
leaf_value=0.034397542218118873 0.005794150212984378 0.0098979663871780876 -0.067172278558720919 -0.07423961255859228 -0.064327620307090924 -0.07207997669063107 -0.017178386481547299 -0.037042429364316502 -0.035951390239473545 -0.027852422844165767 -0.074465027211487109 -0.032532564866391084 -0.0099455369278392668 -0.018522861740036773 -0.0097411868073022795 -0.055303945351770203 -0.042264320615254675 -0.034395983923475752 -0.045137282001663635 -0.0018712231659020137 0.0078109045322880813 -0.0021372550319099667 0.012552211249258066 0.0097662194074030675 0.0071645064576867151 -0.085240241604716729 -0.041826504998176778 -0.077805892977727054 0.02309582216535741 0.022619333767478239
leaf_weight=23634.167526513338 6709.6426646411419 425.64967015385628 3904.9468933343887 678.74197402596474 838.51476746797562 846.4964257478714 3199.4830227792263 331.91400748491287 5444.0585479438305 4190.6694798469543 190.59069785475731 1576.2219121456146 2275.4865057170391 5271.3876921534538 8847.6929313838482 3992.1788738667965 2454.8383331596851 4431.4566452503204 304.72513362765312 9901.8223161399364 2434.3498991131783 343.26994556188583 15725.077610731125 3439.6920136511326 1384.7212923765182 157.52173781394958 494.1164091527462 101.30904936790466 21775.506359279156 701.79866114258766
leaf_count=72119 19800 1259 10777 1849 2338 2305 9276 964 15393 12009 519 4493 6638 15118 25632 11148 6975 12618 881 28839 7235 1021 46687 10215 4096 444 1438 282 65560 2113
internal_value=0 0.0136295 -0.0281192 0.0257987 -0.018316 -0.00887674 -0.000901013 0.0271782 -0.0508807 -0.0115911 0.00687402 -0.00575414 0.00751986 -0.0313751 -0.00304103 -0.0441389 -0.0291024 -0.0257724 -0.00650789 -0.00316297 0.0208179 0.0338745 0.0097572 0.0023099 -0.00810738 -0.0277375 -0.0178894 -0.012838 0.022206 0.00346258
internal_weight=0 91690.6 44317.4 49899.7 30976.3 17980.1 41790.9 49221 13341.2 17596.7 24194.2 17133.6 24003.6 12996.2 15557.3 9436.24 12157.7 9702.84 13406 10206.5 25243.6 23977.4 21626.8 5901.7 2462.01 1077.29 919.766 2376.8 22809.2 1033.71
internal_count=400041 273444 126597 150861 89279 52230 122583 149012 37318 51005 71578 49925 71059 37049 45432 26541 34711 27736 38996 29720 75872 73140 64139 17452 7237 3141 2697 6920 68637 3077
is_linear=0
shrinkage=0.05


Tree=7
num_leaves=31
num_cat=0
split_feature=15 29 14 232 12 13 228 224 231 232 227 29 224 230 232 227 226 230 226 232 232 231 231 230 229 226 227 226 230 231
split_gain=12701.3 5187.29 1819.9 1552.76 1515.99 1440.31 1149.67 1409.7 1223.41 1136.56 881.749 866.739 812.381 757.452 707.892 743.375 698.753 1117 695.993 678.628 647.608 608.716 710.959 616.06 748.337 573.958 520.771 660.02 488.638 904.641
threshold=0.22170475125312808 0.04238970763981343 0.30879424512386328 -2.8103680610656734 0.09079794213175775 0.14807027578353885 20.885622978210453 3.5000000000000004 1.7051149606704714 -3.334617972373962 0.22535404562950137 0.030977487564086918 4.5000000000000009 3.5000000000000004 -1.2460717558860777 -0.036407448351383202 -0.039080714806914323 2.5000000000000004 -0.043117709457874291 0.24266439676284793 -1.5759174823760984 1.1847185492515566 1.1556199789047243 5.5000000000000009 0.80018705129623424 -0.0097577082924544794 0.15454842895269397 0.059302615001797683 9.5000000000000018 0.62182343006134044
decision_type=2 2 2 2 2 2 2 2 2 2 2 2 2 2 2 2 2 2 2 2 2 2 2 2 2 2 2 2 2 2
left_child=1 5 10 12 6 9 7 -5 20 -1 19 -11 -3 -12 15 -10 17 18 -17 -2 -8 22 23 -13 -25 -15 -16 -28 -22 -30
right_child=2 3 -4 4 -6 -7 8 -9 14 11 13 21 -14 25 26 16 -18 -19 -20 -21 28 -23 -24 24 -26 -27 27 -29 29 -31
leaf_value=0.08938716443572664 0.048708256392143934 -0.005617404225681139 0.07833973714343305 -0.017908011341819324 0.071816607732709106 0.069022250460307369 0.080583264425582696 0.12004040650935077 -0.01099415716877593 -0.027969642166197101 0.011155842353649345 -0.026236097849352408 0.13131720646621567 0.048437091810207368 -0.015094447468825859 -0.027636640315278717 0.0071755163907405925 0.09474768689979654 0.089037023597071552 0.016128310958569505 0.010835511434426105 -0.016926393777590622 0.11159123978655844 0.16179172680850201 0.013033306627604794 0.13689789651809206 -0.011231977860225935 0.047045608301017054 0.12479734605301561 0.017262579071560938
leaf_weight=236.70201830565929 2581.3651948571205 149.00961326062679 3558.3379252403975 305.65472319722176 908.79779958724976 460.76520349085331 496.21037685871124 469.92315995693207 2107.6887148320675 20033.803521618247 312.11494548618793 1175.0241411179304 396.56149643659592 295.4272657930851 8987.5289233922958 457.936568364501 1880.218179538846 760.61307118833065 177.31154379248619 4197.1962510347366 3149.1026580482721 18453.317646443844 154.88046203553677 89.20661361515522 1616.9052279740572 483.4059876203537 1162.0382757484913 834.91240671277046 292.67548844218254 589.51399254798889
leaf_count=1028 12324 754 15686 1578 4180 2041 2372 2048 10915 110272 1535 6283 1664 1436 46622 2368 9634 3764 922 20504 16146 99335 787 373 8594 2231 6033 4246 1340 3026
internal_value=0 -0.00846919 0.0486667 0.0105655 0.00855155 -0.0188951 0.0058985 0.065675 0.00367981 -0.0198652 0.0352495 -0.020488 0.0939168 0.0769686 -0.00268311 0.0121694 0.0270718 0.053872 0.00492951 0.0285352 0.0266836 -0.013513 0.00723374 0.00162383 0.0208114 0.103343 -0.00996268 0.0131335 0.0200491 0.0529384
internal_weight=0 65346.3 11427.8 23125.7 22580.1 42220.6 21671.3 775.578 20895.8 41759.8 7869.51 41523.1 545.571 1090.95 16368.2 5383.77 3276.08 1395.86 635.248 6778.56 4527.5 21489.3 3036.02 2881.14 1706.11 778.833 10984.5 1996.95 4031.29 882.189
internal_count=400041 346325 53716 117612 115194 228713 111014 3626 107388 226672 38030 225644 2418 5202 84504 27603 16688 7054 3290 32828 22884 115372 16037 15250 8967 3667 56901 10279 20512 4366
is_linear=0
shrinkage=0.05


Tree=8
num_leaves=31
num_cat=0
split_feature=7 29 29 38 226 225 225 154 225 122 234 228 227 233 233 227 225 229 234 232 227 225 232 234 229 228 231 234 230 225
split_gain=7879.81 6199.84 1127.8 661.232 542.768 529.805 512.307 484.878 471.323 356.231 273.827 627.822 270.243 568.805 449.014 287.392 265.978 301.635 265.93 248.583 215.963 296.7 190.459 183.862 183.09 210.794 190.696 460.844 287.715 193.459
threshold=1.0000000180025095e-35 0.04079804569482804 0.030109877698123459 0.46908493340015417 -0.063176956027746187 -0.052046963945031159 -0.039942905306816094 13.936783790588381 0.20679578930139544 0.034799266606569297 0.014099156949669124 33.599060058593757 0.15422817319631579 -0.018290904350578781 0.012774136383086445 0.15348365157842639 -0.016739149577915665 0.91451442241668712 0.016723711974918846 -2.8103680610656734 -0.075891796499490724 0.0044434329029172668 -1.4672073721885679 -0.0066609354689717284 0.70228666067123424 86.087261199951186 1.7051149606704714 -0.046986028552055352 13.500000000000002 -0.033661128953099244
decision_type=2 2 2 2 2 2 2 2 2 2 2 2 2 2 2 2 2 2 2 2 2 2 2 2 2 2 2 2 2 2
left_child=1 2 10 4 5 -3 18 22 -2 -6 -1 -12 14 -14 -8 16 17 -16 -5 -11 21 -13 -4 -15 25 -21 29 -28 -29 -26
right_child=8 3 7 6 9 -7 12 -9 -10 19 11 20 13 23 15 -17 -18 -19 -20 24 -22 -23 -24 -25 26 -27 27 28 -30 -31
leaf_value=-0.026758585768447182 0.11609347696117318 0.0056142881227064069 -0.020663887142667505 0.028431093603993013 -0.0012295174658336159 0.08378084313861385 0.0056560652837432 0.0036343412193782219 0.049365742893144257 -0.020494008890648788 0.1027152937394513 -0.03085162985942129 0.056033938951898482 0.040489261238159151 0.0048829382220481176 0.09106435431146935 0.024122800181608447 0.069380936551902098 0.087721167727677851 0.025713105424839747 -0.018108651195688046 0.10094753229745819 -0.0087482868257158248 -0.00018687271702692886 0.047064941651265992 0.10602694048876647 0.076928348513125536 0.010705728276815063 0.058356303186606187 -0.0026082893021049597
leaf_weight=13827.448634237051 1461.4529173374176 417.22415581345558 4299.5143055468798 352.29148878157139 10455.879887014627 451.21605303883553 2582.3522679507732 7432.3969444483519 323.14898931980133 628.29177042841911 110.9033006131649 81.044389143586159 562.16107051074505 298.21018588542938 243.7627400457859 189.11342181265354 5289.2132212072611 707.09263636171818 408.3272533416748 552.01460275053978 8586.6505536139011 90.251995638012886 15243.19976939261 4061.8150689899921 208.12560939788818 95.891130968928337 278.67122049629688 12357.415275156498 325.12017872929573 3367.9207378923893
leaf_count=61692 4884 1664 18561 1356 43557 1699 10430 31030 1205 2621 416 346 2194 1176 987 726 21033 2738 1551 2217 37810 383 65571 16387 845 389 1084 50277 1318 13894
internal_value=0 -0.002052 -0.0141465 0.0116538 0.00729264 0.0462273 0.0203015 -0.00723573 0.104011 0.00609656 -0.0223602 -0.0155027 0.0181202 0.00869844 0.0232665 0.03034 0.0284996 0.0528461 0.0602601 0.0103967 -0.0169997 0.0385902 -0.0113698 0.00259523 0.0115261 0.0375997 0.0105046 0.0133248 0.0119273 0.000282689
internal_weight=0 93503.5 49671.4 43832.1 29137.8 868.44 14694.3 26975.1 1784.6 28269.3 22696.3 8868.85 13933.7 4922.19 9011.53 6429.18 6240.07 950.855 760.619 17813.5 8757.95 171.296 19542.7 4360.03 17185.2 647.906 16537.3 12961.2 12682.5 3576.05
internal_count=400041 393952 215809 178143 119565 3363 58578 115162 6089 116202 100647 38955 55671 19757 35914 25484 24758 3725 2907 72645 38539 729 84132 17563 70024 2606 67418 52679 51595 14739
is_linear=0
shrinkage=0.05


Tree=9
num_leaves=31
num_cat=0
split_feature=122 29 14 7 29 7 15 29 187 29 122 29 122 29 7 117 232 232 228 233 22 12 232 110 225 230 225 225 232 228
split_gain=18534.7 5052.04 4063.76 2120.98 1678.09 1458.32 994.083 777.676 659.681 544.385 510.586 395.952 352.735 343.856 336.571 211.805 208.506 191.729 191.353 254.389 225.187 190.741 177.171 179.115 161.596 192.172 159.139 155.027 151.838 143.084
threshold=0.039433220401406295 0.036235259845852859 0.16103877872228625 1.0000000180025095e-35 0.050982519984245307 1.0000000180025095e-35 0.18353974819183352 0.027324740774929527 -13.54549980163574 0.046433122828602798 0.06191562861204148 0.061928194016218192 0.082490928471088423 0.039420530200004585 1.0000000180025095e-35 1.0000000180025095e-35 -3.334617972373962 -3.334617972373962 25.91130352020264 -0.039505766704678529 47.94597244262696 0.09079794213175775 -3.334617972373962 0.84212377667427074 -0.00082425872096791853 3.5000000000000004 0.048409214243292815 -0.0049695679917931548 -1.9118109345436094 20.885622978210453
decision_type=2 2 2 2 2 2 2 2 2 2 2 2 2 2 2 2 2 2 2 2 2 2 2 2 2 2 2 2 2 2
left_child=1 3 4 7 5 10 9 26 -4 14 13 -10 17 -2 16 -8 -3 -6 19 -19 -20 -12 -9 -24 25 27 29 -11 -26 -1
right_child=2 6 8 -5 12 -7 15 22 11 24 21 -13 -14 -15 -16 -17 -18 18 20 -21 -22 -23 23 -25 28 -27 -28 -29 -30 -31
leaf_value=-0.0075853380501680048 0.0091174853578083036 -0.060567502805346653 -0.059830012633956701 -0.068422257149464594 -0.069916139989740375 -0.066884730484485733 -0.017198142009568391 -0.039576314705990066 -0.029236206861254083 0.0045613578070774459 -0.013274401670264991 -0.04951244512706849 -0.044227692924370461 -0.0055721167307301407 -0.068215945147995657 -0.073333455949349785 0.010124126945697616 -0.05876459236512508 -0.01349237608920467 -0.015046200328631056 -0.028341466184401021 -0.043240416779336009 0.02224028988192089 0.0095412580675513954 -0.06110047200669802 -0.02015350447534851 -0.0023048012691410783 -0.025870283194512907 0.0021140191287359594 0.034053467399223727
leaf_weight=208.29022440314293 7472.2069608867168 104.89623168110847 5164.7368638515472 597.80053812265396 223.40297183394432 936.96920126676559 5455.3714633882046 122.77138394117355 5715.7111359238625 2150.753024995327 4626.2985963225365 4160.2051322460175 2647.9017621278763 8533.2950423657894 139.53059828281403 173.37695273756981 18632.350432276726 804.58089232444763 5190.2614805698395 567.39810630679131 5025.1585093736649 599.89792817831039 21960.292222112417 3178.6209042370319 96.600691467523575 2772.594965159893 311.96755459904671 519.60830828547478 5703.925639718771 21769.323827445507
leaf_count=621 22369 287 14075 1603 610 2513 15617 342 16028 6261 13327 11446 7377 24743 374 475 55564 2217 14808 1624 14211 1693 67048 9530 268 7992 934 1509 16602 67919
internal_value=0 0.0145995 -0.0234677 0.0251717 -0.014482 -0.00583891 0.000360135 0.0263483 -0.04535 0.00396448 -0.00314492 -0.0377775 -0.027734 0.00128576 0.00915224 -0.0189272 0.00972838 -0.0240362 -0.0231516 -0.0406843 -0.0207969 -0.0167141 0.020342 0.0206346 -0.0047453 -0.0109333 0.0331555 -0.00136014 0.00106126 0.0336588
internal_weight=0 83898.1 51668 48149.1 36627.4 22168.7 35749 47551.3 15040.7 30120.3 21231.7 9875.92 14458.7 16005.5 18876.8 5628.75 18737.2 11810.8 11587.4 1371.98 10215.4 5226.2 25261.7 25138.9 11243.5 5442.96 22289.6 2670.36 5800.53 21977.6
internal_count=399987 252946 147041 147997 105492 64645 104949 146394 41549 88857 62132 27474 40847 47112 56225 16092 55851 33470 32860 3841 29019 15020 76920 76578 32632 15762 69474 7770 16870 68540
is_linear=0
shrinkage=0.05


Tree=10
num_leaves=31
num_cat=0
split_feature=122 29 13 231 233 231 230 232 15 228 15 228 230 227 228 233 230 233 228 230 233 225 227 227 228 232 233 232 233 230
split_gain=11346.8 4015.43 3034.67 1984.54 1325.77 1527.53 1450.59 1226.67 1042.49 790.791 831.817 777.433 750.941 698.111 745.685 689.919 699.551 651.491 903.929 643.555 605.506 585.161 581.093 531.28 970.193 498.933 515.718 587.818 495.394 490.056
threshold=0.053140765056014068 0.039716549217700965 0.14807027578353885 1.7051149606704714 -0.01175938034430146 0.47908110916614538 9.5000000000000018 -1.8199365735054014 0.29032443463802343 29.883596420288089 0.25191518664360052 42.342876434326179 2.5000000000000004 0.011352922767400743 44.976861953735359 -0.006994677707552909 1.5000000000000002 -0.039505766704678529 29.317652702331547 1.5000000000000002 0.24723561108112338 -0.053256671875715249 0.15454842895269397 0.1475668400526047 82.401290893554702 -0.051532065495848649 -0.033579252660274499 -1.6804370880126951 0.07824015244841577 11.500000000000002
decision_type=2 2 2 2 2 2 2 2 2 2 2 2 2 2 2 2 2 2 2 2 2 2 2 2 2 2 2 2 2 2
left_child=1 4 8 7 5 6 -1 -3 15 12 -11 -9 21 14 -13 16 -2 -14 -19 -15 -4 -5 -17 -6 -25 26 -18 -28 -21 -7
right_child=2 3 20 9 23 29 -8 11 -10 10 -12 13 17 19 -16 22 25 18 -20 28 -22 -23 -24 24 -26 -27 27 -29 -30 -31
leaf_value=0.0055703448644320213 0.0046849931053199612 0.11630505828275467 0.066184484207154684 0.12074176416442305 -0.031144784456922311 -0.014476284354383041 0.14559599591635944 -0.024097658888689893 0.051050641453024952 -0.012681572107160206 0.019371890427596902 0.090683599560345149 0.082745883834782874 -0.013696845128170971 0.0086960313625620012 -0.0031233909935013647 0.078218143932937814 0.0010481200497504328 0.12228307044504123 0.083122848988675613 0.12754382607205828 -0.019329251765791696 0.034141295363044777 -0.019986179599287696 0.057005096440392568 0.013745262325822717 0.082818114695606904 0.00539335878828575 -0.0039568600650454529 0.038696621780197074
leaf_weight=463.82607597112656 1739.1097306311131 390.32674320042133 3552.8311114162207 79.814887329936028 20444.290848508477 8743.3590717166662 307.62565901875496 713.37815114855766 2784.181906491518 12875.826673731208 2401.5500040948391 310.03851379454136 611.19319255650043 264.22762233018875 2628.9029868245125 4624.2242539077997 1252.5411743372679 1019.5322588980198 181.0555391907692 1211.241334438324 453.37308672070503 1132.9690162241459 1352.0095192492008 3922.7998211681843 456.83226352930069 975.41921444237232 368.48177966475487 732.39586335420609 188.7825825214386 455.91090385615826
leaf_count=2373 8580 1535 14692 340 116451 48119 1251 3650 12194 68205 11294 1443 2795 1355 13275 23014 5557 5349 890 5657 1676 6018 6583 21948 2376 4806 1653 3622 967 2319
internal_value=0 -0.0107204 0.0348094 0.00500879 -0.0215737 -0.00617372 0.0614073 0.030752 0.0237081 -0.00301844 -0.00764288 0.0244709 0.0203401 0.0319978 0.0173452 0.0168152 0.0303858 0.0407237 0.019331 0.0578733 0.0731284 -0.010111 0.00530704 -0.0277592 -0.0119553 0.0438128 0.0562749 0.0313087 0.0713808 -0.0118411
internal_weight=0 58803.5 17834.6 24008.8 34794.6 9970.72 771.452 5706.9 13828.4 18301.9 15277.4 5316.57 3024.56 4603.19 2938.94 11044.2 5067.95 1811.78 1200.59 1664.25 4006.2 1212.78 5976.23 24823.9 4379.63 3328.84 2353.42 1100.88 1400.02 9199.27
internal_count=399987 317610 82377 122773 194837 54062 3624 27882 66009 94891 79499 26347 15392 22697 14718 53815 24218 9034 6239 7979 16368 6358 29597 140775 24324 15638 10832 5275 6624 50438
is_linear=0
shrinkage=0.05


Tree=11
num_leaves=31
num_cat=0
split_feature=7 29 29 41 234 228 230 233 228 232 227 233 225 233 228 225 234 225 36 234 38 227 225 232 234 234 142 40 234 234
split_gain=6472.88 5647.31 807.072 760.514 425.614 674.464 422.303 814.64 584.364 484.987 567.67 464.362 444.29 529.069 370.298 367.911 341.703 333.882 312.002 306.431 301.316 239.905 280.241 229.355 247.22 220.778 217.277 210.567 207.305 183.816
threshold=1.0000000180025095e-35 0.038560690358281142 0.027812543325126175 0.03500452637672425 0.014197493903338911 33.599060058593757 1.5000000000000002 -0.056033192202448838 51.96806716918946 -1.6804370880126951 0.18537236005067828 -0.022822888568043705 -0.016739149577915665 -0.017819760367274281 42.573217391967781 0.20679578930139544 0.0058956164866685876 0.0062102633528411397 -99.993717193603501 0.026521355845034126 0.46023224294185644 -0.075891796499490724 0.0044434329029172668 1.875672519207001 0.0023294708225876097 -0.015900600701570507 44.067649841308601 1.3379520177841189 -0.0059268265031278125 -0.035849630832672112
decision_type=2 2 2 2 2 2 2 2 2 2 2 2 2 2 2 2 2 2 2 2 2 2 2 2 2 2 2 2 2 2
left_child=1 2 -1 20 27 -6 7 18 -9 -8 11 25 14 -14 28 -2 -12 -10 -5 -19 -3 22 -7 24 -15 29 -16 -4 -13 -11
right_child=15 3 4 6 5 21 9 8 17 10 16 12 13 23 26 -17 -18 19 -20 -21 -22 -23 -24 -25 -26 -27 -28 -29 -30 -31
leaf_value=-0.023547941308238344 0.10242832779063014 -0.0025756831703335854 -0.016502508642134251 -0.0073621741620179901 0.10789122499367772 -0.014138218881370996 -0.0091731819413102354 0.0054919490774717533 0.05498127072780265 -0.0065156185548361518 0.01380677344492212 0.038917140617638776 0.081182780042201141 0.0026958600534070561 0.03780855386476889 0.044376583900827923 -0.022897186632449197 0.010905380856070037 0.077888396133308599 0.044350129795782185 0.014593609956468155 -0.0038759586392471922 0.093313659867453547 -0.0031361944564883694 0.021915828362800385 -0.014173124762300059 0.076871309556366355 -0.0012085972637316039 0.0021699463505950663 0.018681391077986702
leaf_weight=17034.611157119274 1536.5234837532043 13162.42351461947 14692.200508028269 123.37670692801476 140.60213498771191 108.13053077459335 2801.2002862989902 4483.8048063069582 1113.5442189276218 1131.506667509675 1038.529781088233 774.88573712110519 302.39043127000332 2213.399083122611 761.17517623305321 331.88297337293625 1628.3484664708376 1911.2127895802259 824.95878514647484 1067.379644498229 3171.0223307013512 8612.7517759650946 138.27676695585251 1632.1885862350464 6853.7780502736568 1416.9560431540012 668.73109187185764 2657.6772949099541 760.43427972495556 2008.8536364138126
leaf_count=78008 4782 55248 64733 485 522 476 11544 18030 4245 4591 4147 3061 1219 8900 2995 1185 6624 7530 2995 4118 12738 37010 530 6521 27075 5801 2405 11407 3044 8018
internal_value=0 -0.00187551 -0.0150663 0.00960433 -0.00958301 -0.000759864 0.0139155 0.0228234 0.0179607 0.0103794 0.012964 0.0160691 0.0205911 0.0159614 0.0377683 0.0921167 -0.00860401 0.0316228 0.0667975 0.0228903 0.000757613 -0.00248425 0.0461607 0.0141181 0.017224 0.0022103 0.0560772 -0.0141598 0.0207165 0.00960263
internal_weight=0 93234.4 43384.3 49850.1 26349.6 8999.76 33516.7 9524.28 8575.94 23992.4 21191.2 18524.3 13967 11001.8 2965.23 1868.41 2666.88 4092.14 948.335 2978.59 16333.4 8859.16 246.407 10699.4 9067.18 4557.32 1429.91 17349.9 1535.32 3140.36
internal_count=399987 394020 192686 201334 114678 38538 133348 37403 33923 95945 84401 73630 55220 43715 11505 5967 10771 15893 3480 11648 67986 38016 1006 42496 35975 18410 5400 76140 6105 12609
is_linear=0
shrinkage=0.05


Tree=12
num_leaves=31
num_cat=0
split_feature=122 29 14 225 29 229 14 29 29 187 122 227 224 225 29 122 29 233 232 232 133 12 226 29 232 117 29 227 29 225
split_gain=16635.9 4511.77 3475.13 1765.58 1521.99 980.533 893.887 702.468 594.91 528.581 425.432 384.611 382.746 369.898 366.533 319.209 313.508 307.579 201.43 186.409 184.293 177.877 152.134 148.292 143.954 144.187 133.694 124.944 118.349 116.367
threshold=0.039433220401406295 0.035958308726549155 0.16811233758926394 0.051874106749892242 0.052046278491616256 1.6979064345359804 0.14793823659420016 0.027645040303468708 0.048884123563766486 -13.965499877929686 0.07281759008765222 0.15536781400442126 4.5000000000000009 0.051874106749892242 0.035680925473570831 0.073919951915740981 0.060979632660746581 0.19598775357007983 -3.334617972373962 -3.334617972373962 0.59671455621719371 0.12016621232032777 0.018057025037705902 0.061461810022592551 -3.334617972373962 1.0000000180025095e-35 0.022018701769411567 -0.080775048583745943 0.062411965802311904 -0.00082425872096791853
decision_type=2 2 2 2 2 2 2 2 2 2 2 2 2 2 2 2 2 2 2 2 2 2 2 2 2 2 2 2 2 2
left_child=1 3 4 7 5 10 8 26 13 -4 14 -5 17 18 -2 23 -11 -7 -3 -16 -21 -8 27 -6 -9 -26 -1 -20 -10 -29
right_child=2 6 9 11 15 12 21 24 28 16 -12 -13 -14 -15 19 -17 -18 -19 22 20 -22 -23 -24 -25 25 -27 -28 29 -30 -31
leaf_value=0.036643418819530975 0.010781284990002315 -0.050681065183474407 -0.056333406291354804 -0.063888674168859114 -0.0166541164781276 -0.05878743949874439 -0.019380666093051304 -0.036620811427743864 -0.0038387867958604885 -0.027936874794782948 -0.020710606606302365 -0.0068868251845151515 0.026169008339070127 -0.047383931759601962 -0.061065168079383558 -0.039675489824336337 -0.046112435834857107 -0.0055099464164081943 0.01801776939730566 0.00038536670843141894 -0.011743632491388989 -0.069155486504965488 0.014908765757174085 -0.028678198851462042 0.020168860843384869 -0.078541882015048803 0.028821301498705206 -0.00016606136555826119 -0.016942974173533989 0.0092497011750900891
leaf_weight=9555.1090299785137 5208.2316422760487 142.1927769780159 4872.1815577447414 604.82329645752907 5194.8425441086292 1371.8149772286415 3726.2880225777626 112.76808139681816 7468.5887357294559 5277.1630144417286 3019.1469162106514 579.4263858795166 192.10817152261734 298.50662118196487 145.8356586098671 3726.5087658166885 4310.4648702144623 337.55977401137352 1930.2670982480049 8236.0199907720089 5053.4687540829182 188.5730402469635 7362.2635433971882 5063.6517150700092 22962.271829009056 37.054187834262848 12754.284557551146 6774.9718132019043 2239.6985011696815 6363.455927491188
leaf_count=30494 15734 385 13120 1613 14663 3716 10590 312 21611 14642 8530 1733 571 838 396 10281 11722 963 5824 23944 14642 513 22026 14176 70865 107 40653 20150 6427 18965
internal_value=0 0.0139617 -0.0220957 0.0242712 -0.0140753 -0.0063203 0.000795982 0.0258426 0.00350854 -0.0429231 -0.00329851 -0.035999 -0.0407462 0.00791047 -0.000478784 -0.0271421 -0.0361084 -0.0482664 0.00864168 -0.00484377 -0.00422681 -0.0217782 0.00901773 -0.0225893 0.0197335 0.0200098 0.0321715 0.00613949 -0.00686192 0.00439436
internal_weight=0 83100.5 52009 46605.7 37549.2 23564.2 36494.8 45421.5 32579.9 14459.8 21662.7 1184.25 1901.48 22871.7 18643.6 13985 9587.63 1709.37 22573.2 13435.3 13289.5 3914.86 22431 10258.5 23112.1 22999.3 22309.4 15068.7 9708.29 13138.4
internal_count=400206 253106 147100 145777 107616 68496 107329 142431 96226 39484 63246 3346 5250 68188 54716 39120 26364 4679 67350 38982 38586 11103 66965 28839 71284 70972 71147 44939 28038 39115
is_linear=0
shrinkage=0.05


Tree=13
num_leaves=31
num_cat=0
split_feature=122 32 233 231 15 232 229 228 226 15 227 228 225 232 233 230 143 232 233 233 231 227 234 225 230 225 227 228 14 232
split_gain=10122.4 2654.39 2418.57 2383.08 2349.57 1432.58 1494.06 1094.75 1783.02 997.12 907.972 746.409 987.174 677.711 643.993 607.91 541.531 492.27 483.004 475.177 459.849 432.189 395.568 383.155 373.421 373.284 364.643 603.11 362.604 348.313
threshold=0.051750676706433303 0.16308469325304034 -0.01175938034430146 1.7051149606704714 0.14827873557806018 -1.3266234397888181 0.80018705129623424 29.883596420288089 -0.024013678543269631 0.25191518664360052 0.22535404562950137 44.976861953735359 -0.011521907057613133 -0.70062109827995289 -0.015967056620866057 1.5000000000000002 17.315649986267093 -0.71826806664466847 -0.01240761950612068 -0.039505766704678529 1.3472215533256533 0.23063293099403384 -0.031190510839223858 0.051874106749892242 1.5000000000000002 0.011111198458820583 0.1475668400526047 82.401290893554702 0.25412227213382726 -1.4672073721885679
decision_type=2 2 2 2 2 2 2 2 2 2 2 2 2 2 2 2 2 2 2 2 2 2 2 2 2 2 2 2 2 2
left_child=2 9 3 5 16 -1 -7 8 18 13 23 12 -8 17 -13 -12 26 20 19 22 -2 -3 24 28 -5 -16 -4 -28 -6 -9
right_child=1 21 4 7 10 6 11 29 -10 -11 15 14 -14 -15 25 -17 -18 -19 -20 -21 -22 -23 -24 -25 -26 -27 27 -29 -30 -31
leaf_value=0.088635848559538544 0.06657847791714748 0.062026420742049129 -0.031903025756665225 -0.03385074787838404 -0.0052652609031356061 0.10325600759406904 0.0060713961815293156 0.0022065173566686433 0.14339100115330744 0.043353950552179145 -0.02782850390279426 -0.0096881094298967643 0.1311883614487481 0.0044083143924455752 0.00083735092692873662 0.080404698608134248 -0.015355457386205385 0.098668628148129309 0.058214427124902761 -0.021151919445158041 0.019219041579833746 0.11054585058668652 0.063036818605132383 0.080012102799310481 0.028216674110153106 0.074628179194030045 -0.021359598001662622 0.047408046504391815 0.029422203249190006 -0.020735044024794438
leaf_weight=916.89159873127937 587.19326044619083 3185.5942496955395 16590.211566224694 402.35612009465694 5414.1015526652336 484.15863464772701 366.75763832032681 2095.5843609422445 257.19915774464607 4072.7973403185606 163.35276508331299 2759.7199853211641 276.51315864920616 6788.5214917361736 293.97059409320354 630.40589407086372 11453.631666392088 240.10593926906586 396.72608633339405 1414.2012950927019 4032.4831509143114 536.22543074190617 385.78782844543457 151.56543345749378 609.30739240348339 410.99987572431564 2497.4709667265415 365.49768304824829 875.19039671123028 7860.1987273693085
leaf_count=3745 2537 12284 98137 2220 27881 2082 1942 11332 989 17298 810 14749 1036 33188 1514 2855 62747 887 2022 7784 19234 1889 1871 729 2981 1996 14491 1862 3878 43236
internal_value=0 0.0310474 -0.0107254 0.00388485 -0.0179768 0.0315747 0.0201816 -0.00748091 0.0167226 0.0220585 0.00767313 0.0103905 0.0598535 0.0146126 0.00120699 0.0581307 -0.0239808 0.0288667 0.00656828 -0.00071903 0.0252388 0.0690169 0.0199588 0.00145484 0.00353138 0.0438576 -0.0290593 -0.0125805 -0.000438305 -0.0159061
internal_weight=0 19442.9 57071.8 18930.4 38141.4 5509.01 4592.12 13421.4 3465.58 15721.1 7234.62 4107.96 643.271 11648.3 3464.69 793.759 30906.8 4859.78 3208.38 2811.65 4619.68 3721.82 1397.45 6440.86 1011.66 704.97 19453.2 2862.97 6289.29 9955.78
internal_count=400206 87317 312889 99499 213390 27064 23319 72435 17867 73144 36153 21237 2978 55846 18259 3665 177237 22658 16878 14856 21771 14173 7072 32488 5201 3510 114490 16353 31759 54568
is_linear=0
shrinkage=0.05


Tree=14
num_leaves=31
num_cat=0
split_feature=7 29 29 41 225 232 150 230 233 228 29 225 227 228 232 227 233 234 234 225 228 224 234 234 227 233 232 234 230 225
split_gain=5690.87 4854.79 792.346 644.606 441.091 554.622 422.561 351.4 688.757 397.929 314.123 313.681 306.255 300.296 269.803 259.204 273.976 276.433 255.013 251.292 247.229 218.065 243.693 209.885 881.307 208.74 197.723 188.99 209.238 188.408
threshold=1.0000000180025095e-35 0.037240175530314452 0.050982519984245307 0.029442237690091137 -0.030940170399844643 -0.21642581373453137 -1.0000000180025095e-35 1.5000000000000002 -0.052350873127579682 58.376342773437507 0.026657558046281341 0.20679578930139544 0.19866237789392474 74.843158721923842 -1.6804370880126951 0.18537236005067828 -0.022822888568043705 -0.015900600701570507 0.0058956164866685876 0.11845536530017854 69.069770812988295 1.5000000000000002 0.033666346222162254 0.016066130250692371 -0.059249300509691231 -0.00297881884034723 -0.79598388075828541 -0.030719652771949765 1.5000000000000002 0.0064136888831853875
decision_type=2 2 2 2 2 2 2 2 2 2 2 2 2 2 2 2 2 2 2 2 2 2 2 2 2 2 2 2 2 2
left_child=1 3 6 10 5 -4 25 8 -6 -10 -1 -2 -7 -11 -9 16 17 -16 -17 -8 21 22 -18 -12 -25 27 -5 28 29 -3
right_child=11 2 4 26 7 12 19 14 9 13 23 -13 -14 -15 15 18 20 -19 -20 -21 -22 -23 -24 24 -26 -27 -28 -29 -30 -31
leaf_value=-0.025452300458771601 0.092162215689274893 0.03321034584139692 0.0092332146024854071 -0.014492925765992402 0.075128356963572882 0.062859459322265457 0.0091303838208864115 -0.011045174156858973 0.0072096584198724752 0.049444637637943184 -0.018602644801548936 0.040032303326458851 -0.012000517780645377 0.0062324317021359875 0.011199382225016487 0.015137444777265691 0.030412613978507641 -0.018780421802427848 -0.022442927957323049 -0.029272261273898904 0.0020577259706324835 0.017552019566069717 0.08551378733408975 0.087691891751196349 -0.010857446707892111 0.0032681690131116589 -0.0012719956753738538 -0.014945858414546952 -0.0080802271143931344 -0.023607934533470411
leaf_weight=12228.435164123774 1664.8564858138561 698.45212572813034 1236.9838132709265 4306.0651785135269 565.09957095980644 1284.7925824671984 15115.425238892436 1609.8736975342035 3517.8685965240002 1273.2591864615679 10064.895000457764 349.0788249373436 152.87988692522049 587.58389535546303 2331.7321545779705 771.87869952619076 1296.2154380977154 1147.1990779191256 1087.3196465671062 438.34052023291588 1926.5382052063942 5340.440980553627 237.4124444425106 239.5802483856678 4273.1522777974606 5732.9673828035593 8238.5575849860907 5139.0143060833216 1915.1210949867964 184.42913083732128
leaf_count=57913 4913 2791 4902 19316 1978 4537 61515 6592 13775 4706 45667 1203 594 2269 9215 3012 5015 4677 4423 1823 7476 20535 842 888 18930 23875 36107 21826 8112 779
internal_value=0 -0.00182908 0.00796314 -0.0151649 0.0146212 0.0337793 0.00241157 0.012259 0.0226177 0.0171009 -0.0195427 0.0831264 0.054899 0.0357999 0.00834947 0.0105578 0.013192 0.00131336 -0.00684078 0.00804811 0.0178878 0.0223243 0.0389425 -0.0145854 -0.00562548 -0.00400172 -0.00581021 -0.00925282 0.00120344 0.0213413
internal_weight=0 92941.5 53590.8 39350.7 24367.1 2674.66 29223.7 21692.4 5943.81 5378.71 26806.1 2013.94 1437.67 1860.84 15748.6 14138.7 12279.5 3478.93 1859.2 15553.8 8800.61 6874.07 1533.63 14577.6 4512.73 13670 12544.6 7937.02 2798 882.881
internal_count=400206 394090 215269 178821 94548 10033 120721 84515 22728 20750 123398 6116 5131 6975 61787 55195 47760 13892 7435 63338 33868 26392 5857 65485 19818 57383 55423 33508 11682 3570
is_linear=0
shrinkage=0.05


Tree=15
num_leaves=31
num_cat=0
split_feature=160 12 14 7 160 122 122 160 122 12 160 30 122 7 160 140 160 122 14 226 230 228 228 226 228 234 234 226 23 23
split_gain=14930 3916.27 3343.61 2181.01 2118.28 1441.04 477.072 420.199 408.783 367.03 310.53 300.304 282.196 270.063 268.957 234.112 226.383 185.576 146.611 146.132 164.71 242.479 139.361 138.616 138.384 127.203 361.401 137.813 125.095 124.401
threshold=4.2546684741973886 0.069064844399690642 0.18826913833618167 1.0000000180025095e-35 3.0977487564086919 0.048859545961022384 0.035399114713072784 5.5901074409484872 0.092390004545450224 0.10614265874028207 5.7658927440643319 0.071758359670639052 0.033451050519943244 1.0000000180025095e-35 6.4644243717193612 3.5000000000000004 2.2018702030181889 0.028574079275131229 0.097176738083362593 0.018057025037705902 10.500000000000002 37.995595932006843 20.885622978210453 0.23819749057292941 88.40799713134767 0.016909533180296425 0.023264077492058281 -0.0089901331812143308 50.456027984619148 48.044994354248054
decision_type=2 2 2 2 2 2 2 2 2 2 2 2 2 2 2 2 2 2 2 2 2 2 2 2 2 2 2 2 2 2
left_child=1 3 5 4 12 7 18 17 10 14 -7 13 16 -3 23 -14 -1 -2 19 20 25 -22 -8 -4 -18 -6 27 -27 -24 -9
right_child=2 11 9 -5 6 8 22 29 -10 -11 -12 -13 15 -15 -16 -17 24 -19 -20 -21 21 -23 28 -25 -26 26 -28 -29 -30 -31
leaf_value=0.035385907355899748 0.0050852663217768289 -0.013605644737644107 -0.031145451096798827 -0.059754712456528074 0.015944681238738462 -0.014249590967456115 -0.028439023632030148 -0.0090308829108662631 -0.041591447952856533 -0.055593214035127937 -0.029176995943240087 -0.050132946587723028 -0.054414088183383419 -0.062029462473891045 -0.046299573842874142 0.017438371620817527 0.026571738186530382 -0.0052169897051835045 0.0036668611513681285 0.021051660351330603 -0.085505185203827633 0.0024272384827649708 0.0083972209255248446 0.0045187878879968 -0.0013943385737530203 -0.061650523828216168 0.018971442298552629 0.0098773885935910747 -0.0015606625410388385 -0.021579178303540895
leaf_weight=9303.7558766305447 6510.6671493649483 1675.2148268818855 5112.6597550809383 913.28857079148293 11880.024995654821 7997.5659533143044 361.07033422589302 3851.3780792653561 2821.9276022315025 3454.1531356573105 6173.2034832239151 1769.1761368215084 116.30842506885529 347.69053837656975 4041.9207357466221 4480.0920952260494 19402.290922760963 13301.822533935308 3041.8161664009094 7502.9454234242439 82.039206027984619 1767.432895720005 5887.9183995723724 287.78651168942451 452.66829770803452 263.10420453548431 680.33637395501137 90.505384594202042 6792.0410319268703 4054.298901617527
leaf_count=30407 19121 4817 14023 2442 36562 22504 1050 10994 7703 9242 17049 4816 346 930 10909 13941 62294 38528 9079 23195 230 5384 17679 797 1408 755 2090 274 20043 11433
internal_value=0 0.0144548 -0.0192181 0.0170277 0.0180002 -0.0127486 0.00995993 -0.00572032 -0.0242131 -0.0416471 -0.0207524 -0.0350872 0.0271348 -0.0219286 -0.0365454 0.0156202 0.0289499 -0.00183152 0.0139631 0.0153697 0.0124821 -0.00147328 0.00219105 -0.0292449 0.0259341 0.0144807 -0.00234015 -0.0433432 0.00306326 -0.0154661
internal_weight=0 76809.7 57607.4 73017.6 72104.4 44710.9 38349.2 27718.2 16992.7 12896.5 14170.8 3792.08 33755.1 2022.91 9442.37 4596.4 29158.7 19812.5 25308.2 22266.4 14763.4 1849.47 13041 5400.45 19855 12914 1033.95 353.61 12680 7905.68
internal_count=400045 237742 162303 227179 224737 127332 116341 80076 47256 34971 39553 10563 108396 5747 25729 14287 94109 57649 77569 68490 45295 5614 38772 14820 63702 39681 3119 1029 37722 22427
is_linear=0
shrinkage=0.05


Tree=16
num_leaves=31
num_cat=0
split_feature=160 31 130 231 233 231 225 160 232 227 234 227 233 229 234 232 226 234 230 224 234 233 41 234 19 232 227 233 15 229
split_gain=9188.51 2924.8 2042.26 1698.98 1633.43 1585.12 1331.21 1074.91 921.621 901.018 788.045 784.597 658.299 665.823 604.315 566.091 1211.14 554.361 544.289 1255.82 459.837 447.402 412.051 405.946 517.089 381.13 364.842 347.829 337.923 354.253
threshold=4.3725163936614999 0.083128958940505995 -0.096576154232025133 1.7051149606704714 -0.01175938034430146 0.47908110916614538 -0.011521907057613133 6.4644243717193612 -1.5759174823760984 0.1475668400526047 0.012814752757549288 0.19604091346263888 -0.012939637526869772 0.8157344162464143 0.072101317346096053 -1.6804370880126951 -0.018953709863126274 0.0058956164866685876 11.500000000000002 4.5000000000000009 0.027315219864249233 0.24723561108112338 0.043123926967382438 0.026045459322631363 0.095407862216234221 -0.77543962001800526 0.23590777069330218 0.0065392625983804473 0.45168070495128637 1.6979064345359804
decision_type=2 2 2 2 2 2 2 2 2 2 2 2 2 2 2 2 2 2 2 2 2 2 2 2 2 2 2 2 2 2
left_child=2 3 21 8 5 6 -4 14 27 -6 -11 12 13 -10 22 16 -7 -13 -17 -20 25 -1 -5 24 -12 -14 -16 -2 29 -9
right_child=1 -3 4 7 9 15 -8 28 11 10 23 17 20 -15 26 18 -18 -19 19 -21 -22 -23 -24 -25 -26 -27 -28 -29 -30 -31
leaf_value=0.033480920402888213 0.096536854552016965 0.05951990522624289 -0.003352971112774516 -0.0088944320633532904 -0.027606082174101043 -0.0070477738318986101 0.10911092738310671 0.017302072228707298 0.10291344467120161 -0.029685796510159998 -0.0004086848929331844 0.021528407380819091 0.035694146078391005 0.026511515942838279 0.031651952875793386 -0.015508887815248687 0.075719729482220499 0.085848546329543751 -0.017867358652400606 0.13275474215480407 0.06861901819340456 0.10815567683672181 0.0074845430837127414 -0.0069825078474841061 0.054747848432386149 -0.013828351257598537 0.13262136655008513 0.027229507254809156 0.052369924183476503 0.081900984624247261
leaf_weight=947.88575208187103 768.55920730531216 4113.5546818822622 493.12515805661678 7987.4553565233946 23781.092555329204 1621.7740747332573 564.14092883467674 4107.6475326269865 354.97138378024101 2166.4283908456564 879.69388937950134 546.8262581974268 484.7009405195713 1449.9855276346207 517.63330791890621 9106.8397743105888 607.57944738864899 864.76787459850311 410.24232898652554 208.82856459915638 239.348304733634 254.41834859549999 7394.8709528595209 2001.9729584604502 821.96051719784737 1957.8272686600685 108.16204005479813 236.80641487240791 1040.7025574743748 223.79066407680511
leaf_count=3835 2764 15764 2473 42248 141177 8728 2179 19212 1497 12339 4935 2465 2350 6830 2430 51301 2721 3564 2294 773 1086 825 35047 11089 4217 9415 429 1096 4103 859
internal_value=0 0.0201265 -0.0149835 0.0143972 -0.0167946 -0.00202632 0.056656 0.00743363 0.0359625 -0.0232757 -0.00573247 0.0284203 0.0181919 0.0415371 0.000939027 -0.00721591 0.0155094 0.0609321 -0.0124249 0.0329414 0.0024801 0.0492828 -0.00102043 0.00827898 0.0262339 -0.00400099 0.0491034 0.080212 0.0267865 0.0206397
internal_weight=0 32397.6 43866 28284.1 42663.7 13012.5 1057.27 21380.3 6903.79 29651.1 5870.06 5898.43 4486.83 1804.96 16008.1 11955.3 2229.35 1411.59 9725.91 619.071 2681.88 1202.3 15382.3 3703.63 1701.65 2442.53 625.795 1005.37 5372.14 4331.44
internal_count=400045 151159 248886 135395 244226 70469 4652 104328 31067 173757 32580 27207 21178 8327 80154 65817 11449 6029 54368 3067 12851 4660 77295 20241 9152 11765 2859 3860 24174 20071
is_linear=0
shrinkage=0.05


Tree=17
num_leaves=31
num_cat=0
split_feature=7 29 29 29 150 225 232 227 234 228 231 225 234 228 233 226 228 225 227 234 226 225 227 225 234 40 234 228 230 233
split_gain=4860.74 4237.5 682.2 593.807 369.707 369.297 461.622 428.026 366.47 562.134 365.772 272.231 267.259 261.686 227.58 224.357 496.619 429.422 276.482 248.073 224.069 222.768 220.787 231.478 206.525 203.655 183.527 445.89 175.722 169.102
threshold=1.0000000180025095e-35 0.03810189105570317 0.027324740774929527 0.050484418869018562 1.0000000180025095e-35 -0.029245145618915554 -0.21642581373453137 0.18537236005067828 0.014197493903338911 33.599060058593757 1.7051149606704714 0.20679578930139544 -0.046986028552055352 34.72050857543946 0.012774136383086445 0.019131517037749294 50.77893257141114 0.00082499513518996548 0.14217160642147067 0.06970811635255815 -0.063176956027746187 0.11845536530017854 -0.075891796499490724 0.0044434329029172668 0.027250979095697406 1.6626151800155642 0.014099156949669124 33.599060058593757 12.500000000000002 -0.00297881884034723
decision_type=2 2 2 2 2 2 2 2 2 2 2 2 2 2 2 2 2 2 2 2 2 2 2 2 2 2 2 2 2 2
left_child=1 2 26 4 29 6 -5 -8 25 -10 14 -2 -12 20 -7 16 -15 -18 19 -17 -14 -6 23 -11 -19 28 -1 -28 -4 -3
right_child=11 3 8 5 21 10 7 -9 9 22 12 -13 13 15 -16 18 17 24 -20 -21 -22 -23 -24 -25 -26 -27 27 -29 -30 -31
leaf_value=-0.026765453079632968 0.084431075225077312 -0.0087798447006967976 -0.016370955902322484 0.0066016511856842432 0.0091463564097181895 -0.0084801011902141763 0.056477544266394952 -0.010169047453462634 0.095711668718891876 -0.012598414149531945 0.066003669801432158 0.036367358676370136 0.056020644471754505 0.013082452131981784 0.015589027342219446 0.017533172060858068 0.075873915781930076 0.0098202824538975511 0.0013693029667199786 0.077534676386310022 -1.0288818929588595e-05 -0.028872464126183092 -0.0035730259509604437 0.085389896669327683 0.053663164670238843 0.004799212305434555 0.10392778820847695 -0.017061782474771199 0.0038604121812088384 0.0031112545770261815
leaf_weight=8908.5376386195421 1697.9447628557682 7126.0434368550777 14117.889936625957 1285.2482966631651 13700.69986627996 3317.9164355844259 1510.2881540209055 286.63081622123718 149.02728053927422 103.74558301270008 246.63645416498184 356.45505425333977 186.94940343499184 3063.1731160283089 1395.0123477131128 4709.4365859776735 725.63387048244476 700.35410210490227 3533.0777949690819 178.8046413064003 3914.9180699884892 396.4450481981039 8512.3754827678204 143.82198165357113 435.7143180668354 1446.0126429796219 77.112427651882172 6103.8703685849905 1161.5930480659008 5150.957490876317
leaf_count=43846 4824 30226 64531 5039 55190 13459 5170 1136 515 473 840 1193 607 11838 5358 17645 2636 2673 13539 586 15413 1676 37268 517 1527 6194 291 29270 5183 21382
internal_value=0 -0.00166619 -0.0137375 0.00781232 0.00255271 0.0132544 0.0294816 0.0458466 -0.00877244 -0.000581142 0.0110224 0.0760916 0.0143192 0.0135886 -0.00135571 0.0169833 0.0254605 0.045827 0.0120258 0.0197279 0.00254341 0.00807718 -0.00221931 0.0443269 0.0266353 -0.0131356 -0.0221723 -0.0155523 -0.0148329 -0.0037908
internal_weight=0 92587.9 40724 51863.9 26374.1 25489.8 3082.17 1796.92 25634.5 8908.97 22407.6 2054.4 17694.7 17448.1 4712.93 13346.2 4924.88 1861.7 8421.32 4888.24 4101.87 14097.1 8759.94 247.568 1136.07 16725.5 15089.5 6180.98 15279.5 12277
internal_count=400045 394028 188088 205940 108474 97466 11345 6306 114681 38773 86121 6017 67304 66464 18817 50444 18674 6836 31770 18231 16020 56866 38258 990 4200 75908 73407 29561 69714 51608
is_linear=0
shrinkage=0.05


Tree=18
num_leaves=31
num_cat=0
split_feature=122 29 142 7 229 14 29 29 29 41 12 224 225 230 14 233 110 232 29 40 232 41 168 228 230 228 231 225 231 233
split_gain=13422.2 3545.2 3115.57 1299.29 1027.93 824.416 726.808 684.816 518.334 384.253 373.184 372.993 307.317 286.03 280.794 260.113 244.145 196.288 191.004 183.528 171.657 161.978 152.491 149.787 138.383 209.736 201.191 205.383 137.867 286.448
threshold=0.037773694843053825 0.034857114776968963 30.831100463867191 1.0000000180025095e-35 1.6979064345359804 0.24638758599758151 0.046433122828602798 0.045481545850634582 0.025388506241142753 0.070637710392475142 0.076808724552392973 4.5000000000000009 0.051874106749892242 6.5000000000000009 0.1311137601733208 0.15564788877964023 0.85053730010986339 -3.334617972373962 0.035278055816888816 0.35969397425651556 -3.334617972373962 0.088238615542650237 0.33044999837875372 88.40799713134767 9.5000000000000018 24.623007774353031 0.57123330235481273 -0.0029704321641474958 0.47908110916614538 -0.012939637526869772
decision_type=2 2 2 2 2 2 2 2 2 2 2 2 2 2 2 2 2 2 2 2 2 2 2 2 2 2 2 2 2 2
left_child=1 3 4 8 7 9 12 10 -1 15 18 13 16 -6 -8 -4 20 -9 19 -2 -3 -19 -20 28 -22 -26 27 -27 29 -10
right_child=2 6 5 -5 11 -7 14 17 23 -11 -12 -13 -14 -15 -16 -17 -18 21 22 -21 24 -23 -24 -25 25 26 -28 -29 -30 -31
leaf_value=0.031443582402292253 -0.066607993306898622 -0.047175041969345383 -0.023472554540926258 -0.056588396441220559 -0.053596791855649084 -0.044985137339833725 -0.0037333330747643142 -0.058288416488482535 -0.028006104269946742 -0.036524963708796175 -0.026828336543107758 0.020469245214777131 -0.035342504459730653 0.018037939924034213 -0.022467804265580579 -0.0022952141098098776 -0.008318501614831407 -0.012104369570929691 0.0031860934346314438 0.010421442725847253 0.012173572680908384 -0.031616786362387676 -0.009451681915759954 -0.0084604971645005096 -0.07675293790835859 -0.071886393221001571 0.006897825102725204 0.011937549768004237 0.021307054841613618 0.023206289325450883
leaf_weight=16183.522090405226 78.338819682598114 130.8348927795887 8414.6378369629383 500.16155144572258 1845.7289237380028 8366.025975137949 10937.418107032776 253.96877729892731 442.27080935239792 5208.0113553702831 1169.4804702401161 219.57221001386642 411.06117835640907 150.72902709245682 2447.6617127656937 1751.8409150540829 2016.5808775424957 11583.143876135349 6017.8715386688709 5985.1938101053238 16833.658248364925 1171.1250983178616 3956.1139073371887 456.11020058393478 83.991219460964203 170.85433125495911 3175.0604293942451 127.68688157200813 23033.852507978678 713.60908132791519
leaf_count=54002 228 352 23308 1350 5000 22444 31541 678 1289 14126 3286 660 1158 437 6800 4912 5881 32616 17738 18336 51378 3188 11459 1404 228 460 9645 388 73804 2290
internal_value=0 0.0134938 -0.018591 0.0235101 -0.00851605 -0.0323541 0.00210049 -0.00610535 0.0244914 -0.0254809 0.000439514 -0.0413856 0.00750106 -0.0481885 -0.00715921 -0.0198234 0.00828245 -0.0147627 0.00242793 0.00942625 0.00991372 -0.013896 -0.00182659 0.0199262 0.01028 0.00132016 0.00320796 -0.0360347 0.0204615 0.00361105
internal_weight=0 77664.3 56171.8 41329.5 32431.3 23740.5 36334.8 30215.2 40829.4 15374.5 17207 2216.03 22949.7 1996.46 13385.1 10166.5 22538.7 13008.2 16037.5 6063.53 20522.1 12754.3 9973.99 24645.8 20391.3 3557.59 3473.6 298.541 24189.7 1155.88
internal_count=400386 241970 158416 134139 93626 64790 107831 87529 132789 42346 51047 6097 69490 5437 38341 28220 68332 36482 47761 18564 62451 35804 29197 78787 62099 10721 10493 848 77383 3579
is_linear=0
shrinkage=0.05


Tree=19
num_leaves=31
num_cat=0
split_feature=29 14 13 233 231 225 232 227 228 231 228 228 152 225 232 226 225 226 233 229 225 227 233 228 12 232 228 224 224 234
split_gain=8100.44 2437.92 1835.74 1701.48 1541.54 1177.04 1167.85 875.948 946.245 832.347 987.35 764.214 649.504 590.562 575.968 1128.63 543.671 684.807 601.063 563.857 519.785 563.117 860.498 514.362 498.446 553.628 485.363 1157.52 457.736 423.078
threshold=0.044070374220609672 0.21337883919477466 0.12524972110986712 -0.01175938034430146 0.47908110916614538 -0.011521907057613133 -2.8103680610656734 0.1475668400526047 82.401290893554702 1.7051149606704714 29.883596420288089 42.342876434326179 0.043022722005844123 -0.01389159634709358 -1.6804370880126951 -0.018953709863126274 -0.052046963945031159 -0.052973167970776551 -0.039505766704678529 0.87970107793807995 -0.0051147465128451577 0.0023892372846603398 0.00099355349084362409 95.245128631591811 0.12016621232032777 1.59461385011673 22.164649009704593 4.5000000000000009 4.5000000000000009 0.012814752757549288
decision_type=2 2 2 2 2 2 2 2 2 2 2 2 2 2 2 2 2 2 2 2 2 2 2 2 2 2 2 2 2 2
left_child=2 6 3 4 5 -1 28 -5 29 11 16 -8 -12 -13 15 -6 -11 -18 -19 -20 -15 -22 -23 -4 25 -3 27 -16 -2 -9
right_child=1 24 23 7 14 -7 9 8 -10 10 12 13 -14 20 26 -17 17 18 19 -21 21 22 -24 -25 -26 -27 -28 -29 -30 -31
leaf_value=-0.0016888774127834163 -0.00077716201107495895 0.047159406456346448 0.024977106143791582 -0.02731399460939897 -0.0058772586884114457 0.10192588306145754 -0.022003095217970614 -0.029533541085603944 0.053775940750858869 0.079163688943379454 -0.0082002836331446557 0.0065865559182525374 0.014664377218136768 0.078516020376971266 -0.018857995988669912 0.07207498497122912 -0.029410060268564714 0.070460688594335519 0.049313627542318529 -0.0047645423663579978 0.016476568391327412 0.095475789503851619 -0.0096427826562256735 0.1012214275202567 0.065052660545538751 0.01272028174208073 -0.014814193679791249 0.11808022567575349 0.093468353496259662 -0.00056167505990070449
leaf_weight=498.95647725462914 165.04003968834877 3624.7199627310038 1460.3956722617149 23065.736470907927 1646.365632891655 608.16451914608479 716.06717674434185 2137.0100798308849 601.68557018041611 446.51377907395363 10401.094983458519 1464.2374733835459 4428.2940233647823 846.59701670706272 441.26923079788685 646.74420014023781 571.00556913018227 707.45276023447514 803.38675187528133 1205.0055585205555 1714.8290941417217 663.7095630466938 275.49440006911755 260.69112955033779 2053.660901799798 1721.0278687626123 9035.7086362540722 237.31042793393135 587.29189069569111 3070.8700484931469
leaf_count=2511 786 14052 5992 141232 8926 2227 3525 12522 2891 1602 53296 6852 20862 3339 2443 2775 2867 2855 3827 6065 8198 2517 1343 798 7032 7136 51868 813 1973 17261
internal_value=0 0.0189052 -0.0140859 -0.0161604 -0.00122563 0.0552289 0.0114425 -0.0229435 -0.00559114 0.00953861 0.0044134 0.0262855 -0.00137253 0.03325 -0.00643092 0.0161082 0.0273958 0.0203632 0.0308281 0.0168675 0.0444027 0.0335211 0.0646416 0.0365257 0.0441154 0.036072 -0.0117514 0.0290315 0.0727936 -0.01245
internal_weight=0 32395.4 43710.9 41989.8 13114.5 1107.12 24996 28875.3 5809.57 24243.7 18562.8 5680.93 14829.4 4964.87 12007.4 2293.11 3733.36 3286.85 2715.85 2008.39 3500.63 2654.03 939.204 1721.09 7399.41 5345.75 9714.29 678.58 752.332 5207.88
internal_count=400386 148127 252259 245469 71563 4738 119907 173906 32674 117148 91374 25774 74158 22249 66825 11701 17216 15614 12747 9892 15397 12058 3860 6790 28220 21188 55124 3256 2759 29783
is_linear=0
shrinkage=0.05


Tree=20
num_leaves=31
num_cat=0
split_feature=7 29 29 29 234 228 225 232 227 230 233 228 228 168 232 227 234 233 233 234 225 227 225 226 234 233 42 226 227 232
split_gain=4285.75 3836.86 606.942 573.82 403.423 582.08 369.573 422.28 433.438 341.676 690.097 355.431 327.303 290.147 288.156 289.065 376.641 360.984 308.793 262.052 215.248 210.009 247.683 206.997 195.848 190.749 188.548 184.638 174.89 174.171
threshold=1.0000000180025095e-35 0.037240175530314452 0.046433122828602798 0.025207437574863437 0.014197493903338911 33.599060058593757 -0.029245145618915554 -0.21642581373453137 0.18537236005067828 1.5000000000000002 -0.052350873127579682 58.376342773437507 74.843158721923842 0.046649999916553504 -1.6804370880126951 0.15754102915525439 0.012814752757549288 -0.022822888568043705 -0.017819760367274281 -0.015900600701570507 0.20679578930139544 -0.075891796499490724 0.0044434329029172668 0.018057025037705902 0.014197493903338911 -0.00099835934815928318 1.3505256772041323 -0.05077246576547622 -0.034230951219797127 -1.4672073721885679
decision_type=2 2 2 2 2 2 2 2 2 2 2 2 2 2 2 2 2 2 2 2 2 2 2 2 2 2 2 2 2 2
left_child=1 3 13 -1 26 -6 7 -4 -9 10 -8 25 23 29 -11 17 -17 19 -19 28 -2 22 -7 -13 27 -12 -5 -20 -16 -3
right_child=20 2 6 4 5 21 9 8 -10 14 11 12 -14 -15 15 16 -18 18 24 -21 -22 -23 -24 -25 -26 -27 -28 -29 -30 -31
leaf_value=-0.023450533482953961 0.077867977284669918 -0.014826574017953842 0.0059946226989279136 -0.016619195613939201 0.088304637502948563 -0.016819813249776137 0.063246109530327485 0.04977456383514383 -0.010924624807183482 -0.011356444877860453 -0.0031328208202103221 0.064069443584748267 0.0029609512328261272 0.0077484523698752991 0.048365738348624551 0.012608658941810739 -0.018389036247866541 0.060303502096079369 0.051870423215920586 -0.017769168243292523 0.035627203223320275 -0.0046000635379439131 0.080913938842875441 0.028015826498586256 0.021157610966769439 0.016840767398736217 -0.0020609456191719553 0.0051301255001943184 0.0041787088838252029 -0.0011635415860642049
leaf_weight=11008.955031037331 1739.8205432891846 3035.7488119006157 1558.1618436872959 14752.076061248779 176.67130267620087 110.75005443394184 759.67695055902004 1836.9815270602703 350.16686108708382 2180.7933511286974 2834.9147746562958 608.00818504393101 868.87085093557835 8014.7195352911949 242.58485551178455 1804.7347314059734 2144.3052585870028 380.77597896754742 221.30127859115601 1506.9555176049471 364.83082559704781 9041.2251286357641 156.33214870095253 1153.2186978012323 5237.4390443116426 2066.8009584397078 2618.8734060972929 4670.5911339372396 2912.3104701638222 10068.844207361341
leaf_count=55323 4812 13130 6103 69740 585 517 2517 6193 1397 9011 11115 2099 3309 32135 945 6938 8587 1411 839 6210 1190 40604 549 4174 19387 7854 11622 17945 11382 42763
internal_value=0 -0.00161285 0.00688661 -0.0138369 -0.00989605 -0.00160281 0.0110879 0.0258857 0.0400565 0.00921506 0.0178264 0.0132453 0.0280734 0.000254573 0.00586318 0.00782712 -0.00422291 0.0109636 0.0161001 -0.000616676 0.0705457 -0.00330925 0.040387 0.0404622 0.0144384 0.00528901 -0.0144244 0.00724458 0.00757632 -0.00432866
internal_weight=0 92322.8 54457.9 37864.9 26855.9 9484.98 33338.6 3745.31 2187.15 29593.3 8291.49 7531.81 2630.1 21119.3 21301.8 19121 3949.04 15172 10510.1 4661.85 2104.65 9308.31 267.082 1761.23 10129.3 4901.72 17370.9 4891.89 3154.9 13104.6
internal_count=400386 394384 215444 178940 123617 42255 127416 13693 7590 113723 31068 28551 9582 88028 82655 73644 15525 58119 39582 18537 6002 41670 1066 6273 38171 18969 81362 18784 12327 55893
is_linear=0
shrinkage=0.05


Tree=21
num_leaves=31
num_cat=0
split_feature=41 29 14 29 229 229 29 41 41 29 41 14 29 229 14 16 14 29 232 206 232 226 232 227 232 229 227 117 231 110
split_gain=12107.9 3033.32 2986.4 1286.28 839.793 814.269 714.907 445.434 388.789 316.818 297.041 258.801 249.814 244.015 236.454 230.839 174.18 166.003 163.756 140.908 136.328 130.718 128.865 1033.46 159.731 136.836 163.171 122.509 121.304 115.75
threshold=0.036464396864175803 0.032804474234581001 0.16811233758926394 0.050484418869018562 1.8537479043006899 1.8537479043006899 0.044235790148377425 0.074022270739078536 0.059822551906108863 0.024018825963139537 0.074022270739078536 0.14195682108402255 0.03540542162954808 1.8537479043006899 0.11488578841090204 0.080554697662591948 0.27250355482101446 0.061928194016218192 -3.334617972373962 -0.00064379998366348435 -3.334617972373962 0.018057025037705902 -0.61112582683563221 -0.018215506337583062 -0.26577895879745478 0.86389207839965831 -0.075891796499490724 1.0000000180025095e-35 1.7805396914482119 0.77780079841613781
decision_type=2 2 2 2 2 2 2 2 2 2 2 2 2 2 2 2 2 2 2 2 2 2 2 2 2 2 2 2 2 2
left_child=1 5 3 4 8 9 13 16 12 -1 17 28 -2 14 18 -6 -4 -5 -3 -10 -14 -20 -11 24 25 -24 -27 -16 -8 -22
right_child=2 6 7 10 15 -7 11 -9 19 22 -12 -13 20 -15 27 -17 -18 -19 21 -21 29 -23 23 -25 -26 26 -28 -29 -30 -31
leaf_value=0.031434973704794686 0.010583400997258031 -0.044010794275602685 -0.022309021133763096 -0.012370730748325483 -0.052540525171272237 -0.056735503067663118 -0.010163760868180084 -0.044849186678212444 -0.030850119963051592 0.026169508870087378 -0.032676120411458995 -0.020045060206486245 -0.050198278662666865 -0.050009884118315411 -0.0027012119293067117 -0.0028572241303934428 -0.03759399335776082 -0.023714201678918093 0.009154877530639911 -0.0092878888501769872 0.00095469742258593024 0.017440793582320653 -0.074258645624107014 0.022023701762052022 -0.062122247179769656 -0.051236772034861024 0.017471852028600753 -0.066396903385773351 0.0011085744619169942 -0.011545661826638465
leaf_weight=12761.044897347689 6061.0251750051975 131.61645096540451 5233.2134304642677 7658.635361135006 1057.4643460512161 305.90425196290016 3161.235053062439 7171.4978624582291 899.86178606748581 8656.3092530369759 4014.0588949620724 2245.7423235476017 142.92300009727478 171.17240190505981 2408.0715783834457 300.15017139911652 2894.8776544034481 5571.6177410185337 14199.762572914362 4795.4394327998161 11230.194002628326 7159.8995040953159 86.687669426202774 11802.817988574505 341.29201680421829 128.04236125946045 265.75125163793564 77.932659178972244 9740.31492421031 2217.5825109779835
leaf_count=43671 18922 354 14306 21360 2901 839 9002 19244 2496 28569 10861 6211 384 471 7124 855 7764 15334 44029 13668 32924 22409 237 38751 949 377 867 210 28371 6408
internal_value=0 0.0136223 -0.0167409 -0.0101177 -0.00324393 0.0244762 0.00413508 -0.0357666 -0.00119188 0.025206 -0.0207624 -0.0043802 0.00214178 0.00947636 0.00990102 -0.0415562 -0.0277529 -0.0171478 0.0115898 -0.0126947 -0.00162291 0.0119324 0.0214707 0.0182489 -0.0359667 -0.017388 -0.00486882 -0.00469798 -0.00165346 -0.00110665
internal_weight=0 73643.6 59248.5 43949 26704.6 34347.8 39295.7 15299.6 25347 34041.9 17244.3 15147.3 19651.7 24148.5 23977.3 1357.61 8128.09 13230.3 21491.3 5695.3 13590.7 21359.7 21280.9 12624.6 821.773 480.481 393.794 2486 12901.5 13447.8
internal_count=399868 232441 167427 126113 78558 114260 118181 41314 74802 113421 47555 43584 58638 74597 74126 3756 22070 36694 66792 16164 39716 66438 69750 41181 2430 1481 1244 7334 37373 39332
is_linear=0
shrinkage=0.05


Tree=22
num_leaves=31
num_cat=0
split_feature=122 29 13 29 227 224 226 228 228 228 227 229 227 228 228 227 227 234 234 234 234 226 227 230 227 228 227 228 230 227
split_gain=7328.6 2240.58 2179.42 945.557 765.824 709.31 586.369 837.701 563.518 609.002 698.921 492.274 490.008 475.799 652.189 602.075 542.433 618.943 419.36 901.298 375.377 361.896 353.299 340.01 324.813 321.601 321.341 477.79 308.116 398.402
threshold=0.044089404866099365 0.036235259845852859 0.14807027578353885 0.057658925652503974 0.22535404562950137 4.5000000000000009 -0.013472215272486208 26.965641021728519 42.342876434326179 45.680385589599616 0.0023892372846603398 1.2639697194099428 0.12312197312712671 29.883596420288089 27.810050964355472 -0.024494701065123078 0.1475668400526047 0.018749905750155452 -0.003978683613240718 -0.0041331155225634566 0.039322692900896079 -0.0097577082924544794 -0.021259790286421772 2.5000000000000004 0.23063293099403384 57.368129730224616 0.15536781400442126 82.401290893554702 1.5000000000000002 0.18537236005067828
decision_type=2 2 2 2 2 2 2 2 2 2 2 2 2 2 2 2 2 2 2 2 2 2 2 2 2 2 2 2 2 2
left_child=1 18 3 -2 5 13 7 -7 -8 22 -11 21 -12 14 -3 -16 -15 -18 19 23 25 -6 -10 -1 -4 -19 -20 -28 -5 -30
right_child=2 4 24 28 11 6 8 -9 9 10 12 -13 -14 16 15 -17 17 20 26 -21 -22 -23 -24 -25 -26 -27 27 -29 29 -31
leaf_value=-0.027211092893157537 0.0059929283390607688 -0.0048851115805545846 0.045110949691101403 0.012479059821286796 0.0098982707760910827 0.1036251737561355 -0.031788908804899381 -0.012708955382522959 0.094437957946379769 0.001199799245101524 0.080150750633446718 -0.028546732914213897 -0.0096073342644033104 -0.018736050754819541 -0.029536187159855832 0.079762580250402698 -0.019520957746210574 -0.00077040861494273507 -0.030043359490287625 0.10316751503494025 0.0006862202218620014 0.070067326679626285 0.029211947127385614 -0.00664438279947243 0.082172711261730577 0.06628677204949486 -0.020526188797508109 0.037460214809347407 0.028484569339205214 0.067028744737337984
leaf_weight=3560.4583317041397 14175.64921502769 1771.4668015837669 4388.2608283311129 2434.7167030572891 378.14153318107128 163.55176050961018 423.12464381754398 2873.5340232700109 480.73824918270111 1902.5216350406408 590.14362215995789 245.49618516862392 204.82842941582203 9772.5524958372116 167.28484591841698 510.49912351369858 1380.3389810174704 246.81414084136486 13829.320993512869 162.9153847694397 800.25765883922577 736.9277548789978 365.40736097097397 4613.4585827887058 683.22660103440285 648.83765129745007 2061.3473005890846 429.21053983271122 4932.6988667845726 775.86570173501968
leaf_count=22525 68597 9779 15396 10577 1814 555 2335 15735 1702 9613 2477 1243 1124 54587 968 2326 7382 1304 90332 534 4125 3002 1797 26847 2102 3128 12490 2026 20530 2916
internal_value=0 -0.0118578 0.0205163 0.0137931 -0.000867012 -0.00308875 0.0100898 -0.00644418 0.0227487 0.0292607 0.0176517 0.0355509 0.0570241 -0.00912222 0.0110744 0.0527864 -0.0129721 0.00533859 -0.0224054 -0.013282 0.0255723 0.0496628 0.0662702 -0.015603 0.0501039 0.0478079 -0.0270659 -0.0105331 0.0273715 0.0337232
internal_weight=0 48319.2 27390.4 22318.9 23662.5 22301.9 7003.85 3037.09 3966.76 3543.64 2697.49 1360.57 794.972 15298.1 2449.25 677.784 12848.8 3076.25 24656.7 8336.83 1695.91 1115.07 846.146 8173.92 5071.49 895.652 16319.9 2490.56 8143.28 5708.56
internal_count=399868 279750 120118 102620 124996 118937 35338 16290 19048 16713 13214 6059 3601 83599 13073 3294 70526 15939 154754 49906 8557 4816 3499 49372 17498 4432 104848 14516 34023 23446
is_linear=0
shrinkage=0.05


Tree=23
num_leaves=31
num_cat=0
split_feature=7 29 29 14 225 231 227 227 168 29 233 227 231 225 233 228 226 225 228 227 233 225 226 230 233 228 228 227 230 226
split_gain=3775.71 3413.98 664.575 431.586 358.367 398.593 359.128 308.383 305.074 276.654 237.344 233.552 226.099 192.425 184.372 183.751 291.245 477.068 482.536 223.733 269.271 213.122 206.42 514.849 191.66 190.297 174.921 166.327 164.776 157.847
threshold=1.0000000180025095e-35 0.035278055816888816 0.044763213023543365 0.051339847967028625 -0.029245145618915554 1.7051149606704714 -0.030424005351960656 0.18537236005067828 0.046649999916553504 0.025388506241142753 0.020514339208602909 -0.05856011621654033 1.8432740569114687 0.20679578930139544 -0.00297881884034723 34.321783065795906 -0.028645382262766358 -0.00040011579403653735 35.280538558959968 0.14217160642147067 0.049704665318131454 -0.016739149577915665 -0.052973167970776551 3.5000000000000004 0.021441532298922542 19.634155273437504 34.546342849731452 0.15348365157842639 12.500000000000002 -0.013697971124202011
decision_type=2 2 2 2 2 2 2 2 2 2 2 2 2 2 2 2 2 2 2 2 2 2 2 2 2 2 2 2 2 2
left_child=1 3 8 9 6 10 11 -8 28 -1 -6 -4 27 -2 -11 22 17 18 -17 20 26 -22 23 -14 -19 -24 -18 -7 -3 -30
right_child=13 2 4 -5 5 12 7 -9 -10 14 -12 -13 15 -15 -16 16 19 24 -20 -21 21 -23 25 -25 -26 -27 -28 -29 29 -31
leaf_value=-0.024523035392689276 0.072680453837937378 -0.0070596097167814958 0.033801800607257008 -0.0037800965488472755 -0.0073620441489795256 0.017872263269281756 0.040731595321598549 -0.0082228894726143146 0.0063558173867029185 -0.019996291456809964 0.016191139759927999 -0.012168325206591488 0.059508614609401281 0.033176637420885939 -0.0090516108216992987 0.008473778269671578 0.058964186444662683 0.0096977742049927044 0.067326663312597415 0.0011349805548025208 0.060574144860313088 0.019980171236870323 0.039081624856798093 -0.0096356312924771766 0.10283400023654038 -0.0051401294493442053 0.0047092457598505843 0.057107201779694042 0.040735688242608523 -0.0024669822967952437
leaf_weight=9355.6640128046274 1759.3730972111225 13293.599778532982 400.17039680480957 7139.1795616298914 5506.4307799786329 731.89106275141239 2357.7231750041246 372.52471670508385 8382.8073642253876 6657.9357880949974 1327.4416963905096 892.54999801516533 489.96328361332417 373.75047722458839 9117.2124797850847 543.92504179477692 153.04974970221519 2839.5020143687725 968.31172302365303 5839.5981973111629 356.53522892296314 3471.5563963651657 257.57273402810097 597.56352519989014 56.333283364772797 4383.1446540802717 5064.9226133674383 428.13239838182926 360.17650534212589 511.92438843846321
leaf_count=48672 4778 58107 1508 33175 22477 2727 8035 1489 33903 32384 4994 3527 1537 1192 42916 2125 551 10806 3505 22273 1182 12686 968 2366 220 17500 19189 1388 1513 2175
internal_value=0 -0.00153045 0.00556314 -0.0146289 0.00968312 0.00796633 0.0237726 0.0340521 -0.00120447 -0.0177109 -0.00278697 0.00206204 0.0107731 0.0657589 -0.0136708 0.00977265 0.0121073 0.0233962 0.0461583 0.00876436 0.0136894 0.023761 0.00190906 0.0215159 0.0115096 -0.0026857 0.00630061 0.0323528 -0.0056784 0.0153757
internal_weight=0 91857.3 59587.4 32270 37038.8 33015.9 4022.97 2730.25 22548.5 25130.8 6833.87 1292.72 26182 2133.12 15775.1 25022 19293.7 4408.07 1512.24 14885.7 9046.06 3828.09 5728.24 1087.53 2895.84 4640.72 5217.97 1160.02 14165.7 872.101
internal_count=399868 393898 236751 157147 141053 126494 14559 9524 95698 123972 27471 5035 99023 5970 75300 94908 72537 16656 5630 55881 33608 13868 22371 3903 11026 18468 19740 4115 61795 3688
is_linear=0
shrinkage=0.05


Tree=24
num_leaves=31
num_cat=0
split_feature=122 29 41 29 7 29 7 32 15 225 29 15 117 29 15 29 15 233 225 230 228 224 232 32 228 130 233 232 225 228
split_gain=10988.4 3183.42 2199.36 1135.55 1062.37 762.643 735.463 391.029 384.457 373.491 364.747 309.567 265.25 221.873 215.444 197.459 194.351 159.589 294.953 272.691 130.352 134.483 129 122.914 119.2 137.524 137.235 126.241 115.504 114.479
threshold=0.039433220401406295 0.033361257985234267 0.074022270739078536 0.050982519984245307 1.0000000180025095e-35 0.048884123563766486 1.0000000180025095e-35 0.14142299443483355 0.15625654906034472 0.051874106749892242 0.025207437574863437 0.22170475125312808 1.0000000180025095e-35 0.060979632660746581 0.30563589930534368 0.034584116190671928 0.10929715260863306 -0.033969070762395852 0.00019058540055993947 10.500000000000002 20.885622978210453 3.5000000000000004 -3.334617972373962 -0.00058258263743482519 25.91130352020264 0.069319654256105437 -0.039505766704678529 -3.334617972373962 0.048409214243292815 20.885622978210453
decision_type=2 2 2 2 2 2 2 2 2 2 2 2 2 2 2 2 2 2 2 2 2 2 2 2 2 2 2 2 2 2
left_child=1 4 3 6 10 9 8 13 15 12 29 24 16 -4 23 -2 17 18 19 -3 21 -17 -22 -7 26 -26 -5 -27 -12 -1
right_child=2 5 7 11 -6 14 -8 -9 -10 -11 28 -13 -14 -15 -16 20 -18 -19 -20 -21 22 -23 -24 -25 25 27 -28 -29 -30 -31
leaf_value=-0.014353390293654015 0.010680817397591805 -0.002842490945250839 -0.021908779137386675 -0.046047087805952069 -0.051142738768797186 -0.0024664741171577542 -0.051112679322478295 -0.04566873729307537 -0.014651789549475287 -0.032914143318435528 0.019708530429197943 -0.030695992581607202 -0.063375928580380214 -0.037636598774446806 -0.02795899462444254 0.0014400993630065625 0.00018432077561858216 0.011956337718421035 0.015201692519557145 -0.050192511188898836 -0.053913184589904739 -0.05610007181431044 -0.00042846575600052385 -0.01426008297205273 -0.0205961402077856 -0.05305506940366185 -0.012172437797441709 -0.0067307730885933052 -0.014253193144153518 0.029943381335272724
leaf_weight=147.299709379673 4183.5455421805382 2667.158739387989 5452.1453411877155 675.53455451130867 482.27998158335686 7324.5068872570992 803.02645352482796 5053.771619707346 4903.2039029300213 587.86220014095306 20682.983175396919 5906.7546485960484 132.12351363897324 3808.9147114157677 1253.1603507399559 187.8707230091095 6834.4545240700245 18502.761849164963 2420.8869635462761 343.19331932067871 113.83634072542191 221.00143772363663 11683.12637680769 3163.4352604746819 4469.9417742192745 152.12099203467369 536.39417189359665 4429.2820163965225 253.42410853505135 14870.37801194191
leaf_count=456 13006 8135 14966 1808 1346 20955 2228 13614 13747 1664 68499 15920 359 10220 3416 551 20322 57478 7457 957 306 599 33992 8934 12280 407 1489 12280 761 52191
internal_value=0 0.011687 -0.0177627 -0.0115082 0.0225739 0.00251086 -0.00413985 -0.034482 -0.00236833 0.00656613 0.0235627 -0.0215767 0.00731721 -0.0283774 -0.00836494 0.00130651 0.00762077 0.00974429 0.00220842 -0.0082406 -0.00190653 -0.0296612 -0.000944574 -0.00602373 -0.0163284 -0.0143566 -0.0310543 -0.00826893 0.0192974 0.0295089
internal_weight=0 79665.9 52580.5 38265.6 36436.4 43229.5 22095.6 14314.8 21292.6 31488.4 35954.1 16170 30900.6 9261.06 11741.1 16389.4 30768.5 23934 5431.24 3010.35 12205.8 408.872 11797 10487.9 10263.3 9051.34 1211.93 4581.4 20936.4 15017.7
internal_count=400343 252930 147413 108613 123253 129677 64429 38800 62201 96372 121907 44184 94708 25186 33305 48454 94349 74027 16549 9092 35448 1150 34298 29889 28264 24967 3297 12687 69260 52647
is_linear=0
shrinkage=0.05


Tree=25
num_leaves=31
num_cat=0
split_feature=122 29 13 231 233 231 29 233 228 232 228 229 225 234 226 228 229 225 227 233 228 225 233 226 226 227 15 225 124 228
split_gain=6717.25 2448.95 1555.26 1479.05 912.836 812.687 704.362 691.937 664.671 621.491 586.497 569.567 545.01 515.186 513.905 419.036 427.378 381.143 372.541 424.368 371.53 367.595 341.278 335.717 331.633 326.955 326.782 326.26 317.681 287.371
threshold=0.048468766734004028 0.036235259845852859 0.14807027578353885 1.7051149606704714 -0.013996877707540987 0.47908110916614538 0.052046278491616256 0.00018395919323666024 29.883596420288089 -1.3266234397888181 57.368129730224616 0.80018705129623424 -0.011521907057613133 0.072101317346096053 -0.024013678543269631 29.317652702331547 1.2264270186424258 0.0083453790284693258 0.0018821603734977546 -0.030856821686029431 88.40799713134767 -0.0015026581822894511 0.19598775357007983 0.11911282315850259 -0.040774438530206673 0.23590777069330218 0.29032443463802343 0.051874106749892242 0.021493941545486454 54.092773437500007
decision_type=2 2 2 2 2 2 2 2 2 2 2 2 2 2 2 2 2 2 2 2 2 2 2 2 2 2 2 2 2 2
left_child=1 4 6 7 5 12 -2 9 14 -3 -9 -11 -1 26 15 16 -5 -12 19 29 -6 -20 23 -4 -17 -15 -10 -22 -8 -13
right_child=2 3 22 8 20 -7 28 10 13 11 17 18 -14 25 -16 24 -18 -19 21 -21 27 -23 -24 -25 -26 -27 -28 -29 -30 -31
leaf_value=-0.011312367221398703 0.0050966536127256736 0.075390815078268156 0.048254176838306545 -0.0019453325251980872 -0.0285303170388801 -0.01134862841600325 0.017035987990427142 -0.011901369982280112 -0.014745582530050703 0.097327014318893457 0.05321289666979117 0.039327934428809497 0.08312354003218686 0.015205288143092716 0.10344396856414584 0.0043868550092987938 0.08500113229530247 -0.027703521681302787 0.0070672490009423064 -0.021065852511655606 -0.032860739874338428 0.072049334624066 0.075212664246761929 0.01486165550959922 0.094937785782051337 0.10414739885958202 0.009764433939676867 0.045482177107686789 0.035331042148950068 -0.024721255206270432
leaf_weight=245.30274476110935 8848.7223065793514 750.76663564145565 3298.9577586352825 2684.8275115340948 17543.200387746096 5978.8705297857523 5772.915469378233 2102.2169789671898 14541.47685983777 247.59852933883667 706.0718362480402 866.64160321652889 405.07047997415066 649.11842642724514 152.3880510032177 175.72400285303593 149.18804956972599 183.31428647041321 374.07232813537121 832.22563390433788 225.79711450636387 520.39045538008213 856.64505845308304 975.18377502262592 238.14797952771187 122.8882355093956 1500.2118137180805 322.99081687629223 4028.7237576246262 219.47944021224976
leaf_count=1292 42538 2563 11048 14477 117386 36010 24161 11132 81838 826 3023 3991 1399 3130 467 866 581 1016 1776 4340 1530 2148 2580 3450 1045 464 6534 1463 16148 1121
internal_value=0 -0.0100751 0.0220299 0.000330661 -0.0214471 -0.0055747 0.0153233 0.020497 -0.00645609 0.0346251 0.00249846 0.0246246 0.0475049 -0.0105334 0.0137054 0.00949491 0.0026317 0.0365349 0.018225 0.00579972 -0.027263 0.0448732 0.0464085 0.0406354 0.0564912 0.0293631 -0.0124534 0.0132482 0.0245557 0.0263851
internal_weight=0 51738 23781.1 27016.7 24721.2 6629.24 18650.4 6802.78 20214 3811.17 2991.6 3060.41 650.373 16813.7 3400.28 3247.89 2834.02 889.386 2812.81 1918.35 18092 894.463 5130.79 4274.14 413.872 772.007 16041.7 548.788 9801.64 1086.12
internal_count=400343 300418 99925 141338 159080 38701 82847 31936 109402 16765 15171 14202 2691 91966 17436 16969 15058 4039 13376 9452 120379 3924 17078 14498 1911 3594 88372 2993 40309 5112
is_linear=0
shrinkage=0.05


Tree=26
num_leaves=31
num_cat=0
split_feature=7 29 122 14 225 232 225 227 231 14 29 228 226 230 131 233 226 225 231 227 225 225 225 227 232 226 230 232 225 188
split_gain=3385.05 3024.92 571.001 416.662 339.771 306.838 347.69 336.679 282.8 257.534 248.419 236.587 272.656 272.361 213.18 198.372 191.549 475.581 198.751 262.274 309.604 198.992 182.136 176.771 172.967 232.891 423.493 291.433 207.371 172.52
threshold=1.0000000180025095e-35 0.03540542162954808 0.034018605947494514 0.051339847967028625 0.11845536530017854 -2.8103680610656734 -0.039942905306816094 -0.030424005351960656 1.7051149606704714 0.10076623409986497 0.025207437574863437 34.72050857543946 -0.052973167970776551 3.5000000000000004 0.058698382228612907 -0.00297881884034723 -0.027352460660040375 -0.00040011579403653735 1.8432740569114687 0.14217160642147067 -0.014302461873739956 0.0051666451618075379 0.20679578930139544 -0.076281689107418046 -1.4890024065971372 -0.028645382262766358 1.5000000000000002 -0.61112582683563221 -0.034941680729389184 0.44449999928474432
decision_type=2 2 2 2 2 2 2 2 2 2 2 2 2 2 2 2 2 2 2 2 2 2 2 2 2 2 2 2 2 2
left_child=1 3 9 10 5 -4 7 -7 -8 24 -1 12 13 -10 -14 -12 17 29 -18 20 -20 23 -2 -22 -3 26 27 -26 -27 -13
right_child=22 2 4 -5 -6 6 8 -9 11 -11 15 16 14 -15 -16 -17 18 -19 19 -21 21 -23 -24 -25 25 28 -28 -29 -30 -31
leaf_value=-0.023690311562952232 0.068242105340371964 -0.014697977866944581 -0.021474643159963613 -0.0032930062228651311 -0.023960264201462647 0.0016504593169319019 0.00037218030852658476 0.045390067657665852 0.051088644777537023 0.010366715378054676 -0.019764488638703087 0.062735228534784346 -0.0042037539277589289 -0.00066019147593145047 0.025343014706438544 -0.0084710218586352155 0.031584961583397603 0.011143846810795853 0.037542674198654785 0.0021802791500132443 0.066941988856742837 0.016636736024799221 0.030567447964876617 -0.0022924999582850407 0.0076539150909675432 0.03150640051366372 -0.0014505011507275781 0.063304019063620931 -0.0073676041742624584 0.025214986277803216
leaf_weight=8813.4314927905798 1794.4278584122658 3275.5036970376968 793.88122999668121 7206.6269760429859 783.61212414503098 667.93841175734997 7776.5736818015575 1288.9511401355267 548.02928441762924 3589.6925750374794 6720.5729486644268 805.20320016145706 5360.1767021268606 474.33486431837082 688.93556940555573 9226.6305943876505 1157.3163384795189 2489.0624907910824 1338.373727530241 6350.2847975343466 95.670572504401207 6180.7804092168808 390.64010918140411 2537.555198982358 435.07723885774612 356.4956937879324 2528.4205436706543 512.2474128305912 9102.0914997756481 494.53992569446564
leaf_count=47396 4825 14376 3367 33756 3257 2552 30930 4223 1732 14049 33429 2947 21455 1872 2652 44083 4085 9324 4717 24087 374 22851 1224 9739 1875 1429 10711 2025 39224 1777
internal_value=0 -0.00146409 0.00518866 -0.0138739 0.00863827 0.00929246 0.00993097 0.0304606 0.00882415 -0.00175099 -0.0169535 0.0111287 0.0031976 0.0270793 -0.000838662 -0.0132304 0.0137436 0.0239448 0.011555 0.0101503 0.0151355 0.011733 0.0615067 0.000222933 -0.00443447 -0.00183533 0.00923252 0.0377456 -0.00590244 0.0484591
internal_weight=0 91598 59630.7 31967.3 39831.2 39047.6 38253.7 1956.89 36296.8 19799.5 24760.6 28520.3 7071.48 1022.36 6049.11 15947.2 21448.8 3788.81 17660 16502.7 10152.4 8814.01 2185.07 2633.23 16209.8 12934.3 3475.75 947.325 9458.59 1299.74
internal_count=400343 394294 235630 158664 151941 148684 145317 6775 138542 83689 124908 107612 27711 3604 24107 77512 79901 14048 65853 61768 37681 32964 6049 10113 69640 55264 14611 3900 40653 4724
is_linear=0
shrinkage=0.05


Tree=27
num_leaves=31
num_cat=0
split_feature=41 142 29 229 225 152 29 29 29 224 12 29 230 225 232 233 41 14 117 41 22 229 29 187 18 230 228 231 225 124
split_gain=9752.61 2789.82 2297.11 913.966 714.269 695.276 621.771 479.677 468.879 367.158 333.739 297.69 271.682 238.134 207.104 200.176 194.368 179.643 174.109 169.844 149.169 147.633 144.189 135.898 132.871 119.457 158.803 170.377 164.343 115.713
threshold=0.034425433725118644 31.108150482177738 0.033212302252650268 1.6979064345359804 0.051874106749892242 0.10190213099122049 0.044235790148377425 0.061928194016218192 0.044235790148377425 4.5000000000000009 0.076808724552392973 0.024018825963139537 6.5000000000000009 0.051874106749892242 -3.334617972373962 0.15564788877964023 0.0077236646320670852 0.06543904542922975 1.0000000180025095e-35 0.082587413489818587 1.0000000180025095e-35 1.7563159465789797 0.031114540994167331 -18.583499908447262 0.19472451508045199 9.5000000000000018 24.623007774353031 0.57123330235481273 -0.0029704321641474958 0.014844118151813747
decision_type=2 2 2 2 2 2 2 2 2 2 2 2 2 2 2 2 2 2 2 2 2 2 2 2 2 2 2 2 2 2
left_child=2 3 4 6 11 7 10 15 13 12 17 -1 -5 18 -8 -3 -10 20 25 29 -2 -6 -22 -7 -18 -4 -27 28 -28 -16
right_child=1 5 8 9 21 23 14 -9 16 -11 -12 -13 -14 -15 19 -17 24 -19 -20 -21 22 -23 -24 -25 -26 26 27 -29 -30 -31
leaf_value=0.030144005695778259 -0.052093659425238414 -0.017896678562871828 0.011564073530506234 -0.047527052463201658 -0.0057674435874873484 -0.048645755852208955 -0.051964079199578954 -0.030460557154191149 -0.064997798381136604 0.020434894713148442 -0.02336935132186356 0.020159351105719037 0.019942539577742946 -0.032017523518300894 -0.0049001616786565052 -0.00070418139976451534 0.00065891816527113541 -0.0041071682866713529 -0.0608605862566318 -0.025446522243957759 0.017193398079095239 -0.049588671713711709 0.0045858016440328414 -0.034683564111752961 -0.010347180198094164 -0.067695863518014585 -0.063072868855195571 0.006562341663810688 0.0098235723248607798 -0.013977462889483837
leaf_weight=11770.249958306551 106.77364057302475 7177.7780824899673 16780.806185662746 1975.4268031716347 451.34039160609245 2695.2584216594696 301.19204431772232 8073.4848148524761 126.39570209383965 260.57589486241341 1203.8285328447819 20409.82217118144 161.39608123898506 351.6065938770771 9018.9690059125423 2215.691380918026 9005.815995067358 5233.5979318320751 87.592032849788666 1628.8329389691353 2871.2625392973423 334.75111743807793 10790.642867982388 4931.668548822403 3942.7974204719067 80.913731873035431 180.84123483300209 3238.7629037201405 135.06332543492317 5748.5944827497005
leaf_count=42572 315 19707 52778 5497 1358 7344 809 21778 344 803 3360 69274 469 1002 25358 6172 26205 15546 238 4396 9395 957 32672 13296 11111 217 484 10105 427 16038
internal_value=0 -0.0139984 0.0132612 -0.00568246 0.0226611 -0.0270226 -0.00373903 -0.021523 0.00412857 -0.0355981 0.00216075 0.0238114 -0.042431 0.00878244 -0.0108785 -0.0138414 -0.0032947 0.00377813 0.00948209 -0.0101238 0.0067754 -0.0244284 0.00723548 -0.0396176 -0.00269239 0.00978388 0.001567 0.00314361 -0.0319064 -0.0084337
internal_weight=0 64395 66896.8 39301.1 32966.2 25093.9 36903.7 17467 33930.6 2397.4 20206.1 32180.1 2136.82 20855.6 16697.6 9393.47 13075 19002.3 20504 16396.4 13768.7 786.092 13661.9 7626.93 12948.6 20416.4 3635.58 3554.67 315.905 14767.6
internal_count=400027 182955 217072 114658 114161 68297 107889 47657 102911 6769 61288 111846 5966 65251 46601 25879 37660 57928 64249 45792 42382 2315 42067 20640 37316 64011 11233 11016 911 41396
is_linear=0
shrinkage=0.05


Tree=28
num_leaves=31
num_cat=0
split_feature=160 15 233 13 231 42 231 228 230 233 230 233 227 228 227 233 187 228 224 232 229 224 228 227 231 160 226 232 227 226
split_gain=6104.89 2103.29 1134.3 1226.23 1126.04 983.547 961.657 1139.37 782.152 860.325 770.643 753.789 609.08 723.586 546.323 1079.11 515.856 502.784 515.557 442.121 429.112 361.703 930.144 756.748 434.065 361.131 352.178 344.767 331.631 484.02
threshold=4.1107718944549569 0.29774667322635656 -0.01175938034430146 0.12524972110986712 0.47908110916614538 2.0759917497634892 1.7051149606704714 29.883596420288089 1.5000000000000002 -0.039505766704678529 9.5000000000000018 -0.012939637526869772 0.1475668400526047 82.133041381835952 0.15454842895269397 0.066189184784889235 -1.0000000180025095e-35 26.965641021728519 3.5000000000000004 -1.3266234397888181 0.8157344162464143 4.5000000000000009 25.799981117248539 0.013024828396737577 1.9675784707069399 2.6834456920623784 -0.00035978603409603233 -3.334617972373962 0.19604091346263888 0.0035102182300761346
decision_type=2 2 2 2 2 2 2 2 2 2 2 2 2 2 2 2 2 2 2 2 2 2 2 2 2 2 2 2 2 2
left_child=2 5 4 12 10 6 11 8 16 -10 26 19 -4 -14 -9 -16 -8 -11 -19 -2 -21 -6 -23 27 25 -25 -1 -24 29 -13
right_child=1 -3 3 -5 21 -7 7 14 9 17 -12 28 13 -15 15 -17 -18 18 -20 20 -22 22 23 24 -26 -27 -28 -29 -30 -31
leaf_value=0.050206454296446094 0.072732782271965848 0.035211888001170664 -0.027247250708695825 0.028469629001389603 -0.015946692207575774 0.038182827405444209 -0.016419204903751875 -0.010999496796933388 0.067224391837751113 -0.0073058122012637618 0.096373661062122459 0.018840711964124231 -0.015545348591727721 0.038561427820378802 -0.019516658898542413 0.038926623370097418 0.077525712917855094 0.0891502612258539 0.0016285122978466661 0.075547915054057169 0.018526367279343172 0.10268908922825762 0.067133886070463819 -0.0012411076258021215 -0.032382547375465039 0.078234369174664753 -0.028231461735867849 -0.014575604509450033 0.03304236337026905 -0.022628345226530022
leaf_weight=275.72352974116802 762.09653210639954 8751.2087484151125 19103.717473119497 1203.6054640263319 5099.0075511038303 2389.1506522446871 1442.3093551397324 13417.99586853385 1291.5309726446867 1097.8191460669041 460.16443128883839 1384.3369673341513 4047.8354273587465 729.23156648874283 1462.2954831272364 1717.5473797470331 162.59736670553684 353.91267329454422 320.76155817508698 401.41683635115623 1852.8998063653708 223.81670174002647 133.93330478668213 196.39677135646343 169.19128021597862 525.08214405179024 297.51941747963428 3576.1006263941526 872.53077918291092 1431.0272264182568
leaf_count=1071 2327 31298 128453 4473 30635 9377 7256 70149 4635 5561 1434 6526 24770 3528 7353 7832 613 1389 1632 1490 8289 714 474 1128 1013 2435 1699 21595 3631 7247
internal_value=0 0.0136153 -0.01491 -0.0207724 -0.00148881 0.00739012 0.00475996 -0.000445409 0.0213753 0.0361863 0.0481818 0.0212719 -0.0232542 -0.00728581 -0.00658351 0.0120507 -0.0069014 0.0135703 0.0475396 0.0398099 0.02868 -0.00666137 0.00315224 -0.00169007 0.0396969 0.0566 0.00949631 -0.0116259 0.00610934 -0.00223768
internal_weight=0 39111.4 36041.3 25084.4 10956.9 30360.2 27971.1 21266.8 4668.93 3064.02 1033.41 6704.31 23880.8 4777.07 16597.8 3179.84 1604.91 1772.49 674.674 3016.41 2254.32 9923.53 4824.52 4600.7 890.67 721.479 573.243 3710.03 3687.89 2815.36
internal_count=400027 176605 223422 161224 62198 145307 135930 106420 21086 13217 4204 29510 156751 28298 85334 15185 7869 8582 3021 12106 9779 57994 27359 26645 4576 3563 2770 22069 17404 13773
is_linear=0
shrinkage=0.05


Tree=29
num_leaves=31
num_cat=0
split_feature=122 225 230 29 29 225 234 232 226 230 226 232 228 234 226 234 226 234 226 226 229 225 226 228 234 230 234 229 228 231
split_gain=2853.59 746.751 1442.48 640.383 602.184 487.114 363.633 282.048 269.671 251.827 357.503 332.736 269.298 245.764 270.852 245.132 596.411 226.436 682.865 416.453 223.698 191.142 182.986 180.11 178.384 169.118 212.908 175.263 165.911 162.862
threshold=0.02991956286132336 0.054646359756588943 5.5000000000000009 0.031395247206091888 0.044235790148377425 0.058001475408673293 0.034234046936035163 -0.79598388075828541 0.17813075333833697 2.5000000000000004 -0.047540908679366105 -1.6804370880126951 22.164649009704593 0.016909533180296425 0.057081600651144988 0.015965082682669166 -0.0097577082924544794 0.014197493903338911 -0.023411664180457589 -0.036604972556233399 1.0909022688865664 0.03377263434231282 0.1893505081534386 47.828441619873054 0.053421318531036384 12.500000000000002 -0.018602102063596245 0.70228666067123424 19.634155273437504 1.1058318614959719
decision_type=2 2 2 2 2 2 2 2 2 2 2 2 2 2 2 2 2 2 2 2 2 2 2 2 2 2 2 2 2 2
left_child=3 4 6 5 7 17 -3 28 9 10 12 -11 -6 -12 23 25 20 -1 19 -19 -17 -18 -10 -15 29 27 -27 -5 -2 -13
right_child=1 2 -4 15 8 -7 -8 -9 22 11 13 24 -14 14 -16 16 21 18 -20 -21 -22 -23 -24 -25 -26 26 -28 -29 -30 -31
leaf_value=-0.023136630410390883 0.030545662390988562 0.065340739227490827 -0.025044947806115492 0.015200799186750671 -0.0015081798688131955 0.057071276661390669 0.02562681551247516 0.0036337724752587772 0.068459986012353161 -0.01454645382495845 0.0052394065136665575 -0.0027382150953473385 0.043444292492751481 0.058936741857502285 -0.0082046905015589876 0.083994573624802546 -0.0043371426600471363 -0.017942931370440215 -0.015188999318610841 0.094897842736162807 0.008598533556479479 0.022854477007677104 0.021670373636414841 0.022673276217103491 -0.014460917412279487 0.048223423809596842 -0.0029923096266974464 -0.010911323339463139 -0.0097371419520395665 0.011390425990694654
leaf_weight=10506.492005109787 264.76299828290939 1497.933276951313 866.96942143142223 678.18375524878502 425.1944540143013 215.38661339879036 936.90559570491314 13721.971680894494 230.28542742133141 1967.6709066927433 7288.3911423832178 2500.8040278702974 1539.4030209779739 393.69764424860477 648.92527705430984 303.75815422832966 4510.6994057297707 125.41285942494869 6152.9652153998613 234.94512744247913 145.50508576631546 754.37212035059929 2256.2679871022701 2628.0744071304798 878.74478176236153 286.91908630728722 693.12104670703411 12249.377377659082 7392.3368072360754 11061.259931355715
leaf_count=56978 1146 4010 3664 2903 1579 595 3206 59132 705 8237 27557 9906 4937 1289 2383 1074 19451 640 32193 865 608 2948 7723 9216 3369 1190 2996 55143 33473 40911
internal_value=0 0.00726565 0.0303388 -0.010618 0.00583358 -0.0176502 0.0500592 -0.000656266 0.0101941 0.00885392 0.0140742 0.00474234 0.0337153 0.0105532 0.0211039 -0.00444112 0.00427738 -0.0185958 -0.011271 0.0556267 0.0595757 -0.000441165 0.0260037 0.0273979 0.00737059 -0.00802337 0.0120017 -0.00954147 -0.00834427 0.00878515
internal_weight=0 56499.6 3301.81 36857.1 53197.8 17235.2 2434.84 21379.1 31818.7 29332.2 12923.7 16408.5 1964.6 10959.1 3670.7 19621.9 5714.33 17019.8 6513.32 360.358 449.263 5265.07 2486.55 3021.77 14440.8 13907.6 980.04 12927.6 7657.1 13562.1
internal_count=400027 222443 10880 177584 211563 91271 7216 93751 117812 109384 46961 62423 6516 40445 12888 86313 24081 90676 33698 1505 1682 22399 8428 10505 54186 62232 4186 58046 34619 50817
is_linear=0
shrinkage=0.05


Tree=30
num_leaves=31
num_cat=0
split_feature=41 29 14 29 7 225 29 41 41 225 29 29 226 14 117 152 29 14 36 15 226 7 227 227 228 228 231 226 234 225
split_gain=8753.2 2345.07 2326.85 895.607 820.086 665.06 613.332 371.9 364.072 322.981 233.214 222.531 215.213 196.288 192.133 155.052 168.569 152.5 145.296 136.688 142.849 130.582 111.178 178.671 144.116 110.966 109.325 151.879 112.138 102.457
threshold=0.036464396864175803 0.031395247206091888 0.16103877872228625 0.05314572528004647 1.0000000180025095e-35 0.048409214243292815 0.044587479904294021 0.074022270739078536 0.059162404388189323 0.051874106749892242 0.035680925473570831 0.022018701769411567 -0.063176956027746187 0.11261436715722085 1.0000000180025095e-35 0.025990122929215435 0.074521560221910491 0.25412227213382726 -1.3483214378356931 0.14561774581670764 0.018057025037705902 1.0000000180025095e-35 -0.080775048583745943 -0.078474234789609895 36.259489059448249 20.885622978210453 0.47908110916614538 -0.0044782254844903937 -0.0072998178657144299 -0.011521907057613133
decision_type=2 2 2 2 2 2 2 2 2 2 2 2 2 2 2 2 2 2 2 2 2 2 2 2 2 2 2 2 2 2
left_child=1 5 3 4 8 11 9 17 10 14 -2 -1 -5 -8 19 16 -14 -4 25 20 22 -7 -3 24 -24 -10 27 -13 29 -29
right_child=2 6 7 12 -6 21 13 -9 18 -11 -12 26 15 -15 -16 -17 -18 -19 -20 -21 -22 -23 23 -25 -26 -27 -28 28 -30 -31
leaf_value=0.030987907511564241 0.010102137718421368 0.018274487600502081 -0.018143936850081945 -0.043113826514197942 -0.047139337923613495 -0.0049967875885461718 -0.0009720126426199197 -0.038823854598217841 -0.039704917411773469 -0.03053325827846326 -0.0015801423424802775 -0.045812141655986974 -0.010101188564338488 -0.015108327174073222 -0.061063063048893196 -0.025749214062296993 -0.025655848662084077 -0.031628946156786235 -0.040815525125502988 -1.1635409438055162e-05 0.01635206172970265 -0.046572316646072462 0.023640488260038089 0.007629272112648757 -0.036034594561310966 -0.0082583423196883141 0.022014009385409414 0.011629857980854606 0.020716576483669352 -0.073083940135376391
leaf_weight=8133.3856753408909 5996.5152477025986 2327.7933972477913 5231.7807269096375 831.99101731181145 1021.0715295374393 432.61134985089302 11670.356686860323 7328.9665634036064 293.84088191390038 515.66428324580193 14855.676976233721 128.40658131241798 7608.8505554199219 3110.0161640048027 96.369046330451965 3628.797589212656 2258.8891406357288 3498.5652941465378 397.73372957110405 3217.7656949162483 8121.8234586417675 335.19892248511314 133.76098662614822 12864.05930185318 415.27804350852966 6194.0594311654568 18909.138466089964 76.740516513586044 706.2781101167202 66.726772427558899
leaf_count=30298 19197 7623 14243 2240 2966 1295 33820 19912 799 1480 43100 371 20895 8575 263 9817 6116 9404 1096 9715 26290 984 436 40792 1257 17445 66671 241 2446 182
internal_value=0 0.0117453 -0.0142751 -0.00822058 -0.00313233 0.0227624 0.00427782 -0.0305193 -0.00151237 0.0086674 0.00177936 0.0240204 -0.0184332 -0.00394651 0.00941121 -0.0169118 -0.0136619 -0.0235479 -0.0114809 0.009662 0.0109664 -0.0231472 0.00818762 0.00643708 -0.0214961 -0.00968258 0.0211709 0.00487134 0.0125302 -0.0277706
internal_weight=0 71261.4 59146.7 43087.4 28758.9 28788.5 42472.9 16059.3 27737.8 27692.5 20852.2 28020.7 14328.5 14780.4 27176.8 13496.5 9867.74 8730.35 6885.63 27080.5 23862.7 767.81 15740.9 13413.1 549.039 6487.9 19887.3 978.152 849.745 143.467
internal_count=399969 232739 167230 123671 84603 102488 130251 43559 81637 87856 62297 100209 39068 42395 86376 36828 27011 23647 19340 86113 76398 2279 50108 42485 1693 18244 69911 3240 2869 423
is_linear=0
shrinkage=0.05


Tree=31
num_leaves=31
num_cat=0
split_feature=29 168 231 233 228 231 228 228 15 225 230 230 233 12 15 225 232 227 225 187 228 224 232 226 230 224 232 226 231 227
split_gain=5464.4 1931.25 1083.94 1042.5 1117.27 963.713 814.764 747.654 820.446 697.372 677.254 648.256 787.464 543.674 507.991 477.572 506.087 618.228 472.818 464.11 442.162 431.835 364.325 687.034 429.346 655.256 350.319 308.669 263.949 497.484
threshold=0.04079804569482804 0.93555000424385082 1.7051149606704714 -0.01175938034430146 88.40799713134767 0.47908110916614538 42.342876434326179 29.883596420288089 0.22170475125312808 -0.01389159634709358 9.5000000000000018 1.5000000000000002 -0.039505766704678529 0.11232126876711847 0.14076024293899539 -0.0051147465128451577 -0.91212284564971913 0.22668402642011645 0.051874106749892242 -1.0000000180025095e-35 26.965641021728519 3.5000000000000004 -1.6804370880126951 -0.018953709863126274 11.500000000000002 4.5000000000000009 1.5893005728721621 -0.00035978603409603233 5.7081601619720468 0.20794968307018283
decision_type=2 2 2 2 2 2 2 2 2 2 2 2 2 2 2 2 2 2 2 2 2 2 2 2 2 2 2 2 2 2
left_child=3 2 6 5 14 10 -2 11 -9 -8 27 19 -13 26 -5 -11 -17 -18 -6 -4 -14 -22 23 -7 -24 -26 -3 -1 -10 -30
right_child=1 13 7 4 18 22 9 8 28 15 -12 12 20 -15 -16 16 17 -19 -20 -21 21 -23 24 -25 25 -27 -28 -29 29 -31
leaf_value=0.045573581981758905 -0.022404485275302848 0.030949126588406303 -0.017997748948413828 -0.025613560884730366 -0.029800862994845159 -0.0070796188393558654 0.0025941311282248569 -0.010835250884959674 0.0059594592877621061 0.06244631008617052 0.089375416505411823 0.060489682254828037 -0.010320575600768435 0.048576380728103441 -0.0031033911877537393 0.055734280048375176 0.0050589707907932324 0.07870172038568049 0.045047834611273402 0.068485948856333662 0.07976558116476104 -0.00074402152463878086 -0.014452736952734283 0.059057542822771848 -0.014608276734105363 0.096755357387411117 0.0062468924094586627 -0.02826695394174791 0.015484244811830356 0.086938826128993729
leaf_weight=276.58989845216274 906.14845146238804 4790.1923328489065 1360.0581332892179 20076.202809549868 276.41764906048775 1257.1534222960472 1937.9200624227524 12767.702608212829 3457.8080613911152 1421.3137354105711 461.72503951191902 1338.0410416275263 1076.8130802214146 3177.836901679635 2863.8549559861422 1129.8450166732073 2076.0327874571085 330.33638882637024 891.41679903864861 175.10085500776768 350.11883823573589 317.68448053300381 7228.6729031056166 571.03002797067165 318.30658264458179 225.78089785575867 2049.279577717185 289.83215692639351 1065.9216720312834 315.74541971087456
leaf_count=1054 4384 19375 6958 138447 1883 7256 8641 68454 14332 4857 1395 4650 5524 9956 15562 4189 9740 1089 3291 628 1317 1628 44733 2350 1933 695 8539 1706 4343 1060
internal_value=0 0.0124769 0.00613467 -0.0146232 -0.0203747 -0.00157828 0.0221689 0.000506201 -0.00419028 0.0280264 0.0444288 0.0184133 0.0316336 0.0314877 -0.0228034 0.037968 0.0281294 0.0151683 0.0273317 -0.00813338 0.00950223 0.0414659 -0.00650509 0.0135782 -0.0112288 0.0316045 0.0235477 0.00779016 0.0133407 0.0318134
internal_weight=0 40043.9 30026.6 34737 24107.9 10629.1 7801.6 22225 17607.2 6895.45 1028.15 4617.82 3082.66 10017.3 22940.1 4957.53 3536.21 2406.37 1167.83 1535.16 1744.62 667.803 9600.94 1828.18 7772.76 544.087 6839.47 566.422 4839.48 1381.67
internal_count=399969 179664 141794 220305 159183 61122 32900 108894 88189 28516 4155 20705 13119 37870 154009 19875 15018 10829 5174 7586 8469 2945 56967 9606 47361 2628 27914 2760 19735 5403
is_linear=0
shrinkage=0.05


Tree=32
num_leaves=31
num_cat=0
split_feature=7 29 14 135 234 225 225 233 29 229 234 227 225 231 134 225 226 225 233 226 232 225 225 28 232 231 227 122 225 162
split_gain=2713.18 2367.74 445.242 378.283 333.206 325.014 301.049 299.525 289.875 249.686 220.951 456.46 409.912 205.402 218.24 515.926 200.524 316.585 222.901 184.985 160.776 159.09 157.815 136.915 136.412 135.894 176.894 132.249 132.121 130.412
threshold=1.0000000180025095e-35 0.037240175530314452 0.062719903886318221 10.500000000000002 -0.030719652771949765 0.0064136888831853875 -0.030940170399844643 -0.00099835934815928318 0.025756053626537326 0.62673509120941173 0.014099156949669124 -0.059249300509691231 0.0044434329029172668 1.7051149606704714 17.500000000000004 -0.00054045068100094784 -0.052973167970776551 -0.052046963945031159 -0.050984976813197129 0.0011882765393238517 -1.355474531650543 0.20679578930139544 -0.017148353159427639 0.43096378445625311 0.037819230929017074 6.5033285617828378 0.16157494485378268 0.11402359977364541 0.11845536530017854 13.306583404541017
decision_type=2 2 2 2 2 2 2 2 2 2 2 2 2 2 2 2 2 2 2 2 2 2 2 2 2 2 2 2 2 2
left_child=1 2 8 4 5 16 23 -6 -1 -8 -10 12 -12 19 25 20 17 27 24 -11 -16 -2 -22 -5 -18 -15 -27 -3 -9 -20
right_child=21 3 -4 6 7 -7 9 28 10 13 11 -13 -14 14 15 -17 18 -19 29 -21 22 -23 -24 -25 -26 26 -28 -29 -30 -31
leaf_value=-0.021220410536403649 0.06125502882195575 -0.016115570033416991 -4.4978514446493375e-05 0.018297358491286744 -0.0089743617158555868 -0.0095830212990496814 0.044684680311973368 0.0048100015583232153 -0.013954262600798562 -0.011283926044142042 -0.011845412308828381 -0.0067643514314343085 0.077840810478610634 0.010045695109786092 0.0081332516551628903 -0.00047118085345388447 -0.0099356999503249811 0.051022806356971678 0.044888180989533906 0.0071056243996889179 -0.008653235368916842 0.026138638604654471 0.067906952151956218 0.045846953030410843 0.020996079897983404 0.0064353457770386056 -0.014396740354949681 0.040750082162138213 -0.026583616244074678 0.014496756058869926
leaf_weight=9482.9376778006554 1810.3258371353149 342.73558670282364 7044.2735434770584 1307.6751581132412 9319.3399011045694 1515.3758849650621 449.34601397812366 9111.7476159781218 13331.005348563194 2585.0712516158819 212.05620241165161 4888.9424342960119 319.14442916214466 15447.055649101734 178.02509063482285 972.90234014391899 1321.2474229186773 882.22636018693447 507.60227964818478 2903.4783662557602 74.281669542193413 392.44264462590218 717.241321220994 688.3940402418375 488.11941741406918 3637.922712624073 1415.5457369089127 145.70983159542084 347.93927524983883 1158.8166693150997
leaf_count=53896 4846 1323 32457 4675 38684 6303 1575 36020 66883 10631 1011 23376 1015 57780 713 3879 5409 2688 1965 11312 302 1187 2539 2109 1800 13353 5624 500 1505 4609
internal_value=0 -0.00116161 -0.0112906 0.00527476 0.000738022 0.0106277 0.00902951 -0.00261233 -0.0140963 0.00770945 -0.0104935 -0.00198149 0.0420379 0.00711462 0.009235 0.0252528 0.0169471 0.0331429 0.0105603 -0.00155573 0.0510659 0.0549987 0.060722 0.0277985 -0.00159112 0.00771729 0.000599993 0.000848218 0.0036553 0.0237542
internal_weight=0 90796.2 35278.4 55517.8 25140.9 6361.83 30376.9 18779 28234.1 28380.9 18751.1 5420.14 531.201 27931.5 22443 1942.45 4846.46 1370.67 3475.79 5488.55 969.548 2202.77 791.523 1996.07 1809.37 20500.5 5053.47 488.445 9459.69 1666.42
internal_count=399969 393936 178638 215298 100806 24597 114492 76209 146181 107708 92285 25402 2026 106133 84190 7433 18294 4511 13783 21943 3554 6033 2841 6784 7209 76757 18977 1823 37525 6574
is_linear=0
shrinkage=0.05


Tree=33
num_leaves=31
num_cat=0
split_feature=41 29 14 29 7 7 29 187 41 29 225 29 117 29 14 230 231 228 229 228 13 231 234 225 230 228 41 234 225 225
split_gain=8015.95 2119.87 2075.88 823.112 713.741 688.438 487.717 383.822 350.402 291.143 283.433 282.201 247.218 238.729 165.18 144.011 186.202 190.383 143.672 128.227 126.812 114.447 150.429 299.44 112 144.347 108.309 105.964 136.8 206.402
threshold=0.036464396864175803 0.03293899632990361 0.1544056981801987 0.058038355782628066 1.0000000180025095e-35 1.0000000180025095e-35 0.050484418869018562 -15.516499996185301 0.071703322231769576 0.039874130859971053 0.051874106749892242 0.022018701769411567 1.0000000180025095e-35 0.065840393304824843 0.11706199496984483 9.5000000000000018 0.17189450562000277 24.623007774353031 1.5005524158477785 88.40799713134767 -0.006094123236835002 0.47908110916614538 0.0013204683200456204 -0.011521907057613133 3.5000000000000004 22.164649009704593 0.11004179716110231 -0.014097252395004032 0.0044434329029172668 -0.012367889750748871
decision_type=2 2 2 2 2 2 2 2 2 2 2 2 2 2 2 2 2 2 2 2 2 2 2 2 2 2 2 2 2 2
left_child=1 5 3 4 8 11 10 -4 9 -2 12 -1 14 -9 15 27 -17 -18 -5 21 -8 22 23 -13 25 -11 -10 28 29 -3
right_child=2 6 7 18 -6 -7 20 13 26 24 -12 19 -14 -15 -16 16 17 -19 -20 -21 -22 -23 -24 -25 -26 -27 -28 -29 -30 -31
leaf_value=0.029680747374987656 0.0059360007983255579 0.015261423323835866 -0.041907003550655936 -0.018726847488966466 -0.04583437584371447 -0.045984355823742072 -0.0030200361122478072 -0.019673152357130685 -0.012201877871531265 -0.046211029745170301 -0.030028770322556554 0.015928122319885132 -0.059342463091280606 -0.034447111644882504 -0.0034125819485537668 -0.061342460636995916 -0.062650374607248038 0.0037767197385819903 -0.04272414301439436 -0.0050355788809628267 -0.016189980445382893 0.020209936720057227 0.018692536958732225 -0.066206797957269053 -0.0088651293530577265 0.0003923271175788266 -0.03329918946888432 0.012526375796554433 0.013774849839004837 -0.0091414249215087638
leaf_weight=8037.5754524171352 10729.590124636889 1298.9011139571667 4065.4399245977402 9283.4251541793346 983.62347885966301 381.48629996180534 5384.8949655294418 8795.7158201336861 3620.0285694301128 169.65508154034615 527.72311475872993 266.66159969568253 140.01699209213257 3967.8213779330254 3232.3701174855232 118.78071030974388 110.65521457791328 4276.813060939312 668.64195355772972 549.47168064117432 2767.0526534616947 21949.159062206745 694.62469384074211 190.0562019944191 8051.7568278610706 8053.8606047928333 731.230982452631 15266.354416698217 2607.1695994734764 2602.9868347942829
leaf_count=30647 33608 4096 11270 25209 2934 1153 15353 23859 9980 457 1505 886 381 10695 9423 318 298 13321 1822 1773 7702 78103 2434 510 22730 22909 1976 48355 8156 8072
internal_value=0 0.0112972 -0.0136751 -0.00776486 -0.00389532 0.020783 0.00336151 -0.0285276 -0.00257971 -0.000458036 0.00629255 0.0215868 0.00693893 -0.024266 0.00725337 0.00856517 0.000429056 0.00210138 -0.0203391 0.0188361 -0.00749037 0.0194039 0.00403764 -0.0182511 -0.00467335 -0.000569123 -0.0157473 0.0102489 0.00490723 -0.00101795
internal_weight=0 70402.8 59120.8 42291.8 32339.7 32069 38333.7 16829 31356.1 27004.9 30181.8 31687.5 29654 12763.5 29514 26281.7 4506.25 4387.47 9952.07 23650 8151.95 23100.5 1151.34 456.718 16275.3 8223.52 4351.26 21775.4 6509.06 3901.89
internal_count=399935 232486 167449 121625 94594 115506 116980 45824 91660 79704 93925 114353 92420 34554 92039 82616 13937 13619 27031 83706 23055 81933 3830 1396 46096 23366 11956 68679 20324 12168
is_linear=0
shrinkage=0.05


Tree=34
num_leaves=31
num_cat=0
split_feature=29 15 232 230 232 13 12 228 224 228 232 231 231 230 225 29 230 229 228 229 228 225 14 227 232 227 232 227 232 229
split_gain=4950.35 1827.77 853.31 848.433 753.625 746.286 688.47 683.833 754.732 646.086 629.448 621.885 588.529 625.604 609.089 496.029 478.814 539.971 454.184 663.25 568.627 453.071 449.683 362.828 367.091 365.123 357.412 586.161 427.758 352.393
threshold=0.039123609662055976 0.22170475125312808 -1.5185908079147337 2.5000000000000004 -1.6804370880126951 0.13011205941438678 0.083128958940505995 32.958612442016609 4.5000000000000009 22.164649009704593 -1.1641743183135984 1.7805396914482119 0.47908110916614538 9.5000000000000018 -0.0029704321641474958 0.030977487564086918 8.5000000000000018 0.75164958834648143 42.342876434326179 0.83248120546340953 44.976861953735359 -0.072023449465632425 0.38799399137496954 0.22535404562950137 0.39682576060295111 0.011352922767400743 -1.6804370880126951 -0.024494701065123078 -1.7998518943786619 1.2639697194099428
decision_type=2 2 2 2 2 2 2 2 2 2 2 2 2 2 2 2 2 2 2 2 2 2 2 2 2 2 2 2 2 2
left_child=5 2 3 7 16 12 9 21 -9 10 -4 18 13 -1 -15 -14 17 -5 -11 -20 -21 -2 23 24 25 -3 27 -17 -29 -25
right_child=1 22 6 4 -6 -7 -8 8 -10 11 -12 -13 15 14 -16 26 -18 -19 19 20 -22 -23 -24 29 -26 -27 -28 28 -30 -31
leaf_value=-0.012919417526384317 0.049761796238285666 0.02279872174437008 -0.016952054246438381 -0.0050171450514605188 -0.00597824324506545 0.027809767945794501 0.031972360817616216 0.092600278162519672 -0.014469830221514244 -0.030363235872070623 0.071151552184652633 -0.010163718756503884 -0.024876116499433151 0.083927034830730496 -0.015565971692156167 -0.021457877645300813 -0.024386058399420301 0.060512276680152244 0.05311797618735245 0.068997743237474318 0.00043828625101803559 -0.020178576251464402 0.043019465531971494 0.055514805208883779 0.0089223389499269393 0.06715272135531182 -0.014706489338938269 0.015253105129593179 0.090840535585258286 -0.0027659208179382014
leaf_weight=1022.2259349375963 259.24721543490887 2959.6711355000734 318.95413684844971 360.74169351160526 883.44383841753006 966.51301784813404 1502.6650326400995 366.4778401106596 298.76412265002728 643.18366439640522 556.33409470319748 14981.365506589413 14772.378324627876 439.18994209170341 236.75091037899256 796.96553762257099 220.78333273530006 2445.4490188211203 901.87324763834476 328.26139949262142 3844.0989469438791 2167.5880857259035 3030.9196682423353 1238.4853615164757 5322.7022148966789 550.26155140995979 11770.826061777771 640.24960790574551 264.49370774626732 328.07533133029938
leaf_count=6103 873 11074 1680 1866 4446 3445 5485 1856 1604 3450 1810 80407 105907 1290 1694 4999 1038 8697 3735 1260 18453 11332 9440 4170 21135 2051 74502 3600 1282 1251
internal_value=0 0.0107356 0.00388787 0.0191759 0.0346521 -0.0154337 -0.000751184 -0.000396287 0.0445145 -0.00303043 0.0390467 -0.00480974 -0.0168295 0.0117586 0.0490792 -0.0185483 0.0465104 0.0520883 0.00921931 0.0142366 0.00583222 -0.0127072 0.0260723 0.021133 0.0171998 0.0297522 -0.01161 0.00980858 0.0373504 0.0433094
internal_weight=0 43509.3 30079.2 7002.5 3910.42 30909.6 23076.7 3092.08 665.242 21574.1 875.288 20698.8 29943.1 1698.17 675.941 28244.9 3026.97 2806.19 5717.42 5074.23 4172.36 2426.84 13430.1 10399.2 8832.63 3509.93 13472.5 1701.71 904.743 1566.56
internal_count=399935 197113 147992 31712 16047 202822 116280 15665 3460 110795 3490 107305 199377 9087 2984 190290 11601 10563 26898 23448 19713 12205 49121 39681 34260 13125 84383 9881 4882 5421
is_linear=0
shrinkage=0.05


Tree=35
num_leaves=31
num_cat=0
split_feature=7 29 14 232 226 225 225 229 224 29 234 228 225 227 225 227 229 227 14 232 11 227 231 226 233 225 233 225 117 36
split_gain=2467.85 2140.93 416.358 337.212 526.111 463.996 322.53 318.005 309.996 275.382 271.939 522.943 263.736 244.543 206.531 202.302 322.362 197.227 189.892 194.97 162.736 191.981 158.048 424.593 391.715 352.408 155.651 155.423 142.919 131.804
threshold=1.0000000180025095e-35 0.037240175530314452 0.060085322707891471 -1.4672073721885679 -0.052973167970776551 -0.034941680729389184 -0.053256671875715249 0.70228666067123424 4.5000000000000009 0.023414169438183311 0.014099156949669124 33.599060058593757 0.11845536530017854 -0.075891796499490724 0.0044434329029172668 0.22302427142858508 1.2639697194099428 0.15393447130918506 0.083400592207908644 -1.4327689409255979 -0.052273118868470185 0.015387311577796938 3.6855880022048955 -0.030112086795270439 0.019478814676404003 -0.00054045068100094784 -0.006994677707552909 0.20679578930139544 1.0000000180025095e-35 -99.993717193603501
decision_type=2 2 2 2 2 2 2 2 2 2 2 2 2 2 2 2 2 2 2 2 2 2 2 2 2 2 2 2 2 2
left_child=1 2 9 4 29 6 -5 17 12 -1 -11 -12 15 14 -13 18 -17 -7 19 -9 21 -6 23 24 25 -21 -10 -2 -4 -3
right_child=27 3 28 5 20 7 -8 8 26 10 11 13 -14 -15 -16 16 -18 -19 -20 22 -22 -23 -24 -25 -26 -27 -28 -29 -30 -31
leaf_value=-0.022719907085094238 0.058748648012865369 -0.010898916121825052 -0.0014788494730113132 -0.0027587232741417469 0.0028888118601691059 0.044654717791021099 0.040047717383106946 0.043481081663944439 -0.0082594603940777059 -0.014551720791688622 0.078234306816424126 -0.014572535404780413 -0.022735141624383608 -0.0069481473327807396 0.073324381373634215 -0.012789986008301278 0.024849486333041054 0.012616133961423302 0.013336930217448759 0.048918099847412577 -0.0094240860747255573 0.064768090154537897 -0.00031798421891061722 0.0032162023155403599 0.093645357922982009 -0.0067321069382132561 0.0052620102571872386 0.024268157268335158 0.037216946861384236 0.038562868771784525
leaf_weight=6369.9032906591892 1806.1861090064049 159.68479971587658 7044.8942102044821 595.77915187180042 869.05668988823891 786.17531159520149 1683.3731223791838 324.0725594162941 5841.0904728919268 14754.900723516941 196.20380389690399 106.73941576480865 725.01126743853092 5758.6746021211147 178.74714115262032 2471.4507360756397 738.92563299834728 1234.8360462635756 13720.687824368477 603.59496322274208 8068.2307076305151 146.4709060639143 8100.981705904007 4721.6932293325663 234.45000511407852 538.08568167686462 3348.4402450919151 399.02026331424713 246.9825998544693 860.42649362981319
leaf_count=37698 4860 585 32913 2106 3391 2784 5537 1231 24203 76616 608 548 3145 28510 592 10103 2614 4490 48901 2189 33784 500 32168 18872 830 2152 13059 1195 938 2813
internal_value=0 -0.00102528 -0.0107848 0.00503931 -0.00322633 0.00686802 0.0288579 0.00571294 0.00476683 -0.0136138 -0.010851 -0.00210103 0.00707982 -0.00470885 0.040461 0.00776705 -0.00412659 0.0250792 0.00911897 0.005134 -0.00704978 0.0118137 0.00425876 0.010339 0.0347783 0.0226896 -0.00333257 0.0525096 -0.000168187 0.0308203
internal_weight=0 90429.6 34657 55772.5 10103.9 45668.6 2279.15 43389.5 41368.5 27365.2 20995.3 6240.36 32179 6044.16 285.487 31453.9 3210.38 2021.01 28243.6 14522.9 9083.76 1015.53 14198.8 6097.82 1376.13 1141.68 9189.53 2205.21 7291.88 1020.11
internal_count=399935 393880 178423 215457 41073 174384 7643 166741 159467 144572 106874 30258 122205 29650 1140 119060 12717 7274 106343 57442 37675 3891 56211 24043 5171 4341 37262 6055 33851 3398
is_linear=0
shrinkage=0.05


Tree=36
num_leaves=31
num_cat=0
split_feature=122 142 160 229 12 225 160 160 160 233 36 225 232 160 110 41 130 160 117 152 230 122 229 229 160 232 228 232 232 230
split_gain=7372.79 2128.46 1649.09 696.185 667.829 513.292 462.873 426.466 368.556 236.39 227.852 207.986 203.079 199.906 187.47 187.064 143.726 176.131 142.615 131.052 125.167 118.631 116.74 231.292 106.009 101.822 548.857 261.1 100.455 98.6448
threshold=0.033829940482974059 29.467549324035648 3.1822690963745122 1.6979064345359804 0.10614265874028207 0.048409214243292815 6.4644243717193612 4.189345359802247 4.2546684741973886 0.15564788877964023 -1.0000000180025095e-35 0.051874106749892242 -3.334617972373962 2.2018702030181889 0.70941784977912914 1.0000000180025095e-35 0.017749864608049396 6.1461811065673837 1.0000000180025095e-35 0.0673530548810959 6.5000000000000009 0.024133197031915191 1.8537479043006899 1.804553806781769 3.0977487564086919 -0.61112582683563221 28.266542434692386 -0.60294023156166066 -3.334617972373962 9.5000000000000018
decision_type=2 2 2 2 2 2 2 2 2 2 2 2 2 2 2 2 2 2 2 2 2 2 2 2 2 2 2 2 2 2
left_child=2 3 5 7 6 13 9 10 11 19 14 18 -9 -1 24 -10 -14 -18 28 -3 22 -17 23 -5 -2 -15 -27 -28 -4 -30
right_child=1 4 8 20 -6 -7 -8 12 15 -11 -12 -13 16 25 -16 21 17 -19 -20 -21 -22 -23 -24 -25 -26 26 27 -29 29 -31
leaf_value=0.029253685285061282 0.017396900905215017 -0.011908552360333786 -0.038965792223951863 -0.037170759155787263 -0.03927837737872597 -0.02081827596491001 -0.02820838139070236 -0.04761925165858677 -0.060112766385156183 -0.00042551099240987014 -0.033208465878576142 -0.028419652286434633 -0.015125247872418257 0.024159680376561965 -0.0031834225365258389 0.0064016317880720673 -0.0017058432653186532 -0.015401304765034166 -0.056338124897034561 -0.022609441492840963 0.018689872011490291 -0.0034679676708210573 -0.044735115299697793 0.019871956233645155 0.0053758173119416823 -0.06150037541887457 -0.051115959078239598 0.019063593722101604 0.012086183035205474 0.0029751076458592552
leaf_weight=7595.8736266493797 2324.7183940112591 6587.9318823516369 103.35950940847397 609.73545062541962 4832.4345621168613 705.59865379333496 8324.7789542078972 313.97590005397797 132.9630725979805 2821.5964252948761 419.9397899210453 359.6641728579998 4242.9879363775253 7645.6238185465336 5816.1414499878883 4330.828914642334 11027.542676836252 2982.5206557810307 80.849832028150558 5057.8236730694771 116.61312314867973 10252.041858941317 1186.523049980402 250.80044770240784 8688.1625846326351 219.95659577846527 134.10869279503822 11283.776447713375 16569.340010225773 3619.830902248621
leaf_count=29953 7916 18091 278 1766 13492 2153 22517 862 363 7814 1203 1044 11823 28112 17699 12711 31161 8143 221 13726 344 29646 3495 792 26938 620 403 41073 54124 11541
internal_value=0 -0.0118348 0.0121104 -0.00415395 -0.0223948 0.0212783 -0.0188151 -0.0024901 0.00497627 -0.0134101 0.00317051 0.00927146 -0.00774887 0.0223834 0.00407829 -0.00107518 -0.00706305 -0.00462139 0.00993684 -0.016556 -0.0316962 -0.000536889 -0.0345665 -0.0205458 0.00791336 0.0196771 0.0167322 0.0182393 0.0102009 0.0104526
internal_weight=0 65604.2 63033.8 37979.7 27624.6 27584.9 22792.1 35816 35448.9 14467.4 17249 20733 18567 26879.3 16829 14715.8 18253.1 14010.1 20373.4 11645.8 2163.67 14582.9 2047.06 860.536 11012.9 19283.5 11637.8 11417.9 20292.5 20189.2
internal_count=400024 187782 212242 112142 75640 102314 62148 105745 109928 39631 53756 67208 51989 100161 52553 42720 51127 39304 66164 31817 6397 42357 6053 2558 34854 70208 42096 41476 65943 65665
is_linear=0
shrinkage=0.05


Tree=37
num_leaves=31
num_cat=0
split_feature=160 122 231 233 228 226 228 228 18 225 12 227 233 225 232 227 229 226 228 226 225 228 226 226 233 228 160 225 227 228
split_gain=4576.27 1724.73 1098.31 892.267 950.296 844.151 760.699 680.562 749.524 564.371 530.685 475.106 830.52 441.073 555.908 610.342 432.654 429.618 396.519 529.132 379.91 322.579 586.064 317.819 310.993 305.895 293.531 285.086 275.725 242.553
threshold=3.8250120878219609 0.06589690595865251 1.7051149606704714 -0.013996877707540987 88.40799713134767 -0.0047057049814611665 42.342876434326179 29.883596420288089 0.36663550138473516 -0.01389159634709358 0.10614265874028207 0.15454842895269397 0.066189184784889235 -0.0051147465128451577 -0.91212284564971913 0.22668402642011645 1.2264270186424258 -0.024013678543269631 26.965641021728519 -0.033489985391497605 0.051874106749892242 22.164649009704593 -0.024013678543269631 0.0011882765393238517 -0.00032215450482908631 42.342876434326179 3.1822690963745122 0.011111198458820583 -0.0047936984337866298 57.368129730224616
decision_type=2 2 2 2 2 2 2 2 2 2 2 2 2 2 2 2 2 2 2 2 2 2 2 2 2 2 2 2 2 2
left_child=3 2 6 5 26 21 -2 16 -9 29 -3 24 -13 -11 -15 -16 17 18 -4 -20 -6 22 -1 25 -10 -7 -5 -25 -29 -8
right_child=1 10 7 4 20 23 9 8 11 13 -12 12 -14 14 15 -17 -18 -19 19 -21 -22 -23 -24 27 -26 -27 -28 28 -30 -31
leaf_value=-0.014059044765729412 -0.023197940435667197 0.019075005484608276 -0.0069634612559083611 -0.028653801134881713 -0.030244098394838423 -0.029489567892365731 -0.0054636759513505447 -0.012529590344955654 0.0315780145664162 0.05487341530958767 0.041844851109653664 -0.013615891270763625 0.048131716232051799 0.050927253960586498 0.0022161238100745885 0.070197564636611351 0.063617653197593813 0.084082592426084637 0.04346002810550998 -0.018704871455936665 0.042449403204008328 -0.01432704897217533 0.093429547344594382 -0.030716512007278936 -0.0066372881978549242 0.065598302346269455 -0.016130496077846068 -0.028485073538014157 0.039816476809258254 0.055148254487555795
leaf_weight=339.46782867610455 936.1206406056881 8889.3003029227257 2127.2249980717897 11812.999634630978 233.00448022037745 97.457805216312408 1662.2606292963028 13088.89136646688 613.71759882569313 1575.3506919145584 3593.3084047883749 849.4919763058424 1517.0952551066875 1293.9714230746031 2451.4090158641338 381.55561083555222 433.81745928525925 191.6428829729557 1190.3515519201756 480.47332227230072 786.14731678366661 5534.0875996649265 202.4333781003952 301.86122220754623 4016.5305711627007 640.03299528360367 7747.9392203465104 186.94680513441563 704.90166410803795 183.25149640440941
leaf_count=1979 4848 34201 11320 90441 1715 595 7889 72287 2746 5294 10901 3792 6085 4831 11810 1237 1383 539 4905 2649 2891 35717 616 1957 19321 2050 50308 1216 3782 719
internal_value=0 0.00979894 0.00380956 -0.015731 -0.021241 -0.00156934 0.0193151 -0.00155772 -0.00546774 0.0245878 0.0256297 0.00774277 0.0259673 0.032366 0.0237744 0.0113722 0.0161964 0.0110401 0.00735448 0.0255835 0.0258298 -0.010722 0.0260945 0.0272268 -0.00157203 0.0530326 -0.0236934 0.0112836 0.0254993 0.000554831
internal_weight=0 45475.8 32993.2 28587.3 20580.1 8007.19 8483.92 24509.2 20085.7 7547.8 12482.6 6996.84 2366.59 5702.29 4126.94 2832.96 4423.51 3989.69 3798.05 1670.82 1019.15 6075.99 541.901 1931.2 4630.25 737.491 19560.9 1193.71 891.848 1845.51
internal_count=400024 206757 161655 193267 145355 47912 36628 125027 104231 31780 45102 31944 9877 23172 17878 13047 20796 19413 18874 7554 4606 38312 2595 9600 22067 2645 140749 6955 4998 8608
is_linear=0
shrinkage=0.05


Tree=38
num_leaves=31
num_cat=0
split_feature=7 160 122 142 225 232 231 225 233 229 231 231 229 224 231 234 225 187 225 225 225 11 225 232 232 232 229 231 234 233
split_gain=2174.77 1898.45 395.702 356.989 266.821 271.927 495.151 318.898 245.621 236.782 187.88 190.399 194.33 167.597 283.566 372.969 254.524 166.053 157.844 182.829 162.232 155.95 153.524 148.998 144.8 139.24 138.754 131.992 131.707 129.705
threshold=1.0000000180025095e-35 3.5278055667877202 0.02991956286132336 10.680999755859377 0.11845536530017854 -1.4672073721885679 5.3542072772979745 -0.034941680729389184 -0.00297881884034723 1.6979064345359804 1.7051149606704714 1.935372591018677 0.70993450284004223 1.5000000000000002 5.1245656013488778 -0.014234028290957211 1.0000000180025095e-35 -0.36849999427795405 0.0044434329029172668 0.0049089442472904929 -0.027932326309382912 0.055145757272839553 0.20679578930139544 -1.4327689409255979 -1.5185908079147337 -0.79598388075828541 0.70228666067123424 1.3472215533256533 -0.032319288700819009 -0.010964763816446064
decision_type=2 2 2 2 2 2 2 2 2 2 2 2 2 2 2 2 2 2 2 2 2 2 2 2 2 2 2 2 2 2
left_child=1 3 21 -1 5 6 -4 9 -5 -7 29 -12 -13 14 15 28 -17 -8 20 -20 -15 24 -2 -22 -3 -18 -26 -28 -14 -9
right_child=22 2 4 8 -6 7 17 10 -10 -11 11 12 13 18 -16 16 25 -19 19 -21 23 -23 -24 -25 26 -27 27 -29 -30 -31
leaf_value=-0.019123372219018733 0.055838434127890024 -0.015218322044927428 -0.0057592204137193095 -0.016250968066092254 -0.023125760786983956 0.034444009193875469 0.043677115495677349 -0.0073303429443157004 -0.0038826542007976404 -0.017018499541636312 0.02479578007321653 0.031318599469500601 0.034273418238921188 0.036328278515784428 0.0041326365214008585 0.058699823103174988 -0.0015722434012487769 -0.0060011942727520627 0.048926678070415938 0.0074903120671522012 0.050723152638073914 0.044171536602847492 0.02174881862438055 -0.0040234717204772749 0.021362655794783782 0.033609849655786568 -0.014787033408782272 -0.00037037393970521573 0.00063754277783955237 0.0057844105923773158
leaf_weight=9975.4439905285835 1776.9203799962997 2319.5017288476229 7395.2616056799889 5665.4946278333664 758.36866302788258 1764.4296497106552 742.08689931035042 3061.9421945661306 13770.902756765485 255.9361769258976 1886.9581406414509 887.37864796817303 354.99279217422009 274.13478530943394 4252.086612790823 820.6003045886755 394.53271532058716 217.51565170288086 274.25264164805412 9075.1342330276966 126.77616176009178 171.5026031434536 405.67499729990959 6314.2619794607162 625.50523391366005 979.26336914300919 1915.0867910087109 9286.2697785496712 1615.3115433454514 4905.9143293350935
leaf_count=57405 4825 10616 30385 30253 3316 5565 2302 12824 69418 1017 6713 3002 1306 839 15823 2660 1511 771 967 33346 471 600 1200 24215 2435 3396 8663 39356 6084 18740
internal_value=0 -0.00100905 0.00404448 -0.0114342 0.00628852 0.00677772 -0.00137454 0.0086065 -0.00748788 0.0279248 0.00749843 0.00947284 0.0083331 0.00749994 0.0132153 0.0224886 0.0366669 0.0324164 0.00450544 0.0087058 -0.00134262 -0.00322107 0.0495023 -0.00294592 -0.00379563 0.0235061 -0.00155539 -0.00283518 0.00669777 0.000744584
internal_weight=0 90086.8 60675 29411.8 46357.1 45598.8 8354.86 37243.9 19436.4 2020.37 35223.5 27255.7 25368.7 24481.3 8416.79 4164.7 2194.4 959.603 16064.6 9349.39 6715.17 14317.9 2182.6 6441.04 14146.4 1373.8 11826.9 11201.4 1970.3 7967.86
internal_count=400024 393999 236923 157076 175253 171937 33458 138479 99671 6582 131897 100333 93620 90618 30780 14957 7567 3073 59838 34313 25525 61670 6025 24686 61070 4907 50454 48019 7390 31564
is_linear=0
shrinkage=0.05


Tree=39
num_leaves=31
num_cat=0
split_feature=41 29 14 29 225 41 29 225 229 110 152 29 232 13 142 29 233 233 227 232 232 227 229 225 226 229 228 227 226 232
split_gain=6640.81 2301.26 1304.26 715.711 597.677 551.137 381.767 286.429 271.88 241.744 226.183 213.368 208.056 172.061 152.326 150.863 147.821 132.907 127.849 115.611 112.492 748.953 164.827 152.422 111.696 123.819 127.955 195.573 191.707 152.333
threshold=0.042254580184817321 0.031395247206091888 0.20258725434541705 0.047031167894601829 0.048409214243292815 0.084295507520437254 0.058424962684512145 0.051874106749892242 1.8537479043006899 0.85053730010986339 0.015926548279821876 0.02250268962234259 -3.334617972373962 0.22814524918794635 21.093649864196781 0.065232884138822569 0.19598775357007983 0.15564788877964023 0.13200449198484424 -3.334617972373962 -0.61112582683563221 -0.018215506337583062 1.0679636597633364 0.0044434329029172668 0.018057025037705902 1.0951494574546816 35.280538558959968 -0.078474234789609895 -0.046242320910096162 -1.6395928859710691
decision_type=2 2 2 2 2 2 2 2 2 2 2 2 2 2 2 2 2 2 2 2 2 2 2 2 2 2 2 2 2 2
left_child=1 4 5 7 11 6 8 9 14 12 15 -1 -3 -4 19 -5 -10 -16 -6 -2 -13 22 -22 -24 25 26 -14 28 -28 -29
right_child=2 3 13 10 18 -7 -8 -9 16 -11 -12 20 24 -15 17 -17 -18 -19 -20 -21 21 -23 23 -25 -26 -27 27 29 -30 -31
leaf_value=0.027847544104566437 -0.046554292655340591 -0.040497224785609867 -0.026995326836427875 0.00039259821650949498 -0.042462806215992945 -0.025304331241139684 -0.017743305201332216 -0.024276828130815008 -0.042307552496435051 -0.0050668686667049304 -0.014863479816563427 0.022953598012736356 0.010084483689045076 -0.041924343440194044 -0.0092103633976134535 -0.014376877823044171 -0.0023632496866437362 0.010777650963931899 -0.0036221737354102087 0.0014484424175608892 -0.050167379559245801 0.018653609561944211 0.020628078041644612 -0.049076136085432112 0.0128674428484727 0.016850639681159647 0.014206004580099086 -0.020735168604100969 -0.035592248868516786 0.0052492155054539988
leaf_weight=8347.3864363580942 126.98450377583504 216.66636723279953 8249.0707601904869 9388.6759392917156 388.77908000349998 5410.1721511781216 7489.8702414929867 752.08370590209961 718.29800108075142 3767.6846473515034 5234.7767855525017 7767.417714715004 7588.5664796233177 2519.4819232821465 10149.450351655483 2119.275881499052 341.84073632955551 905.89648669958115 465.60011348128319 10254.359503924847 473.32897993922234 10864.133405610919 217.27332803606987 122.72782650589943 10528.215751588345 2560.8899560272694 277.27219304442406 600.73981502652168 637.86862859129906 9232.4366776049137
leaf_count=33657 352 586 22465 26843 1249 14740 20266 2218 2197 11331 14490 29049 24593 7227 28372 5885 974 2530 1384 30560 1364 40178 791 364 34144 8257 913 1793 1944 29258
internal_value=0 0.00848048 -0.0152513 0.00229997 0.0198947 -0.0106159 -0.00796579 0.00625705 -0.00471057 0.00690556 -0.00624687 0.021161 0.00833111 -0.0304882 -0.0034882 -0.00232731 -0.0294275 -0.00757251 -0.0212963 0.000861273 0.0182906 0.015189 -0.0310904 -0.00453256 0.00866776 0.00655198 0.00511369 0.00160419 -0.0205042 0.00366175
internal_weight=0 81551.8 46165.4 52905.2 28646.6 35396.9 29986.7 36162.4 22496.8 35410.3 16742.7 27792.3 31642.7 10768.6 21436.7 11508 1060.14 11055.3 854.379 10381.3 19444.9 11677.5 813.33 340.001 31426 20897.8 18336.9 10748.3 915.141 9833.18
internal_count=399974 270291 129683 162255 108036 99991 85251 115037 64985 112819 47218 105403 101488 29692 61814 32728 3171 30902 2633 30912 71746 42697 2519 1155 100902 66758 58501 33908 2857 31051
is_linear=0
shrinkage=0.05


Tree=40
num_leaves=31
num_cat=0
split_feature=122 233 226 227 234 152 229 29 29 227 227 228 226 226 231 232 228 227 15 232 227 126 231 232 29 228 185 232 233 233
split_gain=4121.94 1458.44 1309.12 1085.42 1154.03 1077.04 664.523 527.955 493.146 449.24 567.977 437.576 726.09 374.496 416.641 363.956 752.532 390.357 344.677 338.114 449.091 330.901 302.138 343.259 293.446 292.968 271.333 250.368 246.021 227.421
threshold=0.043483316898345954 -0.01175938034430146 -0.0047057049814611665 0.15454842895269397 0.012814752757549288 0.092347659170627608 1.0789459943771365 0.03581658564507962 0.06051530875265599 -0.017717656679451462 -0.0047936984337866298 29.883596420288089 -0.024013678543269631 0.019742332398891452 0.2315720617771149 -1.4672073721885679 32.958612442016609 -0.036407448351383202 0.10743435099720956 -1.6804370880126951 0.011352922767400743 0.034016622230410583 0.99614292383193981 -0.88818004727363575 0.026991256512701515 33.779111862182624 1.9499999837080398e-07 -3.334617972373962 -0.01240761950612068 -0.0037611222360283132
decision_type=2 2 2 2 2 2 2 2 2 2 2 2 2 2 2 2 2 2 2 2 2 2 2 2 2 2 2 2 2 2
left_child=1 2 11 7 -5 8 9 -3 19 -4 -11 12 28 14 -12 16 -13 -18 -6 20 27 -7 23 -9 -16 29 -19 -2 -1 -24
right_child=5 3 6 4 18 21 -8 22 -10 10 13 15 -14 -15 24 -17 17 26 -20 -21 -22 -23 25 -25 -26 -27 -28 -29 -30 -31
leaf_value=-0.0041363168267418201 0.065867540190834239 -0.028740007572138643 0.068809027578234358 -0.027313494032840453 0.002407521475892095 0.025113151375781285 -0.018981048829028214 0.0434999459054147 0.019044824246605727 -0.024458032495639135 -0.032985611641988578 -0.027759542272375655 0.083345460129494758 -0.033492222368061784 0.0022736147346187267 -0.015902505637768117 -0.01135299287510853 0.020745721999650912 0.033350144271945312 -0.00026035597718797874 0.076734723245337977 0.052007431210006762 -0.020040147843342557 -0.016579357808372771 0.065849930613078339 -0.020044154099044656 0.081053253828826805 0.0059687681506951432 0.040025059941946849 0.017912222443251
leaf_weight=2048.8677886426449 193.66405293345451 12062.517867088318 870.71816259622574 2035.2365081310272 1612.5079843476415 6736.6998845040798 602.45959863066673 475.0181999951601 7176.8530312776566 439.41352073848248 146.4466056227684 803.39691485464573 315.12449133396149 159.17960792779922 215.68962264060974 7269.3079929500818 306.88594545423985 324.38318349421024 2036.7779353484511 12244.026670701802 309.53079457581043 1377.5940124392509 648.90035466849804 475.96491166949272 1145.0333030223846 8045.346551656723 438.80639570951462 1758.7878647744656 372.75140987336636 1007.7026787474751
leaf_count=11822 550 96790 2507 12787 9559 22954 3598 2172 27091 2633 879 4885 897 1033 1221 45004 1834 1672 9052 59540 1073 4088 3899 2683 4289 47823 2202 7800 1782 5855
internal_value=0 -0.00995983 0.00239859 -0.0166867 0.00285329 0.0141398 0.0289079 -0.0215765 0.00832454 0.0386009 0.0261101 -0.00558786 0.0119517 0.0394448 0.0471481 -0.0108381 0.00881264 0.0362705 0.0196775 0.00302067 0.0207808 0.0296791 -0.0134652 0.0134304 0.0557724 -0.0161015 0.0554204 0.0119101 0.00266129 0.00304607
internal_weight=0 43858.4 15458.5 28400 5684.52 29797.2 3578.94 22715.5 21682.9 2976.48 2105.76 11879.5 2736.74 1666.35 1507.17 9142.78 1873.47 1070.08 3649.29 14506 2261.98 8114.29 10652.9 950.983 1360.72 9701.95 763.19 1952.45 2421.62 1656.6
internal_count=399974 276878 86258 190620 31398 123096 16160 159222 96054 12562 10055 70098 14501 7422 6389 55597 10593 5708 18611 68963 9423 27042 62432 4855 5510 57577 3874 8350 13604 9754
is_linear=0
shrinkage=0.05


Tree=41
num_leaves=31
num_cat=0
split_feature=122 234 227 225 233 29 228 29 226 226 234 227 225 225 228 226 227 225 225 226 11 14 234 227 229 225 228 234 228 226
split_gain=1884.74 599.102 815.41 891.115 534.9 423.111 348.123 344.586 327.032 325.964 225.423 543.711 232.108 222.388 234.252 250.209 262.051 202.934 191.093 201.977 189.578 183.369 169.859 476.587 165.846 162.374 150.37 149.406 148.603 184.837
threshold=0.026549740694463256 0.015965082682669166 0.1456660404801369 0.037039635702967651 0.0051696279551833877 0.044408345595002181 45.157526016235359 0.029815810732543472 -0.0097577082924544794 -0.036604972556233399 0.014099156949669124 -0.059249300509691231 0.0044434329029172668 -0.00054045068100094784 86.087261199951186 -0.045070454478263848 -0.022031335160136219 -0.0223178481683135 -0.0043226098641753188 0.015928446315228943 0.055145757272839553 0.066814213991165175 0.015965082682669166 -0.059249300509691231 1.7563159465789797 -0.029245145618915554 35.280538558959968 -0.046986028552055352 34.72050857543946 -0.017064406536519524
decision_type=2 2 2 2 2 2 2 2 2 2 2 2 2 2 2 2 2 2 2 2 2 2 2 2 2 2 2 2 2 2
left_child=7 5 3 6 -4 -2 9 10 -6 -3 -1 12 -12 14 15 26 -17 -8 25 -20 22 -15 28 -24 -13 -18 27 -7 -9 -30
right_child=1 2 4 -5 8 13 17 20 -10 -11 11 24 -14 21 -16 16 18 -19 19 -21 -22 -23 23 -25 -26 -27 -28 -29 29 -31
leaf_value=-0.022429260451904659 -0.0045743511233701552 -0.0068184018521868731 0.03542204290249383 0.050660509848305259 0.048557619441333508 0.054245150302115887 0.050157649055718068 -0.019316566857960883 -0.0060968503224609278 0.06106927899101694 -0.016461243720217573 -0.013966457146996434 0.089664258345659192 -0.0060270000420957681 0.052348258618736987 -0.005290221187187364 0.025884724728654485 0.010362262062480303 0.047716604173476194 0.0058421791714542756 0.045323376435868111 0.0074281065536361216 0.067636547360394025 -0.0021188318695843406 0.048954658822271915 0.003322672586761478 0.062789457478230393 0.014793661875226936 0.004319741922681343 -0.011772124979404119
leaf_weight=7300.5620136335492 17223.739118941128 238.42744521796703 949.82181034982204 1928.0847223997116 283.48785202205181 266.14761245250702 330.25519436597824 2908.683640524745 7929.2902555465698 684.29089990258217 70.30190834403038 4601.7430810928345 192.868488073349 5540.079573392868 317.14687293767929 3767.1986194998026 967.97272062301636 10685.278580546379 663.22603559494019 508.95171374082565 180.49220979213715 4663.8330886214972 259.52071112394333 4336.0841344296932 107.16440658271313 4526.5105243176222 207.98172880709171 2441.1498986035585 2762.4925618171692 5040.5581609606743
leaf_count=44871 79962 1026 3077 5581 897 758 1010 14141 31320 2185 405 26833 696 21578 997 14828 2989 42009 2250 1935 613 16664 825 19208 299 17127 684 8554 12533 24119
internal_value=0 0.00501632 0.0114724 0.0191204 -0.000101889 0.00139837 0.0140265 -0.010579 -0.00421029 0.0435273 -0.016837 -0.00862571 0.0613145 0.00570804 0.00987823 0.00886923 0.00525086 0.0115554 0.0112074 0.029535 -0.00562018 0.000122834 -0.00622087 0.00182036 -0.0125345 0.00729747 0.0218195 0.018672 -0.00967076 -0.00607517
internal_weight=0 64122.9 23028.9 13866.3 9162.6 41093.9 11938.3 27760.5 8212.78 922.718 12272.6 4972.08 263.17 23870.2 13666.3 13349.1 10433.9 11015.5 6666.66 1172.18 15487.8 10203.9 15307.3 4595.6 4708.91 5494.48 2915.28 2707.3 10711.7 7803.05
internal_count=399974 255431 87105 51811 35294 168326 46230 144543 32217 3211 73104 28233 1101 88364 50122 49125 39129 43019 24301 4185 71439 38242 70826 20033 27132 20116 9996 9312 50793 36652
is_linear=0
shrinkage=0.05


Tree=42
num_leaves=31
num_cat=0
split_feature=41 41 29 29 7 225 131 41 15 15 29 29 233 6 224 230 225 29 187 133 232 233 225 233 231 227 22 230 233 224
split_gain=6068.91 1818.16 1381.73 834.87 611.103 385.667 332.689 313.164 292.234 250.313 246.198 194.063 165.171 160.908 153.149 232.738 142.194 141.818 115.206 110.938 120.078 123.766 130.211 107.138 101.31 101.176 98.0949 94.8711 210.124 311.044
threshold=0.033273648470640189 0.06965524330735208 0.031822690740227706 0.050257718190550811 1.0000000180025095e-35 0.051874106749892242 -0.12563034892082212 1.0000000180025095e-35 0.14561774581670764 0.33276328444480902 0.042546687647700317 0.022018701769411567 -0.036969205364584916 2.1655499935150151 3.5000000000000004 9.5000000000000018 0.051874106749892242 0.062950979918241515 -17.664500236511227 0.54547238349914562 -1.9118109345436094 -0.0111924079246819 -0.04725131765007972 -0.053648915141820901 1.8432740569114687 -0.034360896795988076 27.395999908447269 9.5000000000000018 -0.030141824856400486 4.5000000000000009
decision_type=2 2 2 2 2 2 2 2 2 2 2 2 2 2 2 2 2 2 2 2 2 2 2 2 2 2 2 2 2 2
left_child=2 3 5 4 8 11 18 -4 12 19 16 -1 14 -14 23 25 -9 26 -3 20 21 22 -5 -2 -12 -16 -8 -13 29 -29
right_child=1 6 7 9 -6 -7 17 10 -10 -11 24 27 13 -15 15 -17 -18 -19 -20 -21 -22 -23 -24 -25 -26 -27 -28 28 -30 -31
leaf_value=0.027885745776637778 0.011215045952551551 -0.040545358617169951 -0.057247340442928486 -0.0036593267910474641 -0.042340285878082834 -0.01747977984738892 -0.042994895890561213 0.009147111272525793 -0.0088687050739328695 -0.026185302140899966 -0.0073990977048713049 0.019906417071548586 0.010156970247432229 0.00087736557821795492 -0.028047197700247307 -0.064706290714534459 -0.023888653207588408 -0.027088740847500754 -0.027997366731225205 -0.017613569857419038 -0.0064859371943996368 0.011476761135324077 -0.03731808718316091 -0.014125364352679816 0.0024106733959514261 -0.00319436682574717 -0.011645680657659443 0.01954518512298041 0.015769979324774249 -0.059852960792676518
leaf_weight=7178.4711720794439 1527.0332528352737 2777.4023744165897 203.0907339155674 411.904252409935 859.46895945072174 671.22262957692146 262.46683549880981 19557.723599910736 6598.155236184597 3458.1010696589947 3523.9581284821033 14946.591660842299 8580.5801316350698 10254.206373810768 545.58394509553909 208.2778448164463 331.2439070045948 2800.0722520947456 5358.0933224856853 4923.963964343071 9581.2583370506763 244.78964212536812 950.12129494547844 573.8729205429554 10397.422766655684 1641.9656547009945 5065.0065504014492 250.78235641121864 2916.0721862018108 242.751046448946
leaf_count=29940 4614 8093 562 1143 2814 2078 722 64473 18659 9368 10033 56612 27010 31465 1604 563 971 7598 14743 13374 26376 690 2585 1720 30524 4998 13933 930 11210 653
internal_value=0 -0.0105983 0.0113034 -0.00590438 -0.000771776 0.019932 -0.0251333 0.00465545 0.000421917 -0.0139794 0.00502729 0.0209154 0.00304931 0.00510488 -0.00556058 -0.0142014 0.00859691 -0.0179784 -0.0322812 -0.0113596 -0.00860721 -0.0212561 -0.027139 0.00429319 -7.25014e-05 -0.00939277 -0.0131902 0.0181896 0.0106636 -0.0195079
internal_weight=0 66622.3 60219.3 50359.3 30789.1 26205.9 16263 34013.4 29929.7 19570.1 33810.3 25534.7 23331.5 18834.8 4496.73 2395.83 19889 8127.55 8135.5 16112 11188.1 1606.82 1362.03 2100.91 13921.4 2187.55 5327.47 18356.2 3409.61 493.533
internal_count=400058 192072 207986 146983 93447 101423 45089 106563 90633 53536 106001 99345 71974 58475 13499 7165 65444 22253 22836 44168 30794 4418 3728 6334 40557 6602 14655 69405 12793 1583
is_linear=0
shrinkage=0.05


Tree=43
num_leaves=31
num_cat=0
split_feature=160 152 233 231 228 228 226 228 15 225 225 232 227 233 226 225 228 227 227 233 225 160 41 228 224 227 228 225 225 225
split_gain=3723.91 1468.4 857.73 849.678 854.083 776.658 706.637 698.442 616.054 555.333 434.554 480.543 509.494 579.244 357.607 321.269 502.404 408.535 330.57 316.996 312.988 307.504 302.115 272.695 489.28 264.32 273.556 261.703 668.38 252.846
threshold=3.8250120878219609 0.078058611601591124 -0.013996877707540987 1.7051149606704714 29.883596420288089 88.40799713134767 -0.0047057049814611665 42.342876434326179 0.17381828278303149 -0.01389159634709358 -0.0051147465128451577 -0.91212284564971913 0.0018821603734977546 0.00099355349084362409 -0.024013678543269631 -0.053256671875715249 25.506140708923343 -0.013218641746789215 -0.034360896795988076 -0.059049820527434342 0.051874106749892242 3.0109877586364751 0.11941198632121088 22.164649009704593 4.5000000000000009 -0.017717656679451462 42.342876434326179 -0.012940231710672377 -0.012699490413069723 0.011111198458820583
decision_type=2 2 2 2 2 2 2 2 2 2 2 2 2 2 2 2 2 2 2 2 2 2 2 2 2 2 2 2 2 2
left_child=2 3 6 7 14 21 23 -2 27 -9 -11 -12 -13 -14 15 -5 -17 18 -18 -20 -7 -4 -3 24 -1 26 -8 -6 -29 -27
right_child=1 22 5 4 8 20 25 9 -10 10 11 12 13 -15 -16 16 17 -19 19 -21 -22 -23 -24 -25 -26 29 -28 28 -30 -31
leaf_value=-0.013453529406541133 -0.022603245073430017 0.02098070110021924 -0.028942281616290116 0.047874662163709752 -0.025795363995659532 -0.030248213882204673 -0.028642700157846437 0.00057403786930748733 0.0077918164396350159 0.051089945097030791 0.044516294902066503 -0.007945368652782352 0.060930560578361506 -0.013279007157458569 0.080599050384985022 -0.013715118860343779 0.0038947231359139365 -0.020361886440732151 0.0093716174373949558 0.053564815835676953 0.036237409713841616 -0.016074465270942421 0.042224735708373221 -0.012679150721000874 0.082719044897054214 -0.029189534395064377 0.064547769374902919 0.10113148877099923 -0.009390856610076383 0.023968222360466137
leaf_weight=338.61423315107822 1000.8088503181934 8251.5504105389118 9293.2198992669582 615.88677576184273 2537.5859596282244 225.98609586805105 91.677374482154846 2276.5982417166233 6060.5508106797934 1687.4639781564474 1462.9234947711229 1719.0267365127802 751.93930394947529 404.36179131269455 207.94510293006897 1577.2171992659569 956.46788589656353 518.6448508054018 586.82523988187313 1315.1907390803099 816.88430517911911 9278.0330531001091 2099.3222260177135 5398.345505386591 217.00248453021049 285.62475780397654 558.40501074492931 138.42603066563606 11593.609943941236 1031.766065813601
leaf_count=2004 5112 30118 77318 1865 14097 1768 589 10201 25556 5481 5217 8401 2716 1991 578 8279 5043 2750 2450 4821 2894 63464 6231 35928 623 1954 1646 537 64953 5473
internal_value=0 0.00872317 -0.0145478 0.00388083 -0.000742448 -0.0201559 -0.000661686 0.0168556 -0.00556365 0.0216122 0.0295607 0.0211865 0.00931659 0.0349793 0.0162207 0.0138173 0.00958357 0.0204647 0.0278723 0.03993 0.0218302 -0.0225136 0.0252893 -0.00924624 0.0241078 0.0253169 0.0514057 -0.0112359 -0.00808681 0.012443
internal_weight=0 45762.3 27535.6 35411.5 26108.4 19614.1 7921.44 9303.12 20330.2 8302.31 6025.72 4338.25 2875.33 1156.3 5778.18 5570.23 4954.35 3377.13 2858.48 1902.02 1042.87 18571.3 10350.9 5953.96 555.617 1967.47 650.082 14269.6 11732 1317.39
internal_count=400058 206397 193661 170048 130929 145444 48217 39119 105143 34007 23806 18325 13108 4707 25786 25208 23343 15064 12314 7271 4662 140782 36349 38555 2627 9662 2235 79587 65490 7427
is_linear=0
shrinkage=0.05


Tree=44
num_leaves=31
num_cat=0
split_feature=7 29 41 232 227 122 225 232 226 225 225 228 232 187 231 228 226 228 225 227 225 228 229 227 227 234 234 225 234 233
split_gain=1857.72 1542.49 369.431 284.293 728.057 260.321 231.893 225.03 441.566 279.702 206.409 205.947 167.421 157.996 150.56 248.382 245.629 326.473 362.18 271.676 239.182 159.532 148.517 142.428 167.865 140.269 144.561 135.528 134.417 132.345
threshold=1.0000000180025095e-35 0.033779328688979156 0.029929870739579204 -0.79598388075828541 -0.033182777464389794 0.023233605548739437 0.11845536530017854 -1.4672073721885679 -0.052973167970776551 -0.034941680729389184 0.0044434329029172668 22.164649009704593 -1.5185908079147337 -0.36849999427795405 1.7051149606704714 34.72050857543946 0.019131517037749294 50.77893257141114 0.00082499513518996548 0.14217160642147067 -0.014302461873739956 41.698772430419929 0.70228666067123424 -0.076281689107418046 -0.080775048583745943 -0.032319288700819009 0.021706453524529937 0.012501493562012913 0.027250979095697406 0.049704665318131454
decision_type=2 2 2 2 2 2 2 2 2 2 2 2 2 2 2 2 2 2 2 2 2 2 2 2 2 2 2 2 2 2
left_child=1 3 12 -1 10 -6 7 8 13 11 -5 -9 -3 -4 21 25 17 23 -19 20 -18 -11 -14 24 -17 -16 -27 -28 -20 -22
right_child=-2 2 6 4 5 -7 -8 9 -10 14 -12 -13 22 -15 15 16 19 18 28 -21 29 -23 -24 -25 -26 26 27 -29 -30 -31
leaf_value=-0.019261455070151669 0.046197651666837779 -0.014983222585348344 0.040171272983116263 -0.007714497578044043 -0.015274056178073007 -0.0027665050480046756 -0.021967803414154153 -0.016411704673268721 -0.0055214869827576937 0.017760306391263823 0.071208277560142988 0.031108385661763743 0.021386742398293641 -0.0075184936333835542 0.021656129566261936 0.012555540209522965 0.031011415397423522 0.048449621238050654 0.0048471186890213201 -0.0016971908473230853 0.0022138686088946603 -0.0022309510996139353 -0.0022781019503156177 0.0049147746923148333 0.063443255222697004 -0.012588495956773308 -0.0043699806934024941 0.070854023409730793 0.03039422743251113 0.014235906938407875
leaf_weight=7808.34414242208 2152.1312919259071 2567.0342279672623 787.67272473871708 107.03117619454861 8993.518346183002 7740.7241601869464 758.00946092605591 260.10904605686665 7613.8230182528496 1160.8306175470352 366.60928072035313 1847.2256032377481 699.09509770572186 222.80044282972813 430.43685755133629 514.68495412170887 1350.5825807601213 1382.9454044252634 1229.6340663582087 6400.0262977033854 4396.1521948575974 7112.2018006891012 12838.260744571686 4140.7776100188494 236.53945235908031 2521.8483176976442 140.68201175332069 104.24475499987602 885.79424160718918 4776.6017390340567
leaf_count=45233 6055 12152 2407 554 53728 39715 3381 1038 31581 4134 1177 5736 2729 785 1642 2016 4475 4499 4579 24044 16261 28710 56284 15353 828 10268 548 339 2910 16897
internal_value=0 -0.00081251 0.00328169 -0.0113487 -0.00775821 -0.00948846 0.00546938 0.00590708 -0.00139987 0.00752742 0.0533737 0.025243 -0.003276 0.0296561 0.00651251 0.00823565 0.00989421 0.0168892 0.0285522 0.00642622 0.0113667 0.000574122 -0.001056 0.00854864 0.0285787 -0.00489592 -0.00902672 0.0276466 0.0155445 0.0084742
internal_weight=0 89394.2 64378 25016.2 17207.9 16734.2 48273.6 47515.6 8624.3 38891.3 473.64 2107.33 16104.4 1010.47 36784 28511 25313.7 8390.38 3498.37 16923.4 10523.3 8273.03 13537.4 4892 751.224 3197.21 2766.78 244.927 2115.43 9172.75
internal_count=400058 394003 253596 140407 95174 93443 182431 179050 34773 144277 1731 6774 71165 3192 137503 104659 91862 30185 11988 61677 37633 32844 59013 18197 2844 12797 11155 887 7489 33158
is_linear=0
shrinkage=0.05


Tree=45
num_leaves=31
num_cat=0
split_feature=122 14 29 29 7 12 122 225 29 12 29 229 6 225 29 130 29 40 29 110 226 226 226 229 229 23 110 185 226 225
split_gain=5481.33 1739.43 1231.68 731.089 627.561 317.984 311.763 294.816 284.276 253.806 214.833 197.08 174.614 173.906 167.909 160.535 127.583 123.716 99.8274 94.3932 92.6569 92.3914 87.5363 86.2006 155.887 85.2032 84.4766 82.1028 81.0622 92.4916
threshold=0.032890975475311286 0.15783742070198062 0.030109877698123459 0.050484418869018562 1.0000000180025095e-35 0.12016621232032777 1.0000000180025095e-35 0.051874106749892242 0.042879067361354835 0.071465134620666518 0.056574741378426559 1.5005524158477785 1.9015499949455263 0.051874106749892242 0.073331456631422057 0.069319654256105437 0.022018701769411567 1.0000000180025095e-35 0.035278055816888816 0.85053730010986339 0.23819749057292941 0.018057025037705902 -0.054350275546312325 1.0890921950340273 1.0874777436256411 56.30090522766114 0.68833133578300487 5.4999999221649893e-08 0.015928446315228943 -0.0015026581822894511
decision_type=2 2 2 2 2 2 2 2 2 2 2 2 2 2 2 2 2 2 2 2 2 2 2 2 2 2 2 2 2 2
left_child=2 3 7 4 9 10 -4 16 13 12 -3 14 18 21 15 -5 -1 -14 -2 22 -12 23 -10 24 28 -23 -19 -9 -8 -30
right_child=1 5 6 11 -6 -7 8 27 19 -11 20 -13 17 -15 -16 -17 -18 26 -20 -21 -22 25 -24 -25 -26 -27 -28 -29 29 -31
leaf_value=0.027001901762946579 0.012927536272498272 -0.013739448692680178 -0.056279129759934904 -0.01479664682726968 -0.040025066043032229 -0.0370599055413749 0.0071009224302693037 0.0096816508867142766 0.019560937676675282 -0.017730298673943504 -0.027469965932750407 -0.034549477131886906 -0.063062347125210236 -0.023577315830022889 -0.022478799594522893 -0.0042951998016376308 0.018731023984425364 0.0013022709763800724 0.0030589262094481758 -0.01853791718566623 0.0042447028688679927 0.016882218225732857 -0.00011076782568100804 0.017124972004321625 -0.043752624762931 0.0055503379817543096 -0.0060767336611766811 -0.029252999645335249 0.015097387620582797 -0.034619269034920637
leaf_weight=6906.0563258379698 4082.0764261186123 6590.5364579856396 203.40181040763855 7359.2224310934544 979.17326256632805 3524.6583591401577 12108.326518654823 215.86883163452148 594.27484756708145 1774.378091275692 6642.7730527818203 1010.3959110677242 80.592998504638672 400.56416410207748 3065.3839526772499 7199.5140946805477 14352.95670594275 12561.919202446938 6884.3072936832905 662.25108844041824 238.57293152809143 6146.6080847084522 11685.413928478956 1917.5375002920628 157.06596675515175 2271.9162650704384 5611.1744572073221 363.24389836192131 150.36479011178017 247.57923811674118
leaf_count=29622 13832 17955 566 20031 3316 10381 40507 639 1792 4955 18204 2846 232 1193 8295 19859 56150 38151 20298 1834 651 21311 34060 6525 426 7338 16773 1158 514 755
internal_value=0 -0.00985007 0.0110643 -0.00520218 -0.000614348 -0.0236894 0.00545037 0.020459 0.00579586 0.000630711 -0.0201913 -0.0130741 0.00174568 0.00908459 -0.0118429 -0.00960352 0.0214178 -0.00125021 0.00673237 -0.000150406 -0.0263704 0.00965344 0.000841243 0.00724546 0.00574946 0.0138241 -0.000976091 -0.0147398 0.00637116 -0.0158336
internal_weight=0 67604.7 58383.4 50608.1 31973.6 16996.5 36545.3 21838.1 36341.9 30994.4 13471.9 18634.5 29220.1 23400 17624.1 14558.7 21259 18253.7 10966.4 12941.9 6881.35 22999.4 12279.7 14580.9 12663.3 8418.52 18173.1 579.113 12506.3 397.944
internal_count=400169 195779 204390 148588 97557 47191 116821 87569 116255 94241 36810 51031 89286 78569 48185 39890 85772 55156 34130 37686 18855 77376 35852 48727 42202 28649 54924 1797 41776 1269
is_linear=0
shrinkage=0.05


Tree=46
num_leaves=31
num_cat=0
split_feature=29 168 231 233 228 228 228 15 231 225 230 233 228 230 225 234 187 224 229 228 227 233 224 231 12 225 29 40 225 225
split_gain=3493.67 1344.53 834.734 729.231 701.939 690.706 634.515 732.686 600.321 591.202 537.832 529.685 393.168 381.281 378.568 375.923 368.203 367.574 355.426 401.019 354.771 618.921 325.376 307.475 306.822 273.935 265.799 252.515 242.026 586.394
threshold=0.037812534719705589 1.2168499827384951 1.7051149606704714 -0.013996877707540987 88.40799713134767 42.342876434326179 29.883596420288089 0.19749607890844348 1.8967823982238772 -0.01389159634709358 1.5000000000000002 -0.039505766704678529 26.19144439697266 11.500000000000002 -0.0051147465128451577 0.053421318531036384 -1.0000000180025095e-35 4.5000000000000009 1.0126515626907351 53.581571578979499 0.0023892372846603398 0.00099355349084362409 3.5000000000000004 5.9458849430084237 0.14042272418737414 0.051874106749892242 0.028756042011082176 1.0000000180025095e-35 -0.012940231710672377 -0.012699490413069723
decision_type=2 2 2 2 2 2 2 2 2 2 2 2 2 2 2 2 2 2 2 2 2 2 2 2 2 2 2 2 2 2
left_child=3 2 5 8 26 -2 10 28 18 -7 16 -12 -13 -10 -11 -9 -4 -15 19 -1 -16 -22 -14 -17 -3 -6 27 -5 -8 -30
right_child=1 24 6 4 25 9 7 15 13 14 11 12 22 17 20 23 -18 -19 -20 -21 21 -23 -24 -25 -26 -27 -28 -29 29 -31
leaf_value=0.046319002264097353 -0.02236754930883798 0.019201010668429205 -0.01681014184570739 0.10608406362718087 -0.030383372974925521 -0.00097696932828860469 -0.024948985956502912 0.0037093669480473945 -0.018393528641138298 0.047867911056885336 0.046035066898517656 -0.010318419836348861 0.060810582797611173 -0.01438313684721855 0.010468676800718297 -0.0040613765482467607 0.054083514784379241 0.076868510322565184 -0.0097732559776282472 0.0026387322789580788 0.058309806949936593 -0.011390959886012533 0.0030416670996863205 0.053595678025704446 0.039362842560818928 0.033137545544648171 -0.017077690070330966 -0.030077308833130697 0.090294015103033698 -0.0092831846788756413
leaf_weight=1167.4928138703108 1035.0414451956749 7280.6509063690901 1579.2031101956964 34.202394485473633 214.21561779081821 2282.4340134263039 2567.9046531766653 5727.0832926332951 3988.3816160187125 1831.5965604037046 1648.7463841587305 1224.2609457224607 492.78083379566669 223.99615526199341 2905.767923951149 334.3167312592268 207.18085138499737 217.53046914935112 977.71067705005407 955.49270367622375 1189.3609147518873 434.97223283350468 482.31573313474655 749.89598117768764 2547.1351516544819 817.27071493864059 9900.2233958020806 7649.5983951091766 149.67459540069103 12101.707854509354
leaf_count=4922 5316 27735 8442 174 1739 10261 14560 23335 27454 5824 5389 6516 1713 1516 13087 1261 686 610 6152 5871 3713 2132 2537 2538 7263 2841 70506 66956 551 68569
internal_value=0 0.00799004 0.00361767 -0.0148308 -0.0201418 0.0162317 -0.000860352 -0.00475332 -0.00170212 0.0208536 0.0140846 0.0246098 0.00854836 -0.0135129 0.0286859 0.00882024 -0.00858805 0.0305745 0.0151717 0.0266598 0.0209303 0.039645 0.0322361 0.0358171 0.0244265 0.0199457 -0.0224934 -0.0294712 -0.010992 -0.00806665
internal_weight=0 46772 36944.2 26146.1 18615.5 9679.17 27265.1 21630.6 7530.6 8644.13 5634.49 3848.1 2199.36 4429.91 6361.7 6811.3 1786.38 441.527 3100.7 2122.99 4530.1 1624.33 975.097 1084.21 9827.79 1031.49 17584 7683.8 14819.3 12251.4
internal_count=400169 211428 176430 188741 142216 40333 136097 110814 46525 35017 25283 16155 10766 29580 24756 27134 9128 2126 16945 10793 18932 5845 4250 3799 34998 4580 137636 67130 83680 69120
is_linear=0
shrinkage=0.05


Tree=47
num_leaves=31
num_cat=0
split_feature=7 122 142 142 225 11 226 230 232 230 226 11 225 232 226 230 233 225 224 227 233 230 231 227 229 229 229 230 225 224
split_gain=1718.92 1345.12 308.51 268.356 286.104 165.393 161.953 396.128 209.055 235.214 212.96 154.849 161.731 150.173 161.229 485.002 404.382 146.151 166.398 188.978 221.021 180.632 148.269 137.193 127.361 126.709 120.946 120.694 131.158 119.965
threshold=1.0000000180025095e-35 0.027780495584011081 16.035349845886234 21.512450218200687 0.11845536530017854 0.063903994858264937 -0.045070454478263848 1.5000000000000002 -1.2460717558860777 7.5000000000000009 -0.030112086795270439 -0.064528912305831895 -0.014049499761313198 -1.4890024065971372 -0.030112086795270439 1.5000000000000002 0.019478814676404003 -0.029245145618915554 3.5000000000000004 0.20411980897188189 0.06707268208265306 4.5000000000000009 2.3341220617294316 0.18537236005067828 0.73127868771553051 0.77318638563156139 0.62673509120941173 12.500000000000002 0.003897325368598104 3.5000000000000004
decision_type=2 2 2 2 2 2 2 2 2 2 2 2 2 2 2 2 2 2 2 2 2 2 2 2 2 2 2 2 2 2
left_child=1 2 13 6 17 26 7 -3 9 -8 29 -11 -13 -1 15 16 -15 23 19 22 21 -21 25 -5 -20 -19 -4 -16 -29 -10
right_child=-2 3 5 4 -6 -7 8 -9 10 11 -12 12 -14 14 27 -17 -18 18 24 20 -22 -23 -24 -25 -26 -27 -28 28 -30 -31
leaf_value=-0.023940437192963057 0.044691415855097776 0.031709207698024114 0.025446151059936962 0.02156083478552126 -0.023126412902076711 0.044392995638770194 -0.0157034350800552 -0.0025884466872272464 0.015774633306034135 0.063044355885844838 -0.00086586824624344501 0.029017459118267197 -0.0070367967307872013 0.00044116490549210645 -0.015699056384754502 -0.015415021826322909 0.070175903680256987 -0.012703662987604367 0.021186811853537501 0.017304903462469864 -0.02441108616746154 -0.010897209659230201 0.0080964469951062198 -0.0095450317990777873 -0.0018075107548616992 0.022841966134600038 -0.0048854286457464327 0.035152038422407675 -0.0072707690906973392 0.072230122763568008
leaf_weight=2980.7401219159365 2136.6152174174786 1272.7835251837969 338.37237226963043 2667.3655675053596 805.2469707429409 179.13607180118561 4614.3486081212759 2486.6538195312023 1254.2592571228743 110.41448582708836 12330.284959338605 413.60568934679031 1254.3368642926216 478.31966046988964 10692.680133499205 1737.1211608350277 367.70328840613365 274.14078113436699 652.87372505664825 1300.5749341845512 883.75819952785969 1007.664869338274 17235.510808601975 408.80329452455044 7757.35421448946 2933.451712757349 11446.048593044281 231.96136395633221 849.20488488674164 101.73047645390034
leaf_count=17438 6071 4378 1324 8598 3636 605 21807 10788 5133 368 56561 1751 5778 2672 63661 9818 1228 1054 2286 4470 3515 4159 61690 1561 29864 10081 53072 1299 5187 316
internal_value=0 -0.0006904 -0.00946596 0.00361202 0.0063412 -0.00328967 -0.000501098 0.00902326 -0.00228437 -0.00974937 0.00120245 0.0056998 0.00190371 -0.0137278 -0.0116075 -0.000295312 0.0307497 0.00701682 0.00601749 0.00816674 -0.00314784 0.00499324 0.0099334 0.0174271 -2.2495e-05 0.019804 -0.0040145 -0.0140893 0.00183093 0.0200101
internal_weight=0 89066.5 29301.3 59765.2 35926.7 11963.6 23838.4 3759.44 20079 6392.71 13686.3 1778.36 1667.94 17337.7 14357 2583.14 846.023 35121.5 32045.3 23635.1 3192 2308.24 20443.1 3076.17 8410.23 3207.59 11784.4 11773.8 1081.17 1355.99
internal_count=400169 394098 156304 237794 130914 55001 106880 15166 91714 29704 62010 7897 7529 101303 83865 13718 3900 127278 117119 84969 12144 8629 72825 10159 32150 11135 54396 70147 6486 5449
is_linear=0
shrinkage=0.05


Tree=48
num_leaves=31
num_cat=0
split_feature=122 29 12 29 15 7 7 29 29 7 15 228 232 230 227 233 29 12 110 37 29 18 233 149 232 231 234 227 225 233
split_gain=4948.29 1889.14 929.17 711.855 562.111 500.883 315.371 312.895 227.939 181.476 187.533 202.906 180.79 151.314 231.827 425.851 133.396 122.868 121.938 120.988 119.261 118.258 125.744 146.723 154.191 331.073 139.545 357.957 212.761 128.541
threshold=0.043796839192509658 0.031395247206091888 0.09079794213175775 0.06051530875265599 0.19749607890844348 1.0000000180025095e-35 1.0000000180025095e-35 0.052864836528897292 0.022018701769411567 1.0000000180025095e-35 0.13828357309103015 20.885622978210453 -3.334617972373962 9.5000000000000018 -0.017081287689507004 -0.030141824856400486 0.078858997672796263 0.10614265874028207 0.84212377667427074 1.0000000180025095e-35 0.039567012339830405 0.31978209316730505 -0.01175938034430146 39.285715103149421 -1.0746681690216062 1.9675784707069399 0.016909533180296425 -0.059249300509691231 0.0044434329029172668 -0.034561336040496819
decision_type=2 2 2 2 2 2 2 2 2 2 2 2 2 2 2 2 2 2 2 2 2 2 2 2 2 2 2 2 2 2
left_child=1 5 3 9 6 8 7 12 -1 10 11 -2 -3 21 15 -15 -5 -6 -10 -13 -21 22 23 -14 25 -25 -24 28 -28 -27
right_child=2 4 -4 16 17 -7 -8 -9 18 -11 -12 19 13 14 -16 -17 -18 -19 -20 20 -22 -23 26 24 -26 29 27 -29 -30 -31
leaf_value=0.02634184970909232 -0.027718935419439969 -0.03606142889125654 -0.03114956283375496 -0.017601416360404746 -0.0099485489967836675 -0.039738112781939831 -0.043166479997330066 -0.0054390416458113908 0.017607700632155703 -0.040749477580477707 -0.011769163092630701 -0.057005659985150253 -0.0056522507374275601 -0.054855900713569265 0.0064908025907468294 -0.0027316569619896427 -0.029484532545766745 -0.044372644631139636 0.0067228232850268166 0.0052528050039674645 -0.0039848956627873628 -7.6826332199356347e-05 0.014844877943176186 -0.035346914259862992 0.014586880134456557 -0.0023646745835451161 0.020652974153101269 0.0091503229367386162 -0.052160551320014174 0.015512500674018168
leaf_weight=7161.1385538130999 763.43980711698532 255.69610011577606 6544.8941448181868 7724.3570930063725 6929.9055217802525 371.70779687166214 355.41366133093834 7258.5899601876736 16629.436761587858 371.60549879074097 8161.5376914441586 97.012716442346573 2645.2344247698784 482.24108478426933 4278.7234075963497 2090.4986754655838 3401.7448126673698 269.28364032506943 3043.9039473384619 5162.9000693261623 10807.985613286495 4421.8293971717358 10861.307546049356 540.97593921422958 4280.3907727599144 2071.3510882258415 134.1462416946888 5490.1632010042667 397.91429749131203 1954.0909116268158
leaf_count=31206 2126 701 19076 21060 19316 1315 1192 20472 64979 1298 22349 273 8288 1342 13598 6595 9354 753 11316 15989 30111 13536 35975 1556 13687 6495 429 17789 1089 6408
internal_value=0 0.00713755 -0.0138018 -0.0106903 0.0017837 0.0179054 0.00375625 0.00410985 0.0187038 -0.0060651 -0.0055494 -0.00253343 0.00584678 0.00611705 -0.000641023 -0.012502 -0.0212346 -0.0112362 0.0159236 -0.00133678 -0.000998629 0.00752882 0.00871403 0.00467967 0.00776896 0.00137809 0.0114601 0.00535547 -0.0338024 0.00631353
internal_weight=0 81923.9 43035.5 36490.6 54717.8 27206.2 47518.6 47163.2 26834.5 25364.5 24992.9 16831.3 39904.6 39648.9 6851.46 2572.74 11126.1 7199.19 19673.3 16067.9 15970.9 32797.4 28375.6 11492 8846.81 4566.42 16883.5 6022.22 532.061 4025.44
internal_count=399673 278037 121636 102560 169221 108816 149152 147960 107501 72146 70848 48499 127488 126787 21535 7937 30414 20069 76295 46373 46100 105252 91716 36434 28146 14459 55282 19307 1518 12903
is_linear=0
shrinkage=0.05


Tree=49
num_leaves=31
num_cat=0
split_feature=160 42 233 227 231 134 232 107 231 227 230 231 225 226 160 225 233 227 226 227 233 232 227 233 225 187 224 233 15 160
split_gain=3113.37 1040.75 1082.81 1014.02 855.005 736.76 566.127 508.973 470.879 449.82 709.889 434.207 718.559 379.684 364.768 316.844 357.728 302.736 788.539 283.48 269.988 259.829 258.229 224.938 380.383 221.474 221.427 253.459 216.369 197.915
threshold=4.742889642715455 2.9863667488098149 -0.01175938034430146 0.1475668400526047 1.8967823982238772 2.5000000000000004 -1.3266234397888181 0.023048872128129009 1.7051149606704714 -0.016072324477136132 11.500000000000002 0.47908110916614538 -0.011521907057613133 0.0011882765393238517 6.7905318737030038 -0.01389159634709358 0.030394936911761764 -0.016155138611793515 -0.039898818358778947 0.0018821603734977546 -0.01240761950612068 2.0778304338455205 0.23063293099403384 -0.043964074924588196 -0.0090084550902247412 -1.0000000180025095e-35 4.5000000000000009 -0.01204910362139344 0.14076024293899539 2.6834456920623784
decision_type=2 2 2 2 2 2 2 2 2 2 2 2 2 2 2 2 2 2 2 2 2 2 2 2 2 2 2 2 2 2
left_child=1 2 4 13 6 -2 -1 21 15 10 20 12 -8 17 -10 -7 -17 -4 -19 -13 23 -5 -3 24 25 -6 -21 29 -15 -28
right_child=5 22 3 7 9 8 11 -9 14 -11 -12 19 -14 28 -16 16 -18 18 -20 26 -22 -23 -24 -25 -26 -27 27 -29 -30 -31
leaf_value=0.048965956439268273 0.026474411578936152 0.017280515111597158 -0.017407943568307615 -0.015191059983229623 -0.018387997274521679 0.0020859756243693118 -0.026888506926729529 0.016402415244718471 -0.0010900987712149828 -0.025966664699372668 0.072885883407402152 -0.012319417212935413 0.059555946966976615 -0.029320641114531854 0.015403161344744272 0.032748838175407705 -0.014275739145469002 0.11563079918261487 -0.004366140591321197 -0.014575766885378462 0.037831095935924847 0.037555606369834828 0.062298625615075376 -0.015307979598429812 0.039751089489345762 0.060831570443346618 -0.0074006105862817369 -0.030913582111775507 -0.01330779782374032 0.058741824028870807
leaf_weight=1064.3154998719692 7024.1180486753583 1675.093149729073 4947.1901129558682 3434.9065699279308 935.92872907966375 1726.1459431648254 338.73946741968393 2897.1658488884568 11822.500996500254 2701.2755070030689 305.79862236976624 2055.2359841242433 828.04006589949131 11551.679141901433 4679.080593213439 3684.1912208646536 454.30077001452446 154.30095394700766 1214.4257980808616 353.1355969235301 338.93373419344425 250.50010910630226 393.34586036205292 3529.5459150969982 577.27893103659153 97.408547602593899 142.82982864975929 131.04167403280735 2580.9230865687132 543.34086467325687
leaf_count=3697 23704 6656 36603 23231 5427 7135 2155 14156 56019 17490 841 12820 2422 93103 18054 12881 2057 862 8550 2002 1670 976 1110 23721 3347 357 974 878 14134 2641
internal_value=0 -0.00876266 -0.0105095 -0.0163472 0.000807903 0.012348 0.0162487 0.000721349 0.00791162 -0.00912067 -0.00125438 0.00832099 0.0344594 -0.0218417 0.00358662 0.0200811 0.0275867 -0.0116501 0.0091615 -0.00113396 -0.00539229 -0.0116058 0.0258414 -0.00824236 0.00724141 -0.0109203 0.0185087 0.0328052 -0.0263963 0.0449739
internal_weight=0 43042.4 40973.9 27031.1 13942.8 29390.3 5456.68 6582.57 22366.2 8486.17 5784.89 4392.36 1166.78 20448.5 16501.6 5864.64 4138.49 6315.92 1368.73 3225.58 5479.1 3685.41 2068.44 5140.16 1610.62 1033.34 1170.35 817.212 14132.6 686.171
internal_count=399673 279823 272057 191615 80442 119850 27589 38363 96146 52853 35363 23892 4577 153252 74073 22073 14938 46015 9412 19315 34522 24207 7766 32852 9131 5784 6495 4493 107237 3615
is_linear=0
shrinkage=0.05


Tree=50
num_leaves=31
num_cat=0
split_feature=7 29 29 232 227 142 225 232 225 230 233 234 224 232 227 234 233 233 234 228 232 230 224 226 232 233 110 227 224 227
split_gain=1562.64 1234.89 286.242 275.136 635.28 233.708 201.241 195.743 190.584 188.09 352.308 300.125 193.239 165.668 168.599 259.393 211.73 220.006 176.758 165.976 159.935 219.159 159.381 166.961 149.604 131.729 122.18 119.99 117.757 116.062
threshold=1.0000000180025095e-35 0.033779328688979156 0.044408345595002181 -0.79598388075828541 -0.033182777464389794 10.103349685668947 -0.029245145618915554 -1.4672073721885679 0.0044434329029172668 1.5000000000000002 -0.042233658954501145 0.026880226098001007 1.0000000180025095e-35 -1.6804370880126951 0.19604091346263888 0.0058956164866685876 -0.022822888568043705 -0.017819760367274281 -0.015900600701570507 70.624927520751967 -1.9212649464607237 3.5000000000000004 3.5000000000000004 -0.046242320910096162 -1.4327689409255979 -0.00099835934815928318 0.82952395081520092 -0.034230951219797127 1.5000000000000002 0.22535404562950137
decision_type=2 2 2 2 2 2 2 2 2 2 2 2 2 2 2 2 2 2 2 2 2 2 2 2 2 2 2 2 2 2
left_child=1 3 7 -1 8 -6 20 -3 -5 10 -8 25 -13 -11 16 -16 18 -18 27 22 -4 28 23 -19 -9 -12 -26 -15 -22 -28
right_child=-2 2 6 4 5 -7 9 24 -10 13 11 12 -14 14 15 -17 17 19 -20 -21 21 -23 -24 -25 26 -27 29 -29 -30 -31
leaf_value=-0.018349224778438391 0.043036235243797828 -0.011254516941084605 -0.0026827503627349027 -0.010339232952503011 -0.018374815039129754 -0.0048550984836393347 0.031540058275455939 0.045901977196882104 0.065259010174972112 -0.010731541669276855 -0.0062338430808584599 -0.013194354110826985 0.031519688890773098 0.032044302504720283 0.0086319257657449019 -0.023523289926596851 0.040841285056036486 0.064185963873442373 -0.017368526348616058 -0.0044199998698595767 0.030639543022430979 0.037852198102128462 -0.00047207013233023721 0.011857336683612378 -0.0018172894213072503 0.0078235297851408543 0.010581457695169549 -0.00042591938288348991 0.0046198375561212271 -0.012190645324171107
leaf_weight=7488.8748576194048 2085.7938006520271 4139.5840901583433 940.42416697740555 106.17177560925484 4384.4960414171219 11797.586922608316 1600.3956082910299 181.04649169743061 388.16697709262371 2341.0281181633472 3193.9110812395811 288.60221166908741 1484.5369198322296 310.79740287363529 1148.4694405943155 1381.7837377339602 488.17689350247383 155.24210667610168 1652.5484673827887 2716.3008724302053 588.01289544999599 1198.6799319684505 3069.4867281466722 8421.8491860181093 16027.915159136057 3484.9013433307409 3994.8292420357466 3365.252559825778 1669.1858053803444 650.66672769188881
leaf_count=45200 5998 19700 3717 547 28415 64700 4990 744 1203 10221 12187 1029 4720 1064 4249 5927 1575 489 6956 9983 1716 3743 11544 29199 71388 12211 15233 12713 5622 2690
internal_value=0 -0.000747594 0.00286452 -0.0103878 -0.00681256 -0.00851823 0.00551424 -0.00132299 0.0490224 0.00425124 0.010029 0.0059558 0.0242419 0.00193278 0.00323827 -0.0089282 0.00476378 0.00783162 -0.00378643 0.00670966 0.0155989 0.0205738 0.0093054 0.0128045 0.000648403 0.00110108 0.000252097 0.00231933 0.0113981 0.00739191
internal_weight=0 88658.9 64493.6 24165.3 16676.4 16182.1 39499.6 24994 494.339 35103.3 10052.3 8451.95 1773.14 25050.9 22709.9 2530.25 20179.7 14851.1 5328.6 14362.9 4396.3 3455.88 11646.6 8577.09 20854.5 6678.81 20673.4 3676.05 2257.2 4645.5
internal_count=399673 393675 253610 140065 94865 93115 143855 109755 1750 129057 35137 30147 5749 93920 83699 10176 73523 52790 20733 51215 14798 11081 41232 29688 90055 24398 89311 13777 7338 17923
is_linear=0
shrinkage=0.05


Tree=51
num_leaves=31
num_cat=0
split_feature=122 122 29 15 7 15 41 7 29 229 29 15 29 12 29 229 110 233 227 230 227 227 226 226 230 234 227 227 231 154
split_gain=4534.69 1331.96 1223.01 530.47 406.928 327.753 300.858 293.615 282.145 210.738 203.617 181.309 140.817 124.401 121.2 108.803 99.512 105.908 109.758 94.1267 111.135 280.511 106.014 92.4855 85.5681 116.113 85.15 131.962 84.8002 82.2191
threshold=0.035190992057323463 0.066784180700778975 0.0299665741622448 0.21319280564785006 1.0000000180025095e-35 0.18698844313621524 0.11004179716110231 1.0000000180025095e-35 0.050982519984245307 1.8537479043006899 0.041893452405929572 0.30563589930534368 0.022018701769411567 0.12016621232032777 0.031541775912046439 1.6979064345359804 0.72729584574699413 -0.036969205364584916 -0.05856011621654033 9.5000000000000018 -0.017081287689507004 -0.028905277140438553 -0.018806041218340393 -0.055162630975246423 3.5000000000000004 0.016909533180296425 0.051526352763175971 0.011352922767400743 1.8432740569114687 -2.862629652023315
decision_type=2 2 2 2 2 2 2 2 2 2 2 2 2 2 2 2 2 2 2 2 2 2 2 2 2 2 2 2 2 2
left_child=2 3 7 4 8 9 11 12 14 10 19 15 -1 28 -2 -3 17 18 -16 -4 21 22 -21 -12 25 -19 27 -26 -7 -10
right_child=1 6 5 -5 -6 13 -8 -9 29 -11 23 -13 -14 -15 16 -17 -18 24 -20 20 -22 -23 -24 -25 26 -27 -28 -29 -30 -31
leaf_value=0.02540033437846996 0.0098483709717600218 -0.012396619561513549 0.010447233575333587 -0.016153957181150213 -0.039608705237087947 -0.017255305461529608 -0.033062050296588888 -0.037701984665307782 -0.0048210583151125511 -0.043349400542816441 0.02082207639104236 -0.027522643151080967 0.01668270874774903 -0.049027188337302963 -0.031344119647895123 -0.028538403564947318 -0.006540378327293702 0.013034193944500533 -0.0027661394994432319 -0.023600235496309619 0.008503612745375165 -0.043387866393765642 0.013080509190660903 0.00041454780317474186 -0.00041875588851573282 -0.002625119819060683 0.0086468893651170855 -0.025756196860622915 -0.0022012892145548504 -0.013787107997566356
leaf_weight=6831.5186981111765 3630.3059480041265 8684.8077671825886 18753.817247062922 8839.3082393854856 720.7008498609066 1331.0558414757252 4267.017290532589 226.81851327419281 6488.6658993065357 217.16419887542725 579.42790114879608 3542.7007946819067 14389.649948447943 180.37030500173569 380.50950309634209 1186.5787108838558 4589.6022502779961 4053.4921952486038 2871.0415343940258 256.27404692769051 2509.6260258406401 420.14110109210014 851.39654679596424 13265.941885620356 3496.8817529976368 1672.1182399094105 1906.9533061087132 602.40656986832619 3147.6972935795784 4219.6474038362503
leaf_count=30673 12558 23801 64897 24148 2601 3729 12436 829 17904 723 1769 10030 58026 515 1099 3594 13317 12460 8466 833 8587 1268 2920 39285 10552 4960 5707 1747 9029 11452
internal_value=0 -0.00992729 0.00918929 -0.00522121 -0.00243082 0.0041803 -0.0214979 0.0188843 -0.0016407 0.00575996 0.00605105 -0.0178193 0.0194891 -0.00831483 0.00145755 -0.0143369 -9.87333e-05 0.00187442 -0.00611045 0.00895633 0.0020311 -0.00860083 0.00459394 0.0012686 0.00408748 0.00846102 -8.17196e-05 -0.00414219 -0.00667524 -0.00835416
internal_weight=0 61152.7 62960.9 43471.6 34632.3 41512.9 17681.1 21448 33911.6 36853.8 36636.6 13414.1 21221.2 4659.12 23203.3 9871.39 19573 14983.4 3251.55 22791.3 4037.44 1527.81 1107.67 13845.4 11731.9 5725.61 6006.24 4099.29 4478.75 10708.3
internal_count=399915 176832 223083 126971 102823 133555 49861 89528 100222 120282 119559 37425 88699 13273 70866 27395 58308 44991 9565 78505 13608 5021 3753 41054 35426 17420 18006 12299 12758 29356
is_linear=0
shrinkage=0.05


Tree=52
num_leaves=31
num_cat=0
split_feature=122 233 226 227 234 14 233 234 227 234 232 160 230 227 232 233 234 227 3 233 230 224 232 227 226 230 230 225 232 231
split_gain=2876.95 1111.3 942.506 829.804 855.274 821.16 520.499 413.84 399.051 381.73 623.773 378.267 363.131 340.89 316.809 447.661 347.4 331.739 338.29 299.914 298.916 341.997 291.208 390.403 332.402 279.012 273.886 365.846 255.104 314.099
threshold=0.040181182324886329 -0.01175938034430146 -0.0047057049814611665 0.15454842895269397 0.012814752757549288 0.1544056981801987 -0.006994677707552909 0.014197493903338911 0.20794968307018283 -0.031190510839223858 -1.7525333166122434 3.3212301731109624 1.5000000000000002 0.23063293099403384 0.086195968091487898 -0.043964074924588196 -0.010293399915099142 0.013518193271011116 757994.15625000012 -0.01240761950612068 9.5000000000000018 4.5000000000000009 0.39682576060295111 0.14385998249053958 0.010562879499047996 2.5000000000000004 9.5000000000000018 0.011111198458820583 -1.1373609304428098 1.0998837351799013
decision_type=2 2 2 2 2 2 2 2 2 2 2 2 2 2 2 2 2 2 2 2 2 2 2 2 2 2 2 2 2 2
left_child=1 2 14 11 -5 6 9 26 -8 12 25 -3 -2 22 15 16 -1 19 -19 -17 -12 -22 -7 -24 -25 -11 27 -4 29 -13
right_child=5 3 7 4 -6 13 8 -9 -10 10 20 28 -14 -15 -16 17 -18 18 -20 -21 21 -23 23 24 -26 -27 -28 -29 -30 -31
leaf_value=0.0072480768631796831 -0.023545630624855735 -0.028608918082363724 -0.011297296129663622 -0.026874293128039968 0.016828731474815794 0.030004952549333774 -0.0058290511074084997 -0.032886400288865657 0.042113825990960696 0.010753605654249244 0.003378526792601852 0.032610613450670754 0.0096494609580695685 0.042329337624000395 -0.022329118304383534 -0.016445010025361695 0.054715513444388936 0.078826044568501202 -0.01404179820346619 0.032016769277728008 0.012429336275236801 0.07900357461192159 -0.0017965254886050258 0.001232082033761228 0.029235873995598002 0.052270200770832977 0.05740124920286567 0.03371419084145795 -0.019977453651160396 -0.009689842167688879
leaf_weight=2306.01595954597 1199.1728710830212 8617.5943012163043 611.25241462886333 1692.0653161257505 3308.3463113158941 3215.5887429565191 9929.2829706668854 284.13785970956087 453.86981008946896 545.2177182212472 4023.4027177616954 512.90006853640079 2632.3747401610017 1541.9257414638996 2253.111103400588 4613.3525212705135 462.82120388001204 206.02777621895075 187.12666959315538 342.9908801317215 541.304288610816 299.72123011946678 3080.0257578492165 1516.290694847703 3518.7990466505289 1570.0590366348624 710.11100449413061 1726.5470204874873 7144.5009515210986 3039.6752929538488
leaf_count=13773 6051 81017 3440 11583 17072 10175 51155 1819 1761 2028 19145 2426 11044 4618 14283 31326 1677 751 893 1607 2491 854 11143 5400 11460 4984 2144 7544 46928 19323
internal_value=0 -0.00969576 0.00169124 -0.0161132 0.00204027 0.0103119 0.00426208 0.0248258 -0.00373337 0.0119409 0.018902 -0.020813 -0.000739723 0.0202726 -0.00574122 -0.00113752 0.0151824 -0.00958453 0.0346245 -0.0130913 0.00904531 0.0361548 0.0172711 0.0122253 0.0208027 0.0415692 0.0302059 0.0219453 -0.0145327 -0.00358275
internal_weight=0 38018.6 13703.5 24315.1 5000.41 34067 21194.4 3332.05 10383.2 10811.3 6979.7 19314.7 3831.55 12872.6 10371.4 8118.34 2768.84 5349.5 393.154 4956.34 4864.43 841.026 11330.7 8115.12 5035.09 2115.28 3047.91 2337.8 10697.1 3552.58
internal_count=399915 257606 79257 178349 28655 142309 99513 14947 52916 46597 29502 149694 17095 42796 64310 50027 15450 34577 1644 32933 22490 3345 38178 28003 16860 7012 13128 10984 68677 21749
is_linear=0
shrinkage=0.05


Tree=53
num_leaves=31
num_cat=0
split_feature=7 29 231 228 225 226 17 226 230 232 227 225 225 225 231 227 41 14 225 225 227 227 18 233 231 225 36 228 225 190
split_gain=1420.28 1095.31 274.606 317.024 368.09 657.74 330.44 276.655 363.526 266.633 582.693 233.774 211.064 299.199 208.459 207.073 204.008 191.663 247.348 187.864 316.893 260.24 186.096 179.101 177.459 146.084 134.581 129.065 179.647 127.115
threshold=1.0000000180025095e-35 0.034185260534286506 1.7051149606704714 34.72050857543946 -0.00040011579403653735 -0.024524973705410954 -0.072038047015666948 -0.047540908679366105 1.5000000000000002 -0.63058495521545399 -0.028905277140438553 -0.016739149577915665 0.012501493562012913 0.021300354041159156 1.8432740569114687 -0.0096919736824929697 0.020517877303063873 0.066814213991165175 0.11845536530017854 -0.014302461873739956 -0.076281689107418046 0.146713562309742 0.24612999707460406 0.038754772394895561 4.9076659679412851 0.0044434329029172668 -99.993717193603501 37.62028884887696 0.0057607702910900125 3.5000000480067688e-06
decision_type=2 2 2 2 2 2 2 2 2 2 2 2 2 2 2 2 2 2 2 2 2 2 2 2 2 2 2 2 2 2
left_child=1 9 11 7 5 6 -5 8 26 -1 25 -3 15 -14 -7 -9 -12 27 -19 21 -21 22 -16 -13 -10 -11 -4 28 -6 -17
right_child=-2 2 3 4 17 14 -8 12 24 10 16 23 13 -15 19 29 -18 18 -20 20 -22 -23 -24 -25 -26 -27 -28 -29 -30 -31
leaf_value=-0.016550327992363664 0.041316908153810956 0.0076254805357738823 -0.011945644074717703 0.057688592364988522 0.060838538500384988 0.027132516278001752 0.022244184121220777 -0.011892640815334157 0.019260030805242318 -0.0051001126765028992 -0.013976966297634081 -0.0098130221225641075 0.072287897507117088 -0.0018520094322536662 0.0040125234300268531 0.0032847767893511011 -0.0024613289963912417 0.0088761310781191646 -0.022229530510032642 0.063195748908184135 -0.0035109143538583458 -0.0064389226353219267 0.032283883832546843 0.012095436463416535 -0.0084036941502706637 0.060308132719074203 0.035515242179809767 -0.0033426508908276109 0.0052986370554626468 0.04790627877758466
leaf_weight=8500.6888949796557 2082.8696774244308 3516.3820058107376 170.46306237578392 1035.3748084902763 181.52321165800095 1234.1185113340616 1802.0166501402855 7373.5546035468578 779.32632221281528 107.91728623211384 6670.2597679719329 8594.7900857925415 195.16942104697227 449.47235190868378 889.89919649064541 710.14245404303074 9083.4842622876167 13031.877618923783 672.05858570337296 184.78861010074615 4874.1967101693153 1112.4137156456709 1682.8050902336836 1046.4323995560408 2263.3997874110937 408.47945262491703 1206.9055168777704 9581.2079019099474 735.63671870529652 205.87652224302292
leaf_count=51915 6078 13290 629 3712 544 4349 6474 31965 2755 565 42783 37717 603 1905 3365 2806 48610 46182 3111 694 19082 4146 5185 3931 9576 1238 3531 39551 2858 765
internal_value=0 -0.000455475 0.00302179 0.00470186 0.00708432 0.013936 0.035178 -0.00190227 0.00832927 -0.00937362 -0.005624 -0.00341017 -0.0069642 0.0205943 0.00789571 -0.0091073 -0.00733714 0.0034562 0.00735067 0.00518069 -0.00107433 0.0137677 0.0225048 -0.00743514 -0.00131825 0.046639 0.0296415 -0.00162741 0.016291 0.0133135
internal_weight=0 88300.7 63529.8 50372.2 37017.9 12815.6 2837.39 13354.3 4420.09 24770.8 16270.1 13157.6 8934.22 644.642 9978.22 8289.57 15753.7 24202.3 13703.9 8744.1 5058.99 3685.12 2572.7 9641.22 3042.73 516.397 1377.37 10498.4 917.16 916.019
internal_count=399915 393837 248726 193788 139253 47007 10186 54535 16491 145111 93196 54938 38044 2508 36821 35536 91393 92246 49293 32472 19776 12696 8550 41648 12331 1803 4160 42953 3402 3571
is_linear=0
shrinkage=0.05


Tree=54
num_leaves=31
num_cat=0
split_feature=122 14 29 29 229 187 117 225 29 122 230 29 6 225 229 29 36 29 133 233 233 230 233 226 225 133 16 229 226 233
split_gain=4058.72 1410.33 973.46 588.837 398.138 275.943 254.776 238.286 206.882 202.097 187.669 165.174 160.881 135.083 126.726 122.036 111.609 100.385 109.127 90.3781 96.5554 96.8546 80.9317 216.103 97.7045 80.0007 78.411 78.1607 70.8101 291.665
threshold=0.032527970150113113 0.16103877872228625 0.0299665741622448 0.0559010747820139 1.8537479043006899 -15.516499996185301 1.0000000180025095e-35 0.048409214243292815 0.042546687647700317 0.059156866744160659 6.5000000000000009 0.067905317991971983 2.2640500068664555 0.051874106749892242 1.5005524158477785 0.022018701769411567 -1.0000000180025095e-35 0.078858997672796263 0.61178150773048412 -0.036969205364584916 -0.053648915141820901 9.5000000000000018 -0.013892435934394596 -0.0047057049814611665 0.0054039249662309894 0.59671455621719371 -0.019379178062081334 0.8157344162464143 -0.02938740327954292 0.00055965055798878904
decision_type=2 2 2 2 2 2 2 2 2 2 2 2 2 2 2 2 2 2 2 2 2 2 2 2 2 2 2 2 2 2
left_child=2 3 7 4 9 -3 8 15 13 12 -6 -7 19 22 17 -1 -11 18 -5 20 -2 -22 23 24 -4 -10 -14 -25 29 -24
right_child=1 5 6 14 10 11 -8 -9 25 16 -12 -13 26 -15 -16 -17 -18 -19 -20 -21 21 -23 28 27 -26 -27 -28 -29 -30 -31
leaf_value=0.025166361378236041 0.0074229212640397587 -0.033336570429575975 0.0041007227662953373 -0.0078174426674871567 -0.039110339963562044 -0.014296650470876521 -0.050629173841771118 -0.01432763570350931 0.0022399311712343454 -0.0062238240653790782 0.0054791807710973719 -0.027213201672881215 0.0033931195788460505 -0.021700508633267883 -0.03369398627271427 0.016762026368574569 -0.033892227083856891 -0.022557605896061438 -0.02092002520749095 0.0075432325082775836 -0.0071834214704740162 -0.05641577328795614 0.019877345289187741 -0.042240542673040601 0.018883735334050283 -0.007221212617283982 -0.0042694580173778659 -0.0086806093034256619 0.012182073425096748 -0.013298192921251463
leaf_weight=6421.5779217928648 1417.0386645197868 3627.2092756927013 3670.5416784584522 8334.7053834795952 986.8457091152668 9378.6578528881073 205.77985990047455 534.34850364923477 10009.932111412287 7020.7245054095984 310.13582581281662 3362.443301230669 4817.8419768512249 374.1030445098877 733.92308875918388 13194.234115988016 384.43697321414948 1999.7664912045002 1963.4973743259907 11065.430637404323 1545.7394212335348 106.80092751979828 1316.8965037614107 203.64032733440399 1607.0750566273928 2876.3605987429619 10873.962818965316 1171.9923508167267 12550.111331477761 1333.2232592254877
leaf_count=29882 4276 11184 12563 22766 3438 25652 591 1719 29480 19667 896 9445 14494 1153 2133 54570 1051 5432 5311 35231 4767 297 4762 608 5612 8295 33007 3680 43958 4443
internal_value=0 -0.00838252 0.00984653 -0.00432329 -0.00121575 -0.0211693 0.00484352 0.0186159 0.00516861 -0.000267105 -0.028448 -0.0177054 0.0015684 0.00809081 -0.0135108 0.0195133 -0.00766022 -0.0123063 -0.0103156 0.00543747 -0.00215352 -0.0103652 0.00860079 0.00400165 0.00860226 0.000128101 -0.00191682 -0.0136486 0.0106139 0.00318738
internal_weight=0 67929.2 55469.8 51560.8 38529 16368.3 35319.7 20150.2 35113.9 37232 1296.98 12741.1 29826.8 22227.6 13031.9 19615.8 7405.16 12298 10298.2 14135 3069.58 1652.54 21853.5 6653.25 5277.62 12886.3 15691.8 1375.63 15200.2 2650.12
internal_count=400363 199047 201316 152766 117124 46281 115145 86171 114554 112790 4334 35097 92072 76779 35642 84452 20718 33509 28077 44571 9340 5064 75626 22463 18175 37775 47501 4288 53163 9205
is_linear=0
shrinkage=0.05


Tree=55
num_leaves=31
num_cat=0
split_feature=160 15 42 232 42 234 230 232 230 234 228 229 229 229 232 234 226 225 15 232 228 225 226 229 229 225 229 232 165 225
split_gain=2676.56 968.66 602.961 600.518 484.378 381.2 467.541 456.906 462.361 900.022 379.634 468.42 410.519 377.527 351.081 587.154 393.685 331.347 329.79 325.843 250.451 295.496 245.906 287.714 310.325 299.277 329.161 266.417 236.654 236.213
threshold=3.8250120878219609 0.34350650012493139 1.7011006474494936 -2.8103680610656734 3.3917109966278081 -0.003978683613240718 2.5000000000000004 -1.6804370880126951 9.5000000000000018 -0.010293399915099142 22.164649009704593 0.9569443166255952 1.0185583233833315 1.0034433007240298 0.24266439676284793 0.053421318531036384 0.13519021123647693 -0.016739149577915665 0.094121661037206664 -1.7525333166122434 73.035350799560561 -0.011521907057613133 -0.055162630975246423 0.84628197550773632 0.82306972146034252 -0.01129723899066448 0.97354578971862804 -0.66903001070022572 188.68849945068362 -0.04725131765007972
decision_type=2 2 2 2 2 2 2 2 2 2 2 2 2 2 2 2 2 2 2 2 2 2 2 2 2 2 2 2 2 2
left_child=4 2 3 29 5 6 -1 19 -9 -10 11 -5 13 14 20 -16 -17 -14 -7 -8 21 -12 -23 24 -24 -25 27 -27 -19 -2
right_child=1 -3 -4 10 -6 18 7 8 9 -11 12 -13 17 -15 15 16 -18 28 -20 -21 -22 22 23 25 -26 26 -28 -29 -30 -31
leaf_value=-0.020108489915204177 -0.010939852543361434 0.022821484106260101 0.019260527445037347 -0.011464446441833635 0.024134574396777728 -0.023081554419888212 0.022170498674021339 -0.017783938134148136 -0.022875831785043002 0.056582641207154519 -0.0043520985307453205 0.050331581175387378 -0.032565993493358786 0.037708470073649664 -0.011039648743685092 0.077657879214690195 0.0082419683720840794 -0.012840757422075195 -0.0059084607064311626 0.12574964825139487 -0.028281858423189383 -0.025721553477540317 0.019834438569166873 0.067789782669968532 0.060650566672467154 0.0082829228999402732 0.040999907252539831 -0.021207997557972466 0.0039740349374626513 0.050888964382231873
leaf_weight=3615.9326085224748 190.54552209377289 8014.3597993403673 5353.0896741449833 499.35161735117435 842.56162992119789 12092.789428494871 1262.5044899657369 2608.1721844673157 699.19132082909346 726.86318835616112 3109.3218464776874 794.68192918598652 1345.482023075223 749.49907645583153 7334.5514564663172 306.07424637675285 613.99521513283253 5061.3189674019814 3636.2702311500907 80.786865159869194 477.09488782286644 374.55453327298164 2103.285197891295 204.15362247824669 598.11378163099289 3068.3198898732662 585.71401182562113 1020.5302879810333 3567.4330939128995 816.06568172574043
leaf_count=28256 873 25017 20069 2764 3318 104222 6515 19417 5327 2208 15478 2261 7488 3190 37555 1101 2792 27141 24083 566 2859 2133 9493 561 2737 14831 3018 5620 17204 2266
internal_value=0 0.00701854 0.00370076 0.00116289 -0.0131461 -0.0144167 -0.00620585 0.00314252 -0.00526751 0.0176243 -4.01693e-05 0.0264853 -0.00116486 0.00287562 0.00155679 -0.00631662 0.0313342 -0.00948755 -0.0191114 0.0283999 0.00718815 0.00871767 0.0138264 0.0157806 0.0288715 0.00853196 0.00594397 0.000922326 -0.00588892 0.0391851
internal_weight=0 46187.5 38173.2 32820.1 25565.1 24722.5 8993.45 5377.52 4034.23 1426.05 31813.5 1294.03 30519.4 20545.2 19795.7 8254.62 920.069 9974.23 15729.1 1343.29 11541.1 11064 7954.67 7580.12 2701.4 4878.72 4674.56 4088.85 8628.75 1006.61
internal_count=400363 206451 181434 161365 193912 190594 62289 34033 26952 7535 158226 5025 153201 101368 98178 41448 3893 51833 128305 7081 56730 53871 38393 36260 12230 24030 23469 20451 44345 3139
is_linear=0
shrinkage=0.05


Tree=56
num_leaves=31
num_cat=0
split_feature=7 160 234 226 226 160 18 227 231 230 233 227 232 229 232 234 230 232 229 234 231 150 226 226 232 234 234 226 24 232
split_gain=1297.33 969.526 348.898 482.86 356.41 259.341 200.185 199.731 183.402 178.657 165.45 194.758 201.908 156.486 156.576 276.244 204.53 174.259 161.773 175.982 218.559 160.843 151.771 147.79 139.055 133.002 144.844 123.374 122.356 116.387
threshold=1.0000000180025095e-35 3.942053079605103 0.014099156949669124 -0.023411664180457589 -0.036604972556233399 2.7980513572692876 0.045683007687330253 0.15454842895269397 1.7051149606704714 12.500000000000002 -0.012939637526869772 0.19604091346263888 -0.77543962001800526 1.6679078340530398 -1.4672073721885679 -0.046986028552055352 6.5000000000000009 -1.5185908079147337 0.70993450284004223 -0.033350853249430649 1.935372591018677 1.0000000180025095e-35 0.016398402862250808 -0.013697971124202011 -1.4672073721885679 0.072101317346096053 0.06970811635255815 0.22355348616838458 26.794157028198246 -1.4327689409255979
decision_type=2 2 2 2 2 2 2 2 2 2 2 2 2 2 2 2 2 2 2 2 2 2 2 2 2 2 2 2 2 2
left_child=1 2 5 4 -4 -1 -5 -8 10 24 -3 12 -12 14 15 -10 -17 -18 -16 28 22 -22 -21 -11 -7 26 -23 -2 -20 -26
right_child=27 8 3 6 -6 9 7 -9 13 23 11 -13 -14 -15 18 16 17 -19 19 20 21 25 -24 -25 29 -27 -28 -29 -30 -31
leaf_value=-0.018581836616575472 0.046017914044923336 -0.010672199833072571 -0.004142183520317322 -0.010883783479685515 0.058145414662730835 -0.017368381366055969 0.006142706349925032 -0.012123070566268391 0.04523414798306525 0.031499271437340728 -0.0092558806083229122 -0.013020026410328629 0.012827618349677286 -0.011560315337169232 0.024952654099613867 -0.0060626694726193531 0.030916967097844184 -0.014503946026220398 0.034654707152446625 0.044318556745001229 -0.00061701863591433995 0.0080363392844199806 0.012891056135174765 -0.002783919475922025 0.034284387469365463 -0.0087439525474420059 0.04341561111942014 0.015642018724196068 0.0089263395277030168 -0.0065114138526126721
leaf_weight=6968.2786347419024 1623.6348567306995 3587.3636794388294 378.6719965338707 5046.7945468723774 583.62188440561295 3444.6238096505404 6249.0026959180832 1967.9251806288958 315.79398272931576 515.88620240986347 1400.0442247539759 1555.7956694513559 3970.1423851549625 1308.2948466539383 1280.0260517001152 6070.2353340834379 740.93167687952518 295.33762685954571 922.43236753344536 562.28705687820911 9240.4293695241213 16325.559428587556 1212.6403488814831 804.71305595338345 177.71618603169918 1174.9089876711369 294.51596426963806 420.94105088710785 925.99780775606632 10759.118002340198
leaf_count=48024 4882 16168 1954 29257 1724 18795 31196 9206 891 2349 5797 6392 14202 5454 4205 25003 2652 1131 3026 1770 35579 57014 4142 3863 854 4452 827 1178 3259 55117
internal_value=0 -0.00052402 -0.00670252 -0.000564692 0.0336346 -0.0105541 -0.00304588 0.00176812 0.00392991 -0.00699156 -0.00195682 0.00255737 0.0070703 0.00545167 0.00601712 -0.000524549 -0.00255794 0.017972 0.00753735 0.00681025 0.00585073 0.00473488 0.0228471 0.0106087 -0.00860773 0.00751397 0.00866328 0.0397641 0.0217657 -0.00584851
internal_weight=0 88079.1 36896.4 14226 962.294 22670.3 13263.7 8216.93 51182.7 15702.1 10513.3 6925.98 5370.19 40669.4 39361.1 7422.3 7106.5 1036.27 31938.8 30658.8 28810.3 27035.4 1774.93 1320.6 14381.5 17795 16620.1 2044.58 1848.43 10936.8
internal_count=400363 394303 202339 73337 3678 129002 69659 40402 191964 80978 42559 26391 19999 149405 143951 29677 28786 3783 114274 110069 103784 97872 5912 6212 74766 62293 57841 6060 6285 55971
is_linear=0
shrinkage=0.05


Tree=57
num_leaves=31
num_cat=0
split_feature=122 122 160 160 7 117 152 225 32 160 22 225 160 6 160 232 122 226 230 228 233 14 117 225 233 225 22 110 228 227
split_gain=3713.97 1211.13 931.43 567.899 403.328 248.701 227.143 222.013 218.634 214.26 188.386 135.08 131.588 130.103 129.777 127.349 117.664 95.5183 95.1717 99.7035 92.6358 88.7962 87.4169 85.2906 84.8978 87.4237 74.4767 72.1733 70.2759 81.8092
threshold=0.033270617946982391 0.07281759008765222 2.9966574907302861 5.0982520580291757 1.0000000180025095e-35 1.0000000180025095e-35 0.06393164768815042 0.048409214243292815 0.14142299443483355 5.0484418869018564 48.657150268554695 0.051874106749892242 6.7905318737030038 2.1655499935150151 2.2018702030181889 -1.9118109345436094 0.021569266915321354 0.23819749057292941 9.5000000000000018 24.623007774353031 -0.036969205364584916 0.27250355482101446 1.0000000180025095e-35 -0.01389159634709358 -0.0111924079246819 -0.04725131765007972 27.395999908447269 0.84212377667427074 72.852600097656264 0.14385998249053958
decision_type=2 2 2 2 2 2 2 2 2 2 2 2 2 2 2 2 2 2 2 2 2 2 2 2 2 2 2 2 2 2
left_child=2 3 7 4 6 9 13 14 12 11 15 16 26 20 -1 24 -4 21 23 -20 -2 28 -8 -18 25 -5 -3 -16 -12 -30
right_child=1 8 5 10 -6 -7 22 -9 -10 -11 17 -13 -14 -15 27 -17 18 -19 19 -21 -22 -23 -24 -25 -26 -27 -28 -29 29 -31
leaf_value=0.024686872099068176 -0.0021697933536751527 -0.039291282509510875 0.011569718025471489 -0.0044606107652032595 -0.036545443183804989 -0.0504275259850996 -0.0076229103605232112 -0.013382039973990357 -0.030476407796696567 -0.0038530070532366819 -0.016310737637916347 -0.019894560163390848 -0.026504345301640697 -0.0010776706190241913 0.017427676925213478 -0.0031119193068984297 0.013503114924951556 0.011228892849666494 -0.05245306694496215 -0.0011661039997420629 0.0084666593313337864 -0.025968070703325602 -0.04459001665172091 0.0046173798359104108 0.010885327046119241 -0.03219853296772382 -0.012402949578652525 0.0068191911640467897 0.0027727866095344812 -0.029636129848973458
leaf_weight=6220.1563931703568 2637.3841257542372 267.88194452226162 9213.4849186688662 411.11126899719238 765.54379332065582 205.40863457322121 5736.6022909283638 553.49775329232216 4453.8127470463514 6051.9652809798717 7248.7004698514938 479.22381357848644 2670.4548747241497 13718.069188654423 11331.796500459313 7027.9969360530376 3351.1987899243832 315.63932207226753 97.347497433423996 3568.6181053370237 9145.1191907674074 2070.9556133151054 164.50665500760078 13909.720950439572 205.75367531180382 919.23624092340469 6666.1146154850721 1867.5053722858429 1009.6456621587276 241.24847677350044
leaf_count=29707 8052 749 31955 1144 2987 598 16294 1802 13726 17194 19669 1468 7494 41769 47923 19353 11400 856 285 11576 29203 5843 478 46087 581 2573 18328 7596 2748 653
internal_value=0 -0.00830928 0.00914634 -0.0047658 -0.000687645 0.00443631 0.000186535 0.0178427 -0.0213198 0.00474361 -0.0115103 0.00644274 -0.0170737 0.0022322 0.0187327 -0.00596242 0.00686149 -0.0158748 0.0047886 -0.002528 0.00608581 -0.0166841 -0.00865345 0.00634254 -0.0190041 -0.0236268 -0.0134417 0.0159267 -0.0144221 -0.00347762
internal_weight=0 65675.8 56849.9 51617.5 32167.2 36877 31401.7 19973 14058.3 36671.6 19450.3 30619.6 9604.45 25500.6 19419.5 8564.1 30140.4 10886.2 20926.9 3665.97 11782.5 10570.6 5901.11 17260.9 1536.1 1330.35 6934 13199.3 8499.59 1250.89
internal_count=400091 192500 207591 152203 98783 120563 95796 87028 40297 119965 53420 102771 26571 79024 85226 23651 101303 29769 69348 11861 37255 28913 16772 57487 4298 3717 19077 55519 23070 3401
is_linear=0
shrinkage=0.05


Tree=58
num_leaves=31
num_cat=0
split_feature=29 168 233 231 227 226 225 29 232 233 227 227 232 234 232 227 232 234 227 232 227 227 226 226 233 226 36 229 18 42
split_gain=2437.99 916.286 672.787 663.886 602.716 540.11 470.998 469.123 449.317 432.499 370.181 455.461 334.363 265.774 265.744 366.621 319.09 261.422 253.278 221.605 277.372 352.556 278.01 424.954 288.59 235.137 210.24 206.746 202.079 201.195
threshold=0.03825012035667897 1.5016500353813174 -0.013996877707540987 1.7051149606704714 0.1475668400526047 -0.0047057049814611665 -0.01389159634709358 0.061928194016218192 1.9202696681022646 0.030394936911761764 0.0023892372846603398 -0.021259790286421772 -0.91212284564971913 0.03420557081699372 -1.6804370880126951 -0.024494701065123078 -1.7525333166122434 0.072101317346096053 0.23590777069330218 -1.5185908079147337 -0.036407448351383202 -0.032608650624752038 -0.018953709863126274 -0.039080714806914323 -0.01240761950612068 -0.026198688894510266 -99.993717193603501 1.0789459943771365 0.43322966992855078 3.3917109966278081
decision_type=2 2 2 2 2 2 2 2 2 2 2 2 2 2 2 2 2 2 2 2 2 2 2 2 2 2 2 2 2 2
left_child=2 3 5 6 14 -1 13 17 -6 10 11 27 -13 -2 15 -4 -17 19 -19 20 26 25 23 24 -23 -22 -5 -8 -21 -3
right_child=1 29 4 7 8 -7 9 -9 -10 -11 -12 12 -14 -15 -16 16 -18 18 -20 28 21 22 -24 -25 -26 -27 -28 -29 -30 -31
leaf_value=-0.0082524927339007598 -0.011159011946205806 0.017984159695681044 -0.028458919339755997 0.050233532990089105 -0.012150029633945847 0.022313016508329592 0.049458916907454298 0.010138852592967063 0.024467028263760297 -0.014980386204837673 0.040554844106615626 0.043478264913148379 -0.0041273532707191566 0.031092000855115116 -0.025581179249067654 0.0097958945385392421 0.11081827157882679 0.0083146156632181358 0.073761939964869724 -0.01204977334274791 0.067203551450397539 -0.00078456997735520105 0.072798749769683965 -0.02130399532080678 0.04978699046303918 -0.016091480425170984 -0.019236671841541444 0.0084841100787982088 0.00079848890950620166 0.038165776912496653
leaf_weight=5541.2892743870616 2162.7395103126764 6691.7367665320635 702.58176697790623 118.54588781297207 2753.6505928486586 1955.2904326617718 1089.5907981693745 7420.9636874943972 1204.1112117022276 757.23883919417858 2406.729121491313 440.87867170572281 2257.4211631938815 449.57118724286556 12145.624462723732 632.25800229609013 89.193024583160877 720.82785674929619 185.96433380246162 11195.865208141506 417.20110063254833 621.48010946810246 142.15286791324615 1110.6016358435154 516.59939706325531 106.31882593035698 1339.4706287235022 429.08828477561474 4211.591574408114 1514.4199570715427
leaf_count=38459 10116 22991 6223 372 20605 9565 3593 28929 5184 3850 7595 1415 10495 1692 108104 4731 563 3024 572 64716 1619 2806 474 6143 1881 601 7518 1828 19879 4548
internal_value=0 0.00655348 -0.0128162 0.00328937 -0.0181779 -0.000280264 0.0143584 -0.000646052 -0.00100964 0.0208161 0.0249085 0.0159787 0.00365099 -0.00388773 -0.0231853 -0.00275062 0.0222853 -0.00451495 0.0217365 -0.00571843 0.0042163 0.0131237 0.00498597 0.000699113 0.022171 0.0502876 -0.0135883 0.0378819 -0.00853773 0.0217086
internal_weight=0 46307 25024 38100.8 17527.4 7496.58 9993.26 28107.6 3957.76 7380.95 6623.71 4216.98 2698.3 2612.31 13569.7 1424.03 721.451 20686.6 906.792 19779.8 4372.37 2914.35 2390.83 2248.68 1138.08 523.52 1458.02 1518.68 15407.5 8206.16
internal_count=400091 206657 193434 179118 145410 48024 40584 138534 25789 28776 24926 17331 11910 11808 119621 11517 5294 109605 3596 106009 21414 13524 11304 10830 4687 2220 7890 5421 84595 27539
is_linear=0
shrinkage=0.05


Tree=59
num_leaves=31
num_cat=0
split_feature=7 122 29 29 232 232 227 232 226 231 228 234 228 230 234 228 226 227 226 234 227 232 227 228 230 35 227 12 228 226
split_gain=1166.76 886.163 236.74 217.292 178.376 172.075 144.575 141.552 130.959 122.321 121.696 120.754 258.473 106.619 240.566 276.415 221.031 200.923 241.517 151.375 182.855 170.733 105.614 140.538 115.836 102.939 100.928 95.2374 100.524 102.201
threshold=1.0000000180025095e-35 0.026549740694463256 0.025207437574863437 0.042709538713097579 -1.5185908079147337 -1.2383719086647031 0.22302427142858508 -2.8103680610656734 0.22355348616838458 1.6195982098579409 19.634155273437504 0.013086438644677402 38.664297103881843 1.5000000000000002 -0.035076532512903207 58.376342773437507 0.039182791486382491 0.18537236005067828 -0.010998837649822233 0.0058956164866685876 0.146713562309742 -1.1373609304428098 -0.034230951219797127 39.599279403686531 13.500000000000002 282.43899536132818 0.16889240592718127 -0.013192052952945231 69.219707489013686 0.050057210028171546
decision_type=2 2 2 2 2 2 2 2 2 2 2 2 2 2 2 2 2 2 2 2 2 2 2 2 2 2 2 2 2 2
left_child=1 2 11 5 -4 10 -7 -5 -2 -6 -3 -1 -13 14 -9 -16 -17 19 -19 22 21 -21 23 -15 26 -10 -24 28 29 -23
right_child=8 3 4 7 9 6 -8 13 25 -11 -12 12 -14 17 15 16 -18 18 -20 20 -22 27 24 -25 -26 -27 -28 -29 -30 -31
leaf_value=-0.022942371555893324 0.044861200909442567 0.023286511164353017 -0.017081528509743153 -0.018294093297647293 -0.012259986084289701 0.0026883951178633299 -0.014992618914617603 0.030575733889979057 -0.003959513867932655 -0.0013353998715998556 -0.010246193150110432 0.059547531550108113 -0.012347577987793542 -0.00038401769896908325 0.0005223839729984834 0.0281559170813897 0.0035497129956841194 0.013803458046286056 -0.018725070872542146 -0.0048730229283165463 -0.0017920952095897781 0.019604861767934145 -0.0018323684202387258 0.027556259914651056 0.033766276343604608 0.047116391094526672 0.02050590591276644 0.012045146393541923 -0.00031968571004811335 0.042822978437339482
leaf_weight=3464.0720516964793 1574.4677487015724 284.83777384459972 2830.3089143931866 636.29431243240833 3188.0300237387419 16354.547011032701 1244.1110935360193 1218.4446046203375 282.90718379616737 13055.053290516138 5401.4065765738487 131.14732576906681 2672.9083856493235 944.30545166134834 6161.0560852140188 2158.9585548490286 1580.9693271964788 811.88925875723362 1920.3498827666044 1133.9698511064053 2692.2888003587723 1219.8712401837111 10911.499314308167 859.88960544764996 247.65655110776424 151.46163538098335 530.22495833039284 4945.7646037340164 353.02399916946888 775.1215106844902
leaf_count=26318 4840 1222 15902 2948 16987 74962 5636 3554 786 65121 27620 559 18867 3588 22208 6724 5375 2930 8137 4367 9981 4183 41726 2946 801 424 1701 16161 1167 2350
internal_value=0 -0.000383658 -0.00826838 0.00281913 -0.00549797 -0.00100477 0.00143846 0.00509626 0.0381557 -0.00347957 -0.00856646 -0.0166985 -0.008985 0.00548318 0.00961135 0.00703141 0.0177542 0.00380458 -0.00905917 0.00523252 0.00955188 0.0131758 0.00167294 0.0129325 -6.49054e-05 0.0138503 -0.000797183 0.0159818 0.0242739 0.0286259
internal_weight=0 87728 25341.5 62386.5 19073.4 23284.9 17598.7 39101.6 2008.84 16243.1 5686.24 6268.13 2804.06 38465.3 11119.4 9900.98 3739.93 27345.9 2732.24 24613.6 11120 8427.75 13493.6 1804.2 11689.4 434.369 11441.7 7293.78 2348.02 1994.99
internal_count=400091 394041 143754 250287 98010 109440 80598 140847 6050 82108 28842 45744 19426 137899 37861 34307 12099 100038 11067 88971 38209 28228 50762 6534 44228 1210 43427 23861 7700 6533
is_linear=0
shrinkage=0.05


Tree=60
num_leaves=31
num_cat=0
split_feature=122 29 41 15 229 29 29 12 29 229 232 124 110 232 227 12 229 18 13 228 25 225 29 29 229 230 230 227 227 42
split_gain=3382.37 1411.59 661.656 417.639 343.266 337.891 220.17 217.997 189.115 151.257 139.326 121.624 114.681 108.646 503.7 105.533 104.134 102.107 101.742 98.7805 96.8191 83.3492 75.5519 74.9074 74.5052 72.7817 72.6244 99.2105 112.52 76.5991
threshold=0.045333726331591613 0.032106729224324233 0.090336732566356673 0.17381828278303149 1.8537479043006899 0.057658925652503974 0.023186326026916507 0.059152862057089813 0.05369223281741143 1.8537479043006899 -3.334617972373962 0.0097722928039729613 0.65001127123832714 -0.61112582683563221 -0.018215506337583062 0.12016621232032777 1.0679636597633364 0.01787523273378611 0.1830893084406853 20.885622978210453 34.419542312622077 0.0044434329029172668 0.05623902007937432 0.073331456631422057 1.0211160778999331 6.5000000000000009 9.5000000000000018 -0.017081287689507004 -0.028905277140438553 0.60687682032585155
decision_type=2 2 2 2 2 2 2 2 2 2 2 2 2 2 2 2 2 2 2 2 2 2 2 2 2 2 2 2 2 2
left_child=1 4 5 8 6 7 -1 19 9 10 -3 26 -7 -8 16 22 -15 -16 23 -2 -21 -18 -5 -4 -13 -11 29 28 -28 -12
right_child=2 3 18 15 -6 12 13 -9 -10 25 11 24 -14 14 17 -17 21 -19 -20 20 -22 -23 -24 -25 -26 -27 27 -29 -30 -31
leaf_value=0.022171680147365709 -0.023192559189348167 -0.033218696297779786 -0.018409312735684774 -0.0047885504191127522 -0.040832706310264658 -0.011910894636198974 0.017101336585578667 -0.014887829978770022 -0.0048225703934656914 -0.044154709641888439 0.012651107260609626 -0.0014884975709414082 -0.022460709294387038 -0.042262250785784328 0.018440788199583519 -0.041793852425331603 0.012891821799983137 0.008434723518326059 -0.033832051520481292 0.0032805105231993852 -0.0048405622138530105 -0.030634723269949704 -0.014554925676414952 -0.032451879066286819 0.006268763729974417 0.014988568083360191 -0.0025364491808716645 0.0065647050054805818 -0.037177068424992549 0.0060218240974482589
leaf_weight=8223.7082115411758 566.76308113336563 242.85282012820244 4382.3860492110252 6430.6160490959883 274.73337869346142 6198.4539311677217 7414.639301404357 4689.9779284149408 6753.6654840111732 234.47173537313938 6467.7245116680861 9364.8875808119774 4407.8013201504946 479.78609757125378 4233.9400356262922 234.00713780522346 222.9189735352993 6408.8049340099096 2359.6269636750221 5695.5887657999992 10319.913892239332 217.09780199825764 2861.3740139007568 1212.3955622017384 4623.5625282377005 66.8480324447155 1078.7679296731949 2568.5820219963789 299.50723487138748 13354.847118958831
leaf_count=39016 1587 684 12219 18317 1126 16956 30873 13648 18987 895 21149 29608 12397 1409 17595 687 871 25166 7661 16487 29665 696 7791 3492 14765 201 3413 8327 911 43891
internal_value=0 0.00553353 -0.0122241 0.000880715 0.0147766 -0.00900511 0.0153382 -0.00537029 0.00289178 0.00425203 0.00453182 0.00477463 -0.0162952 0.012377 0.00934742 -0.00863117 -0.026151 0.0124154 -0.0251247 -0.00267843 -0.00195247 -0.00858354 -0.00779601 -0.0214524 0.00107549 -0.0310337 0.00695159 0.000757804 -0.0100641 0.00818483
internal_weight=0 82057.3 39832.9 54581.7 27475.6 31878.5 27200.9 21272.2 45055.7 38302.1 38000.7 37757.9 10606.3 18977.2 11562.5 9526 919.803 10642.7 7954.41 16582.3 16015.5 440.017 9291.99 5594.78 13988.5 301.32 23769.4 3946.86 1378.28 19822.6
internal_count=400490 286378 114112 169626 116752 90740 115626 61387 142831 123844 122748 122064 29353 76610 45737 26795 2976 42761 23372 47739 46152 1567 26108 15711 44373 1096 77691 12651 4324 65040
is_linear=0
shrinkage=0.05


Tree=61
num_leaves=31
num_cat=0
split_feature=29 168 233 231 228 228 227 227 233 228 230 233 231 228 230 228 228 229 36 227 234 227 226 230 233 191 42 29 224 3
split_gain=2251.13 890.239 639.911 607.237 565.527 562.929 549.736 509.028 913.698 491.332 436.314 391.087 386.368 380.624 361.176 362.13 359.181 342.283 304.869 278.238 286.013 296.576 280.192 276.872 273.73 269.958 267.228 273.047 246.951 227.653
threshold=0.03709817677736283 0.91054999828338634 -0.01175938034430146 1.7051149606704714 29.883596420288089 42.342876434326179 0.1475668400526047 0.15454842895269397 0.066189184784889235 82.133041381835952 1.5000000000000002 -0.039505766704678529 0.47908110916614538 44.976861953735359 5.5000000000000009 70.859069824218764 26.965641021728519 0.77318638563156139 -99.993717193603501 0.22668402642011645 0.0023294708225876097 0.0023892372846603398 -0.010998837649822233 9.5000000000000018 0.00055965055798878904 0.045220037922263152 3.1767162084579472 0.057267626747488982 3.5000000000000004 665888.87500000012
decision_type=2 2 2 2 2 2 2 2 2 2 2 2 2 2 2 2 2 2 2 2 2 2 2 2 2 2 2 2 2 2
left_child=2 3 12 5 10 -2 -4 -6 25 -8 18 -12 23 -7 -10 -16 -13 -15 -5 20 21 -19 -21 -1 28 -9 27 -3 -18 -24
right_child=1 26 6 4 7 13 9 8 14 -11 11 16 -14 17 15 -17 24 19 -20 22 -22 -23 29 -25 -26 -27 -28 -29 -30 -31
leaf_value=0.001982862442132301 -0.023503334309088224 0.0076212512209988745 -0.024186500150653704 0.048491803463533753 -0.010342317111598859 0.044827609731184451 -0.013658579131392724 0.055770369689044696 0.047616082801011844 0.027673013483419759 0.039006271055373604 -0.0099925348749125703 -0.0051847980104368216 0.040670732683861531 -0.0069033478989842349 0.063215357194807809 0.041883973246777492 0.005020480935714916 -0.016854134663755915 -0.0074123418950467861 -0.010096492507757005 0.042618388209422486 0.060392195502894652 0.059668440850027198 0.076740772966154155 -0.019042128769144614 0.034158898466963079 0.023782860027999259 -0.018661445291849852 0.01217883624163175
leaf_weight=413.39399918168783 977.00681015849113 6520.4172772541642 11823.8787727952 202.30347093939781 15732.025576740503 1045.1387658566236 2456.4310203269124 128.05114457011223 1312.0558258295059 1016.6151347830892 1709.5067648291588 1280.9735849946737 6476.9729274883866 954.95546707510948 837.61316052824259 236.02046579122543 375.50086757540703 2344.4369101598859 1516.382526256144 398.73588001728058 2256.814569875598 675.6659256964922 638.80681589245796 418.68163937330246 240.91870194673538 2067.6540038585663 1959.0876485109329 4361.5481281280518 305.38983558118343 396.99597790837288
leaf_count=2146 5247 26087 109811 626 87408 3419 19021 435 4977 4075 5422 7116 44812 3391 4025 959 1212 10478 8501 1537 10836 2011 2064 1146 978 10153 5978 13689 1655 1275
internal_value=0 0.00587194 -0.0132344 0.00180429 -0.00218441 0.0124854 -0.0190494 -0.00607106 0.008596 -0.00156017 0.0118365 0.0210613 -0.00106444 0.0165215 0.0300176 0.00851108 0.00713487 0.0126627 -0.00916238 0.00867746 0.00336941 0.013432 0.028203 0.0310089 0.0309356 -0.0146791 0.0171593 0.0140989 0.0147284 0.0419133
internal_weight=0 48474 22606 35633 25944.4 9688.56 15296.9 20313.4 4581.39 3473.05 5630.98 3912.29 7309.05 8711.55 2385.69 1073.63 2202.78 7666.41 1718.69 6711.46 5276.92 3020.1 1434.54 832.076 921.809 2195.71 12841.1 10882 680.891 1035.8
internal_count=400490 219479 181011 173725 133467 40258 132907 107957 20549 23096 25510 16383 48104 35011 9961 4984 10961 31592 9127 28201 23325 12489 4876 3292 3845 10588 45754 39776 2867 3339
is_linear=0
shrinkage=0.05


Tree=62
num_leaves=31
num_cat=0
split_feature=41 234 227 225 230 231 230 229 227 228 226 225 228 234 226 233 230 228 226 226 13 160 117 160 225 168 160 230 228 152
split_gain=854.243 397.144 548.332 593.197 455.396 258.239 248.795 256.449 240.555 237.323 240.87 235.443 225.681 216.999 483.277 223.733 216.947 204.201 195.367 185.07 171.601 170.182 162.893 141.87 140.587 123.72 119.407 113.982 111.794 106.376
threshold=0.024642572738230232 0.014099156949669124 0.1456660404801369 0.037039635702967651 1.5000000000000002 4.5131709575653085 12.500000000000002 0.70993450284004223 0.19604091346263888 45.157526016235359 -0.036604972556233399 0.0037611918523907666 74.275436401367202 0.014099156949669124 -0.011009755544364451 0.019478814676404003 1.5000000000000002 39.999382019042976 -0.051524756476283066 0.071707285940647139 -0.0050377354491502038 2.7645040750503544 1.0000000180025095e-35 5.4936101436614999 -0.0223178481683135 -0.52715000510215748 4.4408347606658944 12.500000000000002 51.96806716918946 0.024214590899646286
decision_type=2 2 2 2 2 2 2 2 2 2 2 2 2 2 2 2 2 2 2 2 2 2 2 2 2 2 2 2 2 2
left_child=13 5 3 9 19 6 7 -2 22 10 -3 17 16 21 15 -15 -7 -8 -18 28 26 -1 -6 -20 -11 -19 -9 -23 -4 -16
right_child=1 2 4 -5 8 12 11 20 -10 24 -12 -13 -14 14 29 -17 18 25 23 -21 -22 27 -24 -25 -26 -27 -28 -29 -30 -31
leaf_value=-0.02004439334631971 0.017381909878351379 -0.0051150959478025136 -0.0092353186119966922 0.040458082467381182 -0.0058823915883431839 0.022023165467250319 -0.021235976710387971 -0.013378496266946384 -0.024517510305968656 0.038971178184268707 0.042271778723278315 -0.0030032478874598718 -0.017580456737599712 -0.0036051064457228842 -0.010203017282474037 0.055753001061315234 -0.0076410186601274703 0.052387694017232582 0.0041430341882151937 -0.0076857958230160481 -0.00014969410173424019 -0.0097685642495671174 0.029449173095326964 0.021517148645258315 0.0073297431421124638 0.020694047166592958 -0.0042798125521742707 0.010968805463235505 0.023470124581223224 0.0025055149953896374
leaf_weight=4470.7846329063177 1422.5489683970809 362.39983676373959 294.50388224422932 1850.1584626287222 3920.7028657197952 2462.2109047621489 199.16363917291164 6147.5226530879736 1851.2655107676983 361.25137911736965 1031.3290658593178 1339.352427624166 856.98807699978352 232.07096256315708 4543.3350804597139 502.44973818957806 2189.7002710923553 507.53271710127592 3387.1758405268192 801.53011800348759 12832.868815109134 8236.6276488825679 355.83228792250156 1799.0197012722492 12434.260903760791 782.90575425326824 8721.6194323301315 720.59674593806267 2316.5446510761976 2582.6086106598377
leaf_count=34087 5126 1606 1142 5938 15719 8111 883 32119 8346 1073 3301 5762 3326 1284 27286 1608 9337 1971 14414 3275 53814 43483 1086 5697 48808 2976 34539 3385 7500 13488
internal_value=0 0.0032578 0.00818347 0.0138294 -0.00130846 0.000303482 -0.00194745 -0.00332248 -0.00946058 0.0103572 0.0299502 0.0122088 0.00702854 -0.00821471 -0.00161676 0.0369989 0.0091722 0.0258865 0.00488231 0.0133299 -0.00438569 -0.012077 -0.0029426 0.0101699 0.00822307 0.0331592 -0.00804159 -0.00810027 0.0197812 -0.00559715
internal_weight=0 68228.4 25579.8 16039.4 9540.38 42648.6 31953.5 29124.6 6127.8 14189.2 1393.73 2828.95 10695.1 21288.5 7860.46 734.521 9838.11 1489.6 7375.9 3412.58 27702 13428 4276.54 5186.2 12795.5 1290.44 14869.1 8957.22 2611.05 7125.94
internal_count=400490 275869 97794 60726 37068 178075 137190 125598 25151 54788 4907 11592 40885 124621 43666 2892 37559 5830 29448 11917 120472 80955 16805 20111 49881 4947 66658 46868 8642 40774
is_linear=0
shrinkage=0.05


Tree=63
num_leaves=31
num_cat=0
split_feature=122 14 29 29 7 152 41 232 228 6 224 225 16 14 122 230 233 224 29 29 40 124 233 15 40 234 227 228 7 41
split_gain=3087.65 1190.33 689.577 531.241 436.19 270.802 231.85 187.752 194.085 192.968 169.004 162.87 152.489 132.041 130.23 111.452 285.423 277.225 108.689 91.0658 90.6323 86.2113 85.016 82.0782 81.5397 80.4464 70.7077 88.4682 68.2599 67.2368
threshold=0.030928233638405803 0.20258725434541705 0.0299665741622448 0.06051530875265599 1.0000000180025095e-35 0.069802179932594313 1.0000000180025095e-35 -3.334617972373962 20.885622978210453 1.9015499949455263 3.5000000000000004 0.051874106749892242 -0.016156679019331929 0.36282841861248022 0.023077363148331646 9.5000000000000018 -0.030141824856400486 4.5000000000000009 0.022018701769411567 0.034185260534286506 1.0000000180025095e-35 0.026951993815600876 -0.01175938034430146 0.10554754361510278 2.9204590320587163 0.0043092023115605125 0.13724447786808017 82.133041381835952 1.0000000180025095e-35 0.092609144747257247
decision_type=2 2 2 2 2 2 2 2 2 2 2 2 2 2 2 2 2 2 2 2 2 2 2 2 2 2 2 2 2 2
left_child=2 3 11 4 5 7 -4 -2 10 19 -9 15 -11 29 -8 18 17 -17 -1 -10 -14 -5 -22 28 -7 -24 -27 -28 -16 -3
right_child=1 13 6 21 -6 24 14 8 9 12 -12 -13 20 -15 23 16 -18 -19 -20 -21 22 -23 25 -25 -26 26 27 -29 -30 -31
leaf_value=0.026380772284412664 -0.034602132249825245 -0.015523677482826181 -0.04948320030741362 -0.011788815415189169 -0.034402244554215283 -0.0081283663267462322 0.0090032942724161732 0.0010879635817607322 0.012819980209505789 0.0038789578322592482 -0.034952908909290564 -0.011622901699005353 -0.055589158892760449 -0.029607485084002894 0.0047428920622367941 0.017878267121326726 0.015727208539733386 -0.055879253252130195 0.016924170968027917 0.0036562628755417849 -0.010104214661928859 -0.022723085309688598 0.0043067010175981734 -0.0032860007805169283 -0.024020324340447523 -0.001270063761644413 -0.0077671972459354742 -0.035684143309032849 -0.037785165679463509 -0.026340179759836553
leaf_weight=4409.3569819927216 379.66497460007668 6299.6798530817032 195.06832522153854 8280.9259777367115 1006.4237359315157 6057.7460907548666 13018.26943333447 606.87694108486176 3724.3077703118324 9433.8908196091652 700.98303255438805 481.51603429019451 85.002270594239235 3492.989540964365 13134.253965616226 223.21343478560448 3194.1198789179325 296.78345417976379 9773.0225242376328 9965.8920837938786 4057.1714552789927 2304.3453918248415 3786.2092279046774 4648.7443913221359 931.22952678799629 5739.1488927006721 2482.1997613459826 320.41916200518608 95.035443842411041 1861.1939401775599
leaf_count=22308 1112 17550 575 22728 4120 16999 44827 1823 13732 28212 2006 1574 240 10882 43718 994 15163 813 42658 29582 11926 6386 11560 14017 2628 17745 7286 919 370 5708
internal_value=0 -0.00685256 0.00939469 -0.0040064 -0.00182334 -0.00114408 0.00485609 0.000396844 0.000721714 0.00134769 -0.0182291 0.017073 -0.00118988 -0.0214725 0.00519916 0.017845 0.0101346 -0.0242182 0.0198643 0.00614918 -0.00409325 -0.0141691 -0.0038261 0.00242911 -0.0102459 -0.00175995 -0.00444904 -0.0109589 0.00443738 -0.0179905
internal_weight=0 71516.3 49469.4 59862.4 49277.2 48270.7 31091.4 41281.8 40902.1 39594.2 1307.86 18378 25904 11653.9 30896.3 17896.5 3714.12 519.997 14182.4 13690.2 16470.2 10585.3 16385.1 17878 6988.98 12328 8541.77 2802.62 13229.3 8160.87
internal_count=400161 213144 187017 179004 149890 145770 103507 126143 125031 121202 3829 83510 77888 34140 102932 81936 16970 1807 64966 43314 49676 29114 49436 58105 19627 37510 25950 8205 44088 23258
is_linear=0
shrinkage=0.05


Tree=64
num_leaves=31
num_cat=0
split_feature=29 15 233 232 14 233 12 228 226 232 229 226 41 233 233 232 228 228 225 229 229 226 232 233 228 225 228 28 226 234
split_gain=2058.68 1000.23 747.685 713.015 503.09 470.823 427.646 354.241 320.075 679.262 399.195 303.323 261.342 256.009 262.531 449.171 326.514 291.57 259.629 206.181 254.51 203.548 313.829 300.383 215.016 201.968 199.121 192.415 189.484 496.151
threshold=0.033361257985234267 0.1904566511511803 -0.006994677707552909 0.24266439676284793 0.0085649839602410811 -0.013996877707540987 0.044523324817419059 88.40799713134767 -0.018953709863126274 -1.3266234397888181 1.6979064345359804 -0.0047057049814611665 0.11004179716110231 -0.064104568213224397 -0.043964074924588196 -2.1506615877151485 35.280538558959968 32.958612442016609 -0.025159293785691258 0.87824690341949474 0.85044628381729137 -0.013697971124202011 0.77483341097831737 0.0058588914107531318 34.844081878662116 -0.011521907057613133 58.897331237792976 1.0000000180025095e-35 -0.033489985391497605 -0.013447812292724846
decision_type=2 2 2 2 2 2 2 2 2 2 2 2 2 2 2 2 2 2 2 2 2 2 2 2 2 2 2 2 2 2
left_child=5 2 3 4 8 11 28 27 10 -10 13 -1 21 -2 15 -15 17 -17 -16 20 -20 22 -3 -23 -25 -11 -27 -7 29 -4
right_child=1 12 6 -5 -6 7 -8 -9 9 25 -12 -13 -14 14 18 16 -18 -19 19 -21 -22 23 -24 24 -26 26 -28 -29 -30 -31
leaf_value=-0.01067117954691575 -0.034206517297687748 0.01388751181885305 0.049494709788300832 -0.016768692257946492 0.028819258351366506 0.070584666175156158 0.008410853955841879 0.012009248446758037 0.049536718816906626 -0.01909371883535263 0.038783130741200891 0.017711187227480291 0.028511631861972406 -0.022885434558240852 0.044148934358066827 0.024434311290941511 -0.013643365502108585 0.077345986233387648 -0.011762782527836677 -0.015567946251524318 0.037579065421766783 0.029019382870318935 -0.018587823265764306 -0.029919016577492352 0.011623939775691577 0.023278721740752392 -0.011556609794594951 -0.024442212235035503 -0.013091917228768103 -0.010415557329184245
leaf_weight=3359.668099783361 575.30836518108845 1735.1825081855059 452.34754990786314 2705.8208266794682 3168.0782871171832 53.543542437255383 3499.9812455326319 732.34256809204817 1204.7203872650862 688.48621036857367 646.39234629273415 1307.7652115374804 2667.27669878304 645.70964029431343 238.31644834578037 1180.1981295198202 421.62327182292938 334.06093415617943 599.98546485602856 3323.7651151940227 463.03552311658859 2736.280255459249 1302.2115586102009 322.48355574905872 9119.4678486436605 1322.9220472499728 594.59579199552536 10446.40338832885 13295.659885056317 1464.1744567900896
leaf_count=25353 3434 6412 2099 15148 13373 296 15559 3498 3568 3781 1893 6760 7636 3503 713 4493 2594 1580 3772 19736 1843 9114 5349 1448 33510 5983 3010 102432 82830 9441
internal_value=0 0.00437327 -0.000338035 0.00690338 0.0110607 -0.0160662 -0.00734759 -0.0216126 0.0064639 0.018489 0.00102699 -0.00271874 0.014075 -0.00210913 0.000453198 0.0132267 0.0252718 0.0361072 -0.00667657 -0.00943772 0.00972976 0.0115443 -3.55274e-05 0.0144324 0.0102051 0.00413609 0.0124768 -0.0239576 -0.0109732 0.00372478
internal_weight=0 54708.1 36825.2 18113 15407.2 15899.7 18712.2 11232.3 12239.1 3810.72 8428.4 4667.43 17882.9 7782 7206.69 2581.59 1935.88 1514.26 4625.1 4386.79 1063.02 15215.6 3037.39 12178.2 9441.95 2606 1917.52 10499.9 15212.2 1916.52
internal_count=400161 261822 198353 88424 73276 138339 109929 106226 59903 16342 43561 32113 63469 41668 38234 12170 8667 6073 26064 25351 5615 55833 11761 44072 34958 12774 8993 102728 94370 11540
is_linear=0
shrinkage=0.05


Tree=65
num_leaves=31
num_cat=0
split_feature=7 41 232 226 229 227 234 226 14 234 226 233 226 160 160 231 230 228 225 225 225 234 225 234 234 233 225 232 234 228
split_gain=992.143 704.24 219.018 297.246 240.026 254.912 286.303 237.47 211.141 188.111 453.736 221.95 182.177 157.418 144.807 148.763 191.523 176.872 164.383 156.087 219.577 170.993 143.332 127.731 156.151 223.96 120.382 120.375 116.435 135.958
threshold=1.0000000180025095e-35 0.024642572738230232 -0.79598388075828541 -0.050970114767551415 1.6979064345359804 -0.012897634413093327 0.0058956164866685876 -0.024013678543269631 0.036103250458836562 0.014099156949669124 -0.011009755544364451 0.019478814676404003 -0.036604972556233399 2.6657557487487797 3.1964647769927983 1.4151450991630556 6.5000000000000009 53.177101135253913 0.00082499513518996548 -0.0079692690633237345 -0.0082912058569490892 -0.029029634781181809 -0.034941680729389184 0.072101317346096053 0.041139991953969009 0.08063810691237451 -0.022021045908331868 -1.5185908079147337 -0.046986028552055352 50.77893257141114
decision_type=2 2 2 2 2 2 2 2 2 2 2 2 2 2 2 2 2 2 2 2 2 2 2 2 2 2 2 2 2 2
left_child=1 9 3 28 5 6 7 -4 -7 13 11 -11 -8 -1 -5 -16 17 19 -19 20 21 26 -10 24 -24 -26 -17 -18 -3 -30
right_child=-2 2 4 14 -6 8 12 -9 22 10 -12 -13 -14 -15 15 16 27 18 -20 -21 -22 -23 23 -25 25 -27 -28 -29 29 -31
leaf_value=-0.020416902189240891 0.035939544616939899 0.04031933894486945 0.025283544090683525 -0.016493116664681142 -0.019241029076289804 -0.0022535579769684274 -0.007807439120932444 -0.0051307614686800082 0.024526057235340168 -0.0055668354558347909 -0.0060642115615723718 0.053485656146946572 0.038357945363243752 -0.0084256506671591905 -0.014555530021752749 -0.0076419338051562152 0.026561554924864807 0.047814779414130426 0.0045512890629038089 -0.013312336397566755 0.053501952578643243 -0.0077738686915985447 0.0044215607539873037 -0.0076928686254944595 0.025847621297800594 0.0009720589757046882 0.023063474819138369 0.0039549434742251781 0.0056799780587650723 0.046853179586341859
leaf_weight=3866.7756388783455 1928.417436927557 357.99586252868176 1012.5776090547442 2086.1163858771324 1063.6279488056898 11324.565410070121 248.97575435042381 1752.6438199803233 991.30026738345623 231.17729268968105 6948.2509555891156 510.47423583269119 1508.2145949602127 9367.0174881070852 2239.3776954710484 487.70783315598965 879.06301562488079 246.72925882041454 1993.9030354470015 4371.9042751938105 180.76022447645664 4018.7006870806217 20950.563828371465 1801.2524223029613 2181.1931647360325 1546.2616238892078 923.91268244385719 1783.6352450251579 2073.4804707989097 221.96476773172617
leaf_count=30725 6029 1082 3154 13144 4946 49769 1101 8314 2955 1292 40392 1603 5494 50379 10453 2013 3263 813 7526 19104 645 17797 78772 7091 6961 5822 3340 7008 8391 783
internal_value=0 -0.000318809 0.00220691 -0.001889 0.00422484 0.00480102 0.0160351 0.00600645 0.00349145 -0.00831547 -0.0020962 0.0350786 0.0318168 -0.0119294 -0.00405557 -0.00254052 -0.000733082 -0.00338004 0.00931529 -0.00622945 -0.000710776 -0.00251537 0.00585979 0.00516098 0.00609919 0.0155285 0.0124549 0.0114183 0.0137976 0.00966134
internal_weight=0 87170.1 66246.4 21865.3 44381.2 43317.5 4522.41 2765.22 38795.1 20923.7 7689.9 741.652 1757.19 13233.8 19211.8 17125.7 14886.3 12223.6 2240.63 9982.99 5611.08 5430.32 27470.6 26479.3 24678 3727.45 1411.62 2662.7 2653.44 2295.45
internal_count=400161 394132 269741 95362 174379 169433 18063 11468 151370 124391 43287 2895 6595 81104 85106 71962 61509 51238 8339 42899 23795 23150 101601 98646 91555 12783 5353 10271 10256 9174
is_linear=0
shrinkage=0.05


Tree=66
num_leaves=31
num_cat=0
split_feature=122 29 12 29 15 7 7 29 29 7 110 228 29 110 117 232 133 24 230 228 29 42 232 233 233 22 229 12 228 230
split_gain=2836.77 1112.86 617.012 474.829 377.581 257.255 227.779 191.062 139.986 115.974 115.146 118.453 107.857 106.961 105.464 98.39 96.0077 92.3721 91.7079 141.268 88.5317 82.3711 81.4113 91.5743 119.698 98.2454 89.373 80.7094 77.6331 72.7972
threshold=0.043796839192509658 0.030109877698123459 0.09079794213175775 0.058821337297558791 0.17381828278303149 1.0000000180025095e-35 1.0000000180025095e-35 0.044408345595002181 0.020934213884174827 1.0000000180025095e-35 0.82952395081520092 20.885622978210453 0.080562181770801558 0.84212377667427074 1.0000000180025095e-35 -3.334617972373962 0.69048950076103222 1.0000000180025095e-35 10.500000000000002 34.844081878662116 0.039874130859971053 0.65558543801307689 1.8194242715835574 -0.060166839510202401 -0.033969070762395852 50.462717056274421 0.7676072120666505 0.15515629947185519 73.840240478515639 9.5000000000000018
decision_type=2 2 2 2 2 2 2 2 2 2 2 2 2 2 2 2 2 2 2 2 2 2 2 2 2 2 2 2 2 2
left_child=1 5 3 9 6 8 7 15 -1 10 11 -2 16 29 -6 -3 -5 -13 21 -20 -19 -17 23 -9 26 -26 -25 -4 -27 -10
right_child=2 4 27 12 14 -7 -8 22 13 -11 -12 17 -14 -15 -16 18 -18 20 19 -21 -22 -23 -24 24 25 28 -28 -29 -30 -31
leaf_value=0.023135730536764328 -0.021959469408641952 -0.028886526915958471 -0.021197156072368821 -0.010738989061855832 -0.0067947782172030763 -0.033882450113214078 -0.038840034963514111 0.0097059760358926463 0.017023454898715883 -0.035530099145161316 -0.0098438369197298061 -0.050113915941917678 -0.024810262039491385 0.0043032835398988233 -0.044307697741529609 0.011422032774295505 -0.022643834715009324 0.0053649455783553249 -0.051196362371694053 0.0011598610816618605 -0.002823196274786232 0.0054950167057823927 0.014108723020850283 -0.035164102210525003 0.0031920341683925654 -0.0096047777873182749 -0.0082146013648877955 -0.033278122215767501 0.016768715221316576 0.0074466821605123495
leaf_weight=4932.3220224678516 698.28899359703064 199.3931402862072 3927.4994574785233 6849.9833638966084 8893.3305996060371 264.20839582383633 315.02246043086052 1658.5593796372414 11090.54328301549 290.93436679244041 5870.9396301209927 95.018077969551086 2862.4456867128611 2638.4036985337734 191.39458957314491 8719.5253730267286 2249.7720728963614 4473.0425576269627 133.01799654960632 4101.2928991466761 12600.580593913794 17887.070825189352 895.52088612318039 343.01299095153809 7166.1080497503281 3039.7210868000984 2983.3194724321365 2133.4707875698805 307.23297384381294 2416.7517956644297
leaf_count=25057 1982 555 11749 18919 25164 1157 1316 4874 49109 1257 16437 262 8183 10821 582 30532 6383 14071 398 13880 35012 61878 2603 938 20960 8618 8622 7295 900 10631
internal_value=0 0.00541387 -0.0106909 -0.00820552 0.00175816 0.0151489 0.00353581 0.00381724 0.0157635 -0.00415341 -0.00376886 -0.00177266 -0.0163451 0.0135113 -0.00758509 0.00612338 -0.0136823 -0.000951619 0.00634973 -0.000484874 -0.000678021 0.00743742 -0.000549329 -0.00139632 -0.00272685 -0.000111241 -0.0109936 -0.0254497 -0.00718383 0.01531
internal_weight=0 78175.8 42052 35991 56833.5 21342.2 47748.8 47433.8 21078 24028.8 23737.9 17866.9 11962.2 16145.7 9084.73 31040.3 9099.76 17168.6 30840.9 4234.31 17073.6 26606.6 16393.5 15498 13839.4 10513.1 3326.33 6060.97 3346.95 13507.3
internal_count=400145 278595 121550 102506 181820 96775 156074 154758 95618 69021 67764 51327 33485 70561 25746 107243 25302 49345 106688 14278 49083 92410 47515 44912 40038 30478 9560 19044 9518 59740
is_linear=0
shrinkage=0.05


Tree=67
num_leaves=31
num_cat=0
split_feature=122 231 41 29 29 15 225 227 227 226 227 187 234 234 229 229 3 227 234 15 229 226 234 229 225 227 226 225 234 226
split_gain=1902.27 801.938 575.804 368.525 304.107 262.319 258.864 270.687 391.063 224.798 238.844 212.097 208.191 341.947 275.743 268.899 206.006 192.079 187.106 180.415 174.853 166.293 163.835 166.265 200.709 161.437 330.892 254.574 160.68 205.795
threshold=0.038718787953257568 1.7051149606704714 0.077952194958925261 0.031395247206091888 0.030109877698123459 0.13582963496446612 -0.01389159634709358 0.0018821603734977546 -0.021259790286421772 0.0011882765393238517 0.13724447786808017 -17.664500236511227 -0.031190510839223858 -0.026886546984314915 0.98052480816841137 0.97998017072677623 847396.37500000012 0.1410268843173981 -0.016725192777812477 -0.064434837549924837 1.0789459943771365 -0.0047057049814611665 -0.0037881400203332301 0.95650553703308117 -0.011521907057613133 0.20794968307018283 -0.011426768731325863 0.054646359756588943 -0.006932137766852974 0.0035102182300761346
decision_type=2 2 2 2 2 2 2 2 2 2 2 2 2 2 2 2 2 2 2 2 2 2 2 2 2 2 2 2 2 2
left_child=1 4 5 -3 22 9 28 8 20 12 -11 -4 -2 14 -14 21 -16 -12 19 -10 -8 -15 23 24 -1 -7 -27 -28 -6 -30
right_child=2 3 11 -5 6 25 7 -9 18 10 17 -13 13 15 16 -17 -18 -19 -20 -21 -22 -23 -24 -25 -26 26 27 -29 29 -31
leaf_value=-0.023964254779385085 -0.0075038890168396995 -0.022008206681251703 0.029573960311090015 -0.0090589215016388027 -0.031327914313150178 0.0068268573620487091 0.038756109820303954 0.027609458026876123 -0.009667727497787262 -0.016492131196804278 0.099380695550263243 0.013432296587687548 -0.0031795057982572875 0.0088227651732995429 0.065702853314868054 -0.013455821001214438 0.0088302555107876886 0.0027463424866668541 -0.019808035881631315 0.039390038185125709 -0.0077504774318938128 0.061358939095814885 -0.023697626475371353 -0.020786574593606295 0.037641461067183614 -0.017156017234045282 0.042401529033829446 -0.013059075721398514 0.023742478422634709 -0.028248300571242974
leaf_weight=188.31111782044172 2699.1087182015181 8148.0129482187331 2778.1235645264387 16870.158794254065 540.3106139972806 9144.9219046905637 892.58636011183262 2235.4824935644865 435.89788673073053 3486.3563579842448 52.857874937355518 7608.647177696228 350.58962622284889 3594.3586130663753 577.61378483474255 1600.2552506178617 219.82267700135708 1894.23170068115 1285.9935574233532 328.76158643513918 261.26752445101738 157.21286898106337 1265.5145423784852 438.284852899611 443.78392208367586 410.08308419585228 1279.4648268520832 246.82754299044609 498.87659621983767 307.75339612364769
leaf_count=1794 13005 82087 7799 110900 3614 35731 3586 9559 2430 20859 358 26217 1840 17578 1781 8966 761 9772 8355 1293 1656 478 12878 3744 1999 1680 3989 911 2480 2045
internal_value=0 -0.00864887 0.00781409 -0.0132763 0.00404124 0.00380073 0.00939684 0.0142558 0.00494023 -0.000594084 -0.00865789 0.0177497 0.00416887 0.00901607 0.0337773 0.0037045 0.0500253 0.00536969 -0.0081619 0.0114244 0.0282256 0.0110243 -0.0115194 0.00287888 0.0192881 0.00960389 0.022719 0.0334326 -0.0102274 0.00390645
internal_weight=0 34141 36100.5 25018.2 9122.82 25713.7 6786.93 5439.99 3204.51 14632.4 5433.45 10386.8 9198.96 6499.85 1148.03 5351.83 797.436 1947.09 2050.65 764.659 1153.85 3751.57 2335.89 1070.38 632.095 11081.3 1936.38 1526.29 1346.94 806.63
internal_count=400145 248420 151725 192987 55433 117709 35018 26879 17320 75398 30989 34016 44409 31404 4382 27022 2542 10130 12078 3723 5242 18056 20415 7537 3793 42311 6580 4900 8139 4525
is_linear=0
shrinkage=0.05


Tree=68
num_leaves=31
num_cat=0
split_feature=122 234 227 225 233 226 231 232 225 11 226 233 233 225 225 234 227 225 225 226 234 14 232 233 224 225 226 232 160 227
split_gain=685.984 335.825 555.563 513.369 305.439 229.284 202.087 254.674 197.659 183.557 177.135 213.595 182.788 180.246 290.822 170.545 434.136 188.144 170.183 188.175 160.715 158.563 158.086 157.558 132.71 118.986 141.919 176.71 118.85 107.274
threshold=0.023837380111217502 0.015965082682669166 0.146713562309742 0.037039635702967651 0.0051696279551833877 -0.0097577082924544794 4.5131709575653085 -1.2460717558860777 -0.0065399571321904651 0.046968014910817153 -0.026939586736261841 -0.00032215450482908631 1.0000000180025095e-35 0.0031887823715806012 -0.0043226098641753188 0.014099156949669124 -0.059249300509691231 0.0044434329029172668 -0.016739149577915665 0.011791600380092861 0.023264077492058281 -0.066595919430255876 -1.0746681690216062 0.14778378605842593 4.5000000000000009 -0.01376869063824415 -0.035165850073099129 -1.7772749066352842 2.6657557487487797 -0.093692712485790239
decision_type=2 2 2 2 2 2 2 2 2 2 2 2 2 2 2 2 2 2 2 2 2 2 2 2 2 2 2 2 2 2
left_child=9 6 3 18 -4 -6 7 25 23 15 13 22 -13 14 -9 28 17 -17 -3 20 -20 -16 24 29 -12 26 -2 -28 -1 -8
right_child=1 2 4 -5 5 -7 8 10 -10 -11 11 12 -14 -15 21 16 -18 -19 19 -21 -22 -23 -24 -25 -26 -27 27 -29 -30 -31
leaf_value=-0.019684944326856663 -0.012779000236268562 0.024775655871079799 0.023351434427447908 0.038184100497684739 0.035165057406639381 -0.0071138504846547483 -0.0078046880397449935 0.0036146765473028066 -0.0020195551424500844 0.038425222305343634 -0.0042407888861656891 0.052590050146946538 0.0039708646887518856 -0.00033340981707019693 0.063811443651816749 -0.010049483886306587 -0.0059066559673402108 0.05737747485423203 0.050870724472942268 0.0060123632920634721 0.0094672757196901311 0.024172978683351675 -0.0073899960802876032 -0.0052599259805528997 0.050502864611099235 -0.011336016033433477 -0.011660960599229117 0.015998960551828891 -0.0088095804559329745 0.017396530071922295
leaf_weight=3610.9425319507718 1540.2758432105184 1683.091174185276 1037.065943017602 1810.8825643956661 334.05290481448174 8007.9298452436924 462.22973272204399 1269.0204660072923 4497.4581483975053 211.08066648244858 220.75189134478569 198.2645707949996 7748.5621174201369 2092.5662346258759 401.67939871549606 138.28720554709435 6494.4021683186293 410.76963466405869 450.11843401193619 11220.668801628053 489.01819695532322 678.39433205872774 8965.3521038964391 1139.4891271144152 222.08073800802231 7728.5212713703513 882.43416042625904 1670.6181310340762 8255.9168275371194 4884.7742677852511
leaf_count=29604 7101 5909 3200 6019 995 32404 2149 5059 18184 693 1022 738 31468 8093 1315 791 38574 1193 1295 43906 2015 2277 40388 4093 865 36408 4207 7016 45347 17817
internal_value=0 0.00274879 0.00738365 0.0131493 -0.00223938 -0.0054208 0.000147508 -0.00177625 0.00603554 -0.00794307 0.0014287 -0.000851577 0.00518386 0.0103385 0.0198449 -0.00846064 -0.00229731 0.0403951 0.00987437 0.00781182 0.0293115 0.0389145 -0.00594954 0.0116206 0.0232132 -0.00768541 -0.000792769 0.00643862 -0.0121188 0.015218
internal_weight=0 69635.3 25032.8 15653.8 9379.05 8341.98 44602.5 33618.5 10984 19121.4 21796.7 17355 7946.83 4441.66 2349.09 18910.3 7043.46 549.057 13842.9 12159.8 939.137 1080.07 9408.18 6486.49 442.833 11821.8 4093.33 2553.05 11866.9 5347
internal_count=400145 283943 95743 59144 36599 33399 188200 145957 42243 116202 91225 74481 32206 16744 8651 115509 40558 1984 53125 47216 3310 3592 42275 24059 1887 54732 18324 11223 74951 19966
is_linear=0
shrinkage=0.05


Tree=69
num_leaves=31
num_cat=0
split_feature=122 41 29 29 12 117 229 29 152 6 154 232 232 233 226 230 29 122 232 227 152 226 22 233 228 227 230 227 233 233
split_gain=2545.73 1037.89 504.134 402.023 277.142 247.773 228.542 225.027 175.527 133.125 114.793 109.64 109.121 101.6 264.266 100.385 89.187 84.8003 84.1274 678.523 99.6899 75.239 68.442 68.3926 68.2516 89.8279 65.5851 114.486 63.8713 70.9232
threshold=0.02991956286132336 0.061202900484204299 0.026834457181394104 0.050982519984245307 0.10614265874028207 1.0000000180025095e-35 1.8537479043006899 0.067183777689933791 0.039358008652925498 1.6795499920845034 -0.239614263176918 -3.334617972373962 -1.9118109345436094 -0.013892435934394596 -0.0047057049814611665 6.5000000000000009 0.030680761672556404 0.022326926700770858 -0.61632698774337757 -0.018215506337583062 0.025425084866583351 0.23819749057292941 26.151309013366703 -0.0111924079246819 68.822387695312514 0.14385998249053958 9.5000000000000018 0.0023892372846603398 -0.014685747213661669 -0.042233658954501145
decision_type=2 2 2 2 2 2 2 2 2 2 2 2 2 2 2 2 2 2 2 2 2 2 2 2 2 2 2 2 2 2
left_child=2 3 18 6 7 9 8 22 11 -4 12 -2 23 14 28 -8 -13 -15 -1 -20 -21 24 -3 -5 -12 -26 27 -16 29 -11
right_child=1 4 5 10 -6 -7 15 -9 -10 13 21 16 -14 17 26 -17 -18 -19 19 20 -22 -23 -24 -25 25 -27 -28 -29 -30 -31
leaf_value=0.024040267861291507 -0.029959115843019937 -0.0327644398193652 0.010917112398172561 -0.022607064093900082 -0.027162987783303685 -0.050153939138639941 -0.038106762455415978 -0.022104746992985255 -0.0041454375931511125 -0.00063794213191833309 -0.016212514371946856 0.011288533601512905 -0.0022580489368269905 0.010300805630491811 0.0025938420132469776 0.0050271001102786053 0.0027067699082020547 0.0030373544923656651 -0.035921984793808398 0.022260209340400003 0.0093732412855626421 0.0126693140543371 -0.0084649649510691195 0.0073919448015642005 0.0011850891201288874 -0.022666423292608109 -0.043493796966003445 -0.02914467028408993 -0.025599080611306835 0.011223695915675007
leaf_weight=3699.8826117515564 240.67182922363281 297.06159569323063 10301.32359457016 1138.8876279592514 4076.7242560833693 196.24231985211372 534.74943554401398 4546.6144122928381 10322.23598086834 2618.947872325778 6137.5975364148617 3542.6848684996367 7603.5410396754742 7106.7870227247477 503.0282419770956 180.39021599292755 20820.169577911496 9246.7821373343468 607.18555924296379 5825.5963980704546 2021.4019232988358 281.64271429181099 11822.652331694961 228.03301423788071 1410.1071932464838 548.21566238999367 251.79805266857147 652.93899928033352 175.67483794689178 2428.9934468716383
leaf_count=18664 709 846 37539 3254 13475 599 2342 13135 30920 8549 16874 14117 21068 26278 1645 536 65189 31222 2106 29573 9464 764 33048 656 3869 1526 771 1947 554 8513
internal_value=0 -0.00599599 0.00902979 -0.00228439 -0.0154774 0.00586359 0.000754075 -0.012619 0.001327 0.00619384 -0.0085268 0.00362293 -0.00459625 0.00407698 -0.00114337 -0.0272265 0.00395467 0.00619384 0.0177522 0.0150002 0.0189405 -0.0127355 -0.00906056 -0.0176026 -0.0136193 -0.00549194 -0.0203703 -0.0153334 0.00403828 0.0050697
internal_weight=0 73732 45636.6 52988.9 20743.1 33482.5 35640.9 16666.3 34925.8 33286.3 17348 24603.5 8970.46 22985 6631.38 715.14 24362.9 16353.6 12154.1 8454.18 7847 8377.56 12119.7 1366.92 8095.92 1958.32 1407.77 1155.97 5223.62 5047.94
internal_count=399752 222328 177424 161824 60504 117617 113813 47029 110935 117018 48011 80015 24978 79479 21979 2878 79306 57500 59807 41143 39037 23033 33894 3910 22269 5395 4363 3592 17616 17062
is_linear=0
shrinkage=0.05


Tree=70
num_leaves=31
num_cat=0
split_feature=29 233 227 228 231 15 227 232 226 232 232 227 233 224 233 227 13 227 231 225 227 225 3 227 226 33 225 226 227 187
split_gain=1714.62 668.884 990.063 682.944 616.399 442.45 409.929 499.388 373.269 336.95 320.58 472.582 568.72 335.8 325.576 485.062 292.002 274.977 269.882 465.559 259.851 281.357 301.666 248.059 499.597 234.288 227.841 226.366 217.981 206.511
threshold=0.046229122206568725 -0.01175938034430146 0.1475668400526047 76.667705535888686 1.8967823982238772 0.3549060076475144 -0.016072324477136132 -0.064959354698657976 0.0011882765393238517 -1.3266234397888181 -0.23671387135982511 0.1475668400526047 0.08063810691237451 4.5000000000000009 -0.033969070762395852 0.011352922767400743 0.10603025183081628 0.013024828396737577 0.47908110916614538 -0.011521907057613133 0.22535404562950137 0.044563645496964462 665888.87500000012 -0.016155138611793515 -0.039080714806914323 10.489070415496828 -0.015668175183236595 0.017516268417239193 -0.036407448351383202 -6.7254998683929434
decision_type=2 2 2 2 2 2 2 2 2 2 2 2 2 2 2 2 2 2 2 2 2 2 2 2 2 2 2 2 2 2
left_child=1 4 8 20 9 10 7 -6 23 -1 14 13 -13 -12 28 25 -10 26 19 -11 -4 22 -22 29 -25 -16 -15 -20 -2 -3
right_child=5 2 3 -5 6 -7 -8 -9 16 18 11 12 -14 17 15 -17 -18 -19 27 -21 21 -23 -24 24 -26 -27 -28 -29 -30 -31
leaf_value=0.039793243951033466 0.0050370185946854778 0.01433688968468602 -0.012865588678614813 0.028584654861279105 -0.0034807806197184078 0.019190362935961602 -0.024838503745459602 0.062135179638740615 -0.025958880641087725 -0.023314495817676417 -0.014483735715023935 -0.0023044975644436827 0.030120441521141933 0.037984181053836948 -0.0041117816641645074 0.03854492073496732 -0.0012685812045112139 0.079315832487418289 -0.0025485778727198042 0.04839487744218058 0.058892936906547955 -0.0206137418819285 -0.0039605602620972555 0.068632181056777666 -0.0056624077521307634 0.019634601146863575 -0.0089650059368679789 0.057324708179930239 0.029381158413516923 -0.017635446704762088
leaf_weight=1077.7770231813192 1326.7166328504682 582.60950815677643 3615.8311511129141 1993.6108333542943 5057.6255272477865 7165.3935008049011 2329.1935655027628 307.61063116788864 11034.790190264583 309.61569947749376 5668.989346601069 3497.7214393913746 2204.7382982224226 374.09748241305351 5650.7378389388323 939.24290980398655 1343.2624792382121 141.0817938297987 2897.8748194873333 841.5341629832983 440.10273991525173 385.55627536773682 337.13952442258596 295.88648630678654 961.87356889992952 1272.6491480916739 835.65419247746468 166.96034225076437 2996.1561209261417 3793.8057706989348
leaf_count=3571 5662 3172 24816 8383 33779 21570 16562 837 101554 2095 28222 14815 8169 1276 27105 3221 5670 455 18094 2427 2013 1947 1929 1715 7457 4601 3640 914 10835 33246
internal_value=0 -0.00747915 -0.0122958 0.00400204 0.00171205 0.00824126 -0.00732279 0.000281247 -0.0184234 0.0148441 0.00509145 -0.000460042 0.0102319 -0.00914553 0.0108875 0.00482744 -0.0232795 0.0132571 0.00846609 0.0291078 -0.00625365 0.0143068 0.0316294 -0.00775479 0.0118153 0.000253252 0.00555332 0.000713087 0.0219098 -0.0133791
internal_weight=0 37772.7 24784.5 6772.24 12988.2 32073.2 7694.43 5365.24 18012.2 5293.76 24907.8 12722.3 5702.46 7019.82 12185.5 7862.63 12378.1 1350.83 4215.99 1151.15 4778.63 1162.8 777.242 5634.18 1257.76 6923.39 1209.75 3064.84 4322.87 4376.42
internal_count=399752 270181 191902 39088 78279 129571 51178 34616 152814 27101 108001 56577 22984 33593 51424 34927 107224 5371 23530 4522 30705 5889 3942 45590 9172 31706 4916 19008 16497 36418
is_linear=0
shrinkage=0.05


Tree=71
num_leaves=31
num_cat=0
split_feature=7 29 232 227 231 228 225 226 234 234 18 233 232 227 228 225 14 225 234 233 19 23 225 30 227 225 228 225 233 234
split_gain=862.455 575.655 262.12 413.781 185.741 203.407 290.063 554.209 256.052 226.02 180.98 172.996 201.195 265.345 170.83 169.479 167.098 161.754 154.582 147.055 144.447 141.897 173.551 120.545 163.655 118.149 110.339 126.533 109.155 123.816
threshold=1.0000000180025095e-35 0.035145873203873641 -0.79598388075828541 -0.033182777464389794 1.7051149606704714 34.72050857543946 -0.00040011579403653735 -0.024524973705410954 -0.029844870790839192 0.021706453524529937 0.040254650637507446 0.14265494048595431 0.97415867447853099 0.20794968307018283 39.999382019042976 0.012501493562012913 -0.094568461179733262 -0.016739149577915665 -0.046986028552055352 0.038754772394895561 0.1794555261731148 52.664459228515632 0.11845536530017854 -0.019021345302462574 -0.030424005351960656 0.20679578930139544 37.62028884887696 0.0057607702910900125 -0.019231522455811497 0.03420557081699372
decision_type=2 2 2 2 2 2 2 2 2 2 2 2 2 2 2 2 2 2 2 2 2 2 2 2 2 2 2 2 2 2
left_child=1 2 -1 -4 17 8 7 14 18 -10 -5 12 -9 20 -7 -11 -16 28 -6 -19 -14 26 -23 24 -20 -2 27 -8 -3 -30
right_child=25 4 3 10 5 6 21 11 9 15 -12 -13 13 -15 16 -17 -18 19 23 -21 -22 22 -24 -25 -26 -27 -28 -29 29 -31
leaf_value=-0.014239848606048607 0.041177982135924426 -0.016316845070562233 0.038508156143496564 -0.010200662824757562 0.03949837038052402 0.015294016324020169 0.052837314565182793 0.0038071852521065716 -0.0092683619790908511 -0.0073307673329654245 0.00021196604005333352 -0.0053227768932512859 0.003462571931783457 -0.030055056686744793 0.063529782869125903 0.062855058698485192 0.030470553936607487 -0.0088292085734367736 -0.00094311850437062963 0.011085599484352109 0.032670370349536182 0.0064656328485412822 -0.019975581387888082 -0.0036418539677343718 0.024651765794591673 0.011357248608332376 -0.0047411596136092415 0.0047343623293716703 0.014348395761705586 -0.012310191656452769
leaf_weight=7703.7306076809764 1426.7146247029305 467.16854333877563 576.07375778257847 7741.9659918993711 342.74551704525948 1053.234919115901 169.10860633850098 4665.2508905082941 7308.761068597436 153.794866502285 9052.2844416722655 2443.9254457652569 548.36138412356377 231.35240054130554 552.71581371128559 195.15335682034492 1239.1993417292833 8007.5874664932489 1207.6823465079069 1048.3326258212328 1856.1237611174583 14553.315773561597 648.23323784768581 2258.5278618633747 1293.4406045675278 432.9392346739769 7484.737376883626 713.57373911142349 2477.7105995565653 528.44977810978889
leaf_count=51018 4864 2024 1918 51732 988 3917 481 17595 32364 592 50824 8792 2096 981 1798 564 3991 36001 4682 3811 5681 51157 3176 8855 4292 1193 30770 2738 8779 2078
internal_value=0 -0.000178847 -0.00656339 -0.00315889 0.00242637 0.00381757 0.00573284 0.01186 -0.00160986 -0.00739141 -0.00458814 0.00619175 0.0100461 0.0210884 0.0312747 0.0319215 0.0406677 -0.00300546 0.00706712 -0.00652383 0.0260093 0.00245979 0.00533811 0.00473173 0.0122931 0.0342355 -0.0027694 0.0139502 0.0061679 0.00966211
internal_weight=0 86522.5 25074.1 17370.3 61448.5 48919.2 36159.1 12590.2 12760.1 7657.71 16794.3 9745.01 7301.09 2635.84 2845.15 348.948 1791.92 12529.2 5102.4 9055.92 2404.49 23569 15201.5 4759.65 2501.12 1859.65 8367.42 882.682 3473.33 3006.16
internal_count=399752 393695 155492 104474 238203 185510 133173 44851 52337 33520 102556 35145 26353 8758 9706 1156 5789 52693 18817 39812 7777 88322 54333 17829 8974 6057 33989 3219 12881 10857
is_linear=0
shrinkage=0.05


Tree=72
num_leaves=31
num_cat=0
split_feature=122 29 12 29 15 225 7 29 230 228 231 29 154 229 118 226 226 225 230 232 230 229 187 226 229 232 227 232 227 234
split_gain=2315.23 928.809 548.692 408.881 304.944 226.59 200.965 169.545 134.047 178.353 159.186 129.623 110.609 133.759 107.022 100.203 110.523 112.958 99.6818 93.7947 197.528 89.8828 84.7091 81.1067 108.903 120.326 233.396 144.993 369.3 108.118
threshold=0.043796839192509658 0.030109877698123459 0.09079794213175775 0.065232884138822569 0.15913684666156772 0.048409214243292815 1.0000000180025095e-35 0.044587479904294021 9.5000000000000018 24.623007774353031 0.17189450562000277 0.022018701769411567 -5.5402455329895011 1.6979064345359804 1.0000000180025095e-35 0.1893505081534386 0.059302615001797683 0.0055712037719786176 5.5000000000000009 -1.5185908079147337 3.5000000000000004 0.74705293774604808 -19.707500457763668 0.018057025037705902 1.0903483629226687 0.30034458637237554 0.011352922767400743 -0.61112582683563221 -0.018215506337583062 0.018749905750155452
decision_type=2 2 2 2 2 2 2 2 2 2 2 2 2 2 2 2 2 2 2 2 2 2 2 2 2 2 2 2 2 2
left_child=1 5 3 12 6 8 7 23 11 -10 -11 -1 13 19 -6 16 17 -14 -18 20 -2 -12 -4 24 25 26 27 -3 -29 -25
right_child=2 4 22 -5 14 -7 -8 -9 9 10 21 -13 15 -15 -16 -17 18 -19 -20 -21 -22 -23 -24 29 -26 -27 -28 28 -30 -31
leaf_value=0.02443291311273366 0.0083771243703460174 0.0052170266013212884 -0.032546103706044868 -0.017345747200348271 -0.0054943265804261142 -0.014206452268103943 -0.037405581963654497 -0.00065746194119972463 -0.054694086959936605 -0.050526447662166546 -0.022202231241912791 0.014277077871641747 -0.010025612435738717 -0.023911992819149658 -0.044214975934191561 0.0052691381496315619 -0.024088574277778163 -0.001381551813351773 -0.0015606578678806601 0.0058207143208523823 -0.018173611374836258 0.012130697377839983 -0.019717383757618209 0.014727658792281601 0.013218081168858654 0.012072443550741297 -0.026509483982098625 -0.031711678460628431 0.0035737786425369851 0.0045062023305275055
leaf_weight=4324.4590174555779 1338.1857356578112 9996.5566793233156 1890.2894752770662 8000.0248446315527 10155.125699475408 688.92396551370621 300.79644069075584 15478.137592077255 114.14164206385612 110.3729028403759 200.97688783705235 11489.263526111841 8404.3702035844326 538.14826042950153 181.64629742503166 1624.0747797787189 1721.528419315815 6867.8267344683409 686.98807093501091 5193.6922115385532 1470.0490221381187 3703.3425261080265 4030.380031272769 4926.7900042235851 2709.6419138461351 2721.2450999319553 752.03580330312252 1034.7200004458427 2616.9760633409023 5447.7328212112188
leaf_count=23344 3892 35450 6683 22805 29018 2474 1354 44998 311 309 699 51613 23793 1650 569 4493 5054 19687 1917 15072 4197 18101 12403 17911 9614 9381 2238 3149 8905 18961
internal_value=0 0.00490983 -0.00971209 -0.00738294 0.00158516 0.0139858 0.00332949 0.0035977 0.0149597 0.00693716 0.00868939 0.0170543 -0.00452055 0.000217428 -0.00617476 -0.00661655 -0.00770832 -0.00613842 -0.0176629 0.00184019 -0.0055216 0.0103634 -0.0238132 0.00577815 0.00390417 0.00243016 0.000608044 0.00210225 -0.00642447 0.0093603
internal_weight=0 76952.9 41765.6 35844.9 56321.4 20631.5 45984.6 45683.8 19942.6 4128.83 4014.69 15813.7 27844.9 8540.08 10336.8 19304.8 17680.7 15272.2 2408.52 8001.93 2808.23 3904.32 5920.67 30205.7 19831.2 17121.5 14400.3 13648.3 3651.7 10374.5
internal_count=400045 278399 121646 102560 181548 96851 151961 150607 94377 19420 19109 74957 79755 24811 29587 54944 50451 43480 6971 23161 8089 18800 19086 105609 68737 59123 49742 47504 12054 36872
is_linear=0
shrinkage=0.05


Tree=73
num_leaves=31
num_cat=0
split_feature=29 29 42 232 230 35 226 233 231 227 233 232 230 229 230 230 232 229 18 229 227 230 227 233 226 229 227 229 232 227
split_gain=1588.44 684.13 490.807 426.21 642.373 390.874 383.48 351.467 324.138 322.253 369.858 351.54 354.977 318.659 312.4 309.152 507.69 284.152 275.129 272.521 267.519 259.391 226.838 290.441 222.335 220.313 237.898 220.609 217.386 215.847
threshold=0.049554342404007919 0.031114540994167331 2.7247604131698613 -1.6804370880126951 2.5000000000000004 71.591522216796889 0.17813075333833697 -0.013996877707540987 6.5913984775543222 0.22535404562950137 -0.026225619949400421 -0.051532065495848649 10.500000000000002 0.8069378435611726 9.5000000000000018 2.5000000000000004 -1.6804370880126951 0.98815491795539867 0.27317374944686895 1.2639697194099428 0.19604091346263888 8.5000000000000018 0.15536781400442126 0.025118764489889148 -0.0097577082924544794 1.0211160778999331 -0.068882577121257768 0.80018705129623424 0.086195968091487898 0.028331511653959755
decision_type=2 2 2 2 2 2 2 2 2 2 2 2 2 2 2 2 2 2 2 2 2 2 2 2 2 2 2 2 2 2
left_child=1 7 3 4 -3 6 8 14 15 10 11 12 25 -6 -1 17 -17 -2 -12 24 28 -15 -20 -24 -11 26 -5 -28 29 -18
right_child=5 2 -4 9 13 -7 -8 -9 -10 19 18 -13 -14 21 -16 16 20 -19 22 -21 -22 -23 23 -25 -26 -27 27 -29 -30 -31
leaf_value=-0.01021261376861103 0.0043883615399106192 -0.014942301226853983 0.020064250652571142 -0.010487718553778294 -0.012546267122965724 0.018758911645885896 -0.021432423939835535 -0.022092427374754201 0.028278608357081677 -0.0081545639988020637 -0.01613626766737726 -0.017631801299071128 0.056666624473958919 0.038985429171060931 0.028712201144277916 0.032804961151965718 0.0064921205991670065 -0.017947903541417093 -0.0087668201736793572 -0.0255143584822832 0.026054783123842108 -0.026308175410919094 -0.02274673825452328 0.026272149165313841 0.035583212555483086 -0.010561307119034191 -0.029716682307635911 0.031985340963008056 -0.010621168065752863 0.093803336135932586
leaf_weight=2810.4660211503506 3989.7799423411489 1522.7379987537861 2271.9074607491493 628.06155426800251 444.50581827014685 7803.4372273460031 1238.6378105282784 8256.5442478694022 1674.3603005558252 402.49313433468342 11625.162880472839 1450.3093030154705 386.85673800110817 1979.8478376045823 631.23898673057556 2050.5648549646139 3937.2483371645212 2213.9931210353971 4337.5017438828945 354.14771074801683 1249.0625894516706 164.76711973547935 409.29272197186947 1154.7258552014828 1044.7861867472529 1256.7433514297009 160.9950528293848 1445.9567791968584 2545.4399838298559 72.081688329577446
leaf_count=22212 17650 9917 7928 4208 2859 25383 5750 88025 5975 2147 82575 9525 1075 7147 3094 6443 16245 10622 25160 1812 3983 1013 2258 4862 3971 7478 1094 7228 12127 279
internal_value=0 -0.00619227 -0.00230879 -0.00407561 0.0108273 0.00933935 0.00546479 -0.0164969 0.00734359 -0.00656086 -0.00816562 0.00336948 0.0112224 0.0259832 -0.00307346 0.00516073 0.0106653 -0.00358297 -0.0116728 0.0137995 0.00484776 0.033969 -0.00288045 0.0134442 0.0234196 0.00618754 0.0156054 0.0258036 0.000806596 0.00806184
internal_weight=0 42739 31040.8 28768.9 4111.86 26774.6 18971.2 11698.2 17732.5 24657 22855.6 5328.92 3878.61 2589.12 3441.71 16058.2 9854.4 6203.77 17526.7 1801.43 7803.83 2144.61 5901.52 1564.02 1447.28 3491.76 2235.01 1606.95 6554.77 4009.33
internal_count=400045 295588 182257 174329 20936 104457 79074 113331 73324 153393 145463 30608 21083 11019 25306 67349 39077 28272 114855 7930 32634 8160 32280 7120 6118 20008 12530 8322 28651 16524
is_linear=0
shrinkage=0.05


Tree=74
num_leaves=31
num_cat=0
split_feature=7 29 22 29 230 226 229 230 233 233 225 227 226 233 227 226 233 230 227 226 233 226 225 229 225 228 226 224 128 226
split_gain=806.04 508.075 241.985 157.245 133.59 155.144 127.914 136.156 266.385 168.226 239.521 178.015 223.809 145.411 180.218 147.74 126.527 124.046 116.442 114.808 112.429 169.683 273.164 104.028 103.519 99.9974 116.841 98.5975 118.234 145.483
threshold=1.0000000180025095e-35 0.04079804569482804 56.584394454956062 0.024819201789796356 12.500000000000002 -0.013697971124202011 0.62673509120941173 1.5000000000000002 -0.039505766704678529 -0.033579252660274499 -0.030940170399844643 0.18537236005067828 -0.010998837649822233 -0.00099835934815928318 0.17166101187467578 -0.017511175014078614 0.013101356569677593 13.500000000000002 -0.075891796499490724 0.037254445254802711 0.0078155393712222593 -0.028195554390549656 0.0044434329029172668 0.91451442241668712 0.20679578930139544 73.035350799560561 -0.038447357714176171 1.0000000180025095e-35 -0.01196750672534108 -0.049435153603553765
decision_type=2 2 2 2 2 2 2 2 2 2 2 2 2 2 2 2 2 2 2 2 2 2 2 2 2 2 2 2 2 2
left_child=1 2 3 -1 20 -6 -3 8 25 17 23 27 -13 14 -10 16 -15 18 -9 -16 -5 22 -22 -11 -2 26 -8 28 -12 -30
right_child=24 6 -4 4 5 -7 7 9 13 10 11 12 -14 15 19 -17 -18 -19 -20 -21 21 -23 -24 -25 -26 -27 -28 -29 29 -31
leaf_value=-0.015665233103884891 0.040237406058915987 0.020332202493100301 0.0013246860271581803 -0.0099586403987069194 0.028374235604153544 -0.0036556508914700686 0.024364325188083531 0.038457050502516077 -0.010141805447561009 0.040256676023900179 0.016895123904703876 0.012893596514201966 -0.018164554813312458 0.0083576715385487964 0.022741669209894805 0.0032569142276593719 0.035164541426037803 0.029651855406676138 -0.0080813075680092744 -0.019027174080200108 -0.007156550115804303 -0.0049944853135894338 0.042720489001693909 0.012714249890792282 0.011951811177440623 0.04096373956999369 0.002976000201712146 0.0013677538637798632 0.049999256579303854 -0.00075148542118442325
leaf_weight=4567.3952075317502 1377.4330705702305 1065.4554484039545 12069.164676807821 10961.743796139956 606.27588935941458 1004.3759619295597 1634.7288351356983 137.22807785868645 3101.3864237070084 521.56921692192554 2573.3669984936714 793.46665734052658 2156.5933784991503 1006.7302395403385 802.61530527472496 4827.9573765397072 782.17583076655865 237.43252623081207 6541.9864646494389 206.93050748109818 592.42451287806034 7765.5627902075648 511.55013811588287 1000.4364828318357 422.74052298069 472.13484014570713 1047.802517041564 16544.072075590491 149.29008468985558 2609.3360934406519
leaf_count=37205 4827 3372 60196 63329 2813 5305 4727 434 12435 1531 9052 2911 9662 3535 2428 16803 2366 710 26923 783 3289 42068 1496 3129 1164 1386 4036 61711 458 9961
internal_value=0 -0.000209493 -0.00452659 -0.00724176 -0.00544746 0.00840093 0.00320016 0.002813 0.00697229 0.00107719 0.00289898 0.0017186 -0.00981096 0.0032164 -0.00416892 0.00780476 0.0200786 -0.00586268 -0.00712515 0.0141801 -0.0065722 -0.00238694 0.015955 0.0221526 0.033595 0.0197446 0.01601 0.0032734 0.00918622 0.00199502
internal_weight=0 86291.2 38078.5 26009.3 21441.9 1610.65 48212.7 47147.2 13882.5 33264.8 26348.1 24826.1 2950.06 10727.8 4110.93 6616.86 1788.91 6916.65 6679.21 1009.55 19831.3 8869.54 1103.97 1522.01 1800.17 3154.67 2682.53 21876.1 5331.99 2758.63
internal_count=400045 394054 215701 155505 118300 8118 178353 174981 48499 126482 98415 93755 12573 38350 15646 22704 5901 28067 27357 3211 110182 46853 4785 4660 5991 10149 8763 81182 19471 10419
is_linear=0
shrinkage=0.05


Tree=75
num_leaves=31
num_cat=0
split_feature=122 41 160 160 7 110 41 152 6 229 32 160 232 6 160 41 226 232 227 16 229 7 232 117 233 229 3 227 227 228
split_gain=2093.98 775.177 592.486 407.019 269.467 197.149 191.921 144.924 141.315 132.389 118.578 115.879 110.182 110.682 92.1847 91.1422 85.3612 83.2841 452.045 81.2505 77.539 78.7885 76.4477 76.1912 75.9742 74.3631 71.7571 79.6259 155.115 70.6348
threshold=0.033270617946982391 0.084295507520437254 2.9966574907302861 5.5901074409484872 1.0000000180025095e-35 0.78948536515235912 1.0000000180025095e-35 0.0077505521476268777 2.1239500045776372 1.8537479043006899 0.1830893084406853 1.9690316319465639 -3.334617972373962 2.2494499683380131 7.8858995437622079 0.023140902630984787 0.23819749057292941 -0.61632698774337757 -0.018215506337583062 -0.0024912722874432798 0.96145448088645946 1.0000000180025095e-35 -1.9118109345436094 1.0000000180025095e-35 -0.01175938034430146 0.93156248331069957 739386.75000000012 0.013518193271011116 0.015387311577796938 20.885622978210453
decision_type=2 2 2 2 2 2 2 2 2 2 2 2 2 2 2 2 2 2 2 2 2 2 2 2 2 2 2 2 2 2
left_child=2 3 9 4 5 12 -4 14 20 11 -3 -1 -2 24 22 -10 -9 -13 -19 -20 25 -22 -5 -7 26 -8 27 -14 -29 -15
right_child=1 10 6 7 -6 23 8 16 15 -11 -12 17 13 29 -16 -17 -18 18 19 -21 21 -23 -24 -25 -26 -27 -28 28 -30 -31
leaf_value=0.023151013683448463 -0.031065033659125059 -0.01645564126261102 -0.047449106560531092 -0.016331145568612281 -0.03163102671443168 -0.0061098014951570861 0.0059814124401751673 -0.017297773798237309 0.0054948112213040268 -0.039264244052130963 -0.029475914249956037 0.017934071040505244 0.00048504892768947561 -0.023851602215828313 -0.016561385680230866 -0.0015679852419712072 0.013437254843981184 -0.028498468238027059 0.019759218016539248 0.0095448341066334905 0.012294511730259463 -0.037217648655620848 -0.0017548908115661331 -0.037744337459653304 0.0086368410169971321 -0.0079195655928702407 0.010164466541474061 -0.058427219872863013 -0.0032089614459614212 -0.00078152879059349429
leaf_weight=3384.365401878953 259.81193417310715 6819.3139643669128 185.10737159848213 1061.6963306665421 722.79933388531208 10224.976871192455 8192.414167419076 6742.5739399045706 6953.6975664049387 113.83962984383106 2351.6949949860573 5180.3387284874916 4082.8763102293015 339.53402616083622 1842.2375923544168 13312.769645050168 233.7402717769146 703.84822803735733 3033.4817149788141 5435.2109802663326 5959.8836854994297 81.446727767586708 5888.8926030546427 193.94675000011921 6842.7675019949675 1090.083805963397 1605.4333208948374 176.19018825888634 457.24034915864468 14543.179280370474
leaf_count=18644 797 19629 576 3054 3447 29770 28114 19008 24253 542 8419 25457 12506 997 5166 42735 644 2364 14801 25264 20632 369 16200 603 21850 3648 5170 487 1352 43661
internal_value=0 -0.00633281 0.00704332 -0.004097 -0.00138291 -0.000818347 0.00333088 -0.0108867 0.00359499 0.0144834 -0.0197944 0.0148284 0.00134601 0.00164625 -0.00661711 0.000855355 -0.016268 0.0128659 0.0100036 0.0132036 0.00721829 0.011627 -0.0039814 -0.00669867 0.00498591 0.00434896 0.00103408 -0.00207391 -0.018568 -0.00130785
internal_weight=0 64388.9 53626.5 55217.9 39448.8 38726 35775.4 15769.1 35590.3 17851.1 9171.01 17737.2 28307 28047.2 8792.83 20266.5 6976.31 14352.9 9172.54 8468.69 15323.8 6041.33 6950.59 10418.9 13164.5 9282.5 6321.74 4716.31 633.431 14882.7
internal_count=400159 192760 207399 164712 120640 117193 120327 44072 119751 87072 28048 86530 86820 86023 24420 66988 19652 67886 42429 40065 52763 21001 19254 30373 41365 31762 19515 14345 1839 44658
is_linear=0
shrinkage=0.05


Tree=76
num_leaves=31
num_cat=0
split_feature=29 168 231 233 227 229 29 233 227 226 233 226 232 227 187 232 229 231 227 232 233 227 234 234 232 128 226 229 232 233
split_gain=1526.92 624.924 498.472 467.317 410.787 373.727 337.433 332.456 330.451 320.26 317.859 314.371 239.781 287.587 220.803 216.199 207.654 225.204 361.447 539.341 483.099 422.55 270.01 263.952 223.103 264.049 207.263 200.857 221.293 192.415
threshold=0.035958308726549155 1.4559999704360964 1.7051149606704714 -0.013996877707540987 0.13724447786808017 1.1085566282272341 0.062950979918241515 -0.012939637526869772 0.19604091346263888 0.0035102182300761346 0.017987792380154136 -0.0047057049814611665 -1.6804370880126951 -0.024494701065123078 -0.84150001406669606 -1.7525333166122434 0.73718148469924938 2.3752143383026127 0.1475668400526047 0.24266439676284793 0.066189184784889235 0.015387311577796938 0.016909533180296425 0.018749905750155452 -1.7772749066352842 0.0019270917400717737 0.092050734907388701 0.80018705129623424 -1.3266234397888181 -0.015967056620866057
decision_type=2 2 2 2 2 2 2 2 2 2 2 2 2 2 2 2 2 2 2 2 2 2 2 2 2 2 2 2 2 2
left_child=3 2 7 11 12 -6 16 27 9 10 -9 -1 13 -5 -10 -15 -4 24 19 21 -20 22 -19 26 25 -18 -22 -2 -29 -30
right_child=1 -3 6 4 5 -7 -8 8 14 -11 -12 -13 -14 15 -16 -17 17 18 20 -21 23 -23 -24 -25 -26 -27 -28 28 29 -31
leaf_value=-0.0079404268745210532 0.055984987834529043 0.015904951405063608 -0.023156342585728157 -0.028188380205973265 -0.016626736807266011 0.017187735586952382 0.0078367698094516918 -0.001531140028024458 0.03119672807563258 -0.017944705662247176 0.043449123069923407 0.017864986166381179 -0.02575721152148679 0.011913919149069767 -0.0092545101359404209 0.10326844038331778 0.06791080636041158 0.0026793318362005889 -0.022664588050398365 -0.019648036001861352 -0.012641982493822949 0.050876318594218609 -0.021278089136901549 0.033169884894730869 -0.019350460538302406 -0.02368832972981157 0.041014735879252841 0.036027850162586264 0.0060329740120729173 0.041850213446599373
leaf_weight=4218.2939325794578 369.72849926352501 9341.2914240583777 1426.1373061388731 495.1046574562788 1986.8495810627937 1387.9382815435529 7031.2680791988969 1646.2303191795945 1345.59558776021 2184.3427427187562 515.83259965479374 1638.6969759315252 8573.7249422259629 482.00585309416056 450.22460262477398 74.81653006374836 167.06039720773697 8532.3583501726389 753.2911526709795 4289.2562645375729 712.60443972051144 415.00891492515802 1364.1144892722368 1892.9945651441813 3089.5634066984057 148.70924451947212 240.78975890576839 1192.9794763028622 2799.3202074766159 432.96281358599663
leaf_count=32182 1055 31429 8769 5324 18050 7186 26673 7978 4696 11582 1982 8286 92455 4068 1739 471 513 45982 3978 26548 3855 2264 8653 7658 18438 773 985 3246 12005 1336
internal_value=0 0.00423389 0.00157483 -0.0124472 -0.0177303 -0.00271997 -0.00175049 0.0107151 0.00301292 -0.00444172 0.00920041 -0.000720465 -0.022993 -0.000463372 0.0210553 0.0241886 -0.00467732 -0.00345757 -0.0012495 -0.00474812 0.0129413 0.00144978 -0.000622922 0.0223643 -0.015259 0.0247729 0.000909588 0.0205814 0.0176234 0.0108307
internal_weight=0 50341.7 41000.4 18857.4 13000.4 3374.79 30063.2 10937.2 6142.23 4346.41 2162.06 5856.99 9625.65 1051.93 1795.82 556.822 23031.9 21605.8 18200.4 14600.7 3599.68 10311.5 9896.47 2846.39 3405.33 315.77 953.394 4794.99 4425.26 3232.28
internal_count=400159 232137 200708 168022 127554 25236 155089 45619 27977 21542 9960 40468 102318 9863 6435 4539 128416 119647 99923 83447 16476 56899 54635 12498 19724 1286 4840 17642 16587 13341
is_linear=0
shrinkage=0.05


Tree=77
num_leaves=31
num_cat=0
split_feature=7 41 232 226 229 225 234 226 226 228 228 231 231 228 226 225 17 234 228 226 228 230 225 229 229 228 11 187 226 226
split_gain=750.341 476.755 163.434 290.096 248.41 218.608 158.043 338.543 147.175 126.274 159.286 144.482 192.205 148.894 182.834 200.757 207.761 173.038 139.087 135.981 124.693 122.385 120.76 194.551 121.928 122.398 118.019 114.724 112.976 108.708
threshold=1.0000000180025095e-35 0.024642572738230232 -1.4672073721885679 -0.052973167970776551 1.6979064345359804 -0.034941680729389184 0.014099156949669124 -0.023411664180457589 -0.036604972556233399 27.810050964355472 28.266542434692386 1.7051149606704714 1.935372591018677 34.72050857543946 -0.023110264912247654 0.00082499513518996548 -0.077575258910655961 0.016909533180296425 42.236108779907234 0.016398402862250808 34.72050857543946 7.5000000000000009 -0.014302461873739956 0.91451442241668712 1.2150162458419802 69.219707489013686 -0.050051312893629067 -0.36849999427795405 -0.045070454478263848 -0.017064406536519524
decision_type=2 2 2 2 2 2 2 2 2 2 2 2 2 2 2 2 2 2 2 2 2 2 2 2 2 2 2 2 2 2
left_child=1 6 3 27 5 -4 20 8 -8 28 -11 18 19 -14 15 16 -15 -17 -12 -13 -1 22 23 -16 -24 -26 -5 -3 -7 -22
right_child=-2 2 4 26 -6 9 7 -9 -10 10 11 12 13 14 21 17 -18 -19 -20 -21 29 -23 24 -25 25 -27 -28 -29 -30 -31
leaf_value=-0.019175287330503096 0.032712842912207149 0.027996531625996853 0.018721405722693707 0.0085688444794957165 -0.018923127451210935 0.0073022063152506957 -0.0023277877102785153 -0.0043314658261123648 0.049973689120919131 0.046612414365723158 0.011264312250971201 0.032386764824918014 -0.01009929824443964 0.045689857066664376 -0.0048473901915714133 0.00053110606825173949 0.014076185561801091 0.026567144048644138 -0.0040746547036318139 0.0090477406066347583 0.00035056213827753629 0.0082006539181935165 -0.0039772242190826441 0.024580046416031114 0.016032332485435064 7.8589398967595617e-05 -0.008474110037083496 -0.0086819723617960528 -0.015222744467721806 -0.011118657206471165
leaf_weight=2995.4690257310867 1780.8153510540724 926.37626972049475 2284.824030764401 1151.6390106081963 1254.1483559012413 822.50190015137196 194.04809333384037 6752.1279899701476 438.37485322356224 213.11938253045082 1750.7109649330378 991.22922612726688 1828.8723826035857 713.07297402620316 1020.4763745442033 3588.9311574772 1916.4604909196496 776.17750649154186 9482.4584773406386 1685.0378811135888 3025.4124305546284 7162.4796868264675 11094.37081810832 1249.1789890900254 1751.3503415882587 3834.4015075564384 8611.0277678668499 276.92147690057755 1722.384811386466 6515.0162442326546
leaf_count=19705 6047 2902 7130 4473 6062 3608 1095 40848 1245 595 6492 3462 7921 2426 3941 13687 7221 2445 42154 6316 17555 27933 44906 4191 6454 14852 41173 1010 8486 43824
internal_value=0 -7.69658e-05 0.00196627 -0.00360857 0.00307492 0.00358689 -0.00685766 -0.00105505 0.0339259 0.00291678 0.00348011 0.00329192 0.00477804 0.00378876 0.00455596 0.0117352 0.0226491 0.00516068 -0.00168405 0.017692 -0.0102758 0.00263286 0.000528397 0.011349 -0.000943951 0.00508071 -0.00646366 0.0195555 -0.00794273 -0.0074816
internal_weight=0 86028.6 66108.2 10966 55142.2 53888 19920.4 7384.55 632.423 51603.2 49058.3 48845.2 37612 34935.8 33106.9 6994.64 2629.53 4365.11 11233.2 2676.27 12535.9 26112.3 18949.8 2269.66 16680.1 5585.75 9762.67 1203.3 2544.89 9540.43
internal_count=400159 394112 269840 49558 220282 214220 124272 43188 2340 207090 194996 194401 145755 135977 128056 25779 9647 16132 48646 9778 81084 102277 74344 8132 66212 21306 45646 3912 12094 61379
is_linear=0
shrinkage=0.05


Tree=78
num_leaves=31
num_cat=0
split_feature=122 14 29 122 7 6 41 122 12 6 29 29 234 14 29 232 232 225 230 232 122 234 229 223 206 226 230 232 14 229
split_gain=1956.32 873.586 394.464 381.13 249.944 255.019 200.755 155.047 143.951 116.748 110.184 91.2693 90.6803 89.829 84.6216 81.8643 80.876 76.6715 71.3914 70.7728 69.9104 68.884 68.853 72.3648 61.3155 61.2579 84.7706 59.3067 57.7162 57.6686
threshold=0.02907963935285807 0.20258725434541705 0.026657558046281341 0.056228065863251693 1.0000000180025095e-35 2.2640500068664555 1.0000000180025095e-35 0.10306598618626596 0.15515629947185519 1.6911500096321108 0.067905317991971983 0.061928194016218192 0.018749905750155452 0.023010558448731903 0.031822690740227706 0.080501284450292601 -3.334617972373962 0.048409214243292815 3.5000000000000004 1.8194242715835574 0.023233605548739437 0.013000867795199158 1.6979064345359804 1.0000000180025095e-35 -0.038618599995970719 0.06591398268938066 6.5000000000000009 -3.334617972373962 -0.0065433208364993325 0.96145448088645946
decision_type=2 2 2 2 2 2 2 2 2 2 2 2 2 2 2 2 2 2 2 2 2 2 2 2 2 2 2 2 2 2
left_child=2 3 13 4 5 14 -4 22 10 29 -3 12 15 -1 -2 18 -16 20 -7 -18 -11 -20 23 -5 -25 -14 -27 -26 -17 -8
right_child=1 8 6 7 -6 11 9 -9 -10 17 -12 -13 25 -15 16 28 19 -19 21 -21 -22 -23 -24 24 27 26 -28 -29 -30 -31
leaf_value=0.019520312397418388 0.01091511734942241 -0.011821117957919805 -0.04689457258575077 -0.020656375671525899 -0.034369642850325503 0.0011069327039740992 0.0073140819519033791 -0.020755257464391927 -0.031208298958954179 0.0069482860385433418 -0.023310820765743052 -0.010685986311399696 -0.0050580236617764965 0.0096848547021830822 -0.030902845322005941 0.012541869324848881 0.0022171425081367753 -0.021134640426232865 -0.0093391549683347671 0.016701375008418506 0.0011485157258608724 0.011268541874827839 -0.018919234230618153 -0.017151537113244929 -0.040975460579870976 -0.029372522812305069 0.00070545590955085967 -0.003943600807849528 0.0015017320626507576 0.015193505656950438
leaf_weight=7710.4070380926132 3800.531444594264 6647.8508429080248 181.39342774450779 812.27820739150047 534.83025096356869 5228.9276874065399 5968.5439384877682 2437.5410320311785 1698.4007449299097 10705.768977195024 3041.1697565019131 3605.2310727536678 5016.384778007865 3321.5682647079229 177.7541837990284 1619.9492073506117 15482.961597025394 304.60891103744507 4263.5078848004341 891.94996993243694 10095.689775839448 448.13010320067406 1148.5149230211973 1002.6311979591846 109.10912457108498 649.38086514174938 366.44337564706802 11886.410432145 4397.2766297608614 3800.9747932255268
leaf_count=41321 15295 19036 571 2255 2716 16304 22287 7126 6351 39650 9338 9917 15463 16545 555 5128 47354 943 13045 2677 34080 1420 3933 2768 349 1886 1042 33176 13216 14431
internal_value=0 -0.00502296 0.00843738 -0.00274864 -0.000385944 9.619e-06 0.00555245 -0.00906173 -0.0177811 0.00586057 -0.0154275 -0.00331206 -0.00210311 0.016559 0.0041868 -0.000129028 0.00264197 0.00376877 -0.0029153 0.00300611 0.00413345 -0.00737913 -0.00715629 -0.00617804 -0.00527327 -0.00732542 -0.0185223 -0.00428044 0.00447394 0.0103797
internal_weight=0 75267.2 42089 63879.7 46483.3 45948.4 31057 17396.5 11387.4 30875.6 9689.02 25595.2 21990 11032 20353.2 15957.8 16552.7 21106.1 9940.57 16374.9 20801.5 4711.64 14958.9 13810.4 12998.2 6032.21 1015.82 11995.5 6017.23 9769.52
internal_count=400178 230350 169828 195625 146018 143302 111962 49607 34725 111391 28374 77421 67504 57866 65881 49113 50586 74673 30769 50031 73730 14465 42481 38548 36293 18391 2928 33525 18344 36718
is_linear=0
shrinkage=0.05


Tree=79
num_leaves=31
num_cat=0
split_feature=29 122 232 227 230 228 229 224 233 18 224 232 232 225 228 230 229 230 234 228 226 35 33 227 233 233 233 227 233 233
split_gain=1358.68 663.068 417.715 511.405 476.068 574.408 453.726 452.447 385.869 379.211 420.99 390.363 366.804 351.981 319.121 287.965 305.802 260.687 319.078 256.2 246.92 238.334 215.89 202.228 247.834 404.266 227.392 173.39 430.112 408.346
threshold=0.033212302252650268 0.06589690595865251 -1.5185908079147337 0.22535404562950137 2.5000000000000004 32.958612442016609 1.2639697194099428 4.5000000000000009 -0.013996877707540987 0.36663550138473516 3.5000000000000004 0.30034458637237554 -1.6804370880126951 -0.072023449465632425 88.40799713134767 8.5000000000000018 0.74705293774604808 9.5000000000000018 -0.010293399915099142 20.885622978210453 -0.010998837649822233 -101.28665924072264 30.78983306884766 0.0018821603734977546 0.017987792380154136 -0.033579252660274499 -0.041231783106923096 0.15454842895269397 -0.0007505168905481695 0.025118764489889148
decision_type=2 2 2 2 2 2 2 2 2 2 2 2 2 2 2 2 2 2 2 2 2 2 2 2 2 2 2 2 2 2
left_child=8 2 4 9 5 13 20 -7 17 10 -4 19 15 -2 -10 16 -6 -1 -19 -12 -5 -21 -3 24 25 26 -23 28 -11 -29
right_child=1 22 3 6 12 7 -8 -9 14 27 11 -13 -14 -15 -16 -17 -18 18 -20 21 -22 23 -24 -25 -26 -27 -28 29 -30 -31
leaf_value=-0.0073273151251061546 0.066987969654547438 0.0098405511281671881 -0.014589813442612763 -0.00464200192190313 -0.019248728539881604 0.059134792327232261 -0.025613728720363011 -0.013722144590049135 -0.022088250265891458 0.024579885620527986 0.044574820232109347 -0.029188289145183139 -0.008483568583418857 -0.022909951277699184 0.012542998205255668 -0.025622974155702666 0.03401026566523984 -0.019527642635901631 0.048350737065975091 -0.01199886510009226 0.035175479833728991 -0.0013643642185167367 0.02669276049723689 0.035797456976547543 0.035850720534584983 -0.014326411305625645 0.036023584783189046 -0.012931994315702001 -0.0071627803619695833 0.028376862876895295
leaf_weight=3594.9625456780195 114.68480931222439 12264.878310911357 11594.45095423609 492.55111489444971 292.28154090791941 519.02770453691483 500.0932577624917 361.51385425031185 9114.3634338341653 1347.7024574354291 370.19396294653416 1003.8154484257102 927.938819617033 2152.2318183332682 717.58417046070099 249.37189842760563 3461.2440795600414 264.96340279281139 499.52977214753628 2147.1743901073933 1858.4226928949356 762.62091428786516 2248.9388479441404 576.14061016589403 543.91123347729445 2178.8423898518085 871.32998459786177 899.12703970819712 5126.8255402743816 1787.7716385275126
leaf_count=27838 325 42406 75551 2188 1912 2405 2364 2250 101506 5483 1059 6288 5210 13173 3492 1339 11615 2300 1500 12584 6214 4127 6271 2523 3139 14098 4004 4170 26194 6650
internal_value=0 0.00329309 -1.85874e-05 -0.00257892 0.0101428 -0.00504953 0.0176338 0.0292228 -0.0140707 -0.00455181 -0.00840293 8.22023e-05 0.0198404 -0.018362 -0.0195607 0.0264064 0.0298631 -0.00168895 0.024825 0.004026 0.0268333 0.00190582 0.0124518 0.00795827 0.00427675 -0.000227407 0.0185733 0.0038758 -0.0005554 0.0145535
internal_weight=0 54653.1 40139.3 32061 8078.29 3147.46 2851.07 880.542 14191.4 29209.9 20048.5 8454.03 4930.84 2266.92 9831.95 4002.9 3753.53 4359.46 764.493 7450.21 2350.97 7080.02 14513.8 4932.85 4356.7 3812.79 1633.95 9161.43 6474.53 2686.9
internal_count=400178 263542 214865 176636 38229 18153 10766 4655 136636 165870 123373 47822 20076 13498 104998 14866 13527 31638 3800 41534 8402 40475 48677 27891 25368 22229 8131 42497 31677 10820
is_linear=0
shrinkage=0.05


Tree=80
num_leaves=31
num_cat=0
split_feature=7 29 232 232 233 227 142 227 225 230 225 230 225 225 225 234 233 227 231 231 234 151 28 228 225 227 224 230 230 234
split_gain=690.509 421.02 254.728 186.692 184.12 328.395 157.824 162.027 145.974 211.863 139.107 123.282 117.553 106.005 105.394 126.409 222.444 170.159 119.931 144.75 138.892 118.861 112.397 110.923 233.495 325.132 158.082 103.576 136.192 100.645
threshold=1.0000000180025095e-35 0.039567012339830405 -1.1503158211708067 -1.1373609304428098 -0.0024530928349122401 -0.050510147586464875 8.3765501976013201 0.1475668400526047 -0.0096520888619124872 12.500000000000002 -0.01059231488034129 9.5000000000000018 0.0044434329029172668 0.20679578930139544 -0.029245145618915554 0.026521355845034126 0.078989129513502135 0.20794968307018283 2.8518747091293339 2.8963961601257329 -0.046986028552055352 4.3916141986846933 0.43096378445625311 34.72050857543946 -0.00040011579403653735 -0.010219377465546129 1.5000000000000002 2.5000000000000004 8.5000000000000018 0.021706453524529937
decision_type=2 2 2 2 2 2 2 2 2 2 2 2 2 2 2 2 2 2 2 2 2 2 2 2 2 2 2 2 2 2
left_child=1 2 8 -4 -5 12 -7 11 9 10 -1 -8 -6 -2 22 18 27 21 -16 -20 -21 -18 -3 29 25 -25 -27 -17 -29 -22
right_child=13 14 3 4 5 6 7 -9 -10 -11 -12 -13 -14 -15 15 16 17 -19 19 20 23 -23 -24 24 -26 26 -28 28 -30 -31
leaf_value=-0.011854256141549724 0.038759041838121011 0.0058319031904066933 0.055851080623282881 -0.0096698240317024745 0.0041562473301138677 -0.015177461028638751 0.00025641266227411827 -0.0080913050764846277 -0.018216524393146648 0.029150923366710709 0.022335772411378144 0.011713310513408775 0.042346825387637989 0.010450164551334821 -0.0027656215706164076 0.018201472765485036 0.032606656299844473 -0.025406181983196576 0.034513128558327791 0.035083043059074358 -0.0048483130036686998 -0.00069823475977775812 0.024263238352620575 0.035419082344980549 0.00055524640537275415 0.013615103335343319 -0.015231645554205128 -0.001051213278145063 0.022319683805750924 0.02862767338612722
leaf_weight=3413.3408219590783 1305.9319096654654 4191.5399340391159 138.97255074232817 6332.8221242725849 302.94555651396513 1843.621306784451 9430.4139638915658 4346.7494404613972 4411.6643961071968 406.09548205137253 325.90652168542147 3126.4936671108007 601.68525603413582 442.82037746906281 15514.561060607433 3562.2882443368435 292.34201295673847 670.77886565029621 360.40647156536579 322.18975310027599 5873.8112502247095 3203.4172035604715 1030.5022009313107 1306.4943890571594 9398.5262906104326 1375.2369600385427 725.46253280341625 2175.0528622120619 873.78902104496956 233.44909194111824
leaf_count=21471 4844 14613 768 38381 1640 14873 52622 22464 28433 2150 1864 16935 1674 1210 62924 11306 1056 3183 1106 893 24184 11387 3046 4123 34402 4675 2582 7723 2901 745
internal_value=0 -0.000146824 -0.00439899 -0.00194649 -0.00225561 0.00013362 -0.0012862 0.000228873 -0.0118862 -0.0051492 -0.00887431 0.00310902 0.0295574 0.0315906 0.00273849 0.00197255 0.00670913 -0.0023392 0.000518571 0.00311879 0.00253056 0.00208697 0.00946909 0.00197602 0.00462038 0.0158338 0.00365307 0.0124117 0.00564682 -0.0035687
internal_weight=0 85790.6 34680.7 26123.7 25984.7 19651.9 18747.3 16903.7 8557.01 4145.34 3739.25 12556.9 904.631 1748.75 51109.8 45887.8 10777.7 4166.54 35110.1 19595.6 19235.2 3495.76 5222.04 18913 12805.7 3407.19 2100.7 6611.13 3048.84 6107.26
internal_count=400178 394124 203275 149357 148589 110208 106894 92021 53918 25485 23335 69557 3314 6054 190849 173190 37556 15626 135634 72710 71604 12443 17659 70711 45782 11380 7257 21930 10624 24929
is_linear=0
shrinkage=0.05


Tree=81
num_leaves=31
num_cat=0
split_feature=41 14 122 29 7 6 41 32 41 29 233 6 232 110 233 229 233 226 225 228 229 227 234 225 228 224 228 224 29 130
split_gain=1775.17 843.269 383.965 366.435 250.16 252.575 189.175 130.728 125.972 105.507 100.893 95.8521 94.4282 81.327 78.9042 78.595 75.5512 125.366 71.7066 66.3341 65.9391 61.809 61.2199 60.8125 60.5468 61.6435 59.633 69.4446 61.9833 57.7873
threshold=0.028632631525397304 0.20258725434541705 0.058569263666868217 0.027324740774929527 1.0000000180025095e-35 2.1515499353408818 1.0000000180025095e-35 0.22814524918794635 0.11004179716110231 0.052046278491616256 -0.036969205364584916 2.0551500320434575 1.59461385011673 0.79367166757583629 -0.052350873127579682 1.1690437793731692 -0.013892435934394596 -0.0047057049814611665 -0.00068085597013123323 75.750839233398452 0.96145448088645946 0.22668402642011645 -0.043213134631514542 0.048409214243292815 20.885622978210453 3.5000000000000004 20.885622978210453 3.5000000000000004 0.020011634565889839 0.041533967480063445
decision_type=2 2 2 2 2 2 2 2 2 2 2 2 2 2 2 2 2 2 2 2 2 2 2 2 2 2 2 2 2 2
left_child=3 2 4 13 5 10 -5 12 24 29 14 20 21 26 22 -12 17 18 -13 -14 -8 -3 -2 -18 25 -4 27 -1 -28 -7
right_child=1 7 8 6 -6 9 11 -9 -10 -11 15 16 19 -15 -16 -17 23 -19 -20 -21 -22 -23 -24 -25 -26 -27 28 -29 -30 -31
leaf_value=0.022676447733053648 -0.011579301122675835 -0.016913868426338775 0.0074697504632717966 -0.04548098481903462 -0.033609134173001279 -0.0029097050861980889 0.0059383425731451382 -0.029114767940399845 -0.021949983781418297 -0.0073475607842757923 0.0045328177306357331 -0.0061217234106841663 -0.0032257955884140615 0.0073802615832639423 -0.0092648424751999338 0.013583420199493304 0.0056275977486881026 -0.018020502272727289 0.0083089400109438074 -0.018556396665324482 0.013375393224925794 -0.034029361603990747 0.0083924093664712578 -0.020696768139284172 -0.0070761930315483669 -0.033044867110000452 0.024675088803607297 -0.056013929663774047 0.015632229070421194 0.0027475706197890451
leaf_weight=53.713841989636421 487.77460221946239 5487.2442881911993 120.56471312046051 182.83787676692009 558.99489465355873 12555.519531801343 7712.1718123853207 1944.5409514755011 1757.0309960395098 9278.3404251039028 12503.150885760784 1534.118895560503 2251.8083953112364 2339.1573012620211 2116.9499074816704 2968.1630864739418 11383.582572802901 1010.3810404390097 1961.5350666940212 1027.5940973460674 4857.7966038286686 583.58917814493179 1798.510132163763 223.70119819045067 13372.133057117462 424.29655784368515 2666.2888468652964 58.652090892195702 6550.5561017096043 7047.783387735486
leaf_count=275 1452 16142 327 581 2964 39751 28439 7244 5247 25670 41062 5149 6475 11698 6698 10094 40933 3159 6750 3087 18310 1766 5543 676 37860 1287 15637 167 34000 22190
internal_value=0 -0.00470914 -0.00251757 0.00823929 -0.000350891 3.04187e-05 0.00521679 -0.0173192 -0.0093346 -0.00295488 0.00436864 0.00553995 -0.0148662 0.0157166 -0.00230909 0.00626917 0.00298707 -0.00250791 0.00197583 -0.00802961 0.00881247 -0.0185592 0.00413148 0.00512026 -0.0077419 -0.02408 0.0178068 -0.0183979 0.0182482 -0.0008758
internal_weight=0 76284 64989.2 40534.5 49315.2 48756.2 28866.1 11294.8 15674 28881.6 19874.5 28683.3 9350.24 11668.4 4403.23 15471.3 16113.3 4506.04 3495.65 3279.4 12570 6070.83 2286.28 11607.3 13917 544.861 9329.21 112.366 9216.84 19603.3
internal_count=400633 234859 200145 165774 155424 152460 103997 34714 44721 87611 64849 103416 27470 61777 13693 51156 56667 15058 11899 9562 46749 17908 6995 41609 39474 1614 50079 442 49637 61941
is_linear=0
shrinkage=0.05


Tree=82
num_leaves=31
num_cat=0
split_feature=29 233 227 234 231 229 227 230 226 25 226 13 228 232 225 228 227 227 229 230 233 227 232 226 233 227 234 229 233 187
split_gain=1267.91 587.506 959.787 750.586 495.204 446.291 436.862 453.459 361.267 332.446 344.854 280.988 265.104 318.007 248.579 248.768 427.547 219.832 443.979 207.967 248.265 236.796 321.715 271.457 240.429 388.172 189.834 202.076 185.975 182.921
threshold=0.049554342404007919 -0.01175938034430146 0.1475668400526047 0.012814752757549288 1.8967823982238772 1.0951494574546816 -0.016072324477136132 11.500000000000002 0.0011882765393238517 65.676994323730483 0.17813075333833697 0.089629340916872038 82.133041381835952 1.1673411130905154 -0.023775535635650154 53.672094345092781 0.0018821603734977546 -0.016155138611793515 0.91174501180648815 1.5000000000000002 0.086065258830785765 0.18537236005067828 0.086195968091487898 -0.011426768731325863 -0.033579252660274499 0.011352922767400743 0.0030116746202111249 1.0789459943771365 -0.01240761950612068 -5.3415000438690177
decision_type=2 2 2 2 2 2 2 2 2 2 2 2 2 2 2 2 2 2 2 2 2 2 2 2 2 2 2 2 2 2
left_child=1 4 8 -4 5 14 7 28 17 10 19 -10 13 -5 -1 26 -17 29 -19 20 -2 22 24 -23 -21 -26 27 -16 -6 -3
right_child=9 2 3 12 6 -7 -8 -9 11 -11 -12 -13 -14 -15 15 16 -18 18 -20 21 -22 23 -24 -25 25 -27 -28 -29 -30 -31
leaf_value=-0.030136785774079786 -0.0049511322431485469 0.0066650547461483411 -0.02086885421225701 0.025533740805212198 -0.0038426101315774223 -0.022378219237161944 -0.022170160843229186 0.05777719382103709 -0.024475374117630649 0.016959232736583167 -0.020372759231465806 -0.0050184308724198741 0.029895380660757642 -0.0039466442749980296 0.037976316453616377 -0.015303504828001278 0.027729358123514382 0.056050565078937221 -0.0063547998446160051 0.023141187335171957 0.045977165964114892 -0.017536963334388225 -0.0056578212746080372 0.034862180980130261 -0.0014182116471747632 0.036277044684688543 -0.025459340054780316 -0.025293206071084807 0.031079191020157312 -0.017042762285347495
leaf_weight=250.76058703660965 4697.3743881583214 1057.3623169586062 2142.9845453724265 1427.0335618332028 5304.6821589693427 767.94176521152258 2696.2965530306101 343.9833479821682 10662.317770801485 7562.6531303226948 1290.4318349808455 2246.5465574786067 1770.7637768015265 2548.2879655584693 2362.5884523838758 1019.7473340779543 1330.0042713209987 394.01801112294197 1030.1819138526917 3199.3046150803566 252.14187821745872 294.84215214848518 3488.1463070362806 1528.6181337237358 3814.8315848335624 831.88148756325245 138.90620125085115 133.32320458441973 410.76391924917698 3529.4868092723191
leaf_count=1837 20994 6262 15774 8288 35562 5179 19394 944 104785 25441 5909 10274 6530 13469 8594 6390 6178 1793 8217 11050 872 1142 15908 4550 16350 2668 903 870 1832 32674
internal_value=0 -0.00585506 -0.0102655 0.00438535 0.00215634 0.0132171 -0.00542737 0.00202276 -0.0163745 0.00806712 0.00460029 -0.0210893 0.0138038 0.00663602 0.0184384 0.0208821 0.00905392 -0.00624957 0.0109102 0.00638003 -0.00235671 0.00966654 0.00697611 0.0263896 0.0125928 0.00533021 0.0314306 0.0345967 -0.00133281 -0.0115776
internal_weight=0 41568 26809 7889.07 14759 6003.27 8755.73 6059.43 18919.9 26960.2 19397.6 12908.9 5746.09 3975.32 5235.33 4984.57 2349.75 6011.05 1424.2 18107.1 4949.52 13157.6 11334.2 1823.46 7846.02 4646.71 2634.82 2495.91 5715.45 4586.85
internal_count=400633 295749 208066 44061 87683 29951 57732 38338 164005 104884 79443 115059 28287 21757 24772 22935 12568 48946 10010 73534 21866 51668 45976 5692 30068 19018 10367 9464 37394 38936
is_linear=0
shrinkage=0.05


Tree=83
num_leaves=31
num_cat=0
split_feature=7 29 232 227 232 226 229 232 229 234 226 224 230 233 227 230 227 227 227 226 229 18 228 227 226 11 227 234 14 228
split_gain=632.741 395.05 197.507 240.879 146.323 218.048 191.01 148.633 128.404 135.574 343.527 159.826 188.335 243.438 158.03 209.438 141.995 127.775 125.675 177.898 125.64 114.89 113.616 106.564 102.741 100.328 138.345 113.343 94.3011 92.0925
threshold=1.0000000180025095e-35 0.032390229403972633 -0.67935836315155018 -0.028905277140438553 -1.4672073721885679 -0.052973167970776551 1.6979064345359804 -1.4327689409255979 0.70228666067123424 0.014099156949669124 -0.0097577082924544794 3.5000000000000004 12.500000000000002 0.017987792380154136 0.146713562309742 1.5000000000000002 -0.017081287689507004 0.15393447130918506 -0.021915305405855175 -0.046242320910096162 1.0909022688865664 0.048390366137027747 45.157526016235359 0.20794968307018283 0.22355348616838458 -0.054922895506024354 -0.030424005351960656 -0.023464773781597611 0.10268909856677057 51.96806716918946
decision_type=2 2 2 2 2 2 2 2 2 2 2 2 2 2 2 2 2 2 2 2 2 2 2 2 2 2 2 2 2 2
left_child=1 2 -1 -4 5 -3 7 -6 17 11 20 16 -13 -14 22 29 18 -9 19 -10 -11 -5 -12 -17 -2 26 -7 -28 -18 -16
right_child=24 4 3 21 6 25 -8 8 9 10 14 12 13 -15 15 23 28 -19 -20 -21 -22 -23 -24 -25 -26 -27 27 -29 -30 -31
leaf_value=-0.014335684191658147 0.038108281386128741 0.016586946465977134 0.032203566988628717 -0.0093240432337988212 0.030715140900641532 -0.012485536349649089 -0.017669027043901379 0.028313607054977472 0.039365167943956246 0.040254752994051672 0.028205797878333678 -0.0060374443580302577 0.030183186409569109 -0.019062170791726268 -0.0096278452861758759 -0.0040369709597350388 -0.0011011016300851418 0.004877262764424896 0.029143230935681178 -0.0078565973481710856 0.012655964030278483 0.00041127241812457111 0.0058866787585483606 -0.021053102962612744 0.0099501464413716163 -0.0075133654560190603 0.037623961121134045 -0.019416109760560102 0.0070228071336835528 0.012959933296485772
leaf_weight=5625.222012154758 1256.9774934500456 1209.2866703718901 466.17118667066097 6019.2669721394777 486.70925110578537 405.66612967848778 1117.9842223823071 965.91337369382381 266.61160092055798 880.34485779702663 597.37999050319195 11330.33860462904 813.09409242868423 362.9899477660656 566.19490249454975 3055.1455385237932 10268.476759269834 1461.5970962792635 942.60583639144897 791.69903883337975 775.7451563179493 6103.5764518901706 12531.970798790455 1316.5914794802666 436.42242178320885 9046.7872929498553 432.32972536981106 109.06175145506859 5477.650650292635 2222.7675999104977
leaf_count=42020 4812 3990 1557 44592 1668 1625 5388 3146 881 2495 1873 50200 2892 1644 2227 11987 42448 5173 2961 3407 2647 36973 46084 6136 1191 42658 1427 514 18626 7391
internal_value=0 -1.27887e-05 -0.00654668 -0.00306627 0.00175202 -0.003466 0.00279161 0.00320666 0.00296156 0.0024388 0.00543061 0.000268521 -0.00406063 0.014984 0.00364342 -0.00233164 0.00331929 0.0142027 0.0158656 0.0040396 0.0273269 -0.00442253 0.00690219 -0.00916155 0.0308514 -0.00589246 0.00959123 0.0261334 0.00172499 0.00837433
internal_weight=0 85649.2 18214.2 12589 67434.9 11203.1 56231.8 55113.8 54627.1 52199.6 21946.1 30253.5 12506.4 1176.08 20290.1 7160.7 17747 2427.51 2000.92 1058.31 1656.09 12122.8 13129.4 4371.74 1693.4 9993.84 947.058 541.391 15746.1 2788.96
internal_count=400633 394630 125142 83122 269488 50214 219274 213886 212218 203899 80840 123059 54736 4536 75698 27741 68323 8319 7249 4288 5142 81565 47957 18123 6003 46224 3566 1941 61074 9618
is_linear=0
shrinkage=0.05


Tree=84
num_leaves=31
num_cat=0
split_feature=122 122 41 6 41 7 15 15 229 41 225 15 233 233 154 225 6 225 124 5 232 230 227 126 231 5 229 230 233 234
split_gain=1602.75 687.719 332.386 315.917 238.628 205.631 195.896 153.282 116.851 114.928 89.3286 88.4036 100.185 135.869 86.7096 83.9265 80.7516 80.3806 79.8468 72.6949 64.206 99.601 63.4192 60.7899 59.9764 58.1559 58.0932 57.338 68.1942 123.183
threshold=0.051750676706433303 0.023077363148331646 0.10315360128879549 2.2640500068664555 1.0000000180025095e-35 1.0000000180025095e-35 0.3549060076475144 0.18353974819183352 1.6979064345359804 0.013160442002117636 0.051874106749892242 0.10166634991765024 -0.036969205364584916 -0.059049820527434342 -8.4816975593566877 -0.04725131765007972 1.4486500024795534 0.0051666451618075379 0.018160647712647918 1.0000000180025095e-35 -1.5185908079147337 3.5000000000000004 -0.034230951219797127 0.016340730711817745 21.380081176757816 17.369750022888187 1.0789459943771365 10.500000000000002 -0.01175938034430146 0.021706453524529937
decision_type=2 2 2 2 2 2 2 2 2 2 2 2 2 2 2 2 2 2 2 2 2 2 2 2 2 2 2 2 2 2
left_child=1 4 6 5 -1 11 8 10 14 -6 18 12 13 22 20 -15 -11 24 27 -14 21 -2 -3 -19 -16 -21 -17 28 -5 -30
right_child=2 3 -4 7 9 -7 -8 -9 -10 16 -12 -13 19 15 17 26 -18 23 -20 25 -22 -23 -24 -25 -26 -27 -28 -29 29 -31
leaf_value=-0.047318486432268887 0.0043836885979647213 -0.019099595222264478 -0.022572369175235769 -0.0023571203633965146 0.018836825320602331 -0.032514858566272675 -0.018736993256280619 -0.0093595977350699935 -0.019469695894921431 0.013886177628684077 -0.021776302161490908 -0.00025021138691291476 0.0022100481205285408 0.02656505699277005 -0.011546154573295084 -0.010306358515063093 0.0071105617770598779 -0.00050389847460190933 -0.0069409071547655299 0.015543353034167182 0.0049012679685985329 -0.017446880266820102 0.014955346893113397 -0.011540093744504518 0.01428114608074724 0.0079309898337782767 0.0068496527488997629 -0.0057971611759625608 0.0076186808834422474 -0.0033283747155695587
leaf_weight=179.00980712473392 1055.1542672216892 150.02937690913677 4716.3332992345095 7001.3007414638996 3623.6965033262968 376.16914829611778 3672.5648469775915 7321.2268606126308 1541.4799710810184 6337.1080575883389 516.44126994907856 6813.2732864618301 3769.479493021965 194.94007912278175 7268.2269009202719 2717.6758614182472 14366.261579155922 5070.9779599457979 4367.8230829685926 3548.3976103812456 3115.8427295684814 1034.9789573550224 1539.9157994687557 1654.9926335066557 231.95592552423477 8565.0822897106409 602.90563930571079 3120.1963521838188 7576.1767300367355 3888.8664057701826
leaf_count=580 3015 455 15486 21899 19119 2061 11367 20484 5520 29447 1908 20959 12829 681 20481 8850 59008 14248 13393 13992 8803 2969 5007 4636 638 31130 2046 10282 25605 12898
internal_value=0 0.00310686 -0.0104114 0.000306767 0.0101991 0.00420618 -0.00808428 -0.00295634 -0.00621895 0.0106223 -0.00118535 0.00470125 0.00630098 0.000281132 -0.00516781 -0.00531957 0.00918451 -0.00718828 -0.00077563 0.00827392 0.00035342 -0.00642623 0.011932 -0.00321947 -0.0107474 0.0101609 -0.00719141 0.000471853 0.00153111 0.00390551
internal_weight=0 86576 29362.5 62069.9 24506.1 28277.9 24646.2 33792 20973.6 24327.1 26470.8 27901.7 21088.4 5205.47 19432.1 3515.52 20703.4 14226.2 25954.4 15883 5205.98 2090.13 1689.95 6725.97 7500.18 12113.5 3320.58 21586.5 18466.3 11465
internal_count=399796 312633 87163 204479 108154 98010 71677 106469 60310 107574 85985 95949 74990 17039 54790 11577 88455 40003 84077 57951 14787 5984 5462 18884 21119 45122 10896 70684 60402 38503
is_linear=0
shrinkage=0.05


Tree=85
num_leaves=31
num_cat=0
split_feature=15 233 227 228 231 228 234 226 228 227 230 227 231 227 226 167 230 228 228 226 234 228 142 111 226 6 231 227 3 233
split_gain=1202.62 1040.02 534.42 639.65 463.419 525.506 412.859 373.7 367.154 307.437 350.069 304.403 299.482 285.172 283.413 276.566 263.455 377.962 335.467 243.806 258.641 241.276 236.919 228.794 210.88 209.157 207.467 363.597 200.342 186.642
threshold=0.13828357309103015 -0.006994677707552909 0.1475668400526047 33.779111862182624 1.8967823982238772 29.883596420288089 0.012814752757549288 -0.024013678543269631 44.976861953735359 0.22535404562950137 3.5000000000000004 -0.021915305405855175 0.052658187225461013 -0.033182777464389794 -0.010998837649822233 5.5026500225067148 2.5000000000000004 32.709537506103523 26.965641021728519 0.010562879499047996 0.014197493903338911 54.092773437500007 24.148900032043461 0.15258499979972842 -0.040118413046002381 2.0029499530792241 0.99614292383193981 -0.031896628439426415 610395.21875000012 -0.01204910362139344
decision_type=2 2 2 2 2 2 2 2 2 2 2 2 2 2 2 2 2 2 2 2 2 2 2 2 2 2 2 2 2 2
left_child=1 4 3 16 8 7 -4 11 12 15 -11 13 -1 -6 -12 -2 17 -3 -18 21 29 23 -7 -10 -20 -8 27 -5 -14 -21
right_child=9 2 6 26 5 22 25 -9 19 10 14 -13 28 -15 -16 -17 18 -19 24 20 -22 -23 -24 -25 -26 -27 -28 -29 -30 -31
leaf_value=-0.028295770257016534 -0.00044315487296810174 -0.021015518944042216 -0.022468887073434418 0.023019556335087621 0.0036554680118391736 -0.015512473531291716 -0.0042449972851798376 0.056408329933610203 0.020406659582546765 -0.00021373584862018061 0.001790054663303763 -0.0098055986501628667 0.056069129305742739 0.033892734435607301 0.042735035108590336 0.011334959480240034 -0.00078286717995154674 0.038195342498117187 -0.0027742837286641553 0.034683015502562926 -0.033887523986558539 -0.018792251779717575 0.003776394377854553 -0.0085271717390641537 0.066572021221664751 0.019793887326887676 -0.023280410302708793 -0.0241681583369204 0.018199574653386511 -0.033471846370440032
leaf_weight=173.23575080931187 8528.7322514206171 1355.1138612292707 1309.5865316167474 697.41562340408564 2090.5023486167192 6164.3375384360552 1513.6387141421437 390.11597293615341 1621.7260061576962 1154.4069575071335 548.77635360509157 1982.8047486916184 890.85252451896667 1243.6442905515432 1838.5391079932451 11992.279604017735 802.22125118225813 336.42777175456285 146.57375480979681 1390.2803192511201 178.65159384161234 1172.9662843719125 2146.1946601718664 1180.6512697413564 434.94933243840933 2249.8270115330815 12799.548344735056 984.49658465012908 574.45133016258478 108.27416560053825
leaf_count=1064 38813 10591 10937 4395 11271 45122 9233 1073 7794 4177 2127 11129 2911 4633 5577 43131 5944 2336 1156 5576 1272 6750 10793 6895 2265 11419 119404 8934 2221 853
internal_value=0 -0.00511807 -0.0125827 -0.016713 0.00280933 -0.00250854 0.00171149 0.0091738 0.0130333 0.00878778 0.0223918 0.0057081 0.033873 0.014934 0.0333229 0.00643986 0.00399714 -0.00923917 0.0201777 0.00699236 0.0229792 0.000247455 -0.0105311 0.00821674 0.0490932 0.0101256 -0.021111 -0.00460147 0.0412229 0.0297587
internal_weight=0 43938.5 22629.8 17556.7 21308.7 14017.6 5073.05 5707.07 7291.09 24062.7 3541.72 5316.95 1638.54 3334.15 2387.32 20521 3075.29 1691.54 1383.74 5652.55 1677.21 3975.34 8310.53 2802.38 581.523 3763.47 14481.5 1681.91 1465.3 1498.55
internal_count=399796 305971 186614 155025 119357 84021 31589 28106 35336 93825 11881 27033 6196 15904 7704 81944 22292 12927 9365 29140 7701 21439 55915 14689 3421 20652 132733 13329 5132 6429
is_linear=0
shrinkage=0.05


Tree=86
num_leaves=31
num_cat=0
split_feature=7 142 230 36 225 224 234 227 226 225 225 225 225 232 234 232 226 234 234 230 226 225 227 225 227 232 232 229 28 229
split_gain=591.258 334.344 159.434 134.908 144.141 144.659 174.454 137.53 189.197 148.364 138.093 128.659 150.496 145.257 111.449 193.152 168.439 228.508 198.13 145.978 112.919 107.643 102.932 108.616 123.911 110.481 101.614 99.7406 98.6937 97.9889
threshold=1.0000000180025095e-35 13.674900054931642 12.500000000000002 -1.0000000180025095e-35 -0.029245145618915554 3.5000000000000004 0.016909533180296425 0.20411980897188189 0.059302615001797683 -0.014302461873739956 -0.012367889750748871 -0.00054045068100094784 -0.0046901833266019812 -0.42470620572566981 -0.030719652771949765 -1.2383719086647031 -0.030112086795270439 0.016909533180296425 -0.023770466446876522 1.5000000000000002 -0.036604972556233399 -0.0011220313899684695 0.19076778739690783 -0.0097350180149078352 -0.021703610196709629 -1.3491783142089842 -0.91212284564971913 0.70993450284004223 0.40404178202152258 0.85096094012260448
decision_type=2 2 2 2 2 2 2 2 2 2 2 2 2 2 2 2 2 2 2 2 2 2 2 2 2 2 2 2 2 2
left_child=1 2 14 4 28 7 11 9 -9 29 -11 12 -7 -14 19 -16 17 -17 -18 -1 -19 -4 23 24 -12 -25 -13 -27 -3 -6
right_child=-2 3 21 -5 5 6 -8 8 -10 10 22 26 13 -15 15 16 18 20 -20 -21 -22 -23 -24 25 -26 27 -28 -29 -30 -31
leaf_value=0.014764565768978105 0.030059902388806209 0.0056848545417258201 0.028674743391597531 0.017266520942077677 -0.004924179218683448 -0.0032745095253596461 0.026650876205712111 -0.0010151088436514916 -0.026682374072605677 -0.012282544611889564 0.035892200652000619 -0.016549668318296042 -0.00029644574259403536 0.027370183818283968 -0.018161787077060874 -0.0041223233001635171 0.056479509923891648 -0.005861159542384177 -0.0087471437871541064 -0.0070544554663628028 0.050816019723258291 -0.00074655901711103486 0.015424522521563353 -0.0093830111197631474 0.0065779434166041862 0.022013671884397418 -0.0043777216241883592 0.0019461643636044413 0.022404357859821443 0.016864563491514308
leaf_weight=1239.6288377940655 1667.8797363042831 3897.9840595796704 520.32189626246691 1359.0688797086477 626.88030766695738 7981.0639778375626 478.19487587362528 3926.6007634401321 878.59592857956886 1557.5774349346757 476.67189102619886 2770.8536992818117 1038.4110969975591 873.50236161053181 4099.1316347420216 919.13407956808805 117.98736678808928 113.82751477509737 8782.6944336891174 2008.8179875835776 385.52016299962997 772.36503478884697 1575.5165826305747 2140.4946390464902 1479.0083766430616 634.30180465430021 4498.164079234004 25992.5374475196 1141.0000348687172 2917.3996390774846
leaf_count=5405 6060 14188 2968 4772 2625 35741 1526 16158 4354 6626 1466 13570 4584 3191 28014 5713 620 572 61109 11204 1087 5468 5391 9834 5867 2139 20400 105352 3378 10414
internal_value=0 1.31724e-07 -0.00585449 0.00167576 0.0013492 0.000665373 -0.00313705 0.00225463 -0.00570819 0.00327769 0.00225876 -0.00396704 -0.00025614 0.0123437 -0.00709476 -0.00897975 -0.00533233 0.0106695 -0.0078825 0.00127183 0.0378963 0.0110959 0.00296001 0.00232081 0.0137229 0.00154567 -0.00901751 0.00242421 0.00947073 0.0130108
internal_weight=0 85203.3 18959.4 66243.8 64884.8 59845.8 17640.2 42205.6 4805.2 37400.4 33856.1 17162 9892.98 1911.91 17666.7 14418.3 10319.2 1418.48 8900.68 3248.45 499.348 1292.69 32298.5 30723 1955.68 28767.3 7269.02 26626.8 5038.98 3544.28
internal_count=399796 393736 122160 271576 266804 249238 79012 170226 20512 149714 136675 77486 43516 7775 113724 97115 69101 7372 61729 16609 1659 8436 130049 124658 7333 117325 33970 107491 17566 13039
is_linear=0
shrinkage=0.05


Tree=87
num_leaves=31
num_cat=0
split_feature=142 12 29 29 187 22 124 232 225 15 233 29 152 234 234 232 232 124 232 232 233 18 6 234 7 18 233 234 232 233
split_gain=1522.26 574.562 498.59 464.329 205.751 169.266 158.397 143.645 136.251 122.87 119.073 100.72 109.497 93.9689 127.429 117.085 97.8543 90.3191 89.2246 88.9104 145.716 86.2501 85.9785 84.4236 84.0898 90.5916 111.127 84.1821 126.205 83.5096
threshold=20.958649635314945 0.095355290919542326 0.027980512939393524 0.061928194016218192 -3.5455000400543208 1.0000000180025095e-35 0.01593658979982138 -3.334617972373962 0.051874106749892242 -0.16414686292409894 0.15564788877964023 0.078858997672796263 -0.017530932091176506 -0.013258881401270626 0.016909533180296425 -1.0746681690216062 -2.0192944407463069 0.0012532449909485879 -0.61632698774337757 -0.22886700928211209 -0.030141824856400486 0.040254650637507446 2.2640500068664555 0.050517905503511436 1.0000000180025095e-35 0.40965394675731664 0.025249625556170944 0.0011325155501253905 0.080501284450292601 0.057428147643804557
decision_type=2 2 2 2 2 2 2 2 2 2 2 2 2 2 2 2 2 2 2 2 2 2 2 2 2 2 2 2 2 2
left_child=2 3 5 4 24 -1 7 -4 18 13 23 12 -5 15 -15 16 -9 -3 -7 20 -20 -21 -11 -6 25 26 27 28 -2 -28
right_child=1 17 6 11 10 8 -8 9 -10 22 -12 -13 -14 14 -16 -17 -18 -19 19 21 -22 -23 -24 -25 -26 -27 29 -29 -30 -31
leaf_value=-0.042046101315249863 -0.0075240793405682771 -0.031691111081157325 -0.028420495790828244 -0.0032670373613965203 0.0022425233657237496 0.020050708009620662 -0.0035804332407528118 0.019068261030379861 -0.011044545989734035 0.0083491825010148929 0.015901217015815688 -0.02023501109819241 -0.014824859416408343 0.010951525349292605 -0.020878047324018944 0.0050170884311179567 -0.016419896196038657 -0.017544200213124795 -0.033756315024755755 0.018915502052128299 0.0073385756804072687 0.0086334990075265343 0.0029417947711564019 -0.015404498278092055 -0.034048811227702473 -0.0084288868829097714 0.009221887638371078 -0.0131283514250259 0.0078086407779387069 -0.0025246997311186483
leaf_weight=138.59546038508415 4024.7201528549194 1594.9905569404364 338.67111973464489 3416.144052490592 12074.371253475547 4704.9103412330151 8562.1470972001553 212.42486500740051 546.98712582886219 14669.608095049858 1555.8596354871988 3536.3215584307909 5121.3759047538042 1941.3939084559679 375.22064010798931 1326.631787866354 2269.8787699192762 3855.2947197109461 248.70839560031891 4232.2450175881386 1625.8695231378078 3936.8203009516001 14735.115621119738 718.04021114110947 242.20341357588768 8869.1833077073097 2933.4117911159992 2630.5948594659567 2013.5084812194109 3124.8298902362585
leaf_count=449 11718 5635 1051 9563 36684 25308 27312 721 2103 53839 4847 10457 14683 7057 1267 4360 7080 13201 805 23392 8091 19336 51219 2082 1321 25083 8955 7649 5931 9257
internal_value=0 -0.00626462 0.00521932 -0.00459252 -0.0018902 0.0129614 0.00252994 0.00398853 0.0134598 0.00429745 0.00284049 -0.0131393 -0.0102002 -0.00214469 0.00579611 -0.00697433 -0.013383 -0.0216842 0.0143686 0.0117069 0.00188634 0.0139604 0.00563947 0.00125199 -0.00473758 -0.00443672 -0.00203249 -0.00566339 -0.00241123 0.00316302
internal_weight=0 55710.8 59865.2 50260.6 38186.7 15434.1 44431.1 35868.9 15295.5 35530.3 14348.3 12073.8 8537.52 6125.55 2316.61 3808.94 2482.3 5450.29 14748.6 10043.6 1874.58 8169.07 29404.7 12792.4 23838.5 23596.2 14727.1 8668.82 6038.23 6058.24
internal_count=400456 167066 233390 148230 113527 79484 153906 126594 79035 125543 43613 34703 24246 20485 8324 12161 7801 18836 76932 51624 8896 42728 105058 38766 69914 68593 43510 25298 17649 18212
is_linear=0
shrinkage=0.05


Tree=88
num_leaves=31
num_cat=0
split_feature=29 168 231 228 228 18 233 225 230 226 233 233 234 187 230 234 225 225 225 234 230 225 225 126 231 233 234 233 234 226
split_gain=1147.32 579.281 432.038 496.736 481.917 454.146 354.081 337.487 318.079 270.605 252.38 325.742 266.903 243.347 230.96 286.849 213.793 350.135 206.409 221.529 206.372 186.554 289.429 183.884 178.119 269.873 222.62 175.323 159.296 153.591
threshold=0.033212302252650268 1.5016500353813174 1.7051149606704714 42.342876434326179 29.883596420288089 0.40965394675731664 -0.013996877707540987 -0.01389159634709358 1.5000000000000002 0.064910467714071288 -0.039505766704678529 -0.01240761950612068 0.0082770409062504786 -1.0000000180025095e-35 9.5000000000000018 -0.010293399915099142 -0.012940231710672377 -0.012699490413069723 -0.0041197235696017733 0.014197493903338911 2.5000000000000004 -0.020479704253375527 -0.033661128953099244 0.027352838777005676 1.0605680942535403 0.013887952547520401 0.0011325155501253905 0.14265494048595431 0.072101317346096053 0.22755278646945956
decision_type=2 2 2 2 2 2 2 2 2 2 2 2 2 2 2 2 2 2 2 2 2 2 2 2 2 2 2 2 2 2
left_child=6 2 3 -2 8 16 14 21 13 27 -10 -12 20 -4 -1 -16 -6 -18 -9 24 -13 22 -5 -3 26 -26 -20 -8 29 -7
right_child=1 23 4 7 5 28 9 18 10 -11 11 12 -14 -15 15 -17 17 -19 19 -21 -22 -23 -24 -25 25 -27 -28 -29 -30 -31
leaf_value=-0.0067508463511326729 -0.022089546684618568 0.010536572707447865 -0.014126030261694528 -0.028090265204645772 -0.023928141938272841 0.0032368720457590602 -0.023101765923013669 0.029467545695464777 0.030226077872212216 0.00064854293976026852 -0.018020170981188643 -0.016297257334473979 -0.023288019530758198 0.039064322689244993 -0.020549478777640528 0.045446801272999361 0.050467889903043274 -0.0089957881102025357 -0.021696698736852881 -0.0092039400348473722 0.035321044004751931 -0.020894843697406587 0.018744027541659703 0.027592554884865228 0.029905135836788867 -0.024355303053189444 0.015764700477037697 0.080381188986620722 0.022561925445254358 -0.024383603189206505
leaf_weight=3526.0309441387653 1181.0493035614491 7767.4209932610393 1701.3080824352801 445.50365325063467 2450.9334139674902 7249.3608066141605 7720.7676910571754 2400.590142019093 1976.6148735135794 1499.4887594133615 891.9580224826932 228.02573627233505 311.54695313423872 246.14028276503086 244.77669138461351 502.95997709035873 251.88236021995544 14410.367035068572 556.3111879080534 1013.8741963356733 1283.893566519022 964.31558092683554 1271.0218490585685 1983.8870085477829 2461.9803208559752 252.67502462863922 1381.2581352442503 41.148176752030849 995.27133549004793 540.87032272666693
leaf_count=27919 6748 27538 10450 2653 15839 32083 93501 7702 6302 11121 5125 1454 2071 799 2270 1523 743 91332 2972 5636 5634 4930 5161 6070 8647 1533 6159 461 3442 2638
internal_value=0 0.00297015 0.000549922 0.00868975 -0.00243416 -0.00551514 -0.0133031 0.0120721 0.00958381 -0.0187966 0.0166344 0.00674065 0.0188525 -0.00740324 -0.00139825 0.0238425 -0.0102592 -0.00797426 0.0171799 0.0119739 0.027536 -0.00329728 0.00658875 0.0140066 0.0165892 0.0248547 0.00500886 -0.0225532 0.0037257 0.0013192
internal_weight=0 54218.1 44466.8 11928.6 32538.2 25898.7 13535.2 10747.5 6639.49 9261.4 4692.04 2715.42 1823.47 1947.45 4273.77 747.737 17113.2 14662.2 8066.69 5666.1 1511.92 2680.84 1716.53 9751.31 4652.22 2714.66 1937.57 7761.92 8785.5 7790.23
internal_count=400456 263661 230053 52141 177912 146077 136795 45393 31835 105083 20586 14284 9159 11249 31712 3793 107914 92075 32649 24947 7088 12744 7814 33608 19311 10180 9131 93962 38163 34721
is_linear=0
shrinkage=0.05


Tree=89
num_leaves=31
num_cat=0
split_feature=41 234 227 225 230 227 232 227 231 232 230 234 225 234 232 232 230 117 230 225 226 230 229 123 225 232 226 225 230 142
split_gain=361.238 225.39 366.105 354.939 277.925 168.397 139.132 345.638 131.741 175.533 154.755 207.152 145.274 127.635 284.926 193.329 131.765 126.079 124.003 131.775 123.458 122.037 123.347 121.62 117.088 116.897 110.722 166.039 100.372 98.6353
threshold=0.023140902630984787 0.014197493903338911 0.146713562309742 0.037039635702967651 1.5000000000000002 0.19604091346263888 -0.63058495521545399 -0.031896628439426415 4.5131709575653085 -1.2460717558860777 7.5000000000000009 -0.020229829475283619 -0.0065399571321904651 -0.010293399915099142 -1.0746681690216062 -0.1852077171206474 2.5000000000000004 1.0000000180025095e-35 13.500000000000002 0.0049089442472904929 0.071707285940647139 1.5000000000000002 1.3611016273498537 -0.16652373224496839 -0.01113263890147209 0.84895637631416332 -0.011009755544364451 0.0044434329029172668 6.5000000000000009 8.6186499595642108
decision_type=2 2 2 2 2 2 2 2 2 2 2 2 2 2 2 2 2 2 2 2 2 2 2 2 2 2 2 2 2 2
left_child=6 8 3 24 20 17 -1 -8 9 10 -2 -12 21 14 23 -16 -17 -6 25 -20 -4 -10 -23 -11 -3 -15 27 -26 -14 -9
right_child=1 2 4 -5 5 -7 7 29 12 13 11 -13 28 18 15 16 -18 -19 19 -21 -22 22 -24 -25 26 -27 -28 -29 -30 -31
leaf_value=-0.01270956863489636 -0.010202339963316105 0.017640544911800591 0.013926404197302501 0.032611558892390535 -0.0060519898950545555 -0.021956785831856993 0.042111044563228749 -0.015999576227552291 0.020789814016833372 0.049400664284822662 0.013211086500701236 -0.012536359018745211 -0.0069257792944084594 -0.0070552459038545129 -0.0054465045108643556 0.020088981499571425 0.0021229821260477515 0.02476654781203394 0.029976082563933512 -0.0020799010319605834 -0.0079569704145606625 0.0084498485830160654 -0.015829416044127281 0.0083815135462601675 -0.0056732230328899336 0.0036474337391660346 0.0044704111397569522 0.034419889202656782 0.0092470649499443985 -0.0025758155828741174
leaf_weight=5289.7785874158144 8235.9325748160481 2574.1968311816454 2773.0205535441637 1608.6179130598903 3703.4600762799382 1718.7204732298851 411.42824356257915 1609.4789714589715 1761.0541696548462 500.34880885481834 1914.4941532537341 1319.6832669749856 3203.0735523924232 7990.242461040616 3641.7669304981828 1887.5753336176276 2221.8341374844313 364.52934037148952 594.59595661610365 695.70498857647181 839.67035887390375 4116.498977355659 599.26807118952274 282.86556937545538 391.88498108834028 3748.0178645774722 11535.292561106384 757.16239763051271 1369.5543047562242 9137.1733221635222
leaf_count=37387 41313 9265 8927 6192 15154 8571 1186 14494 5573 1739 7682 6282 13413 35664 16972 6977 8098 1090 2291 3143 3508 15878 2412 1032 1727 15484 45347 2306 5310 56039
internal_value=0 0.00219998 0.00586638 0.010273 -0.00204117 -0.00883451 -0.00603068 -0.00286438 1.53599e-05 -0.0015655 -0.00656291 0.00270502 0.00474144 0.0010928 0.00584575 0.00294168 0.0103753 -0.00329036 -0.00202062 0.0126921 0.00884022 0.00955866 0.0053645 0.0345862 0.00791792 -0.00363789 0.00594479 0.0207461 -0.00208183 -0.00458623
internal_weight=0 70349.1 26266.6 16867.2 9399.4 5786.71 16447.9 11158.1 44082.5 33033.1 11470.1 3234.18 11049.4 21563 8534.39 7751.18 4109.41 4067.99 13028.6 1290.3 3612.69 6476.82 4715.77 783.214 15258.5 11738.3 12684.3 1149.05 4572.63 10746.7
internal_count=400456 291350 102087 64837 37250 24815 109106 71719 189263 146677 55277 13964 42586 91400 34818 32047 15075 16244 56582 5434 12435 23863 18290 2771 58645 51148 49380 4033 18723 70533
is_linear=0
shrinkage=0.05


Tree=90
num_leaves=31
num_cat=0
split_feature=122 29 18 12 29 7 226 229 230 232 29 234 227 234 150 225 225 227 226 232 227 229 225 229 234 234 226 225 226 226
split_gain=1349.33 719.626 279.437 274.367 217.905 167.804 168.055 159.79 139.784 130.62 126.537 114.878 125.642 161.1 103.03 119.3 95.5363 212.517 118.605 92.2497 299.175 94.7088 87.0566 112.48 98.0264 139.062 119.041 150.556 134.292 110.879
threshold=0.052658649161458022 0.030109877698123459 0.36663550138473516 0.095355290919542326 0.073331456631422057 1.0000000180025095e-35 0.018057025037705902 1.8537479043006899 10.500000000000002 -3.334617972373962 0.020333238877356056 0.018749905750155452 0.12742575258016589 0.04958778619766236 -46.428571701049798 0.023182467557489875 0.00082499513518996548 -0.028905277140438553 -0.018806041218340393 -0.61632698774337757 -0.018215506337583062 1.0679636597633364 -0.012940231710672377 1.0951494574546816 0.016909533180296425 -0.0076322637032717458 -0.019264595583081242 0.0076410106848925361 -0.039080714806914323 -0.023411664180457589
decision_type=2 2 2 2 2 2 2 2 2 2 2 2 2 2 2 2 2 2 2 2 2 2 2 2 2 2 2 2 2 2
left_child=1 7 5 4 -2 6 8 10 9 -3 -1 -8 -13 -14 15 22 17 18 -10 -12 21 -21 -11 24 25 26 28 -28 -24 -26
right_child=3 2 -4 -5 -6 -7 11 -9 16 14 19 12 13 -15 -16 -17 -18 -19 -20 20 -22 -23 23 -25 29 -27 27 -29 -30 -31
leaf_value=0.020014469562771767 -0.0054056519624630893 -0.026101509052824764 -0.0058552936971648034 -0.020743548456758264 -0.018589931272968041 -0.03458554622849308 0.011178282456891278 -0.036021792666582175 -0.019924991139174425 0.0093789412979182578 0.01494325543856416 0.0072356396845474919 -0.018269972959357467 0.0064838869158332871 -0.00071933731479936758 0.022385690004778854 0.0018952207953075824 -0.029248893402924643 0.0088232417102068021 -0.037398757187141009 0.0095108412180478913 -0.0038166651132031243 -0.0091430178126798173 0.016165818105150106 -0.038901664322797992 0.010745052938600765 -0.029575221752867212 -0.00095778341651491764 0.0085608710378850244 0.0094449223431895043
leaf_weight=3723.5540208369493 19546.594144433737 419.68939197063446 14052.69089743495 4717.1408258378506 3732.3943160623312 310.35680095851421 7455.9479069560766 176.81223188340664 555.24634090065956 4770.6295811086893 5560.2088615298271 4750.4908187091351 1368.4842677563429 1264.722497433424 17206.483804628253 914.7161567658186 1586.4711193591356 1208.0091945379972 1013.9239436537027 446.18018645048141 9331.161998167634 396.54181887209415 1838.0388843715191 1121.7669311463833 334.00486782193184 2453.2264316380024 840.45133297145367 1014.2143360376358 2567.2966243773699 183.88232252001762
leaf_count=22326 55877 1346 41214 16739 11280 1781 25727 1044 1669 15598 28576 16234 4381 3947 55895 2995 5138 3726 3316 1400 44754 1586 5615 3882 912 8389 2478 3180 8637 582
internal_value=0 0.00287477 0.000415388 -0.00974768 -0.00751953 0.00207246 0.00228766 0.011296 0.000526656 0.00161806 0.011726 0.00680041 0.0023797 -0.00638076 0.001968 0.00485109 -0.00789325 -0.0134849 -0.00134924 0.00976445 0.00693414 -0.0215967 0.00379054 0.0012154 -0.000601379 0.000654773 -0.0032995 -0.0139259 0.00117427 -0.0217356
internal_weight=0 86865.2 67230.7 27996.1 23279 53178.1 52867.7 19634.5 38028.1 33664.4 19457.6 14839.6 7383.7 2633.21 33244.7 16038.2 4363.65 2777.18 1569.17 15734.1 10173.9 842.722 15123.5 10352.9 9231.11 8713.23 6260 1854.67 4405.34 517.887
internal_count=400224 316328 216642 83896 67157 175428 173647 99686 123358 109509 98642 50289 24562 8328 108163 52268 13849 8711 4985 76316 47740 2986 49273 33675 29793 28299 19910 5658 14252 1494
is_linear=0
shrinkage=0.05


Tree=91
num_leaves=31
num_cat=0
split_feature=160 42 160 233 226 226 231 228 228 233 226 224 230 228 233 232 228 225 226 232 230 234 225 232 224 232 224 226 152 226
split_gain=1034.22 450.185 404.979 369.774 333.87 267.14 260.04 299.455 287.108 297.168 423.813 372.985 249.629 241.418 231.245 221.372 199.194 195.811 190.145 236.576 185.48 291.148 232.936 179.452 223.78 174.618 164.709 157.948 210.225 156.251
threshold=3.5816584825515752 2.1801060438156132 5.803835630416871 -0.013996877707540987 0.064910467714071288 -0.012390133459120987 1.7051149606704714 42.342876434326179 29.883596420288089 0.08063810691237451 0.11911282315850259 1.0000000180025095e-35 11.500000000000002 44.976861953735359 0.14265494048595431 0.24266439676284793 81.669120788574233 -0.01389159634709358 0.047917637974023826 1.1673411130905154 2.5000000000000004 -0.029029634781181809 -0.053256671875715249 -1.6804370880126951 3.5000000000000004 0.12601654231548312 4.5000000000000009 0.17813075333833697 0.005317187402397395 -0.05077246576547622
decision_type=2 2 2 2 2 2 2 2 2 2 2 2 2 2 2 2 2 2 2 2 2 2 2 2 2 2 2 2 2 2
left_child=3 2 6 5 14 12 7 -2 20 15 11 -11 -1 -9 23 25 -6 -15 19 -13 22 -22 -8 24 -5 -10 -27 28 -4 -23
right_child=1 -3 27 4 16 -7 8 13 9 10 -12 18 -14 17 -16 -17 -18 -19 -20 -21 21 29 -24 -25 -26 26 -28 -29 -30 -31
leaf_value=-0.012854036528164525 -0.024550876773141841 0.017142677894943663 0.0042069100437524768 0.028440033748874535 -0.015338819801480589 0.013936831090707891 0.030298442265480785 0.034006786990644466 -0.0073866531977857426 -0.0033289673874121366 -0.014765558887507788 0.053272984136894956 0.034127219360176403 -0.009898572619747012 0.081113398725118677 -0.019423852143914941 0.016366095219163192 0.010682008957311084 0.045614582035056139 -0.01307786115818175 -0.0069105330260763563 -0.023039472130550527 -0.016639075733911161 -0.022625251457763788 -0.019930116003074844 0.00058236884268459885 0.080061236114668755 -0.0095362896768783761 0.016647660322552216 0.031743643252288914
leaf_weight=3189.376493178308 724.82690699398518 5274.1847988441586 7351.5835713520646 404.58428317308426 874.60565589740872 2079.8825574219227 336.91693934798241 861.18042381852865 7397.8827232047915 1450.8904952332377 2001.7279960215092 204.52421370148659 310.24228265881538 1514.4979017972946 56.513952895998955 5060.6312384754419 1142.6451614536345 4878.9977859407663 964.10252023488283 391.51513649523258 966.88845994323492 141.66040912270546 1226.7612276151776 8670.5547092370689 584.65493192151189 156.53392680734396 111.70291608572006 1125.1680130064487 6310.603431455791 1602.8746093139052
leaf_count=27016 4543 17182 29394 3149 8719 11467 972 2936 46717 7785 11321 1006 1534 7916 568 30775 5678 20517 3523 1969 4702 952 8315 101983 6706 1008 420 4349 20727 6375
internal_value=0 0.00332578 0.00169848 -0.0108514 -0.0158903 -0.000254805 -0.00164012 0.00609273 -0.004443 -0.0072461 0.00306537 0.0149193 -0.00868913 0.00915439 -0.0197333 -0.0113075 0.00262001 0.00580686 0.0318898 0.00968969 0.00718848 0.0150975 -0.00652571 -0.0203233 -0.000147436 -0.00594973 0.0336801 0.00847037 0.00995333 0.0272951
internal_weight=0 50055.7 44781.5 17313.1 11733.6 5579.5 29994.1 7979.5 22014.6 17739.5 5012.76 3011.03 3499.62 7254.68 9716.31 12726.8 2017.25 6393.5 1560.14 596.039 4275.1 2711.42 1563.68 9659.79 989.239 7666.12 268.237 14787.4 13662.2 1744.54
internal_count=400224 233404 216222 166820 126803 40017 161752 35912 125840 104524 25604 14283 28550 31369 112406 78920 14397 28433 6498 2975 21316 12029 9287 111838 9855 48145 1428 54470 50121 7327
is_linear=0
shrinkage=0.05


Tree=92
num_leaves=31
num_cat=0
split_feature=234 227 225 29 228 230 225 230 232 231 228 228 121 18 227 230 227 234 227 234 227 225 168 229 225 187 187 232 227 234
split_gain=315.981 326.006 400.363 302.793 290.587 223.577 173.901 259.576 248.902 218.921 320.043 158.669 146.203 138.354 178.902 128.101 123.187 121.022 173.927 181.241 150.277 111.139 100.358 99.7023 97.7434 97.7037 97.6443 96.622 94.3445 93.5042
threshold=0.014099156949669124 0.15454842895269397 0.058001475408673293 0.030109877698123459 33.599060058593757 1.5000000000000002 -0.00054045068100094784 12.500000000000002 0.72416734695434581 4.5131709575653085 73.035350799560561 39.999382019042976 0.076936114579439177 0.073924571275711073 -0.075891796499490724 1.5000000000000002 0.17881353944540027 -0.010293399915099142 -0.076281689107418046 -0.011504785157740114 0.015387311577796938 0.0044434329029172668 -0.42604999244213099 1.3611016273498537 -0.01113263890147209 -3.2785000801086421 -1.0000000180025095e-35 -1.5759174823760984 0.15754102915525439 0.0067697498016059407
decision_type=2 2 2 2 2 2 2 2 2 2 2 2 2 2 2 2 2 2 2 2 2 2 2 2 2 2 2 2 2 2
left_child=3 2 4 -1 -2 16 7 9 -8 10 17 -9 28 14 21 26 -3 18 25 20 -20 -6 -13 27 -15 -5 -11 -17 -7 -29
right_child=1 5 -4 6 13 12 8 11 -10 15 -12 22 -14 24 -16 23 -18 -19 19 -21 -22 -23 -24 -25 -26 -27 -28 29 -30 -31
leaf_value=-0.011115972030601258 0.046022629980916205 -0.0087746462593169313 0.036180764555976956 0.0070374069448971167 -0.0045186622283776602 0.01347494488305364 -0.0081782344809175917 -0.020287147643628305 0.0031393064337396945 0.024713950511796416 0.032268215186296273 0.038456220923524895 0.02426437671699614 0.016854311851547784 -0.0026304505512318183 -0.0061592167217814934 0.011400869817645461 -0.00797211373152284 -0.0052121212297453071 0.024287092291880932 0.020573071760676888 0.041706932442377116 0.012746564513023251 -0.014974297128143202 0.0061074667314306823 0.053596689644068884 -0.011965031726603148 0.019581684783281747 -0.014721159107082552 0.0035587417749899718
leaf_weight=7556.2413881570101 443.81991219520569 1069.0100331827998 1151.5235090851784 220.04918776452541 195.6325564160943 318.01876223832369 12468.576640807092 204.28710663318634 7959.1595652252436 1516.9926857799292 655.25214836001396 825.26468342542648 281.43101871013641 2556.8767825067043 6894.3361693248153 1074.2166242301464 2588.7068502232432 7631.9491509646177 7068.8871467486024 653.00499069690704 614.1481664031744 387.7547727227211 702.84788681566715 577.52121169865131 12263.603348337114 230.92451280355453 206.09981656074524 1678.7268258184195 4420.0008598640561 1989.6882390379906
leaf_count=61704 1217 4934 4808 866 1108 1223 57019 945 31456 4586 2084 2929 907 9259 38396 5012 8646 35582 32342 2564 2065 1082 2345 2338 48525 876 749 5966 21140 7551
internal_value=0 0.0044032 0.00741772 -0.00183598 0.00596132 -0.00389761 -0.000320737 0.00240395 -0.00376864 0.00106109 -0.00199851 0.0210985 -0.0107489 0.00516395 -0.00038075 0.00847815 0.00550434 -0.00336603 0.00063457 -0.0010016 -0.00315097 0.0262057 0.0266312 0.00464061 0.00796155 0.0308784 0.0203268 0.00702917 -0.0128286 0.0108911
internal_weight=0 32570.7 23893.5 53833.8 22742 8677.17 46277.6 25849.9 20427.7 24117.5 17074.2 1732.4 5019.45 22298.2 7477.72 7043.25 3657.72 16419 8787.01 8336.04 7683.04 583.387 1528.11 5320.15 14820.5 450.974 1723.09 4742.63 4738.02 3668.42
internal_count=400224 141245 104395 258979 99587 36850 197275 108800 88475 102581 76379 6219 23270 98370 40586 26202 13580 74295 38713 36971 34407 2190 5274 20867 57784 1742 5335 18529 22363 13517
is_linear=0
shrinkage=0.05


Tree=93
num_leaves=31
num_cat=0
split_feature=122 41 160 160 7 41 110 13 152 6 160 225 6 232 110 233 228 117 229 231 231 233 233 22 225 233 233 228 16 225
split_gain=1255.05 601.974 301.789 269.817 203.481 173.575 168.641 121.739 99.0609 96.8724 91.5481 85.9045 82.3642 75.8742 74.6233 71.6898 79.1954 68.3323 67.6632 67.1594 63.9685 66.6902 61.5041 59.8446 57.9088 66.2957 106.41 57.9084 62.7242 56.3171
threshold=0.02907963935285807 0.074022270739078536 2.6657557487487797 5.5901074409484872 1.0000000180025095e-35 1.0000000180025095e-35 0.70941784977912914 0.1830893084406853 -0.020038079470396038 2.1239500045776372 7.5776784420013437 0.051874106749892242 1.6911500096321108 -1.9118109345436094 0.84212377667427074 -0.013892435934394596 43.688339233398445 1.0000000180025095e-35 0.7676072120666505 23.819747924804691 0.11882765591144563 -0.025332218967378136 -0.01175938034430146 27.395999908447269 0.0059500080533325681 -0.042233658954501145 -0.052350873127579682 20.885622978210453 -0.019379178062081334 -0.0024672379950061436
decision_type=2 2 2 2 2 2 2 2 2 2 2 2 2 2 2 2 2 2 2 2 2 2 2 2 2 2 2 2 2 2
left_child=2 3 14 4 6 -4 9 10 13 22 23 12 -7 -5 -1 16 24 -8 -18 -10 -20 -22 29 -3 25 26 -14 -11 -29 -2
right_child=1 7 5 8 -6 11 17 -9 19 27 -12 -13 15 -15 -16 -17 18 -19 20 -21 21 -23 -24 -25 -26 -27 -28 28 -30 -31
leaf_value=0.016210580394374272 -0.0017714875296532295 -0.033012209323670362 -0.045031747405008343 -0.015502155014325229 -0.029213480509295127 0.0087849098163431671 -0.0038498674246760208 -0.024391879156315334 -0.012647716447164364 -0.01891485869961234 -0.02264411749296328 -0.018600392118365432 0.0021649170627989745 -0.001463123677182823 0.0046773557602336679 0.0050251164887010827 -0.036502982433917842 -0.037214186421436229 -0.044836726517006917 0.015453617473170337 0.0023611943893459201 -0.013086487562317749 0.0087588999970636353 -0.0089211582786861976 0.017198705723954748 0.0096058367548833221 -0.032731590262480743 0.0040018002329469497 -0.0022967751926312079 0.0074031718059612882
leaf_weight=8407.6778862774372 4017.0958695411682 266.32896910607815 177.28648500144482 1147.0180052518845 599.58584587275982 9326.2564599514008 15115.516823768616 2390.4466789960861 7631.9008897095919 406.85078273713589 1633.3548638820648 394.14184835553169 721.49528823792934 5979.701795771718 1683.3392182439566 14288.180906161666 181.44261978566647 155.03626595437527 97.835025608539581 218.70742434263229 1770.2015383094549 1154.2377666085958 6776.9789657145739 8033.1227355152369 695.13510888814926 1010.0957269072533 313.3197319060564 6512.3358859121799 10056.446383222938 2865.9525146484375
leaf_count=48785 12920 800 588 3405 3650 36420 45634 9455 21661 1253 5120 1312 2408 16655 8838 53033 602 497 321 601 6126 3652 23425 23285 2460 3767 1047 20404 31648 9481
internal_value=0 -0.00417548 0.00680278 -0.00215387 -0.000274167 0.00429628 0.000103813 -0.0142617 -0.00799052 0.0022434 -0.0118237 0.00458825 0.00489745 -0.00372265 0.0142867 0.00310547 -0.00150917 -0.0041886 -0.00684671 -0.0118649 -0.00506629 -0.0037358 0.00537772 -0.00969424 0.00473159 0.000493586 -0.00840099 -0.000278744 0.000178871 0.00204864
internal_weight=0 73806.4 40220.6 61483.1 46505.8 30129.6 45906.2 12323.3 14977.3 30635.7 9932.81 29952.3 29558.2 7126.72 10091 20231.9 5943.76 15270.6 3203.72 7850.61 3022.27 2924.44 13660 8299.45 2740.05 2044.91 1034.82 16975.6 16568.8 6883.05
internal_count=399253 229894 169359 191234 148912 111736 145262 38660 42322 99131 29205 111148 109836 20060 57623 73416 20383 46131 10701 22262 10099 9778 45826 24085 9682 7222 3455 53305 52052 22401
is_linear=0
shrinkage=0.05


Tree=94
num_leaves=31
num_cat=0
split_feature=122 233 226 12 227 228 234 225 231 228 231 227 232 233 227 231 228 232 227 228 228 230 232 129 225 229 131 232 233 233
split_gain=918.387 485.607 420.91 369.69 323.415 390.514 363.234 297.44 262.731 448.528 291.684 350.587 546.499 447.485 266.629 250.533 243.549 228.91 478.712 241.006 276.927 223.001 212.909 325.694 211.728 205.688 289.307 185.294 237.134 184.8
threshold=0.030928233638405803 -0.013996877707540987 -0.0047057049814611665 0.12016621232032777 0.15536781400442126 33.779111862182624 0.012596924323588611 -0.0043661852832883588 1.7051149606704714 42.342876434326179 2.3752143383026127 0.1475668400526047 0.91150972247123729 0.066189184784889235 0.12312197312712671 2.4903521537780766 44.976861953735359 -0.22886700928211209 0.028331511653959755 34.72050857543946 34.546342849731452 5.5000000000000009 -1.7772749066352842 0.29745817184448248 -0.01389159634709358 1.2264270186424258 0.0035718082217499618 0.086195968091487898 -0.043964074924588196 0.020514339208602909
decision_type=2 2 2 2 2 2 2 2 2 2 2 2 2 2 2 2 2 2 2 2 2 2 2 2 2 2 2 2 2 2
left_child=1 2 27 8 5 7 -6 29 9 -2 22 12 14 -13 15 -12 -11 18 19 20 25 -15 23 -10 -18 26 -17 28 -1 -3
right_child=3 4 -4 -5 6 -7 -8 -9 10 16 11 13 -14 21 -16 17 24 -19 -20 -21 -22 -23 -24 -25 -26 -27 -28 -29 -30 -31
leaf_value=0.013745298442805524 -0.020063909019556899 -0.013056207889053191 0.019884545281409663 0.01777983904795246 -0.02465907545654171 -0.022717450985507752 0.012796893060071951 0.044576506302606962 0.054713063085460159 0.035375361006111522 0.039818153417778356 -0.012128422991479244 -0.015545995821477802 0.028789846674230381 0.049807591803255127 0.012049043989889664 -0.0027212509838450238 -0.011668578468712752 0.07325773556263275 -0.0083012597006162387 0.056004174876090052 0.0063508162612397907 -0.014540832475756131 -0.026441332596755358 0.014995174802380124 0.025501858848263888 -0.009389693690750012 -0.023839370103667237 -0.010706292205309787 0.039720610461838633
leaf_weight=1614.7296324744821 1169.8584481924772 1441.2991233617067 2181.8790002837777 4229.6246055439115 967.62818448990583 9024.216605912894 1955.0331588834524 337.72450975701213 286.72940072417259 1057.5802732259035 440.4069829210639 1406.0661899298429 4942.4333483017981 2844.6584787219763 306.57643020153046 3534.8443101197481 2370.3346201889217 2664.5995808206499 248.4523781388998 3276.3661112226546 287.6426855251193 1812.8496319279075 4512.5876113586128 217.34389260411263 5844.8871834017336 1147.4487262815237 2836.250092137605 1161.9468533098698 2569.3036090359092 187.43525059521198
leaf_count=9916 6338 13497 9872 12189 8514 99743 10987 2316 875 3511 1642 6379 28492 11015 1522 17096 11035 15062 1224 18387 1299 7401 25118 1100 24171 3488 15201 9486 20650 1727
internal_value=0 -0.00885189 0.00137792 0.00370248 -0.0143868 -0.0183178 0.000396055 0.00187226 0.00225757 0.00911024 -6.84403e-05 0.00208051 -0.00115757 0.0125927 0.00366613 0.00268623 0.0127909 0.00151778 0.00461868 0.00307991 0.00785675 0.0200559 -0.0110982 0.0197213 0.00988346 0.00601474 0.00250506 -0.00617527 -0.00126977 -0.00698264
internal_weight=0 21441.2 7527.86 45437.5 13913.3 10990.7 2922.66 1966.46 41207.9 10442.7 30765.3 25748.6 19685 6063.57 14742.6 14436 9272.8 13995.6 11331 11082.6 7806.19 4657.51 5016.66 504.073 8215.22 7518.54 6371.09 5345.98 4184.03 1628.73
internal_count=399253 186708 49924 212545 136784 117283 19501 17540 200356 45055 155301 128208 103413 24795 74921 73399 38717 71757 56695 55471 37084 18416 27093 1975 35206 35785 32297 40052 30566 15224
is_linear=0
shrinkage=0.05


Tree=95
num_leaves=31
num_cat=0
split_feature=7 142 230 225 229 36 225 29 229 224 228 234 234 228 234 230 225 228 225 35 121 230 234 234 229 226 228 228 226 229
split_gain=453.611 264.544 191.604 145.688 127.219 121.257 122.096 107.066 102.535 102.936 134.245 117.296 97.257 241.453 152.379 133.574 133.084 120.842 94.1864 86.7558 83.2583 83.089 78.5314 99.9407 77.9775 77.8552 72.8408 120.101 87.1986 78.6333
threshold=1.0000000180025095e-35 15.847949981689455 12.500000000000002 0.0037611918523907666 0.62673509120941173 -1.0000000180025095e-35 -0.033661128953099244 0.020011634565889839 1.804553806781769 3.5000000000000004 86.087261199951186 0.016909533180296425 0.016066130250692371 42.573217391967781 -0.030719652771949765 1.5000000000000002 0.0044434329029172668 34.72050857543946 0.20679578930139544 282.43899536132818 -0.04337217099964618 10.500000000000002 0.072101317346096053 0.06970811635255815 0.97569498419761669 -0.038447357714176171 73.227172851562514 72.66507720947267 0.071707285940647139 1.1422550082206728
decision_type=2 2 2 2 2 2 2 2 2 2 2 2 2 2 2 2 2 2 2 2 2 2 2 2 2 2 2 2 2 2
left_child=1 2 7 -4 -3 6 24 -1 9 22 11 -11 14 16 15 25 -14 -16 -2 -20 -17 -15 23 26 -6 -9 27 29 -28 -8
right_child=18 4 3 -5 5 -7 8 12 -10 10 -12 -13 13 21 17 20 -18 -19 19 -21 -22 -23 -24 -25 -26 -27 28 -29 -30 -31
leaf_value=-0.0166685312097682 0.034992225990936064 0.017839099027046858 0.02784452845379197 -0.00070613118410658808 0.023597520903886053 0.016607678366273356 0.0019784901644779107 0.02219862781960107 -0.017522339824095148 -0.003996692900363248 0.02985614941211814 0.023149797852004331 -0.013476210530654221 -0.0040838040369871242 -0.015945124091905152 0.029746601542143959 0.042996675313125877 -0.0054720754318311575 -0.0094109083658001306 0.036901789977394281 -0.0070870994728244666 0.024967979745248767 -0.0075394907829805097 0.027902811846038877 0.005933968765723544 -0.00094918843836624262 0.0013887510072996951 0.020435356277264571 -0.011655964584284539 0.0094019488762017104
leaf_weight=1909.9242057800293 1126.1065323501825 1240.2015386894345 780.15156341344118 1045.7530895471573 880.56179539859295 1324.6196297630668 23919.62718616426 986.62681848555803 756.91794257611036 14057.440053187311 313.25322593748569 409.51019266992807 132.6035889685154 4112.3661890625954 4111.7245405614376 163.61550512909889 489.19318614900112 8342.9630674645305 275.28051689267159 159.83249282836914 2461.5723377764225 261.78178586810827 1890.9565158486366 395.72671569883823 2151.3265268206596 574.9242370352149 4700.4241157099605 1034.1641399264336 1761.0668195039034 4192.50476975739
leaf_count=18269 4859 4045 4108 7205 2855 4562 93435 3578 3902 61873 963 1275 649 25255 26809 562 1352 53366 749 432 13613 1551 7869 1170 7359 2970 18851 3269 7005 15493
internal_value=0 0.000158956 -0.00411064 0.0114927 0.00199423 0.00165418 0.00130338 -0.00532055 0.000749522 0.00101208 -0.00252707 -0.00322827 -0.00431886 0.00179921 -0.00615558 0.00209654 0.0309533 -0.00892959 0.0273584 0.00760139 -0.00479143 -0.00234513 0.00239248 0.00291412 0.0110641 0.0136762 0.00263641 0.00370119 -0.00216656 0.00308559
internal_weight=0 84401.5 25373.2 1825.9 59028.3 57788.1 56463.5 23547.3 53431.6 52674.7 14780.2 14467 21637.4 4995.94 16641.4 4186.74 621.797 12454.7 1561.22 435.113 2625.19 4374.15 37894.5 36003.5 3031.89 1561.55 35607.8 29146.3 6461.49 28112.1
internal_count=399253 393213 159287 11313 233926 229881 225319 147974 215105 211203 64111 63148 129705 28807 100898 20723 2001 80175 6040 1181 14175 26806 147092 139223 10214 6548 138053 112197 25856 108928
is_linear=0
shrinkage=0.05


Tree=96
num_leaves=31
num_cat=0
split_feature=29 14 12 29 29 130 228 29 42 125 232 7 14 233 233 168 234 224 24 15 15 229 234 224 228 233 224 224 233 232
split_gain=1222.36 452.804 439.462 296.87 225.982 251.546 150.22 149.665 149.031 112.629 111.455 94.3972 91.4386 84.6275 90.4438 91.8684 84.5289 83.0938 82.1611 78.7136 87.7055 79.4199 83.5355 103.253 76.7867 72.6237 71.5396 71.2563 87.0816 70.0355
threshold=0.042879067361354835 0.24638758599758151 0.071465134620666518 0.02716441918164492 0.069516453891992583 0.070321109145879759 20.885622978210453 1.0000000180025095e-35 1.0750114917755129 0.025022361427545551 -3.334617972373962 1.0000000180025095e-35 0.027352757751941684 0.15564788877964023 0.08063810691237451 0.59354999661445629 0.043198468163609512 3.5000000000000004 53.113897323608406 0.087261211127042784 -0.13824569433927533 0.96145448088645946 -0.020955452695488926 3.5000000000000004 20.885622978210453 -0.01204910362139344 3.5000000000000004 1.5000000000000002 0.00055965055798878904 -0.20359111577272412
decision_type=2 2 2 2 2 2 2 2 2 2 2 2 2 2 2 2 2 2 2 2 2 2 2 2 2 2 2 2 2 2
left_child=2 4 3 7 5 13 17 -1 19 -4 -8 16 -9 14 15 25 -10 -7 -15 20 21 22 23 -5 26 -2 -22 28 -24 -12
right_child=1 -3 9 8 -6 6 10 12 11 -11 29 -13 -14 18 -16 -17 -18 -19 -20 -21 24 -23 27 -25 -26 -27 -28 -29 -30 -31
leaf_value=-0.040501784566205706 -0.0082041093308620975 -0.017621862755235796 -0.028547150805528311 -0.00098714384972890964 -0.013062646581872776 -0.0016677886927872758 -0.033749535195032689 0.015612020969839602 -0.0015857624657661462 -0.0075470035654401288 0.0010968388764317361 -0.031352818671350112 0.0066406851473882166 0.010789907297765388 -0.015425030813025055 -0.010949643991199491 0.010920233639763143 -0.034624395697634834 -0.0061500957717439166 0.00090245328331415198 0.0052630069203592339 0.0090405363483579693 0.001347261898877389 -0.035193297242519801 0.0089727393286506349 -0.00080079886849387352 -0.042725249898991985 0.0073856992867677371 -0.040495977883299117 0.0081239938755774399
leaf_weight=133.2337459474802 5150.7023764550686 6945.777183175087 911.21156883239746 467.92068658769131 5942.6473393589258 359.7543525993824 198.25858429074287 8936.1907091885805 11648.844139531255 2133.1409104168415 8604.5083055347204 246.69149558246136 4163.5771664828062 1448.3762948215008 2628.398974865675 5679.3352098613977 1528.4536370486021 408.36012542247772 1415.1279176026583 6807.9678348600864 175.87730948626995 1803.6793203353882 336.96083107590675 417.41836196184158 18257.243905812502 9282.3588266521692 139.07628108561039 1394.3479349166155 197.05700589716434 6030.8025951832533
leaf_count=440 14816 22954 3166 1662 17077 1016 725 51435 39255 7099 25139 1598 20563 4081 7429 16109 5063 1355 4031 23230 666 6744 1228 1337 71008 26794 457 5733 624 17608
internal_value=0 -0.00570333 0.0046736 0.00566804 -0.00394753 -0.00263296 0.00237164 0.0122243 0.00366996 -0.0138326 0.00348809 -0.000708858 0.0127606 -0.00568246 -0.00670249 -0.00556259 -0.000135174 -0.0191888 0.00241825 0.0056295 0.00701726 0.000850306 -0.00439991 -0.0171146 0.00855047 -0.00344281 -0.0159275 0.00143759 -0.0140932 0.00399253
internal_weight=0 54094.4 59698.9 56654.5 47148.6 41206 15601.7 13233 43421.5 3044.35 14833.6 13424 13099.8 25604.3 22740.8 20112.4 13177.3 768.114 2863.5 29997.5 23189.6 4617.38 2813.7 885.339 18572.2 14433.1 314.954 1928.37 534.018 14635.3
internal_count=400442 159134 241308 231043 136180 119103 45843 72438 158605 10265 43472 45916 71998 73260 65148 57719 44318 2371 8112 112689 89459 17328 10584 2999 72131 41610 1123 7585 1852 42747
is_linear=0
shrinkage=0.05


Tree=97
num_leaves=31
num_cat=0
split_feature=15 233 232 228 227 14 227 232 227 234 227 234 230 234 225 225 234 12 227 227 234 228 233 229 225 233 149 230 36 234
split_gain=950.091 844.885 483.14 357.697 527.548 314.03 295.555 385 451.975 412.553 362.819 573.295 344.896 313.151 286.882 284.73 260.824 247.919 238.822 339.295 430.649 418.971 236.244 260.136 256.605 220.631 200.458 192.985 190.914 185.415
threshold=0.096021957695484175 -0.006994677707552909 0.1648615896701813 33.779111862182624 0.1475668400526047 -0.0054531011264771214 0.22535404562950137 0.39682576060295111 0.013024828396737577 0.014197493903338911 0.13415639102458957 0.0028201703680679206 3.5000000000000004 0.0046147722750902185 -0.0043661852832883588 0.012501493562012913 0.0058956164866685876 0.054261589422822006 -0.036407448351383202 -0.032608650624752038 -0.029844870790839192 53.177101135253913 -0.0055104533676058045 1.0088938474655154 -0.012433297932147978 0.020514339208602909 89.285713195800795 3.5000000000000004 -99.993717193603501 0.012814752757549288
decision_type=2 2 2 2 2 2 2 2 2 2 2 2 2 2 2 2 2 2 2 2 2 2 2 2 2 2 2 2 2 2
left_child=1 2 5 14 -5 18 7 8 9 27 17 -12 -8 -10 25 -16 -14 -9 28 -20 26 -22 -13 24 -24 -3 -21 -2 -1 -6
right_child=6 3 -4 4 29 -7 12 10 13 -11 11 22 16 -15 15 -17 -18 -19 19 20 21 -23 23 -25 -26 -27 -28 -29 -30 -31
leaf_value=0.028838087740223891 0.0049329170385507999 -0.011591819792921164 -0.020381368848739402 -0.021646548901361713 -0.020940350859103229 0.017623527160622942 -0.0026471065534365576 -0.020110922444194726 0.013738190952777141 -0.0093703219351218107 -0.016904749564529555 -0.020369938206914705 0.0063654039795487203 0.058174365939988773 0.050353836778461031 -0.032800081311689232 0.039677854856560259 0.0023684469387580879 0.02851916511421276 -0.00096040310089870332 0.018728235864808349 -0.024488047123810426 0.020917157885608429 0.026785763729562595 -0.0037175596822179892 0.031313568412345665 -0.02364677281015003 0.022607757576374742 -0.012866425933337484 0.0067213302855676747
leaf_weight=297.66425783187151 2890.9134157262743 2097.0268171988428 2204.2750716917217 11609.214335590601 780.48164809122682 3595.0772953294218 1248.1629604920745 3176.6503911800683 778.44326053932309 2593.5611515268683 2292.0789851136506 533.11798490583897 860.54124787449837 808.02667456492782 485.32250434905291 130.66140973567963 1852.5160436853766 1997.9764749109745 1339.9346745982766 2331.1749490536749 3732.9033578447998 659.98278722167015 1831.7579852119088 2567.8743549920619 2499.5474146492779 349.57598701119423 1672.1828956864774 3315.6525394916534 3513.8897072635591 2706.7028106674552
leaf_count=1066 12457 16508 15675 117535 7339 18454 4761 20396 3016 11790 11375 2562 3480 3104 2157 1509 5784 7324 5757 13321 17219 4833 6917 9216 10929 2717 10234 12383 25082 15542
internal_value=0 -0.00561704 0.00165332 -0.0133631 -0.0165238 0.00448661 0.00640554 0.00441611 0.0118054 0.00737689 -0.000735246 0.0049565 0.0191046 0.0363706 0.00221716 0.0327154 0.0291116 -0.0114314 0.00100054 0.0051542 0.00142545 0.0122355 0.0116984 0.0141764 0.00670074 -0.0054614 -0.0104364 0.0143751 -0.0096095 0.000530251
internal_weight=0 37506.1 19347.1 18159 15096.4 17142.8 29246.8 25285.6 10386.6 8800.13 14899 9724.38 3961.22 1586.47 3062.59 615.984 2713.06 5174.63 13547.7 9736.18 8396.24 4392.89 7432.3 6899.18 4331.31 2446.6 4003.36 6206.57 3811.55 3487.18
internal_count=400442 274948 111641 163307 140416 95966 125494 111469 42750 36630 68719 40999 14025 6120 22891 3666 9264 27720 77512 51364 45607 22052 29624 27062 17846 19225 23555 24840 26148 22881
is_linear=0
shrinkage=0.05


Tree=98
num_leaves=31
num_cat=0
split_feature=7 29 232 29 227 234 226 230 229 232 230 228 228 225 230 232 232 229 226 228 225 117 43 232 225 230 229 231 34 225
split_gain=443.247 251.05 208.512 121.578 132.311 113.746 205.146 104.902 100.389 99.9131 93.1012 84.8639 83.9799 104.76 198.593 124.582 114.145 176.893 83.0424 82.946 82.3729 82.3609 74.8404 72.9192 93.731 101.916 71.9638 79.9474 71.5492 70.3079
threshold=1.0000000180025095e-35 0.042709538713097579 -1.4672073721885679 0.020011634565889839 0.22302427142858508 0.014099156949669124 0.0017863642424345019 8.5000000000000018 1.0909022688865664 -1.4327689409255979 12.500000000000002 57.543792724609382 34.72050857543946 -0.0017410190193913875 12.500000000000002 0.79180952906608593 -1.0746681690216062 0.99637550115585338 -0.052973167970776551 61.164428710937507 0.20679578930139544 1.0000000180025095e-35 2.5000000000000004 -2.8103680610656734 -0.034941680729389184 4.5000000000000009 0.62673509120941173 1.1847185492515566 -2.180955052375793 -0.012699490413069723
decision_type=2 2 2 2 2 2 2 2 2 2 2 2 2 2 2 2 2 2 2 2 2 2 2 2 2 2 2 2 2 2
left_child=1 2 10 -4 5 9 8 -8 -7 -5 18 -9 -11 14 16 -15 17 22 -1 -13 -2 -22 -14 -3 25 -25 -26 -28 -20 -12
right_child=20 23 3 4 -6 6 7 11 -10 12 29 19 13 15 -16 -17 -18 -19 28 -21 21 -23 -24 24 26 -27 27 -29 -30 -31
leaf_value=0.0075319888704461421 0.034575172038433778 -0.015017217655724904 -0.013254621445170903 0.026352121843653389 -0.014231421600995218 0.031020127129237435 -0.00099191216125172721 0.0011112039741516149 0.0021073699253560752 -0.01070544805453667 0.034267288866146779 0.042437282897096126 0.0081038215227853296 -0.0096007960431130288 0.033781277132369246 0.0026181428249118267 -0.0032816637455185152 0.0032638142708688446 -0.019825425564791197 0.012447385167324437 -0.015467779565257076 0.027994563334284375 0.06288608554845225 0.0066545017671891683 0.015497824602220781 0.029016823080421219 -0.0039593228846944101 0.0028726627323998086 -0.0071474881894387611 -0.0054052439719471431
leaf_weight=434.0386523976922 1094.9879456460476 569.34102033823729 1987.1855976581573 295.61852793395519 1670.1621737033129 946.39626739174128 9480.5551495179534 1435.2136539295316 439.71718957275152 2910.2359635680914 180.54396582394838 284.07641627639532 87.267573192715645 5299.4365091323853 508.47685017436743 3440.2991044446826 3796.2072395309806 908.71186442673206 3115.4042807668447 1223.8864248096943 193.41363427042961 249.75814881920815 218.29387252777815 2326.2492263168097 1015.9835754781961 652.39219631254673 4893.2713167518377 34280.1923276335 1731.3451749458909 292.77732969820499
leaf_count=2173 4881 2965 19159 1382 8831 3023 48996 7001 2085 17881 827 1256 464 31636 2231 19143 21839 5136 21529 6072 527 676 1022 7657 3083 1912 20449 123537 11375 1694
internal_value=0 0.000130073 -0.00269691 -0.00124416 -0.000519698 0.000212556 0.00360355 0.00156801 0.0218481 -0.00246883 -0.0115162 0.00981403 -0.00296507 -0.00138524 0.00400797 -0.00479095 0.0009865 0.0143301 -0.0134203 0.018097 0.0272141 0.00902628 0.0472404 0.00275982 0.00299428 0.0115524 0.00236 0.00201926 -0.0152966 0.00972747
internal_weight=0 84423.3 40685.8 34931.7 32944.6 31274.4 13809.8 12423.7 1386.11 17464.5 5754.11 2943.18 17168.9 14258.7 5518.96 8739.74 5010.48 1214.27 5280.79 1507.96 1538.16 443.172 305.561 43737.4 43168.1 2978.64 40189.4 39173.5 4846.75 473.321
internal_count=400442 394358 234755 197157 177998 169167 68433 63325 5108 100734 37598 14329 99352 81471 30692 50779 28461 6622 35077 7328 6084 1203 1486 159603 156638 9569 147069 143986 32904 2521
is_linear=0
shrinkage=0.05


Tree=99
num_leaves=31
num_cat=0
split_feature=29 14 12 122 124 6 130 29 29 125 22 117 232 110 29 29 231 230 225 225 227 228 227 230 225 231 226 15 226 162
split_gain=1052.16 396.254 390.278 284.149 209.257 137.927 127.723 104.707 99.9176 97.1246 92.9132 83.4801 82.4624 79.5421 78.8574 70.6648 70.5209 90.3673 60.4323 59.091 57.9835 66.0714 56.2154 55.6452 75.1998 101.175 64.9791 56.8837 58.3255 54.7682
threshold=0.042546687647700317 0.27250355482101446 0.071465134620666518 0.021714603528380397 0.017185688018798832 1.4260500073432925 0.087588459253311171 0.018618061207234863 0.061928194016218192 0.025022361427545551 1.0000000180025095e-35 1.0000000180025095e-35 -0.20359111577272412 0.70941784977912914 0.075776781886816039 0.06051530875265599 7.0897390842437753 4.5000000000000009 0.051874106749892242 0.051874106749892242 0.15019556134939197 66.630981445312514 0.16406235843896869 9.5000000000000018 -0.0084964358247816545 1.0605680942535403 -0.018806041218340393 -0.1269341558218002 -0.028645382262766358 12.150571346282961
decision_type=2 2 2 2 2 2 2 2 2 2 2 2 2 2 2 2 2 2 2 2 2 2 2 2 2 2 2 2 2 2
left_child=2 4 3 7 6 -5 11 -1 12 -4 -7 15 -8 18 -6 29 -15 22 20 23 21 -12 -18 27 25 -25 -27 28 -9 -2
right_child=1 -3 9 5 14 10 8 19 -10 -11 13 -13 -14 16 -16 -17 17 -19 -20 -21 -22 -23 -24 24 -26 26 -28 -29 -30 -31
leaf_value=0.0217496194745238 0.003447251430348003 -0.017762427950121677 -0.027324024689369494 0.0081920508837952603 -0.0074880099979197853 -0.041831498539305421 0.0017684838588531257 -0.0076964283880965271 -0.0039180993769240011 -0.0074333091392126491 0.0011768382403465629 -0.024091617416710384 0.01208055480236964 -0.00066804631349544363 -0.019254351884797304 -0.010259787340231393 -0.016807167994348792 0.0050422299433536934 -0.017723158640337421 -0.016433003732240197 0.011339135793836011 0.009408635372929932 -0.050125976934229599 -0.045039526403871037 0.0078107012050423856 -0.019949394772243417 0.016706977018102215 0.012498878913214922 0.011892659377037004 -0.0036037472938483962
leaf_weight=1905.6456301212311 3397.5734498202801 5667.8796605393291 876.77762241661549 9432.3915796503425 13330.212445907295 124.76389069855213 5349.0506132096052 755.79027539491653 4231.0381200760603 2045.5164791569114 13910.733323916793 503.9247699379921 3040.7310330271721 7966.9169965609908 1594.2699195295572 3270.496718659997 671.44148185104132 435.8445248901844 338.03096618503332 219.58383648097515 2149.4269507527351 2955.5101826936007 156.00912500917912 166.79095409810543 2272.7647202759981 221.34198880195618 266.40909448266029 10540.50467774272 764.20872557163239 14539.565821647644
leaf_count=12566 9810 19357 3083 37727 38160 390 15937 3295 12046 6848 51800 1568 9149 27415 4737 9169 2139 1403 1638 668 7864 11456 469 551 11047 895 1315 51573 3540 42179
internal_value=0 -0.00524267 0.00440641 0.00534822 -0.00380205 0.00294647 -0.00165336 0.0107012 0.00234658 -0.0134011 0.001223 -0.00397851 0.00550592 0.00141093 -0.00874492 -0.00350059 -0.00240837 -0.0133837 0.00323244 0.00931669 0.00360496 0.00261931 -0.0230892 0.00969395 0.00351004 -0.0114232 7.22744e-05 0.0111949 0.00215236 -0.00226818
internal_weight=0 54924.7 58176.4 55254.1 49256.9 38141.1 34332.4 17113 12620.8 2922.29 28708.7 21711.6 8389.78 28583.9 14924.5 21207.6 9230.21 1263.3 19353.7 15207.4 19015.7 16866.2 827.451 14987.8 2927.31 654.542 487.751 12060.5 1520 17937.1
internal_count=399794 162112 237682 227751 142755 142301 99858 85450 37132 9931 104574 62726 25086 104184 42897 61158 31426 4011 72758 72884 71120 63256 2608 72216 13808 2761 2210 58408 6835 51989
is_linear=0
shrinkage=0.05


Tree=100
num_leaves=31
num_cat=0
split_feature=29 29 42 233 227 234 231 227 229 228 232 226 133 22 230 225 225 226 233 230 230 229 231 227 226 233 226 232 230 234
split_gain=841.714 435.299 333.084 305.391 411.639 595.831 372.206 356.977 345.31 273.074 297.857 257.764 244.467 231.993 217.001 207.349 199.287 281.606 190.347 241.253 188.532 186.632 182.445 174.123 277.427 174.745 161.603 155.256 154.296 151.64
threshold=0.051767919212579734 0.028756042011082176 2.6212942600250249 -0.01175938034430146 0.1475668400526047 0.0089091816917061823 1.8967823982238772 -0.016072324477136132 1.0951494574546816 76.667705535888686 1.1673411130905154 0.0011882765393238517 0.55406689643859874 1.0000000180025095e-35 11.500000000000002 -0.023775535635650154 -0.0090084550902247412 -0.041843863204121583 -0.022938567213714119 9.5000000000000018 1.5000000000000002 0.97354578971862804 1.7262096405029299 -0.016155138611793515 -0.039080714806914323 0.020514339208602909 0.22355348616838458 -1.6395928859710691 3.5000000000000004 -0.031190510839223858
decision_type=2 2 2 2 2 2 2 2 2 2 2 2 2 2 2 2 2 2 2 2 2 2 2 2 2 2 2 2 2 2
left_child=1 13 3 6 11 -6 8 14 15 10 20 23 -2 -1 16 -3 27 -18 19 -15 -7 -19 -17 25 -25 -5 -14 29 -27 -8
right_child=12 2 -4 4 5 9 7 -9 -10 -11 -12 -13 26 18 -16 22 17 21 -20 -21 -22 -23 -24 24 -26 28 -28 -29 -30 -31
leaf_value=0.063057685428826976 0.002476343726341227 -0.030984352505897757 0.014118523215305608 -0.013306005594200577 -0.028230551722014271 -0.025039054324487969 -0.015211573792171328 -0.020802488192998056 -0.021887628331905495 0.031994863523735748 -0.0059558510644872522 -0.017572970787166887 0.014449916924071764 -0.01267017905348794 0.051622933979541853 0.016971938527834268 0.0340420169587725 -0.012965295656639063 -0.021149141012175743 0.030609189928797381 0.028927112113221055 0.024153720311368657 0.052842098008740027 0.050035284649547311 -0.0019960093089310569 -0.024394508920148796 -0.0079853280729844708 -0.019327293370668009 0.035885324989053627 0.02420274648118502
leaf_weight=92.621487524360418 12592.568428456783 206.71745339781046 2865.6633812226355 3076.516854505986 1240.2388614416122 184.9766682907939 449.91454768925905 2338.9593514129519 622.18417588621378 1137.1669205129147 2586.619945153594 8723.4332843311131 10145.101599946618 1342.3558702245355 217.48921051621437 3810.1835918501019 847.66197860985994 1107.9031813368201 5516.9368536174297 423.60949461907148 1293.80180375278 487.70381373167038 390.85483834147453 358.1169220879674 900.09322146326303 150.13729685172439 871.61529655754566 1521.1577564030886 362.39647858589888 533.27932976186275
leaf_count=444 53337 1546 10222 24122 9014 1195 2690 16841 4078 4604 13573 70804 33611 12528 639 15705 4451 7564 73634 2027 6008 3010 1318 1494 6151 1531 3132 10458 2269 1794
internal_value=0 -0.00452519 -0.00222368 -0.00366254 -0.00749539 0.00291172 0.00245753 -0.00459671 0.0129816 0.0103357 0.00427726 -0.0124363 0.00723526 -0.0155758 0.00274189 0.0179036 0.000593163 0.0107527 -0.0165758 -0.00228858 0.0221766 -0.00161972 0.0203092 -0.00319192 0.0128134 -0.00880287 0.0126749 -0.00931856 0.0182275 0.00616655
internal_weight=0 42788.7 35413.2 32547.5 20013.5 6442.8 12534 7504.07 5029.94 5202.57 4065.4 13570.7 23609.3 7375.52 5165.11 4407.76 4947.62 2443.27 7282.9 1765.97 1478.78 1595.61 4201.04 4847.26 1258.21 3589.05 11016.7 2504.35 512.534 983.194
internal_count=399794 309714 221081 210859 140765 34394 70094 47447 22647 25380 20776 106371 90080 88633 30606 18569 29967 15025 88189 14555 7203 10574 17023 35567 7645 27922 36743 14942 3800 4484
is_linear=0
shrinkage=0.05


Tree=101
num_leaves=31
num_cat=0
split_feature=234 227 225 230 160 225 14 234 227 225 227 225 231 233 227 225 225 121 231 199 231 230 227 187 231 227 157 232 227 232
split_gain=258.498 285.63 333.81 262.568 218.503 167.624 220.411 195.603 215.353 225.306 191.163 180.423 170.139 182.846 160.196 229.592 139.893 127.186 125.47 112.574 108.556 99.7766 97.3925 96.4715 88.5538 83.8591 82.4329 81.0103 92.4479 98.8728
threshold=0.014099156949669124 0.146713562309742 0.037039635702967651 1.5000000000000002 3.0252717733383183 -0.00054045068100094784 0.027352757751941684 -0.010293399915099142 -0.076281689107418046 -0.0043226098641753188 -0.018788008019328114 -0.0090084550902247412 5.0970113277435312 0.14778378605842593 -0.059249300509691231 0.0044434329029172668 -0.01113263890147209 0.076936114579439177 7.1707286834716806 -0.044296015053987496 2.3752143383026127 8.5000000000000018 0.18537236005067828 -3.8274999856948848 3.348386406898499 0.069283232092857375 0.46266026794910436 -2.8103680610656734 -0.018215506337583062 -1.0194262266159055
decision_type=2 2 2 2 2 2 2 2 2 2 2 2 2 2 2 2 2 2 2 2 2 2 2 2 2 2 2 2 2 2
left_child=4 2 14 18 -1 7 -7 8 23 11 -11 27 20 -14 15 -2 26 22 -3 -12 -9 -18 -5 -6 -23 -26 -16 -10 29 -29
right_child=1 3 -4 17 5 6 -8 12 9 10 19 -13 13 -15 16 -17 21 -19 -20 -21 -22 24 -24 -25 25 -27 -28 28 -30 -31
leaf_value=-0.0094758856417978769 -0.0053360211745140038 0.012604981376203439 0.028639090477268255 -0.0060722759460508629 0.011822747197191489 -0.0086512293675600396 0.0017897201665812033 -0.0015258506243665364 -0.013592694832842412 -0.00724798852577083 0.03864539712757524 -0.016407045097540662 0.018161633913174522 -0.0073476259728576304 0.0064050012827819598 0.037168731091354316 0.00028540166470158356 0.021056690080302119 -0.0074622010891499313 0.014736852852161886 -0.013080116754261892 0.00061800269297197861 -0.019467810767236641 0.043408054561997825 0.042442212422038869 0.01249609412103817 0.022912765253090821 0.014057734748319686 -0.00095477093160293127 -0.0014002957295580903
leaf_weight=7402.3320842161775 493.59325420111418 2975.7826666235924 1706.9549780264497 4020.8084162920713 441.91808846592903 10488.169430360198 9756.9285188764334 5430.9263750836253 617.81042931228876 580.77962236106396 885.20954472571611 1241.395973958075 1775.643593236804 1162.3007991611958 1593.8986735790968 891.55651354789734 12006.486954942346 334.94648472964764 1055.1375935003161 1109.3676899373531 3249.0319947600365 1583.0338835641742 2048.0394281148911 533.72642970085144 266.34488823264837 1912.1177640408278 1439.0023806989193 3545.2940014377236 3604.149806946516 1460.6323439776897
leaf_count=62652 2422 9767 7270 17697 1557 50587 37388 23820 3241 2724 2975 6513 6559 4220 7632 2458 55069 1079 4978 3826 16460 7427 10714 1911 1237 8665 4650 13122 15190 5984
internal_value=0 0.00416287 0.00740756 -0.00264477 -0.00150444 -0.00021841 -0.00361932 0.0024671 0.00644267 0.00474796 0.0179969 0.00148883 -0.00233055 0.00806974 0.00561219 0.0220223 0.00440318 -0.00893743 0.00735218 0.0253477 -0.00585078 0.00251162 -0.0105928 0.0291015 0.00961761 0.0161574 0.0142373 0.0038963 0.00515121 0.00954738
internal_weight=0 32327.7 21893 10434.7 53285.6 45883.3 20245.1 25638.2 14020.3 13044.6 2575.36 10469.3 11617.9 2937.94 20186 1385.15 18800.9 6403.79 4030.92 1994.58 8679.96 15768 6068.85 975.645 3761.5 2178.46 3032.9 9227.89 8610.08 5005.93
internal_count=399794 141065 96830 44235 258729 196077 87975 108102 57043 53575 9525 44050 51059 10779 89560 4880 84680 29490 14745 6801 40280 72398 28411 3468 17329 9902 12282 37537 34296 19106
is_linear=0
shrinkage=0.05


Tree=102
num_leaves=31
num_cat=0
split_feature=15 122 229 14 6 29 232 200 230 5 5 150 233 232 233 230 230 232 226 12 41 29 230 225 233 226 233 225 6 142
split_gain=991.154 489.497 296.032 289.828 172.579 141.346 112.26 119.477 109.546 104.186 97.6425 91.9829 109.251 97.6298 115.338 129.584 112.455 83.574 82.7767 73.0922 71.1752 69.3417 63.9054 83.6589 119.906 66.862 164.826 121.658 62.3775 62.3239
threshold=0.13582963496446612 0.023077363148331646 1.8537479043006899 0.27250355482101446 1.9015499949455263 0.020333238877356056 -1.9481678605079649 -0.017736963927745816 6.5000000000000009 1.0000000180025095e-35 20.322249412536625 -10.714285612106321 -0.012145258486270903 -0.057415185496211045 -0.033969070762395852 10.500000000000002 13.500000000000002 0.30034458637237554 1.0000000180025095e-35 0.17220841348171237 1.0000000180025095e-35 0.058038355782628066 9.5000000000000018 -0.0084964358247816545 -0.030141824856400486 -0.028330408968031403 0.00055965055798878904 -0.0043661852832883588 4.2344498634338388 37.437450408935554
decision_type=2 2 2 2 2 2 2 2 2 2 2 2 2 2 2 2 2 2 2 2 2 2 2 2 2 2 2 2 2 2
left_child=1 5 4 6 9 -1 -2 -8 -4 -3 -11 13 17 14 15 18 -16 -13 21 -5 -7 -6 25 24 -24 26 -22 -28 -14 -10
right_child=3 2 8 19 11 20 7 -9 29 10 -12 12 28 -15 16 -17 -18 -19 -20 -21 22 -23 23 -25 -26 -27 27 -29 -30 -31
leaf_value=0.019638232489961088 -0.022886995386206546 -0.0012119360531372345 -0.030087320367379516 -0.015053526609654033 -0.00012417108960852464 -0.053427881806643512 -0.00086306651730780511 -0.0078917449568495345 0.012634366942714307 0.011752065815388006 0.0035789115825436168 -0.013433181095694864 0.00098277196528043535 0.0060489448187412706 0.0038547195804519764 -0.045609855011385786 -0.019886718659329981 0.0041202142735198245 -0.03710440810793255 -0.029406640632230786 0.0098037436042787193 -0.014234557280652572 -0.037906828962330053 0.0060883892241572748 0.0018320076250838008 0.01138172646023751 0.0070197599436992294 -0.026776508918979366 -0.0063806352174421562 -0.023410757276831159
leaf_weight=2843.884157449007 888.1199205070734 5631.4585407525301 1067.0034346506 4915.2652672082186 2968.7145478725433 47.572494111955166 10817.671800896525 13707.402654565871 300.90569943189621 5952.5093129724264 9464.6067215949297 3775.0229400247335 9106.4045709222555 7008.3920134603977 7574.928994178772 213.94718867540359 533.92982366681099 826.56486722826958 201.04581770300865 1082.297821752727 3103.6528586149216 1232.0022456347942 292.50859402120113 2598.8330971896648 540.73583692312241 10485.1329241395 455.29941289126873 641.4187196791172 4203.8887049630284 199.38577465713024
leaf_count=19014 2730 18495 5461 15986 9349 139 31550 40530 873 23151 33259 11426 30584 23002 24716 736 1641 2529 659 4733 13876 3668 1026 11783 2321 48651 2226 2075 13341 596
internal_value=0 0.00270119 0.000409972 -0.00775712 0.00098264 0.00927315 -0.00542388 -0.00479149 -0.0210358 0.0046085 0.00673455 -0.00104471 -0.00363886 0.00131005 -0.00130003 -0.00760954 0.00229146 -0.0102801 -0.00576254 -0.0176436 0.00765042 -0.00426252 0.0078108 0.00166816 -0.0121182 0.00924636 0.00391598 -0.0127461 -0.00134287 -0.00173103
internal_weight=0 81269.7 60260.7 31410.8 58693.4 21009 25413.2 24525.1 1567.29 21048.6 15417.1 37644.8 17911.9 19733 12724.6 4615.71 8108.86 4601.59 4401.76 5997.56 18165.2 4200.72 18117.6 3432.08 833.244 14685.5 4200.37 1096.72 13310.3 500.291
internal_count=400126 304597 203486 95529 196556 101111 74810 72080 6930 74905 56410 121651 57880 63771 40769 14412 26357 13955 13676 20719 82097 13017 81958 15130 3347 66828 18177 4301 43925 1469
is_linear=0
shrinkage=0.05


Tree=103
num_leaves=31
num_cat=0
split_feature=15 233 232 231 229 230 232 228 233 232 228 231 226 234 228 233 142 231 232 126 231 228 226 229 228 230 232 231 233 142
split_gain=784.513 745.733 490.062 306.772 414.374 300.008 349.858 279.953 300.597 288.224 259.082 363.675 247.108 305.932 227.027 217.969 214.448 213.859 215.871 203.904 242.13 273.988 185.407 179.112 148.633 148.178 146.863 146.742 145.959 142.037
threshold=0.13582963496446612 -0.006994677707552909 0.1648615896701813 1.8967823982238772 1.0126515626907351 10.500000000000002 -0.21642581373453137 33.779111862182624 0.08063810691237451 0.97204104065895092 47.828441619873054 0.88830339908599865 -0.033489985391497605 0.0082770409062504786 76.667705535888686 0.095485590398311629 20.303299903869632 0.99614292383193981 -0.66562584042549122 0.019258377142250541 1.7051149606704714 41.698772430419929 -0.026939586736261841 1.0233559012413027 32.709537506103523 8.5000000000000018 -1.0408806204795835 2.3411664962768559 0.00055965055798878904 16.807650566101078
decision_type=2 2 2 2 2 2 2 2 2 2 2 2 2 2 2 2 2 2 2 2 2 2 2 2 2 2 2 2 2 2
left_child=1 2 3 4 10 6 16 12 17 -10 -1 -12 13 23 15 -11 22 18 29 20 21 -2 26 28 -14 -6 -5 -22 -3 -9
right_child=19 7 -4 5 25 -7 -8 8 9 14 11 -13 24 -15 -16 -17 -18 -19 -20 -21 27 -23 -24 -25 -26 -27 -28 -29 -30 -31
leaf_value=0.039956661506916152 -0.020931730563605384 0.005456493488831724 -0.018321363233153039 -0.0020792628217059057 0.0052031785212256765 0.03169249936415016 -0.03168510073222227 -0.010423623506756451 0.082812223450078021 0.031704817261913265 -0.025156710350282094 0.023418310671781725 -0.020062300482775252 -0.023115236303585987 0.010727673115516798 -0.015399906754948386 0.011570677400852722 -0.020629481978734866 -0.016808896606498657 0.015048972798953834 -0.011090513082183891 0.01737789266666093 -0.019839920500471824 -0.011776789442471448 0.035798993381944304 -0.022282229088162398 0.030285050427134825 0.0030467270193162933 0.044251720476622618 0.032779420052667492
leaf_weight=1542.9151714369655 519.18668293580413 338.47598791867495 2543.0431722663343 5002.1036880798638 1930.7793759033084 712.21703980863094 898.76752945035696 300.34756830334663 94.708931967616081 264.67859780043364 481.46231563389301 1929.7456128746271 1160.0521785803139 428.74316242337227 1567.9389540962875 3404.8726974055171 3196.1162810623646 10532.770421311259 1123.3640403710306 5734.679959513247 2191.0138826817274 4618.3486251831055 1471.6011652946472 271.11344123631716 132.69985077902675 657.30194469541311 376.93939235061407 11313.679414596409 854.54735407605767 518.96307031065226
leaf_count=5293 2593 2294 18006 32091 9844 3271 6542 3009 768 1627 2924 8330 9685 3686 9150 26670 14298 108293 10038 19239 9847 16071 12018 2279 1164 4538 1739 47779 4619 2421
internal_value=0 -0.00448531 0.00223841 0.00511118 0.0137766 0.000248257 -0.0017978 -0.0111289 -0.013571 -0.00363447 0.023957 0.013719 0.00252256 0.0140309 -0.00519768 -0.0120023 0.000875876 -0.017818 -0.00257476 0.00680402 0.00426773 0.0135064 -0.0041137 0.0249084 -0.0143282 -0.00177736 0.000188684 0.000753088 0.033245 0.0169418
internal_weight=0 41736.3 20743 18199.9 6542.2 11657.7 10945.5 20993.3 17807.6 5332.2 3954.12 2411.21 3185.63 1892.88 5237.49 3669.55 10046.8 12475.4 1942.67 24376.9 18642.2 5137.54 6850.64 1464.14 1292.75 2588.08 5379.04 13504.7 1193.02 819.311
internal_count=400126 304597 118894 100888 30929 69959 66688 185703 161976 38215 16547 11254 23727 12878 37447 28297 60146 123761 15468 95529 76290 18664 45848 9192 10849 14382 33830 57626 6913 5430
is_linear=0
shrinkage=0.05


Tree=104
num_leaves=31
num_cat=0
split_feature=7 142 4 4 225 234 226 227 14 225 151 110 226 228 225 14 234 234 227 117 226 226 225 226 227 157 232 227 233 225
split_gain=383.797 185.574 123.165 151.058 94.9482 116.56 149.439 106.465 88.2775 84.1119 83.7698 83.4743 89.4132 165.469 166.493 112.488 96.0826 158.13 126.958 81.8515 78.5258 106 73.3976 69.8487 77.3952 72.45 69.6545 67.4975 67.386 61.2165
threshold=1.0000000180025095e-35 10.869100093841555 1.0000000180025095e-35 17.858150482177738 -0.029245145618915554 0.026340582408010963 0.057081600651144988 0.20794968307018283 -0.1389498561620712 0.20679578930139544 4.3916141986846933 0.83784767985343944 -0.028645382262766358 50.77893257141114 0.00082499513518996548 -0.066595919430255876 -0.020229829475283619 0.016909533180296425 -0.036407448351383202 1.0000000180025095e-35 0.050057210028171546 0.04256462678313256 0.01083290344104171 0.22755278646945956 0.16609450429677966 0.44996793568134313 -1.4672073721885679 0.18537236005067828 -0.012939637526869772 0.0044434329029172668
decision_type=2 2 2 2 2 2 2 2 2 2 2 2 2 2 2 2 2 2 2 2 2 2 2 2 2 2 2 2 2 2
left_child=1 8 23 -4 27 11 20 10 -1 -2 -8 12 13 16 15 -15 18 -18 -6 -11 21 -7 -22 -3 25 -25 -10 28 -5 -19
right_child=9 2 3 4 5 6 7 -9 26 19 -12 -13 -14 14 -16 -17 17 29 -20 -21 22 -23 -24 24 -26 -27 -28 -29 -30 -31
leaf_value=0.0045157743761533135 0.033613403730377779 0.0041332444055519318 -0.0068017146027905852 0.0031397306860715978 0.020884944866117982 0.0077991458687607139 0.030249020406313373 -0.023756585752999947 -0.016700831354650208 -0.016109597396299174 -0.0028982121062338302 0.0038557832904772653 -0.0044692682819331532 0.050240587343616708 -0.0051893963965192989 0.015774396132463168 -0.010659661752762634 -0.011790178355186679 -0.00087363649894679643 0.02699854172562411 0.035549097548688978 -0.015079957826003913 0.0099316779587672287 0.061590282182339445 -0.019623339226870647 0.017143037629428003 -0.0058787267375521061 -0.01117749758197825 0.017258819979785827 0.030172399727944541
leaf_weight=1571.8694875016809 1033.3430694043636 16448.168665617704 7453.9371332749724 1577.0074518620968 876.70257860422134 6741.1903890967369 206.62195308506489 592.77766574919224 1939.8308732882142 200.10769817233086 2458.7602345943451 6445.4511366710067 18496.837890613824 371.48282687366009 583.34129753708839 652.64260909706354 3467.818191729486 114.43807119131088 2849.057949334383 244.85336145758629 461.58529611676931 547.36062359809875 709.2320172637701 139.35976319015026 86.916594296693802 267.99058058857918 6367.141029316932 393.14490576833487 1820.7928408607841 361.34683868288994
leaf_count=7512 4862 66872 39784 5961 3220 26730 813 3226 14724 548 9368 26352 87238 1171 2420 2224 17214 486 11696 661 1505 2291 2826 469 416 823 50318 1614 5795 987
internal_value=0 8.74938e-05 0.00094543 -0.000163988 0.000830976 0.000203339 0.00450743 -0.00459102 -0.00634986 0.0257871 -0.00032862 -0.00127049 -0.00246015 0.00154578 0.0161318 0.0282764 -0.0015114 -0.00695108 0.00424634 0.00761197 0.00801173 0.00608096 0.0200311 0.00468977 0.0232097 0.032349 -0.00840589 0.00843635 0.0107058 0.0200794
internal_weight=0 84002.8 74124 57181.5 49727.6 45936.6 11717.5 3258.16 9878.84 1478.3 2665.38 34219.1 27773.7 9276.83 1607.47 1024.13 7669.36 3943.6 3725.76 444.961 8459.37 7288.55 1170.82 16942.4 494.267 407.35 8306.97 3790.95 3397.8 475.785
internal_count=400126 394055 321501 252921 213137 199767 46759 13407 72554 6071 10181 153008 126656 39418 5815 3395 33603 18687 14916 1209 33352 29021 4331 68580 1708 1292 65042 13370 11756 1473
is_linear=0
shrinkage=0.05


Tree=105
num_leaves=31
num_cat=0
split_feature=41 41 41 41 15 7 15 3 124 225 232 14 226 233 233 228 225 230 230 225 233 226 15 194 228 150 227 227 233 233
split_gain=893.605 401.583 230.468 189.124 177.587 163.421 117.234 97.0005 93.1823 78.797 78.4366 72.6609 66.4263 62.5102 140.012 89.8293 60.0171 109.086 59.434 93.1086 113.662 68.0559 58.8997 55.6175 59.6148 71.196 53.537 99.3887 64.639 54.1523
threshold=0.05267897620797158 0.023140902630984787 0.10007076710462572 1.0000000180025095e-35 0.10166634991765024 1.0000000180025095e-35 0.43091934919357305 651491.50000000012 0.0082651325501501578 0.051874106749892242 -1.9481678605079649 0.25412227213382726 0.019131517037749294 -0.036969205364584916 -0.059049820527434342 26.656517982482914 -0.01376869063824415 11.500000000000002 9.5000000000000018 -0.0084964358247816545 -0.030141824856400486 -0.018806041218340393 -0.14127467572689054 1.0000000180025095e-35 20.885622978210453 -24.999999999999996 0.011352922767400743 0.051526352763175971 0.017987792380154136 -0.033260894939303391
decision_type=2 2 2 2 2 2 2 2 2 2 2 2 2 2 2 2 2 2 2 2 2 2 2 2 2 2 2 2 2 2
left_child=1 3 6 -1 5 8 23 9 16 12 -6 -12 26 14 15 -10 17 -3 -9 20 -20 -22 -18 -2 -25 -26 28 -28 29 -5
right_child=2 4 -4 7 10 -7 -8 18 13 -11 11 -13 -14 -15 -16 -17 22 -19 19 -21 21 -23 -24 24 25 -27 27 -29 -30 -31
leaf_value=-0.044416467070933316 -0.016436338232257867 0.012392632094976739 -0.017869405508351078 -0.0010059283884652334 -0.021184031061623209 -0.029275678909351666 -0.01704937637818003 0.013471008528062654 -0.017832753883010501 -0.027194205855938226 -0.0021068993711014657 -0.012644641004107997 0.010228849200490976 0.0016009196621154756 -0.011129179637376602 0.011113984932457258 -0.0030453498351489176 -0.014597117637057296 -0.041582179513015904 0.0099746460973066924 -0.034793527189073206 0.019160774852976004 0.0048137484711507812 -0.019830873913630809 0.00073641475384481373 -0.0058174083762880862 -0.039225143700688775 -0.00024255759619260526 -0.0098225058470220797 0.010081828157375171
leaf_weight=171.03292497247458 969.29795377701521 4075.3392790257931 4911.7819838598371 1655.766836091876 617.67428851127625 411.30929764360189 2139.9511780887842 9024.9818262532353 324.25325292348862 185.52245561778545 17618.650193557143 1803.291050940752 4670.4871323853731 15854.083566620946 3199.7802393138409 1545.290420666337 2923.8620136231184 412.24906764924526 218.45697756111622 1758.3080678135157 78.214589715003967 231.23944863677025 12911.792645812035 588.79106238484383 6157.5091208815575 12671.551441781223 205.02140843868256 807.48466628789902 704.27191989123821 3287.9292405322194
leaf_count=597 2802 14868 17092 6453 1920 2920 7215 45931 989 591 52567 5245 22212 54989 10133 4798 9702 1329 720 9156 354 1202 47512 1838 17777 37279 735 3032 2804 14979
internal_value=0 0.00232653 -0.00805589 0.0079656 0.000224479 0.00208501 -0.00591616 0.00835807 0.00239774 0.00512793 -0.00364316 -0.00308531 0.00565715 5.5545e-05 -0.00477754 0.00609347 0.0048091 0.00991324 0.0116468 0.00444575 -0.0139693 0.00552381 0.00336266 -0.00474755 -0.00416407 -0.00367417 0.00245135 -0.00813611 0.00434936 0.00636826
internal_weight=0 84696.3 27438.9 22998.7 61697.6 41658 22527.1 22827.7 41246.7 11516.5 20039.6 19421.9 11331 20923.4 5069.32 1869.54 20323.2 4487.59 11311.2 2286.22 527.911 309.454 15835.7 20387.1 19417.9 18829.1 6660.47 1012.51 5647.97 4943.7
internal_count=399741 315738 84003 108766 206972 147240 66911 108169 144320 50806 59732 57812 50215 70909 15920 5787 73411 16197 57363 11432 2276 1556 57214 59696 56894 55056 28003 3767 24236 21432
is_linear=0
shrinkage=0.05


Tree=106
num_leaves=31
num_cat=0
split_feature=29 29 42 233 227 234 231 229 227 228 232 233 225 133 227 233 26 230 230 227 225 231 229 230 3 229 232 228 232 234
split_gain=739.048 383.565 312.638 239.595 407.466 535.415 305.635 321.308 311.69 251.132 266.362 213.933 213.168 201.844 187.131 410.473 185.456 184.779 182.451 164.568 163.98 243.044 167.894 157.513 194.929 174.903 154.333 179.682 154.212 149.507
threshold=0.051767919212579734 0.0299665741622448 3.67487645149231 -0.01175938034430146 0.1475668400526047 0.0089091816917061823 1.8967823982238772 1.0951494574546816 -0.016072324477136132 76.667705535888686 1.1673411130905154 -0.013996877707540987 0.010730777867138388 0.54547238349914562 0.0018821603734977546 -0.030856821686029431 43.96148872375489 11.500000000000002 9.5000000000000018 -0.0028030344983562823 -0.0090084550902247412 4.2104973793029794 0.97354578971862804 1.5000000000000002 375122.75000000006 0.8157344162464143 1.59461385011673 75.750839233398452 -1.6395928859710691 -0.031190510839223858
decision_type=2 2 2 2 2 2 2 2 2 2 2 2 2 2 2 2 2 2 2 2 2 2 2 2 2 2 2 2 2 2
left_child=1 11 3 6 12 -6 7 14 17 10 23 18 16 -2 15 19 -5 20 -1 -3 28 22 -22 -7 25 -25 -15 -28 29 -8
right_child=13 2 -4 4 5 9 8 -9 -10 -11 -12 -13 -14 26 -16 -17 -18 -19 -20 -21 21 -23 -24 24 -26 -27 27 -29 -30 -31
leaf_value=-0.0088328922353141243 0.0021834288071277204 0.025367114775710006 0.021987647158501485 -0.014599043395655258 -0.026352828417427112 -0.02297266060590946 -0.014523855746452855 -0.021412619582255432 -0.019344058179979681 0.029136893464648914 -0.0052317417161128329 -0.019596657113835715 -0.020986181080600508 0.014948916072446146 0.028451836174229746 -0.026020465520192489 -0.00054719053685280106 0.048914570801437234 0.024183919384083909 -0.022711695708123834 -0.012667430659906984 0.031338952508389757 0.022874168853852773 0.0096021951732331266 0.014270678186963263 0.079219529805748035 -0.0068287570729267432 0.019722124711113256 -0.018336877521787184 0.0250479090574834
leaf_weight=2166.6840319335461 12399.158736400306 1598.5081558153033 1294.84877910465 4518.4800573587418 1218.8207284510136 178.44722432643175 432.30181331187487 631.17755167931318 2297.5528353825212 1335.9947602823377 2672.3508650511503 5653.5759609043598 4075.9816110916436 8253.6285786181688 1918.5296029374003 662.61857136338949 4888.4197017066181 208.72588342428207 518.56782019883394 200.28293047100306 1077.31811953336 865.69039999693632 480.46747145801783 135.55361852794886 912.96343965083361 269.76841913163662 2005.5578485652804 933.95462140440941 1487.8388433232903 532.94488500058651
leaf_count=19435 52692 6193 4228 36857 8839 1154 2577 4052 16573 5015 13557 78724 32782 27186 6596 4144 32522 634 2688 1117 7259 4297 2869 599 4076 1139 7162 2919 10122 1734
internal_value=0 -0.00447058 -0.00210718 -0.00306419 -0.00642119 0.00363302 0.00240898 0.0119394 -0.0040598 0.0102719 0.00422651 -0.0140773 -0.0114352 0.00657755 0.0167456 0.0076213 -0.00729681 0.00284569 -0.00245678 0.0200139 0.000873857 0.0100984 -0.00170534 0.0211138 0.0270815 0.0559371 0.0114451 0.0016071 -0.00823936 0.00732503
internal_weight=0 42234.4 33895.6 32600.7 20206.8 6723.9 12394 5011.12 7382.84 5505.08 4169.08 8338.83 13482.9 23592.3 4379.94 2461.41 9406.9 5085.29 2685.25 1798.79 4876.56 2423.48 1557.79 1496.73 1318.29 405.322 11193.1 2939.51 2453.09 965.247
internal_count=399741 309782 208935 204707 136540 34379 68167 22102 46065 25540 20525 100847 102161 89959 18050 11454 69379 29492 22123 7310 28858 14425 10128 6968 5814 1738 37267 10081 14433 4311
is_linear=0
shrinkage=0.05


Tree=107
num_leaves=31
num_cat=0
split_feature=7 142 36 4 4 224 234 227 228 227 227 231 231 11 230 233 232 233 231 228 232 234 228 227 35 122 232 232 227 234
split_gain=365.09 173.243 125.102 113.34 158.923 73.0156 93.9359 93.9333 96.2547 92.6784 130.488 92.6196 124.876 140.825 88.3732 92.6416 87.8498 85.6743 84.5905 76.3526 73.3457 98.5237 71.2354 70.8461 76.7333 66.445 73.839 68.0353 64.5407 62.3736
threshold=1.0000000180025095e-35 9.7091002464294451 -1.0000000180025095e-35 1.0000000180025095e-35 19.325400352478031 3.5000000000000004 0.016909533180296425 0.15454842895269397 76.667705535888686 0.038397464901208885 0.0060738304164260635 3.1663081645965581 4.7540907859802255 -0.0058468212373554698 12.500000000000002 0.017987792380154136 1.4200803041458132 0.13843647390604022 3.4406417608261113 39.999382019042976 1.6881025433540346 0.012814752757549288 86.087261199951186 0.16558407247066501 264.90875244140631 0.060510722920298583 -1.4672073721885679 -1.4327689409255979 -0.030424005351960656 -0.043213134631514542
decision_type=2 2 2 2 2 2 2 2 2 2 2 2 2 2 2 2 2 2 2 2 2 2 2 2 2 2 2 2 2 2
left_child=1 25 3 -3 -5 7 14 9 20 10 11 -6 -13 -14 22 19 17 18 -11 -16 21 -9 -7 -2 -25 26 29 -28 -15 -1
right_child=23 2 -4 4 5 6 -8 8 -10 16 -12 12 13 28 15 -17 -18 -19 -20 -21 -22 -23 -24 24 -26 -27 27 -29 -30 -31
leaf_value=0.0080842023256668706 0.033107072626150084 0.0042605390186188172 0.015588944351813579 -0.0062810563656438825 0.009873518886442249 -0.0046647306918858314 0.016792056727856233 0.0022315265531681837 -0.017267525862399609 0.008515959511230773 -0.011366104628741297 -0.0035993027369568861 0.020337135326813728 0.024139599990536581 -0.019146071205867084 -0.018109079060816942 0.003378346716778273 -0.012152920743774052 0.023312544420878618 0.020774349867355817 0.0072069358009434238 -0.011808119511488597 0.023140290018686088 -0.011016373306896407 0.030346853752529303 0.012674562821645899 0.03100490759177614 -0.0062534116989307331 -0.0052152060022672931 -0.020742746052823568
leaf_weight=213.56770700216293 990.83789770305157 16912.309593968093 1429.1221780031919 9565.6779485456645 3400.1126534864306 12970.678365569562 629.66259188950062 2884.3394493311644 983.37958408147097 2333.1138518974185 1863.221619874239 6570.3488545417786 1395.0904452800751 215.92228271812201 137.21686989814043 249.4202429279685 6340.2755325809121 322.49124313145876 1648.3250964730978 942.40441499650478 2126.0757426768541 2204.774653583765 234.51541195809841 229.85399636626244 218.90546935796738 393.62784569710493 125.79007125645876 4721.757885646075 1409.9637130647898 1546.1365237981081
leaf_count=1072 4819 69297 5037 52641 13904 63234 1938 11732 4808 9793 8298 29193 5006 727 697 1316 26079 1345 6209 3631 8043 10361 752 629 590 1410 661 38563 5857 12099
internal_value=0 0.000247277 0.000933935 0.000655942 -0.000387446 0.000766358 -0.00211494 0.00206295 -0.00259262 0.00355984 0.00100817 0.00278288 0.000269253 0.00868301 -0.00293404 0.00935554 0.00712085 0.0126341 0.0146418 0.0157006 -0.000592538 -0.00385092 -0.00417093 0.0256424 0.00916066 -0.0072823 -0.00847123 -0.00528659 -0.0013168 -0.0172441
internal_weight=0 83769.3 76768.4 75339.3 58427 48861.3 15163.9 33697.4 8198.57 25498.9 14854.7 12991.4 9591.33 3020.98 14534.2 1329.04 10644.2 4303.93 3981.44 1079.62 7215.19 5089.11 13205.2 1439.6 448.759 7000.88 6607.25 4847.55 1625.89 1759.7
internal_count=399741 393703 339898 334861 265564 212923 71568 141355 34944 106411 62985 54687 40783 11590 69630 5644 43426 17347 16002 4328 30136 22093 63986 6038 1219 53805 52395 39224 6584 13171
is_linear=0
shrinkage=0.05


Tree=108
num_leaves=31
num_cat=0
split_feature=29 130 35 6 29 122 29 130 228 232 115 139 232 233 25 14 231 233 229 228 224 226 226 26 225 29 227 225 3 29
split_gain=841.095 370.669 280.362 272.99 240.798 126.387 99.4649 96.993 140.668 93.4756 92.7283 88.881 77.2228 76.2946 72.512 71.2141 64.954 92.6448 66.4005 59.0478 66.8314 58.4948 56.7072 62.3699 53.2126 53.0309 50.6703 76.4263 59.884 50.015
threshold=0.046229122206568725 -0.058758847415447228 71.591522216796889 1.5877500176429751 0.069516453891992583 0.020646578632295135 0.029077611863613132 0.087588459253311171 25.91130352020264 1.9546461105346682 1.0000000180025095e-35 2.5000000000000004 -3.334617972373962 -0.034776547923684113 42.265487670898445 0.32443280518054968 7.1707286834716806 0.15564788877964023 0.86637786030769359 20.885622978210453 3.5000000000000004 -0.054350275546312325 0.018057025037705902 80.849182128906264 0.069071818143129363 0.097001574933528914 -0.031896628439426415 -0.0042220486793667069 1668032.9375000002 0.017735851928591732
decision_type=2 2 2 2 2 2 2 2 2 2 2 2 2 2 2 2 2 2 2 2 2 2 2 2 2 2 2 2 2 2
left_child=1 10 4 6 7 29 24 9 13 -2 -1 -7 -10 -9 19 -4 26 18 -18 20 -13 -14 -8 -24 -3 -6 -16 28 -28 -5
right_child=2 3 15 5 25 11 22 8 12 -11 -12 14 21 -15 16 -17 17 -19 -20 -21 -22 -23 23 -25 -26 -27 27 -29 -30 -31
leaf_value=-0.0074370104470732681 -0.0047451733885585474 0.013521306940960758 -0.010755505975931135 0.02306074075011438 -0.010125388423194914 -0.039989979526641975 0.0040282651406804374 -0.019415424857734787 -0.030822312025309263 0.011380037772773799 -0.025306325979348589 0.0021697174958336595 0.021029282417782291 0.0044906648822241333 0.0051009505030190257 -0.020880874488893253 0.024761535613973703 0.0043147656353854699 -0.020718986918871488 0.0038233889755001534 -0.037291644498825015 0.0043296147382644468 0.014957738494297669 -0.001308940794342784 -0.035898660846017068 -0.023239672805791561 -0.011113587184678524 0.00040366634617023365 0.0053107655691231334 0.0062302111992312897
leaf_weight=2737.6010376662016 15036.034927330911 7836.9762344732881 8186.2992128804326 465.92003390192986 6048.2645053118467 135.53809118270874 9400.7935525923967 1027.8587685525417 149.73405864834785 955.85913366824389 988.01714541763067 249.11043122410774 559.85735157132149 494.21979737281799 3375.7365070432425 2204.0854834839702 85.8474141061306 744.12157127261162 1231.4605269283056 14098.413338162005 188.47009211778641 8273.6651244536042 2755.9346489533782 749.54136000573635 54.850217282772064 883.46782575547695 2927.3741089776158 10780.13590708375 684.80212607979774 8391.8990606367588
leaf_count=8744 42614 44792 24076 3290 17849 424 34120 3209 569 2719 3955 874 1747 1429 12358 8587 305 2272 4199 50590 640 23856 10102 2821 401 2797 9713 38672 2395 39940
internal_value=0 0.0031564 -0.00572969 0.00404675 -0.00349997 0.00178786 0.00875597 -0.00132949 0.00240288 -0.00378135 -0.0121759 0.000420038 0.00478446 -0.0116531 0.000579416 -0.0129034 -0.00138702 -0.00978845 -0.0177551 0.00326196 -0.0148267 0.00538802 0.00605212 0.0114796 0.0131778 -0.0117968 -0.0004123 -0.00170544 -0.00799983 0.00711549
internal_weight=0 67882.5 43819.3 64156.9 33429 43358.8 20798.1 26497.2 10505.3 15991.9 3725.62 34501 8983.26 1522.08 34365.5 10390.4 19829.5 2061.43 1317.31 14536 437.581 8833.52 12906.3 3505.48 7891.83 6931.73 17768 14392.3 3612.18 8857.82
internal_count=400059 270607 129452 257908 96789 165672 92236 76143 30810 45333 12699 122442 26172 4638 122018 32663 69914 6776 4504 52104 1514 25603 47043 12923 45193 20646 63138 50780 12108 43230
is_linear=0
shrinkage=0.05


Tree=109
num_leaves=31
num_cat=0
split_feature=29 42 29 231 228 228 227 226 232 227 232 228 228 232 234 227 232 227 28 230 234 225 225 234 227 228 228 226 228 230
split_gain=684.234 344.267 319.061 239.886 348.543 251.034 279.33 551.526 250.55 945.172 266.411 239.304 231.565 305.462 289.18 212.359 278.039 191.121 187.962 182.809 276.538 183.602 170.896 324.326 323.693 155.56 207.049 153.881 141.038 139.02
threshold=0.033212302252650268 2.7247604131698613 0.06051530875265599 1.3103861808776858 42.236108779907234 29.883596420288089 0.1475668400526047 0.015239744912832977 0.24266439676284793 0.013518193271011116 -0.30824622511863703 45.680385589599616 76.667705535888686 1.5893005728721621 0.012814752757549288 0.0018821603734977546 -0.91212284564971913 0.15962687879800799 1.0000000180025095e-35 2.5000000000000004 -0.029029634781181809 -0.053256671875715249 -0.0097732064314186556 -0.026886546984314915 -0.029719737358391281 88.40799713134767 50.626491546630866 -0.05077246576547622 53.581571578979499 1.5000000000000002
decision_type=2 2 2 2 2 2 2 2 2 2 2 2 2 2 2 2 2 2 2 2 2 2 2 2 2 2 2 2 2 2
left_child=18 2 3 4 -2 19 8 -8 9 22 -11 -6 13 14 -9 16 -13 -16 -1 21 -21 -5 28 24 -24 26 -20 -22 -7 -17
right_child=1 -3 -4 5 11 6 7 12 -10 10 -12 15 -14 -15 17 29 -18 -19 25 20 27 -23 23 -25 -26 -27 -28 -29 -30 -31
leaf_value=0.05938879615406524 -0.02918384900850525 0.017400396791618322 0.0077008864734244564 0.023074210696936895 0.027889849534952188 -0.024780020476028314 -0.024011347677778724 -0.011209434305752157 -0.017060259823121423 0.018408387399034311 0.065237935970137467 0.017163567684619213 0.02893153733925527 -0.01169657730791907 0.0043541989165526932 -0.013254294161446249 -0.017525292020773645 0.037149527089650254 -0.0057454437698794946 -0.0062044167324295007 -0.021750623569673604 -0.014281758614444584 0.055639211645612585 -0.011611589320464922 0.0013170744814809433 0.010252345219911791 -0.019254201456802886 0.028267621556138746 0.032192586756760871 0.019510831534711094
leaf_weight=94.18450864776969 617.19139789044857 3449.1638466119766 13287.538991317153 425.61202105879784 1471.7550408318639 2157.7777325436473 1520.3019363954663 749.44997394829988 6163.218700747937 846.63944693654776 473.590859554708 891.29677651822567 1246.9021596834064 1751.6688670739532 692.81348016113043 376.90893802791834 1641.5304516851902 1238.2188076674938 5292.3845877498388 1130.8290837407112 166.77348753064871 1447.9173229560256 363.82958084344864 5661.9445323608816 1113.5862616822124 768.72490447759628 6112.5776540897787 1971.8788049891591 114.38740403950214 2294.797485485673
leaf_count=448 4068 11036 47344 1239 5690 15498 9335 4577 42575 3308 2248 3903 4455 8068 3350 2112 9354 4270 53910 5747 1274 10398 1503 38906 6092 4028 78606 7944 504 8269
internal_value=0 0.00212388 0.00106621 -0.00134705 0.00676526 -0.00337073 -0.00551124 0.0027359 -0.00902555 -0.00441124 0.035207 0.0100886 0.00989624 0.00454101 0.0151521 0.00505468 -0.00531835 0.0253833 -0.0109738 0.00665731 0.0137932 -0.00579556 -0.0099688 -0.00616782 0.0146945 -0.0115182 -0.0129856 0.0243672 -0.0219119 0.0148885
internal_weight=0 53267.5 49818.4 36530.8 7293.48 29237.3 24094.3 7199.36 16895 10731.8 1320.23 6676.29 5679.05 4432.15 2680.48 5204.53 2532.83 1931.03 12267.9 5143.01 3269.48 1873.53 9411.53 7139.36 1477.42 12173.7 11405 2138.65 2272.17 2671.71
internal_count=400059 263067 252031 204687 33396 171291 144689 34055 110634 68059 5556 29328 24720 20265 12197 23638 13257 7620 136992 26602 14965 11637 62503 46501 7595 136544 132516 9218 16002 10381
is_linear=0
shrinkage=0.05


Tree=110
num_leaves=31
num_cat=0
split_feature=7 6 232 227 29 226 187 234 227 229 226 35 228 226 17 234 233 228 228 233 227 228 226 227 234 233 234 227 226 229
split_gain=351.637 178.37 110.754 260.472 125.391 103.286 88.6026 71.7109 241.279 121.571 69.1716 82.1102 60.7251 260.213 104.651 96.3095 126.768 103.797 72.1122 87.2701 184.845 120.87 118.349 95.4843 84.8648 74.2242 64.9822 64.66 64.6515 61.8102
threshold=1.0000000180025095e-35 2.1239500045776372 -0.67935836315155018 -0.028905277140438553 0.027812543325126175 -0.036604972556233399 -3.5455000400543208 -0.020801224745810028 -0.051629591733217232 0.97569498419761669 0.22355348616838458 264.90875244140631 50.626491546630866 -0.017064406536519524 -0.082046955823898302 -0.030719652771949765 0.0058588914107531318 50.034729003906257 52.043165206909187 0.034083180129528053 0.14847379177808764 62.234996795654304 0.034406417980790145 0.070430498570203795 0.050640394911170013 0.069746304303407683 0.0067697498016059407 -0.0026650419458746906 -0.044491823762655251 0.83248120546340953
decision_type=2 2 2 2 2 2 2 2 2 2 2 2 2 2 2 2 2 2 2 2 2 2 2 2 2 2 2 2 2 2
left_child=1 2 4 5 -1 -4 -5 8 9 -6 -2 -12 15 14 27 28 -17 -18 -15 24 21 22 -21 -24 29 -23 -22 -14 -3 -20
right_child=10 12 3 6 7 -7 -8 -9 -10 -11 11 -13 13 18 -16 16 17 -19 19 20 26 25 23 -25 -26 -27 -28 -29 -30 -31
leaf_value=-0.018178496226897559 0.033069860677720976 0.012544026349885239 -0.0069681261601972858 0.0022420251878362855 0.030906440414144705 0.039067964287656035 -0.0046795299051033672 -0.0079712947014175927 -0.0058577259180270739 -0.00097095264184096034 -0.01145255468639776 0.031344005909359055 0.041921796743650652 0.013044555411233345 0.012496721834961928 -0.0049958941084945517 0.0066206673892910701 -0.013400592968120335 -0.015550096826774652 0.0061308205050950764 0.022697131898225767 -0.00010838355009269935 0.045006709391874074 0.016954953055197501 0.017040134710343914 0.0089213115904332192 -0.0066996026373432648 0.00077634064968601878 0.00042416960542185269 -0.0025476972727639692
leaf_weight=1860.5725281462073 957.64067201316357 2246.9650144949555 155.02665127068758 8896.8789329715073 799.42461188137531 569.13116797804832 9626.1976628340781 5955.6134527847171 4169.3256255537271 477.88151368498802 231.34904804825783 217.39572560787201 558.21165691316128 1402.7340784519911 2322.3182045519352 10578.171938795596 5203.9654430001974 739.32496275752783 1081.8351769447327 2285.4672290086746 196.40278792381287 6253.4658646956086 398.18710339814425 1273.7547448277473 486.22338959574699 3577.9547150060534 4389.1110329926014 115.18769107758999 2156.2331806942821 5892.1075622811913
leaf_count=18605 4821 7855 740 39254 2774 1582 58761 31789 20507 2080 635 585 1795 5597 8019 50091 20387 2935 5113 9806 866 27383 1502 4888 1439 13046 19737 464 9043 27960
internal_value=0 0.0002685 -0.0026275 -0.000204939 -0.00614317 0.0292126 -0.00135502 -0.0041793 -3.29374e-05 0.0189801 0.0254792 0.00928036 0.00210887 0.00354201 0.017529 3.82086e-05 -0.00171299 0.00413009 0.00200364 0.00140415 0.00325585 0.00614785 0.0135264 0.0236357 -0.00315658 0.0031778 -0.00544051 0.0348837 0.00660897 -0.0045647
internal_weight=0 83667.7 32510.1 19247.2 13262.8 724.158 18523.1 11402.2 5446.63 1277.31 1406.39 448.745 51157.6 30233 2995.72 20924.7 16521.5 5943.29 27237.2 25834.5 18374.3 13788.8 3957.41 1671.94 7460.17 9831.42 4585.51 673.399 4403.2 6973.94
internal_count=400059 394018 176092 100337 75755 2322 98015 57150 25361 4854 6041 1220 217926 127615 10278 90311 73413 23322 117337 111740 77228 56625 16196 6390 34512 40429 20603 2259 16898 33073
is_linear=0
shrinkage=0.05


Tree=111
num_leaves=31
num_cat=0
split_feature=122 29 41 6 29 229 230 233 224 29 7 133 232 117 124 29 228 25 227 228 228 24 233 117 229 232 13 229 230 233
split_gain=760.699 392.961 196.994 183.48 106.431 95.7868 94.8765 125.898 148.879 96.8906 91.7107 91.5307 85.4134 78.6843 81.5186 78.1087 72.6414 72.2729 59.831 57.7019 54.2183 53.5004 60.4716 52.3849 51.1028 70.518 46.579 46.0506 43.6567 63.0723
threshold=0.052203230559825904 0.0299665741622448 0.10007076710462572 2.7319500446319585 0.067905317991971983 1.8537479043006899 9.5000000000000018 -0.030141824856400486 4.5000000000000009 0.020934213884174827 1.0000000180025095e-35 0.52576211094856273 -3.334617972373962 1.0000000180025095e-35 0.0089203971438109892 0.065232884138822569 88.40799713134767 42.265487670898445 0.1475668400526047 70.230869293212905 69.219707489013686 55.291835784912116 0.025249625556170944 1.0000000180025095e-35 1.0211160778999331 -1.8624743819236753 -0.010271695442497729 1.6679078340530398 2.5000000000000004 -0.064104568213224397
decision_type=2 2 2 2 2 2 2 2 2 2 2 2 2 2 2 2 2 2 2 2 2 2 2 2 2 2 2 2 2 2
left_child=1 5 4 10 17 6 9 8 -8 -1 12 15 -3 14 21 -5 -11 27 20 -20 -13 22 -14 -19 28 -26 -6 -2 -16 -30
right_child=2 3 -4 11 26 -7 7 -9 -10 16 -12 18 13 -15 24 -17 -18 23 19 -21 -22 -23 -24 -25 25 -27 -28 -29 29 -31
leaf_value=0.019290665228606816 0.0014512170362736946 -0.025542149168856235 -0.016540635588798879 0.0012822701692088837 -0.0072705442681441843 -0.033811781558670255 0.012195996895912005 0.0057777845874111972 -0.042243877331180894 0.009629904553810055 -0.032147663931674085 -0.0063102267707661839 0.0053069635543465448 -0.039189010695674709 0.0028579811501220904 -0.0089135916998169529 -0.014014272545968778 -0.0054416990085105121 -0.0076080486862211737 -0.023252460395516379 0.0018347219422923022 0.0016697401907487697 0.01308404225599682 -0.023758273732839032 -0.032550374679680034 0.0055405062491169638 -0.017603140100795823 -0.017648559178854634 0.012216512863010358 -0.0052491215233161498
leaf_weight=2822.0923652052879 6195.9725779742002 260.98848986625671 4809.6545453593135 14174.526204876602 2181.8880462497473 130.69950759410858 207.74270124733448 3066.0598753839731 317.55657091736794 10815.263478778303 186.97278895229101 6776.4744066596031 10517.350317701697 109.33341647684574 3868.978391751647 2165.370688945055 334.90365248918533 11604.534969717264 2083.5291729569435 821.90981169044971 2925.1696050837636 6557.7195762693882 3278.7528219521046 403.94084234535694 124.44662623107433 5142.1409206986427 2180.9729594886303 332.52356328070164 563.75300306081772 6220.0846050679684
leaf_count=19153 17738 877 17092 46394 6382 1000 1077 17513 980 56946 1401 21402 36150 372 12767 6103 1087 34578 6134 2373 9527 22683 11554 1451 374 16878 7030 1206 1842 19754
internal_value=0 0.00221949 -0.00734162 0.000440175 -0.00540954 0.00883398 0.00915133 0.00190286 -0.0207143 0.0110144 0.00278129 -0.00253853 0.00295952 0.00316397 0.00329163 -6.88902e-05 0.00891973 -0.00375586 -0.00573941 -0.0120336 -0.00385442 0.00538789 0.00715525 -0.00605783 0.000611446 0.00464044 -0.0124358 0.000478386 -0.00138043 -0.00379769
internal_weight=0 83471.8 27709.5 65777.5 22899.8 17694.3 17563.6 3591.36 525.299 13972.3 36830.5 28947 36643.5 36382.6 36273.2 16339.9 11150.2 18537 12607.1 2905.44 9701.64 20353.8 13796.1 12008.5 15919.4 5266.59 4362.86 6528.5 10652.8 6783.84
internal_count=399818 314341 85477 216585 68385 97756 96756 19570 2057 77186 124652 91933 123251 122374 122002 52497 58033 54973 39436 8507 30929 70387 47704 36029 51615 17252 13412 18944 34363 21596
is_linear=0
shrinkage=0.05


Tree=112
num_leaves=31
num_cat=0
split_feature=29 168 231 225 233 126 233 231 227 232 227 233 225 234 233 229 227 227 225 232 230 233 230 229 231 234 233 36 226 167
split_gain=651.09 365.084 273.287 289.685 262.546 223.541 211.337 204.795 233.464 482.167 430.775 274.802 242.707 231.835 196.429 355.7 195.837 340.844 191.997 183.15 181.78 279.595 243.879 334.009 200.706 246.085 198.212 177.283 229.69 175.459
threshold=0.030977487564086918 0.85795000195503246 1.7051149606704714 -0.01389159634709358 0.030394936911761764 0.020523048005998138 -0.013996877707540987 2.3752143383026127 0.1475668400526047 0.086195968091487898 0.015387311577796938 0.066189184784889235 0.0044434329029172668 0.018749905750155452 -0.01204910362139344 0.89312130212783825 0.0023892372846603398 -0.021259790286421772 0.0039879875257611283 -0.91212284564971913 1.5000000000000002 -0.039505766704678529 5.5000000000000009 0.94926679134368908 3.3368563652038579 0.0084717259742319601 -0.059049820527434342 -99.993717193603501 -0.028645382262766358 4.5669498443603525
decision_type=2 2 2 2 2 2 2 2 2 2 2 2 2 2 2 2 2 2 2 2 2 2 2 2 2 2 2 2 2 2
left_child=6 2 3 -2 16 -3 -1 14 9 10 12 -10 18 -13 15 -4 17 -5 20 -19 27 26 23 24 -23 -26 -22 -9 -29 -12
right_child=1 5 7 4 -6 -7 -8 8 11 -11 29 13 -14 -15 -16 -17 -18 19 -20 -21 21 22 -24 -25 25 -27 -28 28 -30 -31
leaf_value=-0.0019035183302338818 -0.0082773325200495643 0.0046057354504446769 0.065776722118221664 0.02398382883138879 -0.018160037480340226 0.018299800128016051 -0.018028647328162419 0.032160449993966903 -0.012207542466972796 -0.016514068697654455 0.0047542301469407936 -0.0039035324397896105 -0.016122436256451777 0.024016891169011467 -0.023338209452615877 -0.0084092783027987662 0.022833526329987038 0.023517652904869069 0.041120678271847934 -0.0088646296614211788 0.0021131060615203227 -0.0098196487365928009 -0.018164605903658329 -0.022254175989171093 0.033752843873702545 -0.0102314308065825 0.02811886641111799 -0.020099505975173827 0.011253398971623634 0.062153993398452949
leaf_weight=3030.0943140648305 2813.0605485737324 11467.465421017259 175.42917250096798 1799.0372443720698 746.66777156665921 4026.4910446032882 6168.2885861694813 243.79754024744034 1205.8248755633831 5549.8887178711593 201.96561716496944 1071.515573143959 2209.8248315565288 2428.636075720191 2326.7475917600095 2046.2746700644493 3034.8803454041481 525.80444771051407 304.92727576941252 2575.1341669261456 1274.7866394966841 605.96760080754757 1623.8722912743688 802.79830606281757 1364.0730844587088 414.67436668276787 1723.0746642276645 2298.4750858768821 783.20273988693953 390.65578611195087
leaf_count=24934 14797 45659 602 7543 4961 13227 86678 808 6812 40512 1376 6051 15896 9817 16312 11923 9768 1800 1544 14477 5473 4065 11033 5745 5915 2981 6479 15477 5294 1859
internal_value=0 0.00163614 -0.000858865 0.00566691 0.0101852 0.00816448 -0.0127168 -0.00344132 -0.00163227 -0.00401237 0.000859317 0.00837774 -0.000952603 0.0154695 -0.0131849 -0.00255144 0.0128525 0.00667062 0.00197779 -0.00337379 0.000905852 0.00507479 -0.00239315 0.00564159 0.0150325 0.0234989 0.0170604 -0.00888411 -0.0121312 0.0425921
internal_weight=0 56035 40541 11494.6 8681.52 15494 9198.38 29046.4 24498 19792 14242.1 4705.98 13649.5 3500.15 4548.45 2221.7 7934.86 4899.98 11439.6 3100.94 11134.7 7809.25 4811.39 3187.51 2384.72 1778.75 2997.86 3325.48 3081.68 592.621
internal_count=399818 288206 229320 53346 38549 58886 111612 175974 147137 124457 83945 22680 80710 15868 28837 12525 33588 23820 64814 16277 63270 41691 29739 18706 12961 8896 11952 21579 20771 3235
is_linear=0
shrinkage=0.05


Tree=113
num_leaves=31
num_cat=0
split_feature=7 142 233 228 227 234 225 231 225 234 228 225 232 234 228 225 110 230 225 17 227 231 225 35 234 234 227 41 151 152
split_gain=316.262 145.088 102.498 203.4 169.204 175.087 137.679 193.352 192.688 118.522 104.291 111.835 140.377 119.526 105.312 93.2998 85.4874 74.2577 73.1043 105.494 71.1525 82.9728 66.6961 72.1471 63.1722 153.014 92.8055 62.0805 60.8955 60.2438
threshold=1.0000000180025095e-35 10.103349685668947 -0.00297881884034723 69.620273590087905 0.15454842895269397 0.0013204683200456204 -0.0065399571321904651 4.5131709575653085 -0.0082912058569490892 0.014197493903338911 69.069770812988295 -0.034941680729389184 -1.1373609304428098 -0.016725192777812477 33.779111862182624 0.0051666451618075379 0.82145011425018322 1.5000000000000002 0.0037611918523907666 -0.054579360410571091 -0.017350966110825535 5.4786770343780526 0.20679578930139544 264.90875244140631 -0.008467934560030697 -0.011504785157740114 0.015387311577796938 0.10007076710462572 2.8899295330047612 -0.0053476851899176827
decision_type=2 2 2 2 2 2 2 2 2 2 2 2 2 2 2 2 2 2 2 2 2 2 2 2 2 2 2 2 2 2
left_child=1 -1 3 6 10 28 7 8 9 -3 11 -4 13 -13 -14 -12 24 -15 19 -5 21 -9 -2 -24 25 26 -8 -23 -6 -10
right_child=22 2 4 18 5 -7 16 20 29 -11 15 12 14 17 -16 -17 -18 -19 -20 -21 -22 27 23 -25 -26 -27 -28 -29 -30 -31
leaf_value=-0.0064052419346194364 0.031782443657222534 -0.0059410468428019265 0.02195260197222643 0.038519356388051339 0.05404807120969022 -0.0068204058934037918 -0.0088359757436687822 0.02254178186677637 0.050633971974753493 0.01574902643911474 -0.012656348137877744 0.028618121536643393 0.028479190044615101 0.010541432449139252 0.0060891544952280325 0.001412147919152172 0.0037225301036490441 -0.0071944993522276681 0.004906672538420866 0.0068845484273108775 -0.00076631120636318217 -0.0054078322726402598 -0.011404930664597648 0.028778503027603465 -0.013317095648235779 0.030716135848987719 0.0097071952372576459 0.019862247157257359 0.0069978467177991182 -0.01178206718640263
leaf_weight=7732.0954746007919 938.08531150221825 8300.1350258924067 992.52302318066359 493.65185584872961 70.79340498149395 8223.772711545229 6384.8568979501724 1515.8388213142753 213.3283573910594 681.53464356064796 1364.5131270810962 287.60722894221544 539.40997503697872 691.94458344578743 19906.947036325932 8644.3780947327614 1748.6441423669457 4012.2267767116427 1705.955261811614 565.33652346581221 978.51035799086094 641.53792431950569 227.63593971729279 219.33048003911972 3890.6013982445002 281.35506854206324 754.489293217659 391.27392749488354 2406.6223680377007 47.216514140367508
leaf_count=59852 4865 40946 3390 1530 248 37043 31987 5099 753 2282 5628 1041 1808 3004 82024 38715 7262 21097 7048 1998 3593 2837 626 589 20478 948 2875 1149 8933 170
internal_value=0 0.000118969 0.000785053 -0.00157672 0.00221764 -0.0033101 -0.00295645 0.000735313 -0.00306557 -0.00429519 0.00384097 0.00548703 0.00484459 -0.00267261 0.00667984 -0.000505812 -0.00656606 -0.00458569 0.0113123 0.0216312 0.0106948 0.015095 0.0242088 0.00831345 -0.00815661 -0.00545101 -0.00687633 0.00416557 0.00834233 0.0393228
internal_weight=0 83467.1 75735 28594.3 47140.7 10701.2 25829.3 12769.4 9242.21 8981.67 36439.5 26430.7 25438.1 4991.78 20446.4 10008.9 13059.9 4704.17 2764.94 1058.99 3527.16 2548.65 1385.05 446.966 11311.3 7420.7 7139.35 1032.81 2477.42 260.545
internal_count=399818 393738 333886 130955 202931 46224 120379 56829 44151 43228 156707 112364 108974 25142 83832 44343 63550 24101 10576 3528 12678 9085 6080 1215 56288 35810 34862 3986 9181 923
is_linear=0
shrinkage=0.05


Tree=114
num_leaves=31
num_cat=0
split_feature=29 110 152 29 29 11 22 40 124 187 226 232 25 15 232 230 233 226 226 29 225 13 230 229 227 234 229 225 233 229
split_gain=728.093 305.003 270.124 248.935 170.529 138.908 131.156 107.081 97.3324 74.752 103.246 72.6037 71.6453 68.1254 68.5079 62.7795 120.88 96.8418 62.6512 62.0376 64.0103 59.8319 59.7412 65.7563 65.2484 53.12 64.35 53.0921 54.7357 51.8098
threshold=0.045849272981286056 0.85053730010986339 0.072399072349071517 0.027324740774929527 0.073331456631422057 0.071758359670639052 1.0000000180025095e-35 1.0395039916038515 0.015131721273064615 -18.583499908447262 0.23819749057292941 -3.334617972373962 12.680240154266359 -0.1537351384758949 -3.334617972373962 9.5000000000000018 -0.030141824856400486 -0.024013678543269631 0.060833279043436057 0.022018701769411567 0.051874106749892242 -0.038156189024448388 9.5000000000000018 0.96686536073684703 -0.012618958950042723 0.043198468163609512 1.9215429425239565 -0.039942905306816094 -0.06761451810598372 0.96145448088645946
decision_type=2 2 2 2 2 2 2 2 2 2 2 2 2 2 2 2 2 2 2 2 2 2 2 2 2 2 2 2 2 2
left_child=1 3 4 6 8 18 -1 13 11 -4 -11 -2 -13 29 -15 19 17 -17 -3 -8 -21 22 -16 24 -24 26 -9 -10 -29 -5
right_child=2 5 9 7 -6 -7 15 25 27 10 -12 12 -14 14 21 16 -18 -19 -20 20 -22 -23 23 -25 -26 -27 -28 28 -30 -31
leaf_value=-0.03691082570538258 -0.032891340618125403 -0.00059220481201599181 -0.023695860958856351 -0.0057318042487272333 -0.011918587867069631 -0.019763957968568537 0.020235752058968298 -0.001101505544827034 -0.018706262454858399 -0.012262406649624882 0.014535058094974924 0.0079193854498384765 -0.00073474016825781589 -0.022041600936000313 0.012252719909371212 0.011656922396556227 0.0099429180831105482 -0.043715260900717499 -0.010920605913110353 0.012046413040829568 -0.021088442196973027 0.0045679369046286028 -0.030518307392398955 0.013018668405462914 0.0072139108602496359 0.0088029693662009367 -0.027028874673628224 0.010023473972545702 -0.0057444312051136599 0.0057553585977737041
leaf_weight=136.79019257426262 164.50122977793217 9047.011965483427 1352.8489856049418 2512.9593644440174 4848.3506989404559 1267.6942031681538 2892.6686998158693 12251.654492527246 737.0544406324625 7412.2837364450097 377.75973390042782 2775.2846650779247 17296.864299111068 221.07533730566502 5231.9590502157807 126.77827899158001 1726.0169386416674 209.35844302177429 1752.7126056626439 4962.1984898597002 150.16452994197607 19642.290845483541 271.34763792157173 398.99995702505112 198.30681632459164 1358.4329070150852 244.08364710211754 586.20791071653366 9005.2880254909396 1610.7531960755587
leaf_count=440 637 33051 5894 9296 14588 4966 20294 42335 2305 22639 1093 8104 49899 696 19495 710 10953 632 5826 27970 756 74937 994 1471 726 4600 1419 1692 25612 5964
internal_value=0 0.00308193 -0.00518504 0.00468397 -0.00320692 -0.00410635 0.0117193 0.00305026 -0.00182504 -0.012847 -0.0109629 0.000190703 0.000461826 0.00472513 0.0056733 0.0123801 0.00460069 -0.0228309 -0.00226843 0.0143841 0.0110731 0.00591132 0.0102366 -0.00190646 -0.0145863 -0.000587139 -0.00160795 -0.00577447 -0.00478074 -0.00124483
internal_weight=0 66213.3 44556.4 54145.8 35413.6 12067.4 10204 43941.9 30565.2 9142.89 7790.04 20236.7 20072.1 30087.7 25964 10067.2 2062.15 336.137 10799.7 8005.03 5112.36 25742.9 6100.61 868.654 469.654 13854.2 12495.7 10328.6 9591.5 4123.71
internal_count=399994 267531 132463 223688 102837 43843 61755 161933 88249 29626 23732 58640 58003 113579 98319 61315 12295 1342 38877 49020 28726 97623 22686 3191 1720 48354 43754 29609 27304 15260
is_linear=0
shrinkage=0.05


Tree=115
num_leaves=31
num_cat=0
split_feature=122 233 42 29 230 232 233 12 232 226 226 234 234 233 228 233 226 228 3 230 233 228 228 232 233 230 233 29 226 233
split_gain=596.806 397.138 277.579 253.679 224.056 423.996 341.095 267.375 231.572 214.059 198.882 199.369 191.821 175.023 165.637 223.65 169.806 165.619 162.99 203.807 162.755 158.075 202.606 205.896 161.749 148.509 160.577 139.218 133.12 128.231
threshold=0.03110490366816521 0.0058588914107531318 3.67487645149231 0.069516453891992583 3.5000000000000004 -1.6804370880126951 0.086065258830785765 -0.013192052952945231 1.5893005728721621 0.1893505081534386 -0.0047057049814611665 0.014099156949669124 0.053421318531036384 0.19598775357007983 29.689025878906254 0.00055965055798878904 -0.024013678543269631 88.40799713134767 739386.75000000012 8.5000000000000018 0.13006508350372317 58.225933074951179 52.043165206909187 -0.61112582683563221 0.066189184784889235 9.5000000000000018 -0.01204910362139344 0.029077611863613132 0.010562879499047996 0.04264096915721894
decision_type=2 2 2 2 2 2 2 2 2 2 2 2 2 2 2 2 2 2 2 2 2 2 2 2 2 2 2 2 2 2
left_child=1 10 3 4 6 18 21 -7 12 20 14 25 29 -10 15 16 -1 27 19 -6 -8 22 23 -2 -23 26 28 -3 -12 -9
right_child=2 17 -4 -5 5 7 9 8 13 -11 11 -13 -14 -15 -16 -17 -18 -19 -20 -21 -22 24 -24 -25 -26 -27 -28 -29 -30 -31
leaf_value=-0.0041740314543789068 -0.0016164849973254129 -0.026432097911425919 0.021588992942889969 0.010676391993405764 0.035779848974022505 -0.0090678164051077089 0.0065284484887400927 0.011590335969010844 -0.013826275367532677 -0.018862218709535094 -0.0047208439477578034 -0.020875216241723615 0.038738365367121323 0.010796651640154253 -0.0088897791722291238 0.059021041308277171 0.047636934974188763 0.012908623824366231 0.0029738882322219388 -0.024484909386910773 0.033999068730624742 -0.019698002539053294 0.010930042478661944 -0.018738391914137172 0.0059463906853772161 0.036571612852006788 -0.020771145371279179 -0.012616258037883875 0.026314839204699327 -0.0028267579255410072
leaf_weight=1292.5794062912464 5603.9985222108662 2578.9199354946613 1896.3429645262659 7094.4327788725495 1697.1638754419982 4635.269626814872 1165.9505049139261 5614.1380539424717 2270.0079981386662 444.31376348435879 525.70288620144129 444.75651467591524 529.4236646592617 1058.1009944006801 6248.1703067868948 195.97940458357334 180.18852382898331 500.36406252905726 735.58380884304643 152.93406461924314 1003.0200948938727 3418.7580022700131 1957.5919143296778 2556.9933654069901 749.73411924391985 625.16004590690136 376.33423565328121 6223.9699340462685 1008.015983812511 2126.5493767634034
leaf_count=10978 30604 46490 6258 23571 5298 25896 5391 26937 12267 2547 2865 4659 1819 3602 53406 743 540 2826 2751 875 4453 20923 8646 15086 3361 2222 4180 55429 4328 11043
internal_value=0 -0.0074858 0.0028695 0.00204037 0.000325127 0.00407782 -0.00385363 0.00108257 0.00513921 0.0127552 -0.00100797 0.0100021 0.00962109 -0.00599794 -0.00515221 0.00884212 0.00216488 -0.0150733 0.0228826 0.0307982 0.019232 -0.00689159 -0.00351592 -0.0069811 -0.0150857 0.0154189 0.00849564 -0.0166638 0.0156769 0.00762962
internal_weight=0 20200.1 44710.3 42814 35719.5 18819.2 16900.4 16233.5 11598.2 2613.28 10896.9 2979.97 8270.11 3328.11 7916.92 1668.75 1472.77 9303.25 2585.68 1850.1 2168.97 14287.1 10118.6 8160.99 4168.49 2535.21 1910.05 8802.89 1533.72 7740.69
internal_count=399994 188666 211328 205070 181499 90488 91011 81564 55668 12391 83921 18254 39799 15869 65667 12261 11518 104745 8924 6173 9844 78620 54336 45690 24284 13595 11373 101919 7193 37980
is_linear=0
shrinkage=0.05


Tree=116
num_leaves=31
num_cat=0
split_feature=7 232 225 234 229 229 226 232 226 18 232 23 41 232 229 225 188 226 225 161 229 226 224 128 148 131 225 187 225 35
split_gain=288.624 137.572 184.388 187.314 220.154 135.691 127.306 263.275 183.082 157.051 131.496 111.215 104.815 101.202 96.7013 91.2922 84.9084 84.8995 84.088 93.1584 92.728 83.2814 81.8408 75.8506 73.304 92.0372 66.8199 63.6199 63.3732 62.8731
threshold=1.0000000180025095e-35 -0.79598388075828541 -0.0079692690633237345 -0.020229829475283619 0.95798671245574962 0.83567479252815258 -0.016695752739906308 -0.064959354698657976 -0.036604972556233399 0.034991357475519187 -0.77543962001800526 48.507169723510749 0.026777182705700401 1.3920683860778811 0.62673509120941173 0.26017209887504583 0.39949999749660497 -0.0088830338791012747 -0.014302461873739956 27.299368858337406 0.86637786030769359 -0.05077246576547622 3.5000000000000004 0.066022086888551726 39.285715103149421 0.10478999093174936 0.023182467557489875 -1.7135000228881834 0.20679578930139544 282.43899536132818
decision_type=2 2 2 2 2 2 2 2 2 2 2 2 2 2 2 2 2 2 2 2 2 2 2 2 2 2 2 2 2 2
left_child=1 2 3 4 5 -1 7 8 23 -8 -11 -10 -4 26 -12 17 -7 -16 20 -20 -19 22 -5 -3 25 -14 -9 -6 -2 -30
right_child=28 6 12 21 27 16 9 13 11 10 14 -13 24 -15 15 -17 -18 18 19 -21 -22 -23 -24 -25 -26 -27 -28 -29 29 -31
leaf_value=-0.0027212877467420451 0.031073272190806647 -0.006932742413649164 -0.014335096208417343 0.029474776728551984 0.0027693687679344967 0.024104245785573596 -0.0043893418028262887 0.0023796599029595957 0.041391726713006442 0.043354360131625747 0.020819242807227245 0.013787187622399494 -0.010278149035116113 0.019261908061489353 -0.010244839734048038 -0.035557515990825121 0.0044909200514569097 -0.0020711748448132799 -0.0026495443261424683 0.0035063810693542865 0.012235215191680113 -0.0075053654435621939 -0.0037218811568686216 0.02287133722196991 0.00012208858497739198 0.029041287583407377 -0.010896396233637889 -0.01099574771861255 -0.0064275378530772326 0.032659282660102297
leaf_weight=878.44288435578346 908.53867928683758 621.79416950047016 3605.7316330932081 319.15777571499348 2186.3057085350156 2374.3773695454001 12325.189861875027 6579.7475093901157 984.12099507451057 193.03299526125193 666.79031391441822 579.86409426480532 4224.5638206079602 789.83742432296276 1406.4751730933785 164.5979884788394 718.87626314163208 1612.5906483456492 10014.589539431036 15908.493538051844 3805.5400629639626 5294.3872861415148 443.87089015543461 325.08357341587543 4648.9768587574363 154.26405571401119 1107.2781503647566 1362.5413288921118 278.93764209747314 163.00626468658447
leaf_count=3728 4855 2737 26716 1192 9765 9496 74220 26756 3159 659 2074 1770 21226 2438 7247 1196 2580 6751 43424 67703 12895 30346 2524 952 19803 534 4842 7204 766 436
internal_value=0 0.000217513 -0.00278122 0.00126394 0.0065345 0.0146211 0.00159443 0.00643077 0.0206517 0.00044164 0.00220471 0.0311571 -0.00712877 0.00221851 0.00196816 0.00158625 0.0195461 0.00177294 0.00231225 0.00112823 0.00797722 -0.00527968 0.0101635 0.00329964 -0.00425054 -0.00889294 0.000467309 -0.0025156 0.023519 0.00798922
internal_weight=0 83296.5 26211.5 13578 7520.54 3971.7 57085 10987.7 2510.86 46097.3 33772.1 1563.99 12633.5 8476.86 33579.1 32912.3 3093.25 32747.7 31341.2 25923.1 5418.13 6057.42 763.029 946.878 9027.8 4378.83 7687.03 3548.85 1350.48 441.944
internal_count=399994 393937 135114 66835 32773 15804 258823 42654 8618 216169 141949 4929 68279 34036 141290 139216 12076 138020 130773 111127 19646 34062 3716 3689 41563 21760 31598 16969 6057 1202
is_linear=0
shrinkage=0.05


Tree=117
num_leaves=31
num_cat=0
split_feature=152 124 31 41 116 229 226 142 230 227 4 4 229 233 224 230 227 233 137 108 25 227 233 41 41 228 226 110 233 229
split_gain=643.357 406.906 212.009 181.669 113.166 74.8704 74.311 86.432 77.263 114.906 64.3093 136.903 63.6073 64.4723 139.888 202.003 82.2333 87.7417 60.1908 57.7791 55.723 55.2346 54.8346 51.3556 51.4689 51.0958 49.8655 61.3748 58.7089 61.7916
threshold=0.061705855652689941 0.010606456082314255 0.15515629947185519 0.020039123483002189 1.0000000180025095e-35 1.8537479043006899 0.23819749057292941 52.883649826049812 3.5000000000000004 0.20794968307018283 1.0000000180025095e-35 28.009799957275394 1.9215429425239565 -0.033969070762395852 3.5000000000000004 9.5000000000000018 0.0023892372846603398 -0.012939637526869772 0.91316673159599315 -0.029174353927373883 32.771017074584968 0.17166101187467578 -0.06761451810598372 1.0000000180025095e-35 0.011531745083630087 44.362541198730476 -0.028195554390549656 0.34673847258090978 0.00055965055798878904 1.0233559012413027
decision_type=2 2 2 2 2 2 2 2 2 2 2 2 2 2 2 2 2 2 2 2 2 2 2 2 2 2 2 2 2 2
left_child=1 3 6 23 12 10 7 8 -2 -10 -5 19 13 14 22 25 26 21 -7 -12 -13 -18 -3 -1 -25 -16 28 -28 -15 -30
right_child=2 4 -4 5 -6 18 -8 -9 9 -11 11 20 -14 16 15 -17 17 -19 -20 -21 -22 -23 -24 24 -26 -27 27 -29 29 -31
leaf_value=-0.04537374578608909 -0.0024149384925954628 0.0085351783722878351 -0.02518660534554374 -0.00094015850438741516 -0.014529472398385312 -0.029593860101196759 0.010397706052061261 -0.015756994554727698 -0.0071676528682179334 -0.026055230728093393 0.0023799432759652761 0.0044699275056925428 -0.034660548295622588 0.0019735206304626798 -0.014408641034551023 -0.043986491190979575 -0.021754916169592103 -0.0017383682249291798 0.015641712029024344 0.0099708817299855677 -0.00078668041365882702 -0.0029848354261497114 -0.0036764287851336537 0.017725275288648892 0.0083765938651512908 -0.001051991576568661 0.010026595948719047 0.00082704690344692947 -0.018508260537403436 0.0052211449727504189
leaf_weight=42.660293728113174 7874.7457663863897 1352.2793102115393 1692.8482406511903 8688.2367959395051 1894.9004115834832 306.69709914177656 614.67814482748508 2573.9690929204226 6351.1346737444401 922.16663329303265 3417.3047395721078 8578.5045748651028 147.9889453202486 3046.1972739696503 1624.8790396153927 465.94677296280861 969.08935749530792 11203.402950666845 96.731241337954998 9408.5591046586633 12227.667123265564 658.10388039052486 2870.9918170273304 1688.6357743218541 11489.786523878574 1280.143271625042 3321.8402311876416 3991.4592719450593 852.30055804550648 404.56983788311481
leaf_count=127 23749 4155 7860 28947 5858 1577 1826 8621 19496 2822 13106 28713 1144 10370 5260 1649 2922 36227 284 37406 42613 2039 8876 11147 58488 4088 11852 13557 2771 1437
internal_value=0 0.00165154 -0.00825635 0.00427529 -0.00265502 0.00269029 -0.00669334 -0.00728614 -0.00584676 -0.00956237 0.00289465 0.0038853 -0.00195599 -0.00180494 -0.00582908 -0.0134247 -0.000554879 -0.00331414 -0.0187476 0.00794836 0.00138065 -0.0141635 0.000233693 0.0093972 0.0095745 -0.00852283 0.0024928 0.00500566 -0.00177793 -0.0108701
internal_weight=0 90028.9 20029.5 55944.8 34084.1 42723.7 18336.7 17722 15148 7273.3 42320.3 33632 32189.2 32041.2 7594.24 3370.97 24447 12830.6 403.428 12825.9 20806.2 1627.19 4223.27 13221.1 13178.4 2905.02 11616.4 7313.3 4303.07 1256.87
internal_count=398987 334613 64374 222408 112205 152646 56514 54688 46067 22318 150785 121838 106347 105203 24028 10997 81175 41188 1861 50512 71326 4961 13031 69762 69635 9348 39987 25409 14578 4208
is_linear=0
shrinkage=0.05


Tree=118
num_leaves=31
num_cat=0
split_feature=29 233 227 234 226 229 226 42 228 229 226 227 226 230 232 228 234 228 228 228 228 225 227 230 187 13 227 234 227 234
split_gain=554.391 310.222 387.408 316.998 280.527 262.567 281.408 234.376 218.402 218.912 174.146 273.1 231.081 199.801 292.394 231.312 215.906 213.52 316.344 311.36 261.152 201.328 191.943 172.241 168.75 166.715 159.035 154.416 141.349 140.759
threshold=0.043725164607167251 -0.01175938034430146 0.1475668400526047 0.012814752757549288 0.0011882765393238517 1.006424129009247 -0.024013678543269631 1.9872591495513918 53.710248947143562 0.84628197550773632 0.17813075333833697 0.14217160642147067 0.064910467714071288 2.5000000000000004 -1.6804370880126951 58.29510688781739 -0.019497783854603764 32.958612442016609 22.164649009704593 34.72050857543946 43.143768310546882 0.016813429072499279 0.20794968307018283 2.5000000000000004 -2.4265000820159908 0.087167434394359603 -0.019258529879152771 0.04958778619766236 -0.036407448351383202 -0.021494197659194466
decision_type=2 2 2 2 2 2 2 2 2 2 2 2 2 2 2 2 2 2 2 2 2 2 2 2 2 2 2 2 2 2
left_child=1 5 4 -4 -3 6 26 10 -8 -10 12 -12 13 15 -15 17 -16 18 -2 -19 -21 -22 23 -14 -18 -6 28 -5 -1 -7
right_child=7 2 3 27 25 29 8 -9 9 -11 11 -13 22 14 16 -17 24 19 -20 20 21 -23 -24 -25 -26 -27 -28 -29 -30 -31
leaf_value=-0.0061416715813477178 0.024641115070529913 -0.004090775349683092 -0.02046705004034691 0.013711753780145705 -0.023052246487574483 -0.0038098613555372952 0.025476776354194531 0.014319544375176697 0.032593716530891659 -0.011633237722348705 -0.027164206644773443 0.0094281039577041245 0.02909187810430108 0.019579593662700522 -0.0083082491249108371 -0.015843272723275192 0.010481338626633786 0.038599717296303133 -0.016722775910473092 -0.017688021968643396 0.006431026429320425 0.056885626508850498 0.046478515294182149 -0.0011011804891745385 -0.0039705440338216403 -0.0041006806794215787 -0.015572254832268853 -0.008313680814559651 0.018742643747814123 -0.026981415938611128
leaf_weight=1274.2504195533693 562.19019284844398 4250.8053950406611 1268.5338021554053 3107.5231506302953 6929.1035007759929 1948.6335557624698 2278.1122358441353 4464.5278110280633 384.82890691608191 1025.0970679521561 1218.2550420239568 876.93622429668903 786.00862113386393 2927.9399491101503 3608.7606214955449 2807.4074192419648 6596.883737064898 683.12806531041861 2599.6002913787961 1187.6476041600108 2906.7593709379435 212.14662736654282 470.9879664927721 1183.6756564751267 2911.3665344640613 1393.8863544464111 1583.7375537231565 1069.6810491234064 1033.5193811506033 987.54898411035538
leaf_count=11089 1575 42233 12365 16311 92822 12295 9998 13802 1762 6890 6930 3138 2769 9450 17717 13698 25951 2723 14132 6325 12755 699 1349 4957 13318 7468 13848 5994 6023 8601
internal_value=0 -0.00573372 -0.00971628 0.00142377 -0.0145411 0.00109072 0.00600818 0.00359718 0.0159046 0.000438184 0.0020794 -0.0118486 0.00307047 0.00173882 0.00529324 -0.00346524 0.00210429 0.000797821 -0.00936796 0.00723953 0.00226501 0.00986293 0.017804 0.0109475 0.00605626 -0.0198783 -0.0033708 0.00807157 0.0050026 -0.0116033
internal_weight=0 28535.3 18019.5 5445.74 12573.8 10515.7 7579.55 36004.2 3688.04 1409.93 31539.7 2095.19 29444.5 27003.8 16045 10958.9 13117 8151.47 3161.79 4989.68 4306.55 3118.91 2440.67 1969.68 9508.25 8322.99 3891.51 4177.2 2307.77 2936.18
internal_count=398987 247699 177193 34670 142523 70506 49610 151288 18650 8652 137486 10068 127418 118343 66436 51907 56986 38209 15707 22502 19779 13454 9075 7726 39269 100290 30960 22305 17112 20896
is_linear=0
shrinkage=0.05


Tree=119
num_leaves=31
num_cat=0
split_feature=7 6 232 226 226 234 14 229 225 229 228 226 225 14 228 225 17 227 197 233 234 227 228 227 233 227 227 228 161 225
split_gain=282.968 129.694 91.8597 87.3539 83.3192 235.806 91.417 78.9014 77.2248 90.559 79.7994 237.588 199.752 112.421 76.4851 86.4858 89.4923 72.9064 69.6502 67.0247 117.476 139.437 93.7857 88.34 75.4013 65.8729 65.893 65.2318 69.4302 60.6306
threshold=1.0000000180025095e-35 1.7035500407218935 -1.4672073721885679 -0.052973167970776551 -0.017064406536519524 0.016909533180296425 0.038364836946129806 1.0909022688865664 -0.034941680729389184 1.804553806781769 50.626491546630866 -0.017064406536519524 0.00082499513518996548 -0.061610441654920571 34.72050857543946 -0.0017410190193913875 -0.055618183687329285 0.20411980897188189 -0.031447045505046838 0.0058588914107531318 -0.015900600701570507 -0.036407448351383202 50.034729003906257 0.015387311577796938 -0.006994677707552909 -0.080775048583745943 -0.059868887066841119 42.342876434326179 73.051654815673842 0.20679578930139544
decision_type=2 2 2 2 2 2 2 2 2 2 2 2 2 2 2 2 2 2 2 2 2 2 2 2 2 2 2 2 2 2
left_child=1 2 3 -1 5 14 -6 -7 -3 10 19 12 13 -12 -4 16 -16 -8 -13 20 21 27 25 -23 -22 -21 -27 28 -10 -2
right_child=29 8 4 -5 6 7 17 -9 9 -11 11 18 -14 -15 15 -17 -18 -19 -20 22 24 23 -24 -25 -26 26 -28 -29 -30 -31
leaf_value=0.01093562435241645 0.031118747710303575 0.0091224840821925429 -0.0080606243259790569 -0.012417822531621414 -0.0089733296018895299 0.039392024085790601 0.0022812115061756027 0.0064809316834459818 0.029411130720036684 -0.018779724596244829 0.044433901200560517 -0.0021642413516966734 0.0031282119759155746 0.017904979995419037 0.026694056024495611 -0.0041932525353084301 0.0032064812457391709 -0.01426132273730543 0.0029622732756941226 -0.0079218612433214642 -0.012452322251589529 -0.0037307429510238508 -0.012323775417883539 0.015012811281565201 -0.002484450399227 0.020156825687744344 0.0047753616618157338 -0.0031824361739767413 0.0058429153588250978 0.008443723502182747
leaf_weight=449.92913672327995 881.23679900169373 3080.1905583441257 2136.2880381718278 3639.2998157143593 5194.8458148501813 535.98417652398348 5117.6988350711763 275.83295182883739 747.45832104235888 573.03035026043653 592.40795215964317 9796.016414694488 1823.2663474902511 1225.3661630451679 637.26877562701702 1654.0708170309663 1115.369741179049 765.69251075387001 20470.821544080973 851.03134938329458 3712.3280846588314 6540.5426251068711 883.78877387940884 695.47097812592983 3880.2002387568355 814.36270374804735 4801.9142439216375 417.9792253151536 536.98673734068871 443.00917759537697
leaf_count=1870 4857 10931 12735 23586 37902 1564 23579 1275 2575 3206 1868 46847 6851 3965 2870 8956 5844 3841 88063 4514 19749 30241 3600 2488 18106 2571 18841 2193 2294 1205
internal_value=0 0.00023649 -0.00310372 -0.00984829 -0.00152166 0.00304228 -0.00413967 0.0282097 0.0014065 0.000999275 0.0011954 0.0027547 0.0148218 0.0265507 -0.000643704 0.00400732 0.0117467 0.000128287 0.00130305 -0.0010185 -0.00278486 0.00109984 0.00295364 -0.00192925 -0.00735819 0.00504137 0.00700568 0.0139748 0.019558 0.0235331
internal_weight=0 82965.4 21522.3 4089.23 17433.1 6354.81 11078.2 811.817 61443.2 58363 57789.9 33907.9 3641.04 1817.77 5543 3406.71 1752.64 5883.39 30266.8 23882.1 16531 8938.44 7351.1 7236.01 7592.53 6467.31 5616.28 1702.42 1284.45 1324.25
internal_count=398987 392925 124022 25456 98566 33244 65322 2839 268903 257972 254766 147594 12684 5833 30405 17670 8714 27420 134910 107172 77646 39791 29526 32729 37855 25926 21412 7062 4869 6062
is_linear=0
shrinkage=0.05


Tree=120
num_leaves=31
num_cat=0
split_feature=29 12 29 15 42 125 130 228 226 231 14 29 226 225 224 140 130 225 225 232 226 227 6 7 231 227 228 228 224 24
split_gain=646.457 336.901 236.726 195.853 141.542 121.531 91.4725 119.195 90.9489 105.536 90.4348 82.139 81.8085 79.6468 76.9071 74.3152 65.465 66.6617 72.0363 62.3848 58.6779 58.3711 62.3807 63.3024 59.6821 59.9457 73.5194 57.4149 56.1278 54.0405
threshold=0.050484418869018562 0.076808724552392973 0.027645040303468708 0.3549060076475144 0.76530110836029064 0.019267894327640537 0.082426678389310851 28.266542434692386 0.15715487301349643 6.5033285617828378 -1.0000000180025095e-35 0.074521560221910491 -0.05077246576547622 0.0051666451618075379 1.0000000180025095e-35 3.5000000000000004 0.024743768386542801 -0.012940231710672377 -0.0031184711260721083 -3.334617972373962 0.23819749057292941 -0.059868887066841119 4.3756499290466317 1.0000000180025095e-35 1.8806042075157168 0.0018821603734977546 56.103479385375984 66.130397796630874 4.5000000000000009 10.220587253570558
decision_type=2 2 2 2 2 2 2 2 2 2 2 2 2 2 2 2 2 2 2 2 2 2 2 2 2 2 2 2 2 2
left_child=1 2 10 6 29 -3 20 12 9 13 -1 19 -8 16 -11 -12 -6 -18 -19 -9 -2 -15 23 24 25 -23 -27 -10 -14 -4
right_child=3 5 4 -5 8 -7 7 11 27 14 15 -13 28 21 -16 -17 17 18 -20 -21 -22 22 -24 -25 -26 26 -28 -29 -30 -31
leaf_value=0.013584339612863676 -0.0073972506487477501 -0.025079994415031611 0.011718758998676762 -0.014477041856699758 -0.0053397855430764619 -0.0061515223702070148 -0.022162593667815929 -0.031088862238106675 -0.0016329599651893631 -0.0027230705654104985 -0.030463125607325021 -0.0078527344580835087 0.0018239903721826781 -0.021595450989409921 -0.019770549696642589 0.0059825732616474708 0.0061535463787881989 -0.0081052659071951371 0.0037826732234250392 0.0044172790754818635 0.010807497464589897 0.0051109963649480497 -0.0035206801216111083 -0.025998627420804655 0.0076754477483577423 0.0068470970700084373 -0.018143446012738467 0.016530996695525959 -0.02578526265477632 0.0039249829404526633
leaf_weight=6177.2958035394549 14859.28952690959 1188.4102164208889 2480.5064667314291 5748.5619507208467 8712.7370620816946 2960.4743450507522 980.10337062180042 125.81080289185047 660.84407405555248 1478.1088261902332 142.8980014398694 1881.5331979393959 1059.2507733106613 241.59642484784126 1197.6327769756317 6601.0239930227399 3477.4096227288246 2857.616103515029 2299.9548617452383 7415.5216342359781 456.22467267513275 1924.5119847357273 2771.095801346004 163.73828871548176 7804.7767552882433 466.8335332274437 796.30682179331779 1273.3240215033293 222.79994218051434 21520.757760293782
leaf_count=39614 42770 4532 9019 19759 29232 10136 3333 516 2038 4722 500 5379 3002 769 4055 36797 12222 9735 8084 21226 1305 6838 9119 1350 27405 1553 2403 3967 730 78114
internal_value=0 0.00228649 0.00307368 -0.00609708 0.00175421 -0.0115734 -0.00431295 -0.000981136 -0.000223123 -0.000819799 0.00921372 0.00149317 -0.0112877 -1.04062e-05 -0.0103533 0.00521032 -0.002282 0.000803319 -0.00280399 0.00382494 -0.00685496 0.00277083 0.00319351 0.00486126 0.00532094 -0.000443938 -0.0089074 0.0103249 -0.00297406 0.00473046
internal_weight=0 77197.9 73049 32749.1 60127.8 4148.88 27000.5 11685 36126.5 34192.3 12921.2 9422.87 2262.15 31516.6 2675.74 6743.92 17347.7 8634.98 5157.57 7541.33 15315.5 14168.9 13927.3 11156.2 10992.4 3187.65 1263.14 1934.17 1282.05 24001.3
internal_count=400224 302204 287536 98020 210625 14668 78261 34186 123492 117487 76911 27121 7065 108710 8777 37297 59273 30041 17819 21742 44075 49437 48668 39549 38199 10794 3956 6005 3732 87133
is_linear=0
shrinkage=0.05


Tree=121
num_leaves=31
num_cat=0
split_feature=29 29 40 231 228 228 228 25 231 231 228 231 229 140 231 19 149 228 229 224 33 231 231 234 229 231 229 232 231 231
split_gain=534.734 296.066 244.633 210.642 269.171 239.859 199.868 187.546 194.292 186.571 262.724 249.52 227.581 165.191 157.775 142.008 139.368 142.523 129.157 150.13 125.405 122.283 280.48 149.757 274.408 112.685 182.767 111.962 144.511 155.14
threshold=0.051504857838153846 0.027980512939393524 3.3360530138015752 1.3103861808776858 42.342876434326179 45.680385589599616 29.883596420288089 65.676994323730483 17.813075065612797 6.5033285617828378 76.667705535888686 7.4772830009460458 1.1422550082206728 3.5000000000000004 2.5014287233352666 0.11181486770510675 67.857143402099624 26.965641021728519 1.1085566282272341 2.5000000000000004 1.5192458033561709 4.5131709575653085 4.4904618263244638 -0.026886546984314915 1.006424129009247 6.5033285617828378 1.2639697194099428 -0.91212284564971913 0.88830339908599865 0.35102181136608129
decision_type=2 2 2 2 2 2 2 2 2 2 2 2 2 2 2 2 2 2 2 2 2 2 2 2 2 2 2 2 2 2
left_child=1 13 3 4 -3 -6 14 8 25 12 11 20 18 -1 -5 -12 17 -16 21 -20 -11 22 23 24 -8 26 -2 -7 29 -29
right_child=7 2 -4 6 5 27 9 -9 -10 10 15 -13 -14 -15 16 -17 -18 -19 19 -21 -22 -23 -24 -25 -26 -27 -28 28 -30 -31
leaf_value=0.047632441202717805 0.0044507962565958686 -0.028210811136039727 0.018668109987915509 0.046507865474545412 0.02638856681728682 0.016425296547362762 0.02207897542478332 0.012618835515196374 -0.017560606855430653 -0.010878310090641627 -0.0014253087142316408 -0.016155208445182388 -0.020687914151371382 -0.015420676615316287 0.00053342733239482851 0.028253165394573062 -0.005048334034543577 0.028436409837370405 0.0021221078039484731 0.067379494386743025 0.033016251991690164 -0.020452161711973893 0.051307069606668358 -0.0092526955159371038 -0.015275421107339843 0.017074739625257459 -0.016235279138635938 0.0090850265210292071 0.0076677903923197599 -0.02284746728766824
leaf_weight=105.78377191722393 13398.114770628512 562.40269513428211 1357.8930492289364 212.18582312762737 1368.6995481215417 1131.2628064416349 1128.0499901995063 6720.7588934972882 1100.1719419360161 247.85137321427464 637.88451942801476 2094.0082031041384 3534.5271163210273 5758.0787061750889 1035.5786793418229 1094.8820830434561 2617.8237052969635 820.02572288364172 318.54728891700506 121.8474147990346 473.71461439505219 1569.4805230796337 212.66302620619535 9527.246918335557 871.4665667116642 1528.1056391894817 1160.2434888333082 570.83501426503062 1971.4982241466641 1139.9299857839942
leaf_count=535 53652 4538 4587 686 5997 5459 5854 22010 5269 1918 3959 14048 29181 80372 7332 4141 16602 4068 1821 706 2204 13328 1429 73140 6098 5275 5417 2629 9592 8377
internal_value=0 -0.00389369 -0.00213395 -0.00298317 0.00490644 0.00791914 -0.00498984 0.00553703 0.00276772 -0.00700082 0.00200944 -0.00741769 -0.00937192 -0.0142832 0.00438014 0.0173276 0.00238192 0.0128643 -0.00646292 0.0201774 0.0179389 -0.00734446 -0.00559205 -0.00664181 0.00579849 0.00415799 0.0028022 0.00266746 -0.00155921 -0.0121925
internal_weight=0 40484.2 34620.3 33262.4 6744.63 6182.23 26517.8 23907.4 17186.6 21832.2 4548.34 2815.57 17283.8 5863.86 4685.61 1732.77 4473.43 1855.6 13749.3 440.395 721.566 13308.9 11739.4 11526.8 1999.52 16086.5 14558.4 4813.53 3682.26 1710.77
internal_count=400224 308601 227694 223107 36592 32054 186515 91623 69613 157827 26270 18170 131557 80907 28688 8100 28002 11400 102376 2527 4122 99849 86521 85092 11952 64344 59069 26057 20598 11006
is_linear=0
shrinkage=0.05


Tree=122
num_leaves=31
num_cat=0
split_feature=232 227 225 230 230 232 228 226 225 226 15 227 228 228 233 14 17 231 131 228 226 230 15 111 232 232 189 233 227 226
split_gain=142.379 276.235 176.636 166.152 168.564 163.142 160.389 159.369 175.892 120.963 147.715 118.925 114.405 118.78 114.386 105.617 100.806 93.841 91.5788 76.1379 76.04 75.0601 77.5086 74.3769 74.0513 153.058 122.079 98.3755 74.6272 93.6426
threshold=-0.79598388075828541 -0.011294552125036715 -0.0079692690633237345 2.5000000000000004 13.500000000000002 0.24266439676284793 34.72050857543946 -0.023684013634920117 -0.0082912058569490892 -0.036604972556233399 -0.10975205525755881 0.22302427142858508 53.177101135253913 53.300489425659187 -0.059049820527434342 0.023010558448731903 -0.087159249931573854 3.3191430568695073 0.10478999093174936 32.709537506103523 0.072750091552734389 6.5000000000000009 0.094121661037206664 -0.17915612459182736 1.7843698859214785 1.665416479110718 0.216499999165535 0.13843647390604022 0.18537236005067828 -0.018397438339889046
decision_type=2 2 2 2 2 2 2 2 2 2 2 2 2 2 2 2 2 2 2 2 2 2 2 2 2 2 2 2 2 2
left_child=2 3 6 9 -5 17 14 16 -9 -2 -11 15 18 -14 -1 -7 -8 -3 19 21 -13 22 -4 -6 25 27 -26 28 29 -17
right_child=1 5 12 4 23 11 7 8 -10 10 -12 20 13 -15 -16 24 -18 -19 -20 -21 -22 -23 -24 -25 26 -27 -28 -29 -30 -31
leaf_value=0.0088300351086367367 0.0024626435572002135 -0.0021607166679408997 -0.012940264499005675 -0.0035500573403946171 0.042704816418738308 -0.001876046137413394 0.036207333877628527 -0.0029519753479451179 0.036640823416415065 0.039501079099610897 0.015308064579885561 -0.0039843102964780266 0.028401848708311542 -0.0026867291805653102 -0.0057403244739012644 -0.002905367126337037 0.012023468054442295 -0.012905366813425845 0.024011394758775145 -0.015072720302130036 -0.027870364748425781 0.013312533911017506 0.0084119443227210627 0.0075257445799352457 0.007565031940827369 0.01714832108200311 -0.0047846617107699619 -0.0050484232872009755 -0.00047708154559015256 0.010220172263248461
leaf_weight=1686.6532393172383 1279.7865233719349 7285.8527464196086 1982.0712272822857 2798.6840776354074 309.46186046302319 8761.7449712827802 606.94503201544285 2731.6523643545806 312.61683484911919 789.11583465337753 3147.5465383008122 3708.0068600699306 331.88562206923962 4138.0698284730315 6689.4464079663157 1617.9193595945835 1485.6046799719334 2818.1241694018245 189.21719159930944 4834.6354651935399 366.08625654876232 474.58341800421476 541.02780278772116 292.03553055971861 3490.4962201490998 2721.7373657003045 4689.724746003747 2383.9414003565907 3366.230389431119 8487.0863725394011
leaf_count=6078 4831 36629 12281 15924 1296 49996 2111 14812 1203 2900 13185 17085 1207 20783 36355 5961 6317 13547 673 28673 2427 2397 2248 1166 15521 9044 20186 9032 13346 33010
internal_value=0 0.00194629 -0.00250252 0.0102109 0.00161103 0.000513353 0.00145952 0.00841547 0.00111382 0.0158164 0.0201576 0.00196054 -0.00678854 -0.000378462 -0.00280636 0.00288862 0.019038 -0.00515753 -0.0103605 -0.0111909 -0.00613064 -0.00493032 -0.00836171 0.0256249 0.00444883 0.0061943 0.000484946 0.0043139 0.00597071 0.00811863
internal_weight=0 58313.6 26004.4 8616.63 3400.18 49697 13512.9 5136.82 3044.27 5216.45 3936.66 39593 12491.5 4469.96 8376.1 35518.9 2092.55 10104 8021.54 7832.32 4074.09 2997.68 2523.1 601.497 26757.1 18576.9 8180.22 15855.2 13471.2 10105
internal_count=400224 265086 135138 39302 18386 225784 66876 24443 16015 20916 16085 175608 68262 21990 42433 156096 8428 50176 46272 45599 19512 16926 14529 2462 106100 70393 35707 61349 52317 38971
is_linear=0
shrinkage=0.05


Tree=123
num_leaves=31
num_cat=0
split_feature=29 152 29 117 13 124 22 15 234 130 29 232 229 227 12 29 232 227 6 226 231 229 26 234 142 229 233 234 231 232
split_gain=581.703 366.841 218.888 189.306 142.311 113.018 99.0643 90.4829 79.6074 77.0754 75.6198 74.5309 68.4937 64.2896 62.8649 59.6229 68.7453 211.953 58.8465 58.7612 128.381 92.4357 72.3702 66.3625 56.9036 49.8299 49.7551 47.9385 47.4544 97.507
threshold=0.0559010747820139 0.039358008652925498 0.027645040303468708 1.0000000180025095e-35 0.0011860915692523124 0.0082651325501501578 1.0000000180025095e-35 -0.17192101478576657 -0.043213134631514542 0.068321049213409438 0.087815791368484511 1.59461385011673 1.9215429425239565 0.15117330104112628 0.15515629947185519 0.018618061207234863 -0.67935836315155018 -0.018215506337583062 1.9771500229835512 0.1893505081534386 6.5033285617828378 0.83567479252815258 56.595371246337898 0.042032595723867423 60.236101150512702 1.0679636597633364 -0.043964074924588196 0.024203575216233734 1.935372591018677 -1.6395928859710691
decision_type=2 2 2 2 2 2 2 2 2 2 2 2 2 2 2 2 2 2 2 2 2 2 2 2 2 2 2 2 2 2
left_child=1 2 6 14 8 7 -1 -4 26 -9 -10 24 18 -13 19 -8 -17 25 -7 20 23 -22 -21 -3 -6 -18 -2 -23 29 -11
right_child=4 3 5 -5 11 12 15 9 10 28 -12 13 -14 -15 -16 16 17 -19 -20 22 21 27 -24 -25 -26 -27 -28 -29 -30 -31
leaf_value=-0.03250737952193964 -0.026104431884110903 -0.0028297248002311145 -0.0030714444758230377 -0.021710528465913662 -0.011825747091461234 0.0032049654389085126 0.018743204231779362 0.0036399044570689185 -0.0012089401678577361 -0.016064684355045579 -0.014674045775870035 0.0010108329138255345 -0.030023561720303828 -0.014394864719498236 -0.02106422369360347 0.01504312652287396 -0.035849595441596792 0.0090549125948858021 -0.0018728721331082807 0.016586428415208961 0.0049990736164435175 -0.010989338788790793 -0.0020398965852847233 0.0052730462578174063 -0.021974258159372866 -0.0078781102234345719 0.0047246270044802793 -0.026404485318363504 0.012241451404980201 0.0090615140713932868
leaf_weight=134.95572499185801 593.93411985039711 14839.868670046329 3446.7677011862397 1356.6158274263144 5715.2900730669498 9219.3657549768686 1861.2526619434357 16286.482051230967 10039.144313424826 491.86116702854633 1163.5399530231953 1789.0268978103995 190.66525483876467 1089.678173199296 446.73909932374954 3034.3181785345078 309.25906221568584 5341.3800916746259 14970.445481538773 896.6646291911602 537.95353148877621 1060.341732442379 1246.352421015501 3045.5398093760014 1821.4677044078708 328.18447047472 167.86460387706757 961.84169016778469 5444.2921850532293 1796.0612428709865
leaf_count=439 1969 48457 12107 5218 17207 32344 13902 61620 28807 1572 3541 5516 1016 3712 2104 19336 1033 32157 49088 2665 1654 3141 3830 9538 6766 1631 462 3951 19591 6071
internal_value=0 0.00164488 0.00366457 -0.00355965 -0.00739109 0.0023049 0.0100676 0.00450435 -0.00367101 0.00559151 -0.00260746 -0.0116644 -0.000172861 -0.0048207 -0.00249069 0.010596 0.00891355 0.00580272 6.24237e-05 -0.00212336 -0.00294898 -0.0134212 0.00575359 -0.00144998 -0.0142784 -0.0214486 -0.0193112 -0.0183215 0.0097022 0.00365984
internal_weight=0 87247.2 62855.3 24391.9 22379.9 51845.9 11009.4 27465.5 11964.5 24018.7 11202.7 10415.5 24380.5 2878.71 23035.3 10874.4 9013.14 5978.82 24189.8 22588.6 20445.5 2560.14 2143.02 17885.4 7536.76 637.444 761.799 2022.18 7732.21 2287.92
internal_count=400445 332465 251907 80558 67980 183409 68498 100961 34779 88854 32348 33201 82448 9228 75340 68059 54157 34821 81432 73236 66741 8746 6495 57995 23973 2664 2431 7092 27234 7643
is_linear=0
shrinkage=0.05


Tree=124
num_leaves=31
num_cat=0
split_feature=29 42 29 231 233 231 225 225 233 229 229 233 233 229 226 231 233 15 234 230 234 234 232 233 226 232 234 232 226 225
split_gain=510.569 304.945 283.501 235.686 225.066 198.458 190.984 230.153 184.849 181.215 159.628 153.766 329.197 262.925 147.868 141.091 135.58 141.682 134.651 132.451 143.019 128.545 151.892 118.97 383.584 330.517 262.6 225.119 277.621 253.275
threshold=0.031257117167115218 2.7247604131698613 0.067183777689933791 1.7051149606704714 -0.012939637526869772 2.3752143383026127 0.0076410106848925361 -0.01389159634709358 -0.013996877707540987 0.73127868771553051 0.80018705129623424 -0.01204910362139344 -0.021505065262317654 1.0648404359817507 0.064910467714071288 2.4903521537780766 -0.015967056620866057 -0.01793800666928291 0.03420557081699372 9.5000000000000018 -0.010293399915099142 -0.0064093542750924817 0.080501284450292601 0.08063810691237451 0.11911282315850259 -0.22886700928211209 0.018749905750155452 -0.43770533800125117 -0.025409918278455731 0.012501493562012913
decision_type=2 2 2 2 2 2 2 2 2 2 2 2 2 2 2 2 2 2 2 2 2 2 2 2 2 2 2 2 2 2
left_child=8 2 3 4 10 11 7 18 19 -7 -2 12 -5 -14 -10 -11 17 -12 -6 -1 -21 22 -19 25 26 27 -25 28 -17 -29
right_child=1 -3 -4 5 6 9 -8 -9 14 15 16 -13 13 -15 -16 23 -18 21 -20 20 -22 -23 -24 24 -26 -27 -28 29 -30 -31
leaf_value=-0.0064333848080757724 0.041863470514656803 0.01544912351873496 0.0086763512836281528 -0.018896262362249752 -0.018763165393732913 -0.021486233938815935 -0.019252599356405265 0.010891357747457683 -0.020270135423030938 0.024239262633528963 -0.0063941477759541024 -0.02203757423761328 0.043934440327502343 -0.011935850295680438 0.0002319956649002134 0.0031299047283664403 0.028156921275855736 0.028013887761440339 0.012933081011059605 -0.018184792042121641 0.036715828391235293 -0.0018633782509245847 -0.020152269017302341 -0.0035524348177078061 -0.010671219298585263 -0.013161781817302841 0.021883530352429729 0.041657486783361695 -0.016926541531446525 -0.030165110688954944
leaf_weight=2476.9096584841609 429.20379613339901 3594.7203923352063 8598.3143827244639 1379.5433297157288 1410.7351872250438 1126.8722218386829 1214.6746831126511 3221.9360356554389 4893.0739393047988 541.95547367632389 1438.0336630120873 2349.9918979071081 501.13647997379303 363.18613269925117 1072.1656971275806 9093.8689562268555 843.71523547172546 1347.3279954493046 439.44275245070457 168.98391251266003 398.06848900765181 873.97931396961212 186.31225078552961 1562.102619830519 2789.3787882849574 6122.4643861837685 2895.6223463565111 614.42371677234769 2129.3848092444241 153.39022357389331
leaf_count=22655 1323 11748 29346 9160 8879 8348 8426 14821 80224 2683 7398 17302 1501 2375 8938 51258 2483 4374 1774 1803 1275 3737 957 9061 15425 41234 12002 3497 14918 1520
internal_value=0 0.00136818 0.000387746 -0.00126855 0.00489324 -0.00349087 -0.00144444 0.00282027 -0.011469 -0.00185793 0.0126774 -0.0130988 -0.0037373 0.0204579 -0.0165852 -0.00100402 0.0100061 0.00602387 -0.0112349 -0.001443 0.0203552 0.013441 0.0221625 -0.00154347 0.00387066 -0.00370962 0.0129701 0.00111651 -0.000675399 0.0273091
internal_weight=0 55221.7 51627 43028.7 11405.4 31623.3 6286.79 5072.11 9009.2 27029.5 5118.57 4593.86 2243.87 864.323 5965.24 25902.6 4689.37 3845.65 1850.18 3043.96 567.052 2407.62 1533.64 25360.6 7247.1 18113.5 4457.72 11991.1 11223.3 767.814
internal_count=400445 285550 273802 244456 54172 190284 33900 25474 114895 159946 20272 30338 13036 3876 89162 151598 18949 16466 10653 25733 3078 9068 5331 148915 36488 112427 21063 71193 66176 5017
is_linear=0
shrinkage=0.05


Tree=125
num_leaves=31
num_cat=0
split_feature=7 4 4 225 35 225 233 226 226 228 226 225 225 230 229 233 144 233 108 225 232 232 228 231 230 226 228 233 226 230
split_gain=242.724 122.448 188.61 61.4818 66.813 58.7996 58.7469 62.9222 172.199 58.2338 147.654 152.227 84.4375 98.7916 72.105 81.4291 58.7689 56.9876 57.4059 55.8769 80.5816 98.6978 104.634 61.7592 78.6812 72.8324 59.1594 54.8071 61.0009 59.0683
threshold=1.0000000180025095e-35 1.0000000180025095e-35 19.325400352478031 0.20679578930139544 264.90875244140631 0.11845536530017854 -0.00297881884034723 -0.02938740327954292 -0.036604972556233399 50.626491546630866 -0.017064406536519524 -0.0011220313899684695 -0.030940170399844643 8.5000000000000018 1.2150162458419802 0.049885177984833724 -4.2396500110626212 0.049704665318131454 0.058563074097037322 -0.0097732064314186556 -1.1503158211708067 -1.0746681690216062 32.709537506103523 4.5131709575653085 12.500000000000002 -0.0049821182619780293 34.546342849731452 0.14265494048595431 -0.048912199214100831 1.5000000000000002
decision_type=2 2 2 2 2 2 2 2 2 2 2 2 2 2 2 2 2 2 2 2 2 2 2 2 2 2 2 2 2 2
left_child=1 -1 6 -2 -5 9 -3 8 -8 19 11 16 -12 14 -14 17 -11 18 -16 23 26 -22 -23 24 25 -4 -21 28 29 -25
right_child=3 2 5 4 -6 -7 7 -9 -10 10 12 -13 13 -15 15 -17 -18 -19 -20 20 21 22 -24 27 -26 -27 -28 -29 -30 -31
leaf_value=0.0038973811392568531 0.030103196520111331 -0.010376549528130326 -0.0058182628543872548 -0.012222719715685686 0.02688997854119653 -0.018915358789986896 -0.0094977229798581253 -0.0052503338987223147 0.03472792757937667 0.039048058244310561 0.014026946394052012 0.002792621412013484 -0.0032390121756300169 0.0061866560467212228 0.0018896328718178868 -0.0018657578815260631 0.017329866594104952 0.035832416399389562 0.019338442562024532 -0.0045661142702807271 0.036451455654304993 0.018694385285468958 -0.0029926342296338949 0.014212195191360492 0.017405108920693441 0.0052046959022096712 -0.016712246700388993 -0.010442497314270216 0.021490180027196423 -0.0026323644842085022
leaf_weight=18062.819447714835 842.01835726946592 5287.5393806397915 4898.0936460345984 222.31353613734245 214.56606206297874 386.32646442204714 527.93535709008574 5691.8596856370568 377.47407749295235 475.863052085042 1170.8434374853969 1816.7505404725671 14167.880146156996 5516.7594920024276 1283.9032451361418 2885.9623933061957 901.74604672938585 207.06518305838108 744.83096332848072 2753.8522966988385 176.27414417266846 601.14929524809122 7434.6725170649588 963.91363476216793 537.16318944096565 2159.1029954142869 1576.3644752092659 388.61570756137371 780.93141528964043 1131.2311191782355
leaf_count=75818 4868 34537 24887 612 575 2283 3707 36163 1280 1633 3629 6951 68389 25911 6138 12474 2961 756 2383 14834 637 2125 33833 2966 2053 9460 9304 1563 2663 5052
internal_value=0 0.000256611 -0.000757553 0.0222065 0.00698682 0.00051989 -0.0064499 -0.0033028 0.00894038 0.000662708 0.00215316 0.0122974 0.000905748 0.000286437 -0.001401 0.00368333 0.0248319 0.0108461 0.0082958 -0.00119525 -0.00346863 -0.000558407 -0.00137026 0.00143053 -0.00104176 -0.00244586 -0.00898777 0.00718161 0.00956298 0.00511732
internal_weight=0 82906.9 64844.1 1278.9 436.88 52959.3 11884.8 6597.27 905.409 52573 29171.6 3194.36 25977.2 24806.4 19289.6 5121.76 1377.61 2235.8 2028.73 23401.4 12542.3 8212.1 8035.82 10859.1 7594.36 7057.2 4330.22 3264.69 2876.08 2095.14
internal_count=400445 394390 318572 6055 1187 242885 75687 41150 4987 240602 131225 11545 119680 116051 90140 21751 4594 9277 8521 109377 60733 36595 35958 48644 36400 34347 24138 12244 10681 8018
is_linear=0
shrinkage=0.05


Tree=126
num_leaves=31
num_cat=0
split_feature=29 12 6 12 13 124 3 226 227 232 233 225 233 29 225 234 25 15 232 228 224 12 117 130 218 226 7 234 167 22
split_gain=537.711 363.523 240.537 134.007 131.303 120.113 97.2853 79.5101 79.5795 108.656 72.1171 78.9976 78.0013 70.1312 63.7318 63.4861 63.0782 85.8516 59.938 56.9778 58.5181 56.8947 56.7978 55.2572 53.3738 51.9809 50.7845 47.2865 47.1762 44.6634
threshold=0.057658925652503974 0.04779458977282048 1.7280499935150149 0.17220841348171237 0.0033453841460868721 0.0079619185999035853 903300.96875000012 0.018057025037705902 0.011352922767400743 -1.5969384908676145 -0.039505766704678529 0.0057607702910900125 0.019478814676404003 0.087815791368484511 0.0044434329029172668 -0.043213134631514542 33.766830444335945 -0.1537351384758949 1.59923392534256 20.885622978210453 3.5000000000000004 0.066729374229908003 1.0000000180025095e-35 0.082426678389310851 0.18352250754833224 -0.010004230774939058 1.0000000180025095e-35 0.0084717259742319601 3.522650003433228 1.0000000180025095e-35
decision_type=2 2 2 2 2 2 2 2 2 2 2 2 2 2 2 2 2 2 2 2 2 2 2 2 2 2 2 2 2 2
left_child=1 2 6 22 13 16 7 8 10 25 11 -1 28 15 27 -2 17 -4 -6 20 -7 -20 26 29 -13 -10 -3 -14 -12 -21
right_child=4 3 5 -5 18 19 -8 -9 9 -11 12 24 14 -15 -16 -17 -18 -19 21 23 -22 -23 -24 -25 -26 -27 -28 -29 -30 -31
leaf_value=-0.0057136582126610077 -0.018480107217430198 -0.0035580205616357664 -0.0045805518316847709 -0.025819125521007597 -0.014831820953070583 -0.00072413867361336955 0.011038255900943766 0.0098500449733385197 -0.047487022768379822 -0.0013121376629386388 0.012979696586028325 -0.064583573055763621 -0.0093886993069516519 -0.015350136258236238 -0.020349976376433671 -0.0015531276547903596 0.0010733509424560154 0.0081419434725817919 -0.00068335773012439096 -0.036730041656765522 -0.034014028750448365 -0.017492423628157765 -0.017338598562376958 0.0035056474188524173 0.016014759719522955 -0.0093162821041751429 -0.022952901612312285 0.018956619774915948 0.0043796888460752876 -0.002407918372372312
leaf_weight=2689.059436224401 590.77293801307678 9760.1358592957258 1573.5604293718934 857.69722054898739 6409.9363027736545 253.78308123350143 8175.4602436125278 4959.6372297927737 208.28407229483128 1885.2632953003049 3436.612948410213 21.211473748087883 292.53316159546375 1218.8955278992653 436.23530741035938 8883.7158752158284 15915.118350163102 8428.470699429512 1717.6725651323795 95.228508718311787 275.11611711978912 712.12016216665506 899.70425759255886 4583.3941148743033 649.57828852534294 155.98898340016603 349.60778061300516 296.02552295476198 2975.1880923062563 20392.884414114058
leaf_count=9365 1886 29446 5519 4299 20742 815 40823 22020 626 6535 15254 77 1300 3783 1606 25484 62728 32813 5077 295 1007 2832 2890 14746 2512 503 2827 1290 11973 68947
internal_value=0 0.00136768 0.00261258 -0.00678309 -0.00778815 0.000629356 0.00651503 0.00446126 0.00241263 -0.00614249 0.00419517 -0.00188444 0.00694193 -0.00406095 -0.00586678 -0.00260859 0.00302884 0.00614039 -0.0122969 -0.00179981 -0.0180405 -0.00560973 -0.00530007 -0.00145721 0.0134661 -0.0311416 -0.00422872 0.00486806 0.00898914 -0.00256745
internal_weight=0 89565.8 77698.6 11867.1 19533.1 51517.6 26181.1 18005.6 13046 2249.54 10796.4 3359.85 7436.6 10693.4 1024.79 9474.49 25917.1 10002 8839.73 25600.4 528.899 2429.79 11009.4 25071.5 670.79 364.273 10109.7 588.559 6411.8 20488.1
internal_count=400020 340216 300754 39462 59804 186870 113884 73061 51041 7664 43377 11954 31423 31153 4196 27370 101060 38332 28651 85810 1822 7909 35163 83988 2589 1129 32273 2590 27227 69242
is_linear=0
shrinkage=0.05


Tree=127
num_leaves=31
num_cat=0
split_feature=29 233 227 234 226 229 226 159 228 234 227 227 229 234 227 13 227 20 124 234 226 234 226 33 233 226 227 232 228 116
split_gain=476.873 274.727 378.912 328.844 279.337 236.923 232.693 211.368 210.737 162.157 161.798 161.774 206.379 161.64 159.963 155.6 154.969 163.101 142.545 131.606 127.561 118.989 111.55 103.545 102.958 102.294 102.13 100.218 98.0581 95.9301
threshold=0.043725164607167251 -0.01175938034430146 0.13724447786808017 0.012814752757549288 0.0011882765393238517 1.006424129009247 -0.024013678543269631 15721.895019531252 56.523748397827156 0.026045459322631363 0.013024828396737577 -0.016155138611793515 0.91174501180648815 0.01934496778994799 0.23590777069330218 0.073706474155187621 -0.019258529879152771 0.0089067416265606898 0.016632708720862869 -0.021494197659194466 0.072750091552734389 0.015965082682669166 0.17813075333833697 8.6974544525146502 0.020514339208602909 -0.0044782254844903937 0.14217160642147067 -0.61112582683563221 92.60852432250978 1.0000000180025095e-35
decision_type=2 2 2 2 2 2 2 2 2 2 2 2 2 2 2 2 2 2 2 2 2 2 2 2 2 2 2 2 2 2
left_child=1 5 4 -4 11 6 16 18 -8 13 -10 23 -13 21 -11 -6 17 -1 -2 25 -16 -5 -20 24 -3 -7 -24 -26 -23 -9
right_child=7 2 3 9 15 19 8 29 10 14 -12 12 -14 -15 20 -17 -18 -19 22 -21 -22 28 26 -25 27 -27 -28 -29 -30 -31
leaf_value=-0.0054159185628238887 -0.0019703060792554362 -0.017002900825027457 -0.019535469996052782 0.034538872937881548 -0.024119988336904482 -0.011229300345562711 0.021745273292665582 0.0072910291390422396 -0.03179468219466932 -0.0065709631104237986 0.010924735509931303 0.044294787261404539 -0.0026405005668488461 0.030702348298878725 -0.023552563474419756 -0.006726967082327201 -0.015033185629229501 0.021649654209792965 0.0072102860861585211 -0.026430447991529674 0.042638846837565803 -0.023506006038018831 -0.027110159083046911 0.01756019388392897 0.023878392885344244 0.013767084941383984 0.015154281002114873 -0.02729992902420926 0.013825293430796243 0.020255951303887396
leaf_weight=1392.819441203028 15774.580683555454 2369.5068258270621 1464.8779436536133 223.2020399607718 5742.1922878921032 1343.6099158897996 2752.2107637748122 8700.0988732911646 363.90695499256253 2074.8543654866517 566.98740971460938 348.97765735909343 712.17482700943947 1135.9391150251031 94.353078745305538 1656.9168787933886 1546.3427033722401 927.14793454483151 8981.6635384634137 939.31784288585186 318.452541410923 404.56028578802943 460.00298500806093 311.83345369622111 325.27586830407381 588.59102684259415 207.37267899513245 135.50630150735378 311.22780407965183 1706.6576221883297
leaf_count=10819 75495 27497 15164 1468 84254 9581 12995 32358 3092 12255 2693 1533 7003 5809 568 10239 13958 6450 34862 8604 1243 3493 2405 1752 2618 2792 655 1942 1030 5393
internal_value=0 -0.00529 -0.00909432 0.00107569 -0.0143777 0.00114604 0.00579569 0.00341481 0.0147895 0.00769317 -0.00577522 -0.00408431 0.012795 0.0180143 -0.000915559 -0.0202251 -0.002772 0.00540052 0.000957827 -0.0110782 0.0275098 0.00266495 0.00574484 -0.00978475 -0.0127975 -0.00361485 -0.0139774 0.00882793 -0.00727419 0.00941721
internal_weight=0 28050.8 17629.9 6027.47 11602.4 10420.9 7549.42 35830.4 3683.11 4562.59 930.894 4203.27 1061.15 2074.93 2487.66 7399.11 3866.31 2319.97 25423.6 2871.52 412.806 938.99 9649.04 3142.12 2830.29 1932.2 667.376 460.782 715.788 10406.8
internal_count=400020 248852 177868 41030 136838 70984 50007 151168 18780 25866 5785 42345 8536 11800 14066 94493 31227 17269 113417 20977 1811 5991 37922 33809 32057 12373 3060 4560 4523 37751
is_linear=0
shrinkage=0.05


Tree=128
num_leaves=31
num_cat=0
split_feature=7 234 226 226 29 230 225 229 230 226 230 225 231 229 230 225 168 23 226 148 226 224 25 15 229 234 225 225 117 45
split_gain=228.998 109.635 220.484 128.516 117.574 111.505 122.465 109.186 93.8151 107.79 84.2672 115.64 102.272 146.436 97.7316 97.3276 80.3993 79.0543 77.0372 76.7505 74.6986 73.7598 74.1019 71.0952 69.2576 58.5753 61.8961 57.8885 64.7425 55.2219
threshold=1.0000000180025095e-35 0.014099156949669124 -0.011009755544364451 -0.036604972556233399 0.029663368128240112 8.5000000000000018 -0.033661128953099244 0.70993450284004223 2.5000000000000004 0.071707285940647139 12.500000000000002 0.0037611918523907666 4.5131709575653085 0.86891436576843273 16.500000000000004 -0.0065399571321904651 -0.52715000510215748 49.21104812622071 0.21380081027746203 1.0000000180025095e-35 0.062622996047139182 3.5000000000000004 33.766830444335945 -0.096312072128057466 0.82233038544654857 0.053421318531036384 0.26017209887504583 0.20679578930139544 1.0000000180025095e-35 -119923.44531249999
decision_type=2 2 2 2 2 2 2 2 2 2 2 2 2 2 2 2 2 2 2 2 2 2 2 2 2 2 2 2 2 2
left_child=1 4 3 -3 29 6 -4 -6 9 24 12 14 13 17 16 18 -12 -9 -14 -7 -17 22 -15 -5 -8 26 -10 -2 -29 -1
right_child=27 2 5 23 7 19 8 10 25 -11 11 -13 15 21 -16 20 -18 -19 -20 -21 -22 -23 -24 -25 -26 -27 -28 28 -30 -31
leaf_value=-0.015396485048655595 0.029788923816748986 0.001647426838307992 0.018631916163475329 0.041483155851029879 0.010472007035360494 -0.0073580107967947716 -0.0076330805331337841 -0.014319982176245281 -0.0028328127035399716 -0.0099557636983763041 0.030757992356358062 -0.0036000838986386314 0.0078389016195909086 -0.0031216849080389006 -0.018294913856232373 -0.0085156116806526221 0.008557857176924864 -0.0043323179062923272 -0.017319848647709381 0.0093798707006279916 0.0046605185720075227 -0.0034096879282609484 0.0059247389001350868 0.018520740482941733 0.0061457029946759244 -0.018810451871636907 -0.034697209286207419 -0.013959930812564959 0.02453334126026278 -0.0046942080073170767
leaf_weight=1630.2158172316849 812.4452610835433 871.90143637359142 827.49899522215128 485.43188464641571 2287.5262038782239 781.54664359986782 1033.122771024704 3478.4053085446358 9832.6102570444345 1503.3265129029751 791.79341165721416 1441.1621398553252 6247.2815969064832 3635.8603603988886 193.070347212255 2562.9309664145112 841.0184296220541 4603.0837752819061 319.85035346448421 5537.8570721819997 1853.6366754174232 11590.646606400609 5998.0891427025199 1103.0818099379539 7777.5845822170377 650.59252396970987 154.80173593759537 197.7738373875618 244.00149607658386 4624.3611040115356
leaf_count=16807 4854 3665 2481 1378 8247 3853 4977 19022 46720 7370 2591 6198 22550 16269 952 11955 2699 19495 1229 23242 7226 57240 24676 3483 33074 3537 1237 545 656 41792
internal_value=0 0.000341606 0.00271924 0.0170717 -0.00105303 0.0014625 -0.000234125 -0.000175688 -0.000979237 0.00241865 -0.000734885 0.00698821 -0.00136114 -0.00290336 0.0153455 0.00275372 0.0193233 -0.00863117 0.00661355 0.00730983 -0.00298558 -0.000722435 0.00251061 0.0255378 0.00453004 -0.00427365 -0.0033267 0.0218679 0.00730069 -0.00748369
internal_weight=0 82658.3 30559.4 2460.42 52098.9 28098.9 21779.5 45844.4 20952 10314 43556.8 3267.04 40289.8 29306.1 1825.88 10983.7 1632.81 8081.49 6567.13 6319.4 4416.57 21224.6 9633.95 1588.51 8810.71 10638 9987.41 1254.22 441.775 6254.58
internal_count=400020 393965 135017 8526 258948 126491 99396 200349 96915 45421 192102 12440 179662 136702 6242 42960 5290 38517 23779 27095 19181 98185 40945 4861 38051 51494 47957 6055 1201 58599
is_linear=0
shrinkage=0.05


Tree=129
num_leaves=31
num_cat=0
split_feature=15 122 31 229 29 6 227 29 232 133 232 234 233 227 149 229 33 16 5 232 229 31 225 229 229 232 227 231 232 231
split_gain=511.431 243.494 203.764 165.421 165.056 118.878 85.9048 81.8498 76.3394 78.3351 71.5788 122.23 106.619 123.338 105.478 87.4343 76.3988 70.5467 65.4202 63.3418 97.4578 75.5152 59.1755 56.0748 59.8063 57.0298 60.2402 53.352 60.3869 60.8559
threshold=0.10166634991765024 0.021714603528380397 0.14042272418737414 1.8537479043006899 0.067905317991971983 1.4369500279426577 0.16194821149110797 0.018618061207234863 -2.8103680610656734 0.68294137716293346 -0.057415185496211045 0.01869749836623669 -0.033969070762395852 0.0018821603734977546 82.142856597900405 1.0500280261039736 8.6974544525146502 -0.021386694163084027 1.0000000180025095e-35 -0.71826806664466847 0.97116810083389293 -0.088895820081233964 -0.04725131765007972 0.82233038544654857 0.82569807767868053 -0.27259141206741327 -0.012498725671321152 3.6205996274948125 -1.7606438398361204 3.8660730123519902
decision_type=2 2 2 2 2 2 2 2 2 2 2 2 2 2 2 2 2 2 2 2 2 2 2 2 2 2 2 2 2 2
left_child=1 7 4 5 8 18 -5 -1 -2 -10 12 17 14 16 15 -7 23 -12 -3 22 -21 -22 -16 -14 -25 27 -27 -26 -29 -30
right_child=2 3 -4 6 -6 10 -8 -9 9 -11 11 -13 13 -15 19 -17 -18 -19 -20 20 21 -23 -24 24 25 26 -28 28 29 -31
leaf_value=0.01858762595897934 -0.026355111690275337 1.8357450078975473e-05 -0.021552605591631677 -0.029782676869145965 -0.012062402582722072 -0.017980866977986298 -0.0032742707098943635 0.0065784845061833339 0.00043568649727027939 -0.0046705197122574931 0.010796084029547069 -0.0038017075965380456 0.010975685217063588 -0.010038793929650546 0.015726161411630482 0.0022459366548413669 -0.0086473634565224361 0.0024963097927416344 0.0083237879938588884 -0.041720531331246938 -0.023795111259035325 0.01188125120928131 -0.0016122589359587722 -0.020008781874146939 0.0054361626935204117 -0.025619237044963966 0.0037692104743413421 -0.014942650940001637 -0.020948222246649894 0.0033376389131195895
leaf_weight=1578.7228061780334 336.73207704722881 3437.939591512084 1754.5014026388526 655.75773710757494 5527.2475984320045 2493.2934200912714 572.40308402478695 14010.014031231403 13444.312211871147 17019.376167967916 4023.5027537047863 5163.8507309854031 1908.1973873898387 2500.6943328529596 595.47322428226471 679.99049350619316 1563.1579487323761 7039.983640268445 7639.7203498482704 229.31483229994774 260.03353027999401 345.26663072407246 2835.0616698712111 306.93753109872341 8159.4882939606905 364.59658598899841 334.20727356523275 701.72486559301615 282.47182507812977 2971.3933983519673
leaf_count=12400 1147 11894 8395 4346 17718 7942 1999 71542 40641 52869 13325 18310 7023 8039 1849 2197 4784 24577 31384 855 983 1153 9058 953 28927 1078 1245 2211 860 10454
internal_value=0 0.002278 -0.00491023 0.000716225 -0.00410647 0.00113015 -0.017428 0.00779469 -0.00267874 -0.00241704 -6.57539e-05 0.00255006 -0.00166566 0.000312736 -0.00674378 -0.0136465 0.00187287 0.00551472 0.00574621 -0.00160811 -0.0139615 -0.00344511 0.00139735 0.00296707 0.00180236 0.00232481 -0.011564 0.00312593 -0.00163957 0.00122936
internal_weight=0 70653.2 38082.2 55064.5 36327.7 53836.3 1228.16 15588.7 30800.4 30463.7 42758.6 16227.3 26531.3 19092.9 7438.43 3173.28 16592.2 11063.5 11077.7 4265.15 834.615 605.3 3430.53 15029 13120.8 12813.9 698.804 12115.1 3955.59 3253.87
internal_count=400158 279388 120770 195446 112375 189101 6345 83942 94657 93510 145823 56212 89611 65574 24037 10139 57535 37902 43278 13898 2991 2136 10907 52751 45728 44775 2323 42452 13525 11314
is_linear=0
shrinkage=0.05


Tree=130
num_leaves=31
num_cat=0
split_feature=29 164 228 3 225 231 231 225 229 224 234 228 225 225 40 226 228 232 228 24 232 232 225 228 234 234 228 224 234 15
split_gain=455.155 266.246 307.945 200.053 152.462 245.883 223.04 192.684 264.274 271.841 174.452 174.029 158.655 151.621 145.513 140.021 126.528 129.137 126.066 124.982 118.189 203.97 112.372 109.984 104.768 104.501 104.305 264.41 172.263 101.328
threshold=0.030540256761014465 148.27085113525393 59.520391464233406 826143.12500000012 -0.01389159634709358 6.5913984775543222 1.8967823982238772 0.0044434329029172668 0.99637550115585338 3.5000000000000004 -0.016725192777812477 42.342876434326179 -0.00054045068100094784 0.0044434329029172668 1.0000000180025095e-35 0.047917637974023826 47.828441619873054 -0.4532077014446258 56.103479385375984 57.909809112548835 -1.5185908079147337 -1.7525333166122434 0.0057607702910900125 92.60852432250978 0.025395309552550319 0.02297902945429087 28.266542434692386 4.5000000000000009 0.0043092023115605125 -0.038848951458930962
decision_type=2 2 2 2 2 2 2 2 2 2 2 2 2 2 2 2 2 2 2 2 2 2 2 2 2 2 2 2 2 2
left_child=14 2 4 13 5 26 10 8 9 20 -6 -12 -11 19 -1 -10 17 22 -18 -3 21 -8 -13 -15 25 -16 27 28 -2 -28
right_child=1 3 -4 -5 6 -7 7 -9 15 12 11 16 -14 23 24 -17 18 -19 -20 -21 -22 -23 -24 -25 -26 -27 29 -29 -30 -31
leaf_value=0.05916328419173681 -0.01914940662380157 0.008204758944786554 -0.011766791742613835 0.00032029026249078528 0.023489088760305588 0.022943146833878353 0.014049860564591635 -0.011887108023457986 -0.020918881123790443 -0.015125800304848433 -0.022547040638376654 -0.026610426869484421 0.014830829902812155 0.002802686741204403 -0.011210022136798151 0.028877178934895671 -0.0097075475409359752 0.037644877443972768 0.015751427130379084 0.022001221290042321 0.0065494750936560577 0.049780557287744193 0.021355455351014633 0.039283635369148334 -0.024446092078065834 0.015015223259654513 -0.026061888479095865 0.037896481306287234 0.018259249057540668 -0.0084311747968706299
leaf_weight=71.899964615702629 1130.2865810021758 3757.8105092346668 6610.5647502690554 13977.888637784868 1919.6365886703134 660.28751269727945 1064.7795474156737 2964.503654088825 1261.2889264561236 1309.6384290866554 499.73316552117467 190.30479919537902 667.13180490583181 7215.6641633287072 6043.4807666912675 158.96193296462297 1102.7798528559506 629.46187853813171 869.74157317727804 2914.8653950579464 1121.1062591075897 639.18145295977592 340.72299987450242 212.69271321594715 1447.6150990612805 405.3333501406014 1214.8701758719981 373.39197950065136 422.87965103238821 2475.6303646378219
leaf_count=265 7876 15322 47297 68180 6696 2335 4485 20887 9319 9790 3734 1504 4134 30195 79736 754 6340 2399 3529 10404 5879 2282 1671 777 23816 3122 9379 1159 2696 14196
internal_value=0 0.00113046 -0.0023544 0.00455922 0.00060621 -0.00591935 0.00338545 -0.00139633 0.00360199 0.00920611 0.0112971 0.00485448 -0.00501586 0.00876114 -0.0116456 -0.0153454 0.00922518 0.0223252 0.00151805 0.0142316 0.0191576 0.027453 0.00416589 0.00384723 -0.0122904 -0.00956166 -0.00931215 0.000118029 -0.00896417 -0.014235
internal_weight=0 55705.8 27626.9 28078.9 21016.3 6277.35 14739 9186.59 6222.09 4801.84 5552.38 3632.74 1976.77 14101 7968.33 1420.25 3133.01 1160.49 1972.52 6672.68 2825.07 1703.96 531.028 7428.36 7896.43 6448.81 5617.06 1926.56 1553.17 3690.5
internal_count=400158 293219 168341 124878 121044 37641 83403 57530 36643 26570 25873 19177 13924 56698 106939 10073 15443 5574 9869 25726 12646 6767 3175 30972 106674 82858 35306 11731 10572 23575
is_linear=0
shrinkage=0.05


Tree=131
num_leaves=31
num_cat=0
split_feature=232 227 227 227 225 228 233 230 233 226 225 226 228 228 233 232 229 131 118 17 38 230 229 229 225 227 148 226 228 20
split_gain=150.872 223.653 140.572 181.866 137.1 131.8 126.902 187.993 118.266 136.588 114.335 110.532 105.25 106.965 99.0077 116.193 98.0973 94.6878 87.5043 87.0685 85.3532 84.5744 79.6417 94.3744 93.1799 77.9652 73.5459 71.8718 70.3841 67.9546
threshold=-0.79598388075828541 -0.011294552125036715 0.038397464901208885 0.1475668400526047 -0.0079692690633237345 34.72050857543946 -0.0065713836811482898 1.5000000000000002 -0.042233658954501145 -0.023684013634920117 0.090991910547018065 -0.052973167970776551 53.177101135253913 53.300489425659187 0.066189184784889235 1.3920683860778811 0.86389207839965831 0.10478999093174936 1.0000000180025095e-35 -0.087159249931573854 -0.27701580524444575 6.5000000000000009 1.0367003679275515 1.0002349317073824 0.14232292771339419 0.13724447786808017 1.0000000180025095e-35 -0.036604972556233399 19.634155273437504 0.014727700967341663
decision_type=2 2 2 2 2 2 2 2 2 2 2 2 2 2 2 2 2 2 2 2 2 2 2 2 2 2 2 2 2 2
left_child=4 6 10 22 5 11 7 20 -7 19 -3 26 17 -14 15 -5 -8 -6 21 -10 -2 -16 23 -4 25 -24 -1 -18 -13 -17
right_child=1 2 3 14 12 8 16 -9 9 -11 -12 28 13 -15 18 29 27 -19 -20 -21 -22 -23 24 -25 -26 -27 -28 -29 -30 -31
leaf_value=0.024352559141799332 0.033736978145878768 -0.0036619569529134244 0.0085224489203787855 -0.00013301960411735101 -0.010657950323212947 0.027599890625401816 0.00097138150910370483 -0.0055783139629393833 0.031068276043596174 -0.0026590575539870622 0.035570865512144945 0.010525042867438113 0.02702362861402402 -0.002394345357941472 -0.010893467483718826 0.020795746827676251 -0.0066925421400117592 0.025537645632659534 0.014282092251207726 0.0075313923535416973 0.0063341290002352241 -5.8406791025686301e-05 0.0037433832308537266 0.027956972354962969 0.035855921216388441 -0.015082485339954474 0.0014237743503875972 0.020054973059666605 -0.0073406677249351002 0.0016515935419532766
leaf_weight=520.67865343391895 529.52644485235214 15178.051746174693 6551.7947297692299 8416.482049010694 7678.1495922058821 628.16495059430599 1036.9040851220489 2417.7507205232978 579.87230647355318 2705.0990610457957 188.00376985967159 606.04638683795929 333.98660857230425 4130.12060893327 4357.2321449518204 1199.5950760319829 269.41939735412598 185.03962839394808 548.39324840903282 1218.7169389799237 613.26379349082708 3069.9295276030898 7677.8807274028659 690.49747683852911 213.42693114280701 592.39171196520329 1065.2402790337801 3703.4950151741505 6100.7867673262954 755.45743568241596
leaf_count=1718 1641 74985 28227 35448 45729 2368 4897 13335 1990 14775 1184 2361 1189 20882 21646 3874 1210 657 2015 5273 2109 14362 35581 2464 1257 2461 4556 16037 33668 2259
internal_value=0 0.00208084 0.00078822 0.00257866 -0.00251793 0.000978045 0.0095375 0.00232047 0.00727584 0.00444108 -0.00318194 -0.00291926 -0.00632509 -0.00019341 -0.00080328 0.00241764 0.0146667 -0.00980618 -0.00499181 0.0151198 0.0190316 -0.00641492 0.00652427 0.0103754 0.00323669 0.0023949 0.0089516 0.0182411 -0.00572628 0.0133982
internal_weight=0 58009.5 49439.1 34073.1 25751.9 13424.6 8570.36 3560.54 5131.85 4503.69 15366.1 8292.75 12327.3 4464.11 18347.1 10371.5 5009.82 7863.19 7975.55 1798.59 1142.79 7427.16 15726 7242.29 8483.7 8270.27 1585.92 3972.91 6706.83 1955.05
internal_count=400158 264992 225763 149594 135166 66709 39229 17085 24406 22038 76169 42303 68457 22071 79604 41581 22144 46386 38023 7263 3750 36008 69990 30691 39299 38042 6274 17247 36029 6133
is_linear=0
shrinkage=0.05


Tree=132
num_leaves=31
num_cat=0
split_feature=29 12 6 133 12 29 124 3 233 227 231 227 234 130 233 233 225 230 17 230 133 15 227 234 234 16 233 227 7 225
split_gain=467.311 283.494 207.884 134.986 119.817 107.619 101.93 85.6641 79.8264 85.8712 113.825 73.7661 65.4177 83.364 59.6178 82.1349 65.3494 64.2905 65.2833 63.6809 59.2823 70.7727 54.8765 105.455 59.6798 46.772 46.4077 47.1481 43.5798 43.4562
threshold=0.054002385586500175 0.04779458977282048 1.7035500407218935 0.73009091615676891 0.15515629947185519 0.078858997672796263 0.0082651325501501578 903300.96875000012 0.025118764489889148 0.011352922767400743 1.9675784707069399 0.074296515434980406 -0.043213134631514542 0.087588459253311171 -0.039505766704678529 0.019478814676404003 -0.0024672379950061436 9.5000000000000018 -0.062102206051349633 5.5000000000000009 0.49554562568664556 -0.16790077835321424 -0.059249300509691231 0.016909533180296425 -0.01823861617594957 -0.017562248744070526 -0.01175938034430146 0.12125787138938905 1.0000000180025095e-35 0.00082499513518996548
decision_type=2 2 2 2 2 2 2 2 2 2 2 2 2 2 2 2 2 2 2 2 2 2 2 2 2 2 2 2 2 2
left_child=1 2 7 5 -3 12 20 8 9 14 11 -11 -2 29 16 -16 17 18 -1 -17 21 -4 23 24 -9 -8 -27 -28 -10 -14
right_child=3 4 6 -5 -6 -7 25 22 28 10 -12 -13 13 -15 15 19 -18 -19 -20 -21 -22 -23 -24 -25 -26 26 27 -29 -30 -31
leaf_value=-0.022408514762875135 -0.016642118499933193 -0.0044245308326582855 -0.004019497043884341 -0.013185967808010818 -0.023304250501717892 -0.012576499160120304 0.0016516538303207992 -0.016174741796823624 0.010772922718210374 -0.035769280525905181 0.0067474166983805296 -0.0087286316881626923 -0.0089043251515466184 0.0019762179702055515 0.0088127696249790787 -0.01821249189295222 0.0080408337297665101 -0.044654867301922724 0.00016029783230894296 0.0085464547905797997 0.00022487780220451197 0.0064745041352255884 0.012451318227256565 -0.044647723867798791 0.013074280887441857 -0.0080666533371378836 0.00050567633860839397 -0.0062981808955783871 -0.026173096724582862 -0.0017747399233324101
leaf_weight=415.43860428035259 796.76440599560738 9754.9097431451082 1848.3357469514012 5436.5160854533315 919.58275177329779 3277.3949303328991 7242.6170784085989 232.5157151594758 4413.7999967783689 367.77634833008051 858.22055893391371 802.62967598438263 4234.9012974351645 7272.5898635089397 6113.7489899992943 541.32678665965796 1100.8626078292727 108.31240227818489 1401.0078035071492 377.30571114271879 11138.60804309696 12287.607332505286 6694.1609006524086 116.76228024065495 697.74696749448776 3740.2266088500619 7965.8282632157207 3742.4496450349689 81.285860732197762 4315.007308319211
leaf_count=1382 2490 31173 6529 18757 4651 10323 24840 936 19679 1208 3245 2627 12227 21158 26879 2031 4199 387 5010 1715 44684 49600 34462 379 3938 12191 28816 11439 701 12353
internal_value=0 0.0015551 0.00267825 -0.00620366 -0.00605097 -0.00429583 0.000768889 0.00644358 0.00441613 0.00230048 -0.0070837 -0.0172256 -0.00266285 -0.0019589 0.0041932 0.00671818 -0.00167556 -0.00723283 -0.0050014 -0.00722191 0.00295284 0.00510237 0.0107864 0.000141819 0.0057636 -0.0016637 -0.00321802 -0.00166912 0.0101048 -0.00530613
internal_weight=0 82963.1 72288.6 25333.2 10674.5 19896.7 47965.7 24322.9 16581.7 12086.6 2028.63 1170.41 16619.3 15822.5 10058 7032.38 3025.62 1924.76 1816.45 918.632 25274.6 14135.9 7741.19 1047.02 930.263 22691.1 15448.5 11708.3 4495.09 8549.91
internal_count=400009 322701 286877 77308 35824 58551 178099 108778 69063 48683 7080 3835 48228 45738 41603 30625 10978 6779 6392 3746 100813 56129 39715 5253 4874 77286 52446 40255 20380 24580
is_linear=0
shrinkage=0.05


Tree=133
num_leaves=31
num_cat=0
split_feature=142 232 227 126 231 231 229 232 3 229 232 232 231 227 231 227 229 231 225 225 225 227 231 232 227 164 227 231 231 20
split_gain=389.759 293.577 373.612 243.207 228.36 197.64 233.123 194.627 238.526 178.676 168.333 163.254 136.86 190.275 150.315 129.424 129.117 123.591 160.242 132.829 115.016 132.953 130.265 115.199 226.834 112.245 109.982 150.31 129.307 109.656
threshold=20.958649635314945 -1.6804370880126951 -0.024494701065123078 0.015763884410262111 1.7051149606704714 7.0670609474182138 1.1422550082206728 -1.7998518943786619 1173635.3750000002 1.0479544997215273 1.2597584128379824 -1.8838361501693723 17.813075065612797 0.16194821149110797 2.3752143383026127 0.23063293099403384 1.0977517962455752 0.47908110916614538 -0.011521907057613133 -0.0029704321641474958 0.01224167086184025 0.16111160069704059 6.5913984775543222 -0.034865973517298691 0.015387311577796938 210.53374481201175 -0.021259790286421772 1.0998837351799013 0.88830339908599865 -0.0051631310489028684
decision_type=2 2 2 2 2 2 2 2 2 2 2 2 2 2 2 2 2 2 2 2 2 2 2 2 2 2 2 2 2 2
left_child=1 2 9 4 26 6 10 29 -9 -1 17 -11 14 -14 -6 25 -7 18 -3 -20 21 23 -23 24 -16 -5 27 -2 -28 -4
right_child=3 5 7 15 12 16 -8 8 -10 11 -12 -13 13 -15 20 -17 -18 -19 19 -21 -22 22 -24 -25 -26 -27 28 -29 -30 -31
leaf_value=-0.022348558529125737 0.032390013571573832 -0.020783069925400455 0.0021396189488128137 0.00088198787997355473 -0.01095852469785169 -0.014404152205026697 -0.021967364894963235 0.04531065444200888 -0.013307991491642805 0.0160121770106289 -0.02524606555987215 -0.03000661497013303 -0.023340688446886547 0.0054855075959811695 0.004316219659064268 0.025740684233034907 0.016874021373513341 -0.0068963416593063043 0.034559023735584685 -0.0023206138341751981 -0.0047747444761246554 0.0025284200018744884 0.041304278074295396 -0.0047855124022406111 0.043833952324741604 0.011948392507310675 -0.0054262857010349986 -0.0056126654812043639 0.010916459183163902 0.029613388058551671
leaf_weight=1339.8918133825064 912.14977696537971 337.17583391815424 1874.1966880150139 3872.1268481351435 2999.6875518038869 449.89689818397164 3057.2709588706493 845.7041437253356 218.34788140654564 812.04878956824541 1158.0913262628019 252.69455376639962 1637.6605230681598 880.11573357135057 4833.5598761998117 1074.4311167225242 1237.483278196305 13397.363339129835 581.13352504372597 421.04552003741264 4978.7516089379787 405.35731969028711 465.11675813794136 3179.0649651512504 392.62891608476639 5612.8012080974877 1860.2853979095817 364.04016883671284 3464.3435914553702 450.49109628796577
leaf_count=11960 3419 2796 10288 17026 15861 5014 38325 2740 984 2589 16354 2469 10745 3041 23029 3577 6455 125341 2413 3397 25847 1507 1486 17213 1608 19259 8491 1860 12596 2319
internal_value=0 -0.00507137 0.0048745 0.0028814 0.00031398 -0.00786312 -0.00932306 0.0155705 0.0332819 -0.0101988 -0.00689101 0.00509058 -0.00237431 -0.0132642 -0.000785228 0.00929372 0.00853449 -0.00544857 0.00903328 0.0190648 0.00135562 0.0046461 0.0232474 0.0027197 0.00728508 0.00743064 0.00836642 0.0215495 0.00520673 0.00746364
internal_weight=0 26432.8 5793.37 36932.1 26372.8 20639.5 18952.1 3388.74 1064.05 2404.64 15894.8 1064.74 19771.9 2517.78 17254.2 10559.4 1687.38 14736.7 1339.35 1002.18 14254.5 9275.73 870.474 8405.25 5226.19 9484.93 6600.82 1276.19 5324.63 2324.69
internal_count=400009 233444 33349 166565 126703 200095 188626 16331 3724 17018 150301 5058 100337 13786 86551 39862 11469 133947 8606 5810 70690 44843 2993 41850 24637 36285 26366 5279 21087 12607
is_linear=0
shrinkage=0.05


Tree=134
num_leaves=31
num_cat=0
split_feature=7 4 4 234 227 225 225 35 234 225 232 234 228 228 227 225 225 225 233 230 228 234 226 11 108 227 17 187 133 225
split_gain=203.542 106.706 182.977 75.3176 123.743 59.9523 54.3393 60.7733 53.1453 69.0956 96.6893 80.9195 99.8769 121.435 70.8848 76.2327 81.9038 64.9443 71.6572 72.1567 88.3463 78.5199 72.612 70.6044 64.5029 63.5833 72.399 57.0634 51.9197 50.9428
threshold=1.0000000180025095e-35 1.0000000180025095e-35 19.140399932861332 0.014197493903338911 -0.059249300509691231 0.11845536530017854 0.20679578930139544 264.90875244140631 0.014197493903338911 -0.00054045068100094784 -0.91212284564971913 -0.010293399915099142 50.77893257141114 51.794391632080085 -0.076281689107418046 -0.0043226098641753188 -0.0097732064314186556 -0.033661128953099244 0.08063810691237451 10.500000000000002 45.157526016235359 0.026340582408010963 -0.036604972556233399 -0.0024365114513784643 0.094499859958887114 -0.022031335160136219 -0.057747203856706612 -2.6984999179840083 0.56524342298507702 0.014188989996910097
decision_type=2 2 2 2 2 2 2 2 2 2 2 2 2 2 2 2 2 2 2 2 2 2 2 2 2 2 2 2 2 2
left_child=1 -1 3 -3 -5 8 -2 -8 9 11 -11 14 -13 -14 27 16 -16 -10 19 20 22 -22 -19 -20 -15 -17 -27 -4 -24 -21
right_child=6 2 5 4 -6 -7 7 -9 17 10 -12 12 13 24 15 25 -18 18 23 29 21 -23 28 -25 -26 26 -28 -29 -30 -31
leaf_value=0.0037750839000565773 0.029124827261394773 -0.0091669438173327799 0.0085637177828003352 0.027186043238044574 -0.0034892714500060645 -0.019165636580168108 -0.01170148412627026 0.025716433090076991 0.020292024040438301 -0.010402633970510073 -0.00077568511390262835 -0.0073361227955333081 0.021739441117344663 -0.0042038941701453827 0.0039216833344232508 -0.011654185095106562 -0.0097757519257900046 -0.0070393994269808665 -0.0094601116807487041 0.0066710230162123872 -0.0048459795092651772 0.0044780046173214577 0.032221127001249621 0.0020838353945344316 0.012055876750151576 0.031418039100106501 0.0087567826930700678 0.037929792016493338 0.007957989368544258 0.026656143047276388
leaf_weight=17980.971304401755 765.72811980545521 7654.9430967383087 414.58000224083662 363.39464941620827 3449.8652474656701 378.60696400702 217.34715062379837 216.71745789051056 520.54037523269653 3351.1696282029152 11764.317495673895 4204.0299376025796 754.43393260985613 2623.6823727115989 5621.1823105439544 232.3317033983767 1354.2886350788176 263.37670627981424 2155.1400190517306 712.48424784094095 3180.8574404641986 7782.2980684414506 562.85269365459681 3436.7191493138671 794.69128502160311 530.37823864072561 1050.6536057367921 275.26277148723602 362.47659923881292 577.17846471816301
leaf_count=75570 4864 52399 1558 1373 20684 2309 599 580 1519 18912 55605 23371 3064 12645 24095 1320 7698 1319 9950 3075 15833 32486 1719 13887 2925 1783 4196 1070 1107 2494
internal_value=0 0.000369696 -0.000581531 -0.00630706 -0.000565987 0.000659625 0.0211133 0.00698033 0.000802529 -0.000422287 -0.00291002 0.00168369 -0.00189681 0.0035832 0.00484798 0.0036366 0.00126232 0.00286776 0.00239123 0.00437 0.00317656 0.00177274 0.0161237 -0.00236528 -0.000423881 0.0127697 0.0163588 0.0202814 0.0227166 0.0156152
internal_weight=0 82352.7 64371.7 11468.2 3813.26 52903.5 1199.79 434.065 52524.9 32971 15115.5 17855.5 8376.84 4172.81 9478.68 8788.83 6975.47 19553.9 19033.4 13441.5 12151.9 10963.2 1188.71 5591.86 3418.37 1813.36 1581.03 689.843 925.329 1289.66
internal_count=400009 393966 318396 74456 22057 243940 6043 1179 241631 158242 74517 83725 42005 18634 41720 39092 31793 83389 81870 58033 52464 48319 4145 23837 15570 7299 5979 2628 2826 5569
is_linear=0
shrinkage=0.05


Tree=135
num_leaves=31
num_cat=0
split_feature=29 152 124 117 154 15 142 234 226 6 13 29 162 225 227 230 226 3 37 121 6 232 228 227 227 231 187 110 217 14
split_gain=465.832 258.271 152.883 147.357 118.641 110.966 82.5163 78.7414 66.1221 64.9831 61.3083 58.1936 63.9517 56.8423 54.3038 138.433 55.7246 55.2281 52.8731 52.0629 51.6229 50.7687 46.976 46.6913 82.5865 46.3674 62.6849 60.7588 44.72 42.7369
threshold=0.05369223281741143 0.039358008652925498 0.0082651325501501578 1.0000000180025095e-35 9.3297152519226092 -0.13247976452112195 8.3765501976013201 -0.043213134631514542 0.23819749057292941 2.3665499687194829 -0.036722715944051736 0.075776781886816039 10.680922508239748 0.0051666451618075379 0.23063293099403384 3.5000000000000004 -0.0097577082924544794 630722.12500000012 1.0000000180025095e-35 0.029631489887833599 2.2640500068664555 -3.334617972373962 39.244031906127937 -0.080775048583745943 -0.078474234789609895 4.8950524330139169 -0.70350000262260426 0.42651468515396124 0.36918027698993688 0.12879823148250583
decision_type=2 2 2 2 2 2 2 2 2 2 2 2 2 2 2 2 2 2 2 2 2 2 2 2 2 2 2 2 2 2
left_child=1 2 5 14 7 23 -7 -2 11 -4 21 12 -6 25 28 -16 -17 -18 -11 -5 -12 -8 -15 -1 -25 26 27 -9 -3 -19
right_child=4 3 9 19 8 6 10 13 -10 18 20 -13 -14 22 15 16 17 29 -20 -21 -22 -23 -24 24 -26 -27 -28 -29 -30 -31
leaf_value=0.0081576833635843542 -0.017382597999387874 0.00084117551799615497 0.0028321760283144281 -0.039942358028517672 0.0014256673551805894 0.014176914440280448 -0.02252355170283301 -0.0011634349068188911 0.0089086062185735494 -0.037727382718536318 0.006952786353927422 -0.020608667428225244 -0.011611234607762732 0.0090708780484761546 0.0079393993584578239 -0.0024699457785473705 -0.038567998738520543 0.012030548062069865 -0.0019321730017387636 -0.014531723898010657 0.001810077090442015 0.011387804537906375 -0.0014154762730389826 -0.026249170758378362 -0.0011187632368078423 -0.012691912898528149 0.0059261582514876033 -0.010416135019435188 -0.0039526528589840463 -0.027238166639866182
leaf_weight=1160.6934081986547 962.99718178808689 11331.49517814815 13319.554503373802 256.98699765652418 1103.1649067252874 3381.5732374712825 112.79734365642071 3953.1936641186476 416.57197371125221 104.06723015755415 10528.759736038744 1458.1936455368996 6386.7151187211275 1501.0955506563187 634.08402588963509 280.26677769422531 494.71299813687801 118.40151461958885 11874.857207171619 934.86330161243677 9095.0265656784177 5125.8930426985025 3701.5293413922191 354.56003502756357 4194.727402575314 1577.5151022076607 1499.0747260600328 3218.9336139559746 8524.9273347109556 167.02962552011013
leaf_count=5161 3090 38564 51883 1213 3240 22150 405 11321 1301 317 50915 5566 20915 4358 1925 894 1687 381 40988 3571 36803 18905 10646 1174 15724 4838 4312 9285 27271 650
internal_value=0 0.00163282 0.00337135 -0.00289663 -0.00607293 0.00556364 0.00684885 -0.00351087 -0.0105637 0.000428993 0.00585215 -0.0114702 -0.00969106 -0.00264632 -0.00195015 -0.0105419 -0.021593 -0.028463 -0.00224314 -0.0200108 0.0045693 0.0106576 0.00161012 -0.000793566 -0.00307736 -0.00480705 -0.00337259 -0.00531615 -0.00121695 -0.0109489
internal_weight=0 81995.3 59252.5 22742.8 25779 33954 28244 16414.3 9364.65 25298.5 24862.5 8948.07 7489.88 15451.3 21550.9 1694.49 1060.41 780.144 11978.9 1191.85 19623.8 5238.69 5202.62 5709.98 4549.29 10248.7 8671.2 7172.13 19856.4 285.431
internal_count=399453 320581 244425 76156 78872 151237 129178 47850 31022 93188 107028 29721 24155 44760 71372 5537 3612 2718 41305 4784 87718 19310 15004 22059 16898 29756 24918 20606 65835 1031
is_linear=0
shrinkage=0.05


Tree=136
num_leaves=31
num_cat=0
split_feature=15 228 229 229 225 229 230 227 227 229 225 226 227 225 230 228 227 233 226 227 227 230 226 233 164 224 228 6 228 225
split_gain=411.406 523.213 194.066 253.227 267.643 290.293 224.849 213.916 237.272 208.815 187.962 237.519 260.201 184.029 221.557 193.72 175.127 333.477 284.792 170.288 157.095 238.11 218.82 212.508 172.475 159.376 156.079 122.365 120.256 119.348
threshold=0.094121661037206664 50.626491546630866 0.73718148469924938 1.006424129009247 -0.020384375937283036 0.94096168875694286 1.5000000000000002 -0.012932393699884413 0.013518193271011116 0.9178721308708192 0.0044434329029172668 0.0011882765393238517 -0.032851124182343476 -0.052046963945031159 14.500000000000002 49.099992752075202 0.15536781400442126 -0.013996877707540987 0.010562879499047996 -0.072872199118137346 0.22535404562950137 3.5000000000000004 -0.010998837649822233 -0.033969070762395852 100.93835067749025 3.5000000000000004 70.859069824218764 2.9720499515533452 54.092773437500007 -0.0096355071291327459
decision_type=2 2 2 2 2 2 2 2 2 2 2 2 2 2 2 2 2 2 2 2 2 2 2 2 2 2 2 2 2 2
left_child=1 2 -1 4 -4 6 19 -7 -9 10 11 12 -8 -5 15 -15 17 18 28 -6 23 -22 -23 25 -25 -2 -18 -28 -3 -17
right_child=20 16 3 13 5 7 9 8 -10 -11 -12 -13 -14 14 -16 29 26 -19 -20 -21 21 22 -24 24 -26 -27 27 -29 -30 -31
leaf_value=-0.01851075593670742 0.0025445013152111434 0.0044496266577702939 -0.0088858006367565669 0.016243200322391693 0.004056170835147462 0.033528682938696812 -0.00075446404363249708 -0.018632909201712827 0.034517816829440578 -0.011969183635592604 -0.012851655358272332 -0.013168614875304295 0.027027098898460684 -0.016005477178271884 0.024796248559585586 0.075736476797755956 -0.013733191550213068 -0.020631555860471839 0.019037163099473911 -0.025286791566160795 -0.0046417269139737566 -0.0037274459747604419 0.029825847989726362 -0.0083455928840581884 0.0029644460278046274 0.025016991439727222 -0.00067171152906434113 0.029387583836397009 -0.021324203855629827 0.0058774369920752316
leaf_weight=1222.1223985478282 1463.9579023942351 691.05003280565143 2566.5674914903939 758.24464754760265 1016.2796499654651 1765.7938400059938 1130.9814437180758 510.99595885723829 356.44323270767927 1012.0827971585095 639.98312119394541 616.62382375821471 3307.915281239897 4343.1291311141104 415.86276492476463 84.440850310027599 1198.0259027779102 7349.3448283243924 1121.8743415623903 962.93208961375058 1253.4173276722431 639.13602058216929 2026.849142819643 4162.3207820877433 17727.148089148104 1711.1597891896963 895.37898373603821 544.4223681949079 1311.4660700894892 221.53798888251185
leaf_count=10812 5833 4025 18551 2303 8250 9159 7929 4196 1098 7149 5328 5802 13445 34873 2197 666 10178 93610 5010 9323 4908 2635 6669 26291 74637 5810 4686 2388 10199 1493
internal_value=0 -0.0040825 0.000823351 0.00202218 0.00569219 0.00899742 0.00458904 0.0235403 0.00320749 0.00895871 0.0126776 0.0159093 0.0199487 -0.00672968 -0.0101688 -0.0132964 -0.0119145 -0.0148144 -0.00113102 -0.0102199 0.00402289 0.0133317 0.0217819 0.00256726 0.000813822 0.0146556 -0.000399912 0.0106944 -0.0124299 0.0251564
internal_weight=0 34043.5 20931.9 19709.8 13886.6 11320 8686.8 2633.23 867.439 6707.59 5695.5 5055.52 4438.9 5823.22 5064.97 4649.11 13111.6 10473.7 3124.39 1979.21 28984 3919.4 2665.99 25064.6 21889.5 3175.12 2637.83 1439.8 2002.52 305.979
internal_count=399453 272670 142574 131762 90230 71679 57226 14453 5294 39653 32504 27176 21374 41532 39229 37032 130096 112844 19234 17573 126783 14212 9304 112571 100928 11643 17252 7074 14224 2159
is_linear=0
shrinkage=0.05


Tree=137
num_leaves=31
num_cat=0
split_feature=7 29 233 228 227 230 228 41 234 227 14 144 230 225 226 225 227 23 225 227 148 226 233 12 157 225 234 226 227 108
split_gain=184.79 77.9394 76.7685 137.617 136.09 128.398 122.439 115.317 85.63 76.5148 73.9788 64.4253 61.7324 78.9426 60.9863 81.7545 96.5041 57.4655 57.346 94.8531 61.6713 58.7444 110.184 90.0002 67.1689 64.8465 64.4893 58.7207 53.1244 50.0651
threshold=1.0000000180025095e-35 0.018618061207234863 -0.00297881884034723 69.620273590087905 0.20411980897188189 2.5000000000000004 70.412734985351577 0.042254580184817321 -0.016725192777812477 -0.089627876877784715 -0.094568461179733262 -17.030949592590328 15.500000000000002 0.010472374502569439 -0.045070454478263848 -0.0096520888619124872 -0.030424005351960656 40.666168212890632 0.011886716820299627 -0.054757183417677872 1.0000000180025095e-35 0.050057210028171546 0.14778378605842593 -0.017056755721569058 0.50400641560554515 0.0071782227605581292 0.050517905503511436 0.044102137908339507 0.1475668400526047 0.051139622926712043
decision_type=2 2 2 2 2 2 2 2 2 2 2 2 2 2 2 2 2 2 2 2 2 2 2 2 2 2 2 2 2 2
left_child=1 -1 3 7 6 29 8 14 17 -10 -5 -9 13 -8 15 16 -3 -4 20 -20 -11 26 23 24 -23 -24 27 28 -22 -6
right_child=-2 2 4 10 5 -7 12 11 9 18 -12 -13 -14 -15 -16 -17 -18 -19 19 -21 21 22 25 -25 -26 -27 -28 -29 -30 -31
leaf_value=-0.01193673619468661 0.020232293883927051 0.020721276111759727 0.035068202632970016 0.030209453794548893 -0.0096286484931767911 -0.020066459574861473 -0.011203119480042632 0.0092558498187974691 -0.01071657797088472 -0.0050274610381782258 0.0059415507872406514 -0.00054550448033231552 0.015064387851342113 -0.00076638123884850825 -0.0071059749354740777 -0.0068206858942909442 -0.0037527889680146532 0.010501546519532855 0.029993805863951596 0.0058838226545384681 0.0031674046859965625 0.011186697611870005 -0.0043238089194175535 0.0067917047954021903 0.03585602521060835 0.012467697070007586 0.021933217873622585 -0.012759586526781051 -0.0049413123768791197 0.007818078522490687
leaf_weight=1289.3977033346891 1174.6289701908827 816.49005773663521 280.28320634365082 359.77049165964127 701.38816564530134 1350.2106835693121 2344.1201378628612 1981.2858293130994 961.78610198944807 2542.3277685418725 2470.517563983798 10901.556726850569 487.90656197816133 7979.3773517981172 12094.677471503615 1817.7067047059536 794.93855855613947 1579.5130106136203 429.11902132630348 8266.0490598902106 12920.125071328133 468.27313096821308 1883.9503911957145 1397.2837053313851 671.75258345901966 827.53141218423843 385.78296121954918 715.02855431288481 2394.2019371688366 993.84232491254807
leaf_count=14891 5991 3318 1095 1228 2808 8458 11338 7156 5995 13387 9615 43006 2135 37584 75168 10697 3905 6023 1209 35815 61974 1901 7273 5124 1994 2855 1152 3151 9806 3401
internal_value=0 0.000259278 0.00045386 -0.0014876 0.00167705 -0.00856278 0.00234719 -0.00253516 0.00375813 0.00318444 0.00902635 0.000961871 -0.00231484 -0.00313621 -0.00543726 0.000448356 0.0086479 0.0142039 0.0035908 0.00707368 0.00233971 0.00320427 0.00780872 0.0152976 0.0257229 0.000800879 0.00173198 0.0012458 0.00189971 0.000599634
internal_weight=0 82106.2 80816.8 31236.9 49579.9 3045.44 46534.4 28406.7 35723 33863.2 2830.29 12882.8 10811.4 10323.5 15523.8 3429.14 1611.43 1859.8 32901.4 8695.17 24206.3 21663.9 5248.79 2537.31 1140.03 2711.48 16415.1 16029.4 15314.3 1695.23
internal_count=399453 393462 378571 154093 224478 14667 209811 143250 158754 151636 10843 50162 51057 48922 93088 17920 7223 7118 145641 37024 108617 95230 19147 9019 3895 10128 76083 74931 71780 6209
is_linear=0
shrinkage=0.05


Tree=138
num_leaves=31
num_cat=0
split_feature=29 12 29 42 152 125 28 22 29 232 227 152 29 7 234 14 130 5 5 115 122 232 227 225 233 232 228 232 228 234
split_gain=405.676 266.902 171.167 117.953 111.114 87.359 81.4496 80.1365 79.0678 73.2634 224.098 77.5788 65.528 55.1161 53.1566 53.1271 50.4593 46.6367 52.0628 46.5279 44.4895 44.1872 45.4727 42.4937 44.5941 41.4915 41.4179 38.2368 37.8967 34.4676
threshold=0.0559010747820139 0.076808724552392973 0.02716441918164492 0.56536644697189342 0.007121934788301588 0.019267894327640537 0.26116585731506353 1.0000000180025095e-35 0.04079804569482804 -0.67935836315155018 -0.018215506337583062 0.0065510957501828679 0.077251400798559203 1.0000000180025095e-35 -0.043213134631514542 0.38799399137496954 0.021420578472316269 44.415750503540046 1.0000000180025095e-35 1.0000000180025095e-35 0.023077363148331646 1.5893005728721621 0.15117330104112628 0.0059500080533325681 0.086065258830785765 -3.334617972373962 20.885622978210453 2.2714263200759892 74.843158721923842 -0.035849630832672112
decision_type=2 2 2 2 2 2 2 2 2 2 2 2 2 2 2 2 2 2 2 2 2 2 2 2 2 2 2 2 2 2
left_child=1 2 7 25 12 19 8 -1 13 -9 20 -12 14 17 -2 21 23 18 -5 -3 -11 28 -23 -10 29 -4 -27 -8 -6 -25
right_child=4 5 3 6 15 -7 27 9 16 10 11 -13 -14 -15 -16 -17 -18 -19 -20 -21 -22 22 -24 24 -26 26 -28 -29 -30 -31
leaf_value=-0.030692887868831054 -0.015471538303515359 -0.012347784324134456 -0.022629594605110187 -0.0013809141749733518 -0.011663819866207594 -0.0058512125604980817 0.0040290486430707368 0.014849322163133994 -0.0090046902323732171 -0.030915837432905435 0.014370531550315613 0.0040319217920279466 -0.0098321793650679792 -0.026842750471529026 2.6450909213175742e-05 -0.018881891085303627 -0.0005755170303751553 -0.0018684853749440043 0.0041068014848996441 -0.031238778169265846 -0.0062297344465459641 0.0026850287286789873 -0.012561860665149208 -0.021781656898633584 -0.013356383575750752 -0.01637989445607152 0.0064267509671987527 0.016540508586931409 0.0049966831910838536 0.00078029062433009793
leaf_weight=133.67431200295687 590.98178271949291 722.26823160797358 127.64859548211098 6012.6310538947582 5952.1307302266359 3656.4009621888399 6591.7930895611644 3060.6328595727682 4586.4779846072197 426.52628015726805 3142.786458954215 4293.2388218566775 2685.8581466674805 174.58353095501661 8673.2289245650172 1469.8404282405972 11040.114425562322 8215.0774162560701 15370.914970308542 594.00797083228827 319.02395116537809 1448.6965832561255 738.21256129443645 176.97882524132729 765.51189060509205 202.57767666876316 11496.729466944933 673.01783334463835 362.08596715331078 3889.7371188774705
leaf_count=430 1891 2578 463 22725 18372 12801 19886 21116 13241 1696 22647 24757 8321 1783 25052 6382 33758 30972 60675 2772 1605 4279 2333 503 2185 769 41263 2071 1075 11600
internal_value=0 0.0014151 0.00210787 0.00117505 -0.00620747 -0.00982748 0.000239651 0.00779237 -0.000476021 0.00824998 0.00578124 0.00840147 -0.00295578 0.00116838 -0.000962196 -0.0101046 -0.00286907 0.0013336 0.00256376 -0.0208729 -0.0203526 -0.00858697 -0.00246171 -0.00555746 -0.00228554 0.0057225 0.00603185 0.00518812 -0.0107084 -0.00020158
internal_weight=0 85672.4 80699.7 69323.8 21921 4972.68 57496.8 11375.9 50232 11242.2 8181.58 7436.03 11950.1 29773.2 9264.21 9970.97 20458.8 29598.6 21383.5 1316.28 745.55 8501.13 2186.91 9418.71 4832.23 11827 11699.3 7264.81 6314.22 4066.72
internal_count=400001 332296 314145 241894 67705 18151 199399 72251 177442 71821 50705 47404 35264 116155 26943 32441 61287 114372 83400 5350 3301 26059 6612 27529 14288 42495 42032 21957 19447 12103
is_linear=0
shrinkage=0.05


Tree=139
num_leaves=31
num_cat=0
split_feature=142 233 231 228 234 126 233 231 229 3 228 226 228 229 229 228 226 228 35 225 234 228 233 231 233 3 228 234 231 228
split_gain=365.309 353.624 253.214 249.147 215.655 206.843 197.539 196.129 173.814 247.228 172.383 158.479 170.236 189.925 281.889 156.148 141.028 140.779 139.381 129.138 123.393 121.005 135.889 121.065 115.923 109.578 117.426 104.996 98.6536 97.2373
threshold=22.544449806213382 -0.01175938034430146 1.8967823982238772 29.883596420288089 -0.029029634781181809 0.015229155775159599 0.13006508350372317 1.7051149606704714 1.0126515626907351 610395.21875000012 29.883596420288089 0.070797614753246321 48.243463516235359 0.8069378435611726 0.82486075162887584 50.150114059448249 -0.0047057049814611665 37.995595932006843 -135.13903808593747 -0.053256671875715249 0.0030116746202111249 47.828441619873054 -0.023357733152806755 0.88830339908599865 0.24723561108112338 689417.75000000012 88.40799713134767 0.014197493903338911 0.99614292383193981 26.656517982482914
decision_type=2 2 2 2 2 2 2 2 2 2 2 2 2 2 2 2 2 2 2 2 2 2 2 2 2 2 2 2 2 2
left_child=1 2 8 4 19 7 11 17 9 21 -9 12 13 -3 -15 -8 -11 -2 -6 -4 -18 -1 23 -23 -7 26 -13 -24 -14 -21
right_child=5 6 3 -5 18 24 15 10 -10 16 -12 25 28 14 -16 -17 20 -19 -20 29 -22 22 27 -25 -26 -27 -28 -29 -30 -31
leaf_value=0.047378884293059476 -0.021188377591498261 -0.025343995861717317 0.01470066988646317 -0.011780317991896012 -0.0045817011238232603 0.0078351898568107189 0.067356937955321147 0.012811282245591485 -0.0033770765752364701 -0.015314609232364402 -0.0038565170239360882 -0.0010358598991326961 -0.0027846776393158287 0.028794336176823632 -0.0071565833364900097 0.0045046769439338304 0.028202326492550025 0.010365275542546784 0.027982178039297124 -0.02454374116558793 -0.0080399126987243021 -0.026686709811278381 0.041801852136154116 0.017819181310623915 0.037308507300741964 -0.010460000013930007 0.049676701143188083 -0.037268596713284009 -0.020498850333320481 -0.0008591572307235229
leaf_weight=554.22352436184883 377.96765796840191 1067.6893276236951 631.83421301096678 5005.3732982650399 455.38566726073623 10177.678087282926 113.00967758148909 1717.4271331503987 1815.0704960860312 716.72593854367733 16030.728408042341 216.47749472036958 899.07288656011224 641.28161083161831 3641.2615875713527 786.86157872155309 593.30872770398855 5458.8202863521874 1180.2952168956399 797.74389507621527 388.73038145899773 211.83354728296399 616.04409262537956 548.30655508488417 344.92704638838768 385.98056564107537 241.48619152605534 45.054521352052689 6248.3921553343534 948.71631646156311
leaf_count=1873 2100 12264 1947 41950 2546 37874 836 6902 11807 4091 80572 2289 8173 3150 36648 6447 2149 20479 5074 6564 2055 1455 2320 2251 1409 2710 814 361 86157 4734
internal_value=0 -0.00467932 0.000814637 -0.0043385 0.00494135 0.00297195 -0.0102763 0.00037114 0.00928164 0.0155351 -0.00224363 -0.0118057 -0.0132218 -0.00647696 -0.00177318 0.0123979 0.00154874 0.00832198 0.0189162 -0.00466987 0.0138562 0.0275624 0.0198347 0.00541641 0.00880131 0.00916487 0.0257051 0.0364131 -0.0182706 -0.0116777
internal_weight=0 28750.2 14508.6 9019.35 4013.98 34107.5 14241.5 23584.9 5489.3 3674.23 17748.2 13341.6 12497.7 5350.23 4282.54 899.871 1698.77 5836.79 1635.68 2378.29 982.039 1975.46 1421.24 760.14 10522.6 843.944 457.964 661.099 7147.47 1746.46
internal_count=400001 250665 91177 62815 20865 149336 159488 110053 28362 16555 87474 152205 146392 52062 39798 7283 8295 22579 7620 13245 4204 8260 6387 3706 39283 5813 3103 2681 94330 11298
is_linear=0
shrinkage=0.05


Tree=140
num_leaves=31
num_cat=0
split_feature=233 227 225 160 225 225 231 227 233 231 231 224 227 199 225 117 233 227 129 227 230 187 230 227 233 225 3 3 225 151
split_gain=95.8395 145.584 207.727 123.2 104.541 162.478 128.853 95.5193 82.7823 125.277 145.371 131.542 82.3983 74.4252 69.4084 66.7674 65.8217 64.4811 94.4635 58.6224 112.565 65.574 57.703 56.9473 54.0355 109.579 100.675 71.6651 84.2258 54.1413
threshold=-0.00297881884034723 0.1475668400526047 0.069071818143129363 3.6098998785018925 -0.00054045068100094784 -0.0043226098641753188 4.5131709575653085 -0.018788008019328114 0.069746304303407683 3.706863641738892 3.4406417608261113 1.0000000180025095e-35 0.19339322298765185 0.005426547722890974 -0.017757077701389786 1.0000000180025095e-35 0.08063810691237451 -0.033182777464389794 -0.99960637092590321 -0.050510147586464875 13.500000000000002 -3.1825000047683711 8.5000000000000018 0.15393447130918506 0.14265494048595431 0.0096902549266815203 1602301.9375000002 857702.68750000012 -0.012163402512669562 14.902893066406252
decision_type=2 2 2 2 2 2 2 2 2 2 2 2 2 2 2 2 2 2 2 2 2 2 2 2 2 2 2 2 2 2
left_child=3 2 8 -1 5 6 -5 -7 9 10 11 -2 -6 -9 -13 16 23 18 -8 -16 21 -21 -18 -3 27 -26 -27 28 29 -10
right_child=1 15 -4 4 12 7 17 13 24 -11 -12 14 -14 -15 19 -17 22 -19 -20 20 -22 -23 -24 -25 25 26 -28 -29 -30 -31
leaf_value=-0.0073803380968702134 0.030070983874764864 0.018911002450993895 0.034384481447007786 -0.0028547054884312324 -0.005865921336003126 -0.0061839158281161589 -0.017611879258429251 0.026981202775241898 0.0078431996637183029 -0.0035961644322751122 0.022413383381512015 0.010991157969708835 0.0058926139420999411 0.0022431620102328857 -0.0072804348384564246 0.012087330000388877 -0.010035290177945869 0.0029961563484207717 0.02095107022893411 0.0039973348829041048 0.017670987787093553 -0.0030118602824755151 -4.5798842854167358e-05 -0.00090988446693928196 -0.0073454373452464103 0.015088896482133891 -0.012859751296095104 0.017281124012503812 0.0004728053339648546 0.030962285628115916
leaf_weight=7132.5446075759828 433.36131839454174 384.44038037955761 537.14139388501644 8239.8690414279699 8356.7244358360767 398.20500523597002 180.45521812140942 1271.6060632318258 602.75323355197906 7967.7338214032352 998.69165828078985 2003.6308562234044 1813.1380078271031 399.57721351087093 1838.3299991413951 748.04222018271685 4471.3401074483991 2287.6982476934791 1323.6256029754877 7679.8780701011419 1087.3495925068855 5900.5909604616463 2136.2872242256999 6315.7881993353367 1612.5021086037159 1741.934936195612 395.33522656559944 2200.3125399500132 2358.5470452606678 436.71652290970087
leaf_count=55745 1228 1153 3635 37089 37908 1963 661 3868 1940 41515 3698 8569 6248 1219 9747 2655 22771 8459 4063 32754 4919 37443 9601 26301 6037 5817 1390 9511 10775 1319
internal_value=0 0.00189683 0.00351254 -0.00160326 9.44615e-05 0.00288124 0.000655365 0.0158227 0.00306746 0.00170345 0.00382091 0.0028407 -0.00376955 0.0210664 0.00220317 -0.00244763 -0.00326465 0.00828306 0.0163244 0.00113642 0.00219132 0.000951903 -0.00680563 0.000227383 0.00713981 0.00249493 0.00991918 0.010251 0.00569873 0.0175563
internal_weight=0 51850.7 37794.8 31403.4 24270.9 14101 12031.6 2069.39 37257.7 27909.6 19941.8 18943.1 10169.9 1671.18 18509.8 14055.9 13307.9 3791.78 1504.08 16506.1 14667.8 13580.5 6607.63 6700.23 9348.1 3749.77 2137.27 5598.33 3398.02 1039.47
internal_count=400001 242778 180297 157223 101478 57322 50272 7050 176662 139873 98358 94660 44156 5087 93432 62481 59826 13183 4724 84863 75116 70197 32372 27454 36789 13244 7207 23545 14034 3259
is_linear=0
shrinkage=0.05


Tree=141
num_leaves=31
num_cat=0
split_feature=29 152 118 29 152 139 42 126 29 111 15 6 13 231 230 233 231 231 227 234 224 13 227 227 225 225 121 29 225 231
split_gain=402.038 233.638 146.986 142.833 103.132 93.0662 91.1906 71.9153 63.3952 62.9144 70.2734 79.2398 65.9111 59.3833 53.3997 81.0642 52.5527 67.0854 59.4461 52.1562 49.1887 47.3037 47.2832 56.5741 59.4923 83.0461 45.4342 43.2113 44.5906 42.6679
threshold=0.05623902007937432 0.039358008652925498 1.0000000180025095e-35 0.024426026269793514 0.007121934788301588 2.5000000000000004 0.5732007920742036 0.023022520355880264 0.080562181770801558 -1.3118120431900022 -0.14127467572689054 1.4597499966621401 -0.034684529528021806 23.819747924804691 9.5000000000000018 -0.030141824856400486 1.8806042075157168 1.935372591018677 0.0023892372846603398 -0.028178878128528592 4.5000000000000009 0.14807027578353885 -0.080775048583745943 -0.018215506337583062 -0.0067020803689956656 -0.0016768501373007891 0.029631489887833599 0.018618061207234863 0.051874106749892242 1.935372591018677
decision_type=2 2 2 2 2 2 2 2 2 2 2 2 2 2 2 2 2 2 2 2 2 2 2 2 2 2 2 2 2 2
left_child=1 3 7 5 8 -1 -5 -3 19 29 16 -12 -13 21 27 20 18 -18 -11 -2 -16 -6 -19 -24 -25 -26 -4 -7 -29 -8
right_child=4 2 26 6 13 14 9 -9 -10 10 11 12 -14 -15 15 -17 17 22 -20 -21 -22 -23 23 24 25 -27 -28 28 -30 -31
leaf_value=-0.030242035970399428 -0.0071081475304743671 -0.0010086871901529737 -0.037577021488396097 0.0060616220475665089 -0.0090493807595165149 0.021560795430405948 -0.011396782841532614 -0.011258418496317774 -0.010907056626888116 0.0085532341253478326 0.0077297615031854394 0.006488747338318699 0.00018976033794551933 0.010647776802095554 0.0096111174540103456 0.0078218897430437431 -0.03451639970457495 0.0038699177491699054 -0.017468282980319588 0.0010095768209325829 -0.039807013977270773 -0.017951884611355114 -0.011569681582800303 0.012184612337604548 -0.039949880070378856 -0.00099520390751179993 -0.014406742040168619 0.011778189830459891 -0.019441743219347406 -0.0010465373996931572
leaf_weight=139.65757431462407 2798.0084415823221 21020.904772236943 267.1282224804163 12056.821415625513 7470.2292910814285 1245.4498027935624 1481.0352782532573 1863.0104737058282 2129.7224250584841 1557.2792510911822 6553.5144575387239 5289.3867913112044 19329.38606762141 333.39778888225555 73.243279941380024 1183.9290610775352 184.81062042713165 1448.7518048137426 255.49031829833984 6757.2865259572864 161.12596614658833 1864.5852911919355 2404.2149869799614 653.4166225194931 162.0867715626955 877.57735497504473 1017.3110449165106 3446.2488594725728 118.29803741723299 3038.6837728023529
leaf_count=452 8408 69370 1334 44748 22601 10290 5398 6247 6672 5721 27828 18665 71756 1047 494 8798 555 5901 792 19462 492 8002 8247 2413 501 3157 3975 23992 513 12032
internal_value=0 0.00139989 -0.00276693 0.00303312 -0.00626694 0.0101242 0.00221644 -0.00184313 -0.00310617 0.00114416 0.00179585 0.00284376 0.00154311 -0.0100871 0.0110294 0.0025034 -0.00253442 -0.00488156 0.00488578 -0.00136748 -0.0243632 -0.0108276 -0.00389404 -0.00663928 0.00036201 -0.00706836 -0.0192255 0.0135434 0.0107421 -0.00443814
internal_weight=0 85828.8 24168.4 61660.4 21353.2 6367.95 55292.5 22883.9 11685 43235.6 38715.9 31172.3 24618.8 9668.21 6228.3 1418.3 7543.63 5730.86 1812.77 9555.29 234.369 9334.81 5546.05 4097.3 1693.08 1039.66 1284.44 4810 3564.55 4519.72
internal_count=399863 333671 80926 252745 66192 45031 207714 75617 34542 162966 145536 118249 90421 31650 44579 9784 27287 20774 6513 27870 986 30603 20219 14318 6071 3658 5309 34795 24505 17430
is_linear=0
shrinkage=0.05


Tree=142
num_leaves=31
num_cat=0
split_feature=160 160 40 231 228 228 228 233 230 233 234 229 233 231 187 148 21 233 226 168 233 233 111 230 233 226 31 225 232 228
split_gain=349.454 225.24 179.371 154.883 280.365 227.655 171.102 184.223 223.516 188.945 192.5 186.025 182.135 316.057 171.871 144.925 144.196 139.646 139.025 136.9 134.528 133.77 133.338 130.146 127.261 146.909 123.956 116.52 109.916 237.118
threshold=5.5901074409484872 2.7980513572692876 3.3360530138015752 1.1847185492515566 42.342876434326179 45.680385589599616 29.883596420288089 0.08063810691237451 2.5000000000000004 0.095485590398311629 0.072101317346096053 1.1667115688323977 -0.019231522455811497 1.8967823982238772 -3.1495000123977657 75.000000000000014 1.0000000180025095e-35 -0.023357733152806755 -0.024013678543269631 1.6474500298500063 0.15564788877964023 -0.020705744624137875 0.51683315634727489 9.5000000000000018 -0.012939637526869772 0.0035102182300761346 -0.013569792732596396 -0.0090084550902247412 -0.1852077171206474 32.958612442016609
decision_type=2 2 2 2 2 2 2 2 2 2 2 2 2 2 2 2 2 2 2 2 2 2 2 2 2 2 2 2 2 2
left_child=1 16 3 4 -3 -6 18 11 20 -10 15 12 13 22 -14 -11 -1 -7 26 -2 -9 23 -8 -18 -19 -26 -5 -28 29 -15
right_child=19 2 -4 6 5 17 7 8 9 10 -12 -13 14 28 -16 -17 21 24 -20 -21 -22 -23 -24 -25 25 -27 27 -29 -30 -31
leaf_value=0.066293689704521111 0.0033748118335217426 -0.026880619341871543 0.015595428592543207 -0.0033087326463934574 0.026438091428288464 -0.014714536296511314 0.025311372274734657 0.024053604790359517 0.021454225809732323 -0.020512511219657803 0.01959246268631604 -0.018905448670100401 -0.0046875664082715448 -0.022316471552501695 -0.018543159686079776 -0.00096046240653229116 -0.0090899644690803204 0.020524450644515295 0.044132060767379876 0.015029010512843961 -0.0099164608578442056 -0.018553579179651395 -0.0095859067728063848 0.025369955826227981 0.0084504033898690038 -0.018510540823073907 0.0038429275418018355 0.029726335443023569 -0.016484802189520208 0.0095863388531094492
leaf_weight=57.305127292871475 15391.037253234535 633.42302561178803 1459.7050815597177 3161.1833361834288 1317.7496203146875 907.04585114866495 1445.0748712345958 1392.7678415365517 647.96665937453508 2061.5887492671609 571.47865362465382 3232.6847090944648 5720.8248503897339 837.95587728917599 3676.5367710962892 1754.2080486342311 1158.4852524809539 1203.358036108315 211.71503782272339 3013.1932101771235 368.57550125941634 3722.2873080447316 337.6861417889595 358.87098692730069 1754.9375746808946 709.54866926185787 1257.5041558407247 664.60731348581612 1644.5502896085382 1910.0187666490674
leaf_count=196 58956 5149 4974 19416 5110 5280 5339 6633 2908 16742 2570 27735 37882 6072 37159 7761 12564 3920 730 8819 2173 66139 1746 1868 9044 5696 8083 3287 13510 12402
internal_value=0 -0.00291736 -0.00159966 -0.00227037 0.00472862 0.00812642 -0.0037487 -0.00544084 0.00161422 -0.00374856 -0.00747082 -0.00799067 -0.0057249 0.000945638 -0.0101083 -0.011524 -0.01259 0.00285194 0.00443299 0.00528287 0.0169451 -0.0134528 0.0187012 -0.000939825 0.00719607 0.000688095 0.00277956 0.0127926 -0.00626069 -0.000141971
internal_weight=0 44179.6 38882.7 37423 6526.06 5892.64 30896.9 25601.9 6796.59 5035.24 4387.28 18805.3 15572.6 6175.29 9397.36 3815.8 5296.95 4574.89 5295.01 18404.2 1761.34 5239.64 1782.76 1517.36 3667.84 2464.49 5083.29 1922.11 4392.52 2747.97
internal_count=399863 332088 251321 246347 34199 29050 212148 180632 38787 29981 27073 141845 114110 39069 75041 24503 80767 23940 31516 67775 8806 80571 7085 14432 18660 14740 30786 11370 31984 18474
is_linear=0
shrinkage=0.05


Tree=143
num_leaves=31
num_cat=0
split_feature=117 234 227 225 230 226 122 226 15 225 230 227 231 225 226 233 168 14 124 227 230 3 138 231 226 3 226 19 230 187
split_gain=105.297 84.535 177.446 178.853 136.991 116.285 109.758 93.6479 70.7178 66.4014 113.764 99.5405 91.8165 104.692 113.562 87.3755 82.0851 70.1135 66.2258 64.8002 63.2729 61.0405 59.7823 58.056 58.4239 72.2903 55.1746 52.2619 58.4876 64.2396
threshold=1.0000000180025095e-35 0.014197493903338911 0.15454842895269397 0.069071818143129363 1.5000000000000002 0.0017863642424345019 0.020492580719292167 -0.036604972556233399 -0.096312072128057466 -0.00054045068100094784 12.500000000000002 -0.043850466609001153 4.5131709575653085 -0.0043226098641753188 -0.018658253364264962 0.14778378605842593 -0.40414999425411219 -0.033107392489910119 0.016632708720862869 0.16406235843896869 16.500000000000004 94451.019531250015 0.48253896832466131 3.5574604272842412 -0.03101733140647411 335374.60937500006 0.071707285940647139 0.94647043943405162 1.5000000000000002 -1.0000000180025095e-35
decision_type=2 2 2 2 2 2 2 2 2 2 2 2 2 2 2 2 2 2 2 2 2 2 2 2 2 2 2 2 2 2
left_child=1 6 3 5 26 7 -1 -3 -9 10 12 -11 13 23 -15 27 20 21 -2 -6 -12 -13 -7 24 25 -8 -4 28 29 -14
right_child=18 2 4 -5 19 22 9 8 -10 11 16 17 15 14 -16 -17 -18 -19 -20 -21 -22 -23 -24 -25 -26 -27 -28 -29 -30 -31
leaf_value=-0.0073218757557900601 0.01485468190116471 -0.0059093934946369137 0.0069151187314664174 0.034234877683005753 -0.0019417471700964289 -0.00068366689664644642 0.029194189025235087 0.034865844772372472 0.013323750992194294 -0.016787070881137539 0.02726419059566397 0.05774837883802586 0.017651444823543107 0.015593823639610972 -0.0042218607955318531 -0.0075096260272593807 0.002326496659141487 0.00056142240744082241 -0.0059713318596760333 -0.014957284893019538 -0.018377690335237177 -0.006726187347944005 0.0049316962994453723 -0.0088700373797510265 -0.0024707363139411156 -0.002129176905228044 -0.0071736727642012403 0.024532785112256521 0.0029867189266915913 -0.012342311497801175
leaf_weight=6069.8916409574449 1958.286398217082 478.36866883933544 2542.6829738989472 496.79946046322584 1481.1821615248919 8126.2560959681869 337.54668132215738 506.66686207801104 1535.6711502373219 1128.7538032233715 895.7161618322134 36.965776965022087 1512.9641371443868 1680.8472928591073 1268.817463580519 1111.873356461525 876.23565385490656 12563.692483775318 474.1564292088151 2698.5741915479302 82.966319896280766 5299.3358031176031 11373.614823922515 3500.3619862571359 9268.2547976337373 405.4476826749742 956.26151425391436 430.85863435268402 3793.9176146015525 202.39899849891663
leaf_count=51725 6531 2446 8355 3545 7252 40883 1328 1580 5657 6655 3078 177 4771 6337 6460 4271 3213 54339 1565 14138 486 27224 47326 18596 46708 1942 4844 1295 16395 741
internal_value=0 0.000236427 0.00232899 0.00456727 -0.00423462 0.00389794 -0.00101563 0.0140038 0.018668 -0.000153447 0.00152127 -0.0023861 0.000580827 -0.0014642 0.00706998 0.00535446 0.0134425 -0.00147799 0.0107951 -0.010345 0.023395 -0.00627956 0.00259158 -0.00332726 -0.00138927 0.0121012 0.00306465 0.00776235 0.00645081 0.0141124
internal_weight=0 80662.9 30196.1 22517.4 7678.7 22020.6 50466.8 2520.71 2042.34 44397 25368.2 19028.7 23513.3 16461.3 2949.66 7052.01 1854.92 17900 2432.44 4179.76 978.682 5336.3 19499.9 13511.6 10011.2 742.994 3498.94 5940.14 5509.28 1715.36
internal_count=399863 391767 136026 101437 34589 97892 255741 9683 7237 204016 115621 88395 108844 81371 12797 27473 6777 81740 8096 21390 3564 27401 88209 68574 49978 3270 13199 23202 21907 5512
is_linear=0
shrinkage=0.05


Tree=144
num_leaves=31
num_cat=0
split_feature=152 124 31 29 29 29 6 229 6 226 230 227 227 17 233 224 230 233 226 230 233 157 40 228 227 158 224 187 187 37
split_gain=355.506 235.97 145.558 115.434 107.947 88.8497 81.6779 65.3602 61.8513 57.0231 66.1992 128.176 57.7401 71.0556 51.5208 84.7887 149.503 54.3143 50.3936 50.1494 60.7668 46.0636 44.4524 43.1675 42.7277 41.4258 40.7051 39.6616 37.8586 36.5017
threshold=0.053862022235989578 0.0082651325501501578 0.15515629947185519 0.078858997672796263 0.025207437574863437 0.075776781886816039 3.2236499786376958 1.9215429425239565 2.7136499881744389 0.23819749057292941 3.5000000000000004 0.20794968307018283 0.18858214467763904 0.025904980488121513 -0.033969070762395852 3.5000000000000004 9.5000000000000018 -0.064104568213224397 -0.010998837649822233 9.5000000000000018 -0.030141824856400486 0.39304487407207495 0.61826071143150341 44.362541198730476 0.16069030016660693 -4840646.9999999991 4.5000000000000009 -1.7135000228881834 -5.1765000820159903 1.0000000180025095e-35
decision_type=2 2 2 2 2 2 2 2 2 2 2 2 2 2 2 2 2 2 2 2 2 2 2 2 2 2 2 2 2 2
left_child=1 4 5 6 19 9 7 14 22 10 12 28 13 -2 15 17 23 -3 -13 27 26 -11 -6 -17 -15 -22 -21 -1 -12 -8
right_child=2 3 -4 -5 8 -7 29 -9 -10 21 11 18 -14 24 -16 16 -18 -19 -20 20 25 -23 -24 -25 -26 -27 -28 -29 -30 -31
leaf_value=0.0084383678620259459 0.0021023882053458707 0.011572172912958761 -0.020899269467085965 -0.013022763082153577 0.0081467552862672411 -0.019238105106434946 -0.035143559753978176 -0.02507848498457927 0.00046582142525495619 -0.022417672794924154 -0.0069106805601271502 -0.0028764905151458442 0.0045912686719280053 -0.0059666560875365465 0.0024848713834697373 -0.010701098487552982 -0.041305011831374597 -0.0017455765295549906 -0.028395613790519358 0.0081140439914930539 -0.015627043167728037 0.015825930793774642 0.0032074768881547311 0.0024171019706886697 -0.020430824907045394 0.01026738515346202 -0.038920168123573608 0.017725775327140283 0.0011353500804166224 -0.003748808050483941
leaf_weight=2541.9797968566418 2967.269469730556 1120.421814724803 1459.9295244701207 2019.8641234636307 6349.1264208704233 987.70363505929708 93.252190049737692 239.78759030252695 15107.099541604519 91.33892260491848 6900.1687792167068 245.97452741861343 2797.7719869613647 3737.3805331289768 18577.826261840761 1456.8897739648819 319.99935173988342 2417.3669579699636 906.07871563732624 69.05308224260807 183.30972494930029 570.70052190124989 16122.001013852656 1101.0726048946381 591.36838808655739 981.1752538383007 137.79096619784832 2098.5261548906565 1855.0128159299493 12934.04034217447
leaf_count=17356 9650 3740 7859 6512 24318 3715 284 1436 52979 310 21909 778 8560 11671 68232 4950 1298 7883 2913 457 1367 1675 63586 3804 1774 7245 432 16368 5889 41688
internal_value=0 0.00138557 -0.00561826 -0.00137335 0.00393503 -0.00458785 -0.000758349 0.000901565 0.00293981 -0.00388756 -0.00436543 -0.00726893 -0.0015156 -0.00385737 0.00115082 -0.00271215 -0.00908507 0.00247217 -0.022947 0.0101558 0.00175521 0.0105496 0.00460305 -0.00505438 -0.00794267 0.00619116 -0.0232182 0.0126383 -0.00520592 -0.00397354
internal_weight=0 83870.6 23110.7 40280.5 43590.1 21650.8 38260.7 25233.4 37578.2 20663.1 20001 9907.23 10093.8 7296.02 24993.6 6415.75 2877.96 3537.79 1152.05 6011.83 1371.33 662.039 22471.1 2557.96 4328.75 1164.48 206.844 4640.51 8755.18 13027.3
internal_count=400638 323935 76703 139827 184108 68844 133315 91343 140883 65129 63144 31489 31655 23095 89907 21675 10052 11623 3691 43225 9501 1985 87904 8754 13445 8612 889 33724 27798 41972
is_linear=0
shrinkage=0.05


Tree=145
num_leaves=31
num_cat=0
split_feature=29 164 228 227 3 232 21 230 232 225 228 225 224 234 228 227 230 233 228 233 228 228 230 225 233 225 226 233 228 224
split_gain=323.385 219.884 250.621 261.525 168.935 144.05 143.001 141.897 337.381 185.978 229.233 193.545 182.829 171.402 220.047 182.972 156.711 140.61 142.547 138.119 137.793 137.573 130.91 157.736 156.441 128.584 117.245 118.898 117.207 111.914
threshold=0.0299665741622448 148.27085113525393 59.520391464233406 0.15536781400442126 757994.15625000012 1.1673411130905154 1.0000000180025095e-35 3.5000000000000004 -1.6804370880126951 -0.0062791917007416478 22.164649009704593 -0.0027581989997997876 3.5000000000000004 -0.010293399915099142 47.081319808959968 0.14912125468254092 8.5000000000000018 -0.036969205364584916 32.958612442016609 -0.013996877707540987 53.672094345092781 50.034729003906257 9.5000000000000018 -0.019770403392612931 1.0000000180025095e-35 0.0051666451618075379 0.070797614753246321 0.11548462137579919 50.150114059448249 2.5000000000000004
decision_type=2 2 2 2 2 2 2 2 2 2 2 2 2 2 2 2 2 2 2 2 2 2 2 2 2 2 2 2 2 2
left_child=6 2 7 -4 25 -5 -1 9 16 10 -2 12 -11 20 22 -16 -9 18 -13 -8 -10 -12 23 -15 -24 -3 -7 -28 -23 -21
right_child=1 4 3 5 -6 26 19 8 13 11 21 17 -14 14 15 -17 -18 -19 -20 29 -22 28 24 -25 -26 -27 27 -29 -30 -31
leaf_value=0.065361860285859052 0.024872080532055127 0.013151031338087434 -0.017442203801429381 0.074970333736886774 0.00026462622078844591 -0.012017608778166697 -0.0016152250967242769 0.022724455059458085 -0.014352780229300421 0.042801815287183208 -0.018969277438459924 -0.012573733118612186 -0.0042574980989296988 0.023380841345768878 -0.019325544005580411 0.0072661422443977171 -0.027844620818812518 -0.0065520036232601612 0.02799263296099604 -0.0064811446585845561 0.016060677848257515 0.077847618573034794 0.043348981207523563 -0.016398865541801387 0.009605940655230653 0.0032288220814566688 0.043033488229049871 0.0033789452657559888 -0.0019271674419085825 -0.022711103005549894
leaf_weight=61.288989774882793 409.18026991188526 6334.6749112643301 4594.2816332448274 70.159511901438236 15030.430742776021 821.84610116481781 2381.3735554665327 2512.2394950799644 2659.1276560463011 522.25319113582373 3480.6759558394551 320.04110193997622 341.25431146845222 466.66758190095425 1214.329979903996 1384.3777009621263 163.15291994810104 3381.3674774542451 669.70411640405655 1719.4393176715821 433.07748632878065 48.297534130513668 664.35161412507296 534.76357814669609 711.23372721672058 6738.575277755037 253.87872587144375 740.02359492331743 986.3485486023128 2778.62059911713
leaf_count=202 1190 24401 40181 383 74186 4337 22064 8556 18682 1868 26236 1550 2678 2582 9054 6527 1132 23312 3236 22823 1617 256 2263 3956 4002 28095 807 3057 5317 56088
internal_value=0 0.000773092 -0.00241564 -0.0110067 0.00388001 0.00467098 -0.0106747 0.000247759 0.00425381 -0.00398866 -0.0109635 0.00257295 0.0242042 -0.000848577 0.00489659 -0.00515968 0.0196406 -0.00170027 0.0148752 -0.0113521 -0.0100932 -0.0142109 0.0158908 0.0021385 0.0259025 0.00803665 0.00195465 0.0135082 0.00179674 -0.016507
internal_weight=0 55486.3 27382.6 6480.19 28103.7 1885.91 6940.72 20902.4 10743.3 10159.1 4924.5 5234.62 863.508 8067.93 4975.72 2598.71 2675.39 4371.11 989.745 6879.43 3092.21 4515.32 2377.02 1001.43 1375.59 13073.3 1815.75 993.902 1034.65 4498.06
internal_count=400638 299461 172779 48765 126682 8584 101177 124014 58371 65643 32999 32644 4546 48683 28384 15581 9688 28098 4786 100975 20299 31809 12803 6538 6265 52496 8201 3864 5573 78911
is_linear=0
shrinkage=0.05


Tree=146
num_leaves=31
num_cat=0
split_feature=7 232 227 234 29 227 227 230 228 234 227 148 228 230 227 127 110 233 234 229 25 227 229 229 227 17 232 229 191 232
split_gain=166.892 74.535 174.664 147.027 114.993 114.709 133.593 108.521 102.698 91.8194 201.885 115.676 110.618 105.372 86.4958 79.4458 78.0554 74.5639 72.0501 81.4122 73.1503 72.6045 68.2682 78.9664 67.0927 66.2622 65.7303 63.8745 63.8137 148.765
threshold=1.0000000180025095e-35 -0.79598388075828541 -0.011294552125036715 0.0058956164866685876 0.026657558046281341 0.038397464901208885 0.14217160642147067 9.5000000000000018 74.275436401367202 -0.020801224745810028 -0.075891796499490724 25.000000000000004 24.623007774353031 7.5000000000000009 -0.050510147586464875 0.025664549320936206 0.093028690665960326 -0.01240761950612068 -0.0078237308189272863 1.1526489257812502 74.349727630615249 0.19866237789392474 1.0367003679275515 1.0002349317073824 0.0060738304164260635 -0.076192867010831819 1.1166329979896548 1.0425730347633364 1.0000000180025095e-35 -1.0408806204795835
decision_type=2 2 2 2 2 2 2 2 2 2 2 2 2 2 2 2 2 2 2 2 2 2 2 2 2 2 2 2 2 2
left_child=1 4 3 7 -1 24 22 -3 18 10 16 -11 15 28 -13 -12 -6 25 -8 21 -21 -20 23 -7 26 -16 -4 -15 29 -14
right_child=-2 2 5 -5 9 6 8 -9 -10 11 12 14 13 27 17 -17 -18 -19 19 20 -22 -23 -24 -25 -26 -27 -28 -29 -30 -31
leaf_value=-0.015057878424063392 0.019592934955320294 0.0054680420955419548 -0.0024593254733081878 0.016342511775186967 0.040257739222942242 0.0075956885674206198 0.0095333353303329836 -0.016741789805789043 -0.010632995210283359 -0.0101007851002698 -0.0091953995269515431 -0.0054914232760320059 0.0048076018800341479 0.01324746096129868 0.039905383486958088 0.016718476704454768 0.011268268246136873 0.0016184364976242101 0.00018137553186425287 0.012740160766513624 -0.01083436928643218 -0.0080531246838908121 0.002649667377760255 0.02551095632245879 -0.0097313867364935518 0.0083405801971986257 0.016657796054980786 -0.0052593242692106001 -0.0067879678087264111 0.1282637196375116
leaf_weight=1574.6869872361422 1133.6297976225615 4267.9640889465809 11224.722302764654 3233.6604038402438 427.47006018459797 4848.531897008419 1955.0280899591744 631.36005909740925 2356.1452607885003 4793.7549140006304 372.58430808037519 4131.4866334497929 185.30811671167612 1432.1092171296477 252.29188502579927 1434.4951671510935 508.31498530507088 3465.368417032063 9587.7871613577008 1761.2304338887334 404.66035259515047 3713.7483804225922 7984.3920334652066 704.45308057963848 3337.1146170906723 487.60217896103859 468.39825145155191 691.2921199798584 5656.2313000634313 28.101950816810131
leaf_count=18458 6065 19773 55105 12279 1433 20753 7341 4847 12370 27941 1428 21673 793 5430 804 5270 1643 15821 41794 6002 1409 18269 36994 2487 17264 2105 2477 3291 29185 134
internal_value=0 0.00027607 0.0012883 0.00806757 -0.00197107 0.000147862 0.00178371 0.00260593 -0.000835707 -0.00110762 0.00232215 -0.0039119 0.000203429 -0.00232238 -0.000353204 0.0113755 0.0245108 0.00469487 0.00048924 -0.000653901 0.00833566 -0.00211767 0.00561078 0.00986842 -0.00347816 0.0191037 -0.00169354 0.00722241 -0.0057753 0.0210644
internal_weight=0 81920.3 56479.2 8132.98 25441.1 48346.2 33316 4899.32 19778.6 23866.4 10735.9 13130.5 9800.12 7993.04 8336.75 1807.08 935.785 4205.26 17422.5 15467.4 2165.89 13301.5 13537.4 5552.98 15030.2 739.894 11693.1 2123.4 5869.64 213.41
internal_count=400638 394573 259164 36899 135409 222265 147419 24620 87185 116951 48607 68344 45531 38833 40403 6698 3076 18730 74815 67474 7411 60063 60234 23240 74846 2909 57582 8721 30112 927
is_linear=0
shrinkage=0.05


Tree=147
num_leaves=31
num_cat=0
split_feature=29 110 133 29 29 194 118 12 226 28 6 228 226 233 233 25 15 230 229 29 230 233 226 230 228 227 228 232 231 232
split_gain=338.232 160.862 157.616 113.911 104.044 84.0459 81.1344 78.5065 84.2636 67.9791 67.9742 66.5013 56.4813 56.4742 51.1925 50.8925 66.1936 53.852 63.6789 50.0602 48.1203 64.8243 44.9804 51.6433 44.3182 49.0741 46.5947 44.0884 41.6594 39.5683
threshold=0.044408345595002181 0.85053730010986339 0.61178150773048412 0.024018825963139537 0.06865545362234117 1.0000000180025095e-35 1.0000000180025095e-35 0.12016621232032777 0.23819749057292941 0.225058488547802 1.4486500024795534 28.266542434692386 0.060833279043436057 -0.039505766704678529 -0.01204910362139344 29.794649124145511 -0.11680341884493826 10.500000000000002 0.96686536073684703 0.075776781886816039 9.5000000000000018 -0.030141824856400486 -0.052973167970776551 3.5000000000000004 66.692794799804702 0.14385998249053958 66.567855834960952 -1.7772749066352842 1.1847185492515566 0.1648615896701813
decision_type=2 2 2 2 2 2 2 2 2 2 2 2 2 2 2 2 2 2 2 2 2 2 2 2 2 2 2 2 2 2
left_child=1 3 4 5 9 -1 12 8 19 14 -5 13 28 -11 -2 16 -12 -18 -19 24 -7 -22 -13 27 26 -26 29 -24 -3 -4
right_child=2 6 7 10 -6 20 -8 -9 -10 11 15 22 -14 -15 -16 -17 17 18 -20 -21 21 -23 23 -25 25 -27 -28 -29 -30 -31
leaf_value=-0.024945249041517934 -0.0058192309909536055 -0.0083629820767222619 -0.01088226008726037 0.0061413491818966314 -0.0071334871415169449 0.014344247117643115 -0.021255782918807049 -0.017329170934098723 0.013656778726329628 -0.015711217159174624 -0.0021290030655309778 0.017912034919252914 -0.010119731648237314 0.0035230100207181733 0.00042672337564934946 0.00016298077075397276 0.0086706566688158071 -0.016693916899904231 0.0062535302394081853 -0.018154283830861498 -0.023716305497934301 0.0080600049275730053 0.017100109527710849 -9.3782012976311206e-05 0.0013019645445529475 -0.010684758046115678 -0.031153723421809155 0.0049536365118002697 0.0010729871045476842 -0.004171937982714132
leaf_weight=161.5493832975626 5703.0901164114475 1394.1729531511664 4379.8415139466524 10741.124707974494 6062.8172477632761 3877.519021846354 585.57959645241499 1751.11336620152 519.02300679683685 809.51082998514175 2837.2931263074279 592.80934257805347 1827.3624989241362 722.00226856768131 7723.0826352089643 21680.290694713593 6420.547835662961 491.2003573551774 786.21065688878298 916.8754740357399 193.57584008574486 939.27526818215847 937.78919497132301 4527.5227191150188 3170.9726401418447 1168.5253681689501 213.55562323331833 3673.5262197777629 7265.4371809065342 4407.6477592885494
leaf_count=599 16985 5001 12785 47210 18518 29578 2484 8444 1479 2666 11000 1950 6799 2172 22771 85376 26115 1925 3180 3450 837 7281 2882 13270 9474 3538 725 10726 27604 13027
internal_value=0 0.00229069 -0.00338098 0.00354082 -0.00126457 0.0105512 -0.00314319 -0.00731889 -0.0061326 0.000176622 0.00269678 0.00304112 -0.0021318 -0.00664361 -0.0022264 0.00154831 0.00439916 0.0068053 -0.00257041 -0.00685301 0.0116957 0.00263023 0.00456525 0.00369949 -0.00607629 -0.00192578 -0.00807729 0.00742383 -0.000446177 -0.00751648
internal_weight=0 59201.1 47279.7 48128.6 30752.2 5171.92 11072.6 16527.6 14776.4 24689.3 42956.7 11263.2 10487 1531.51 13426.2 32215.5 10535.3 7697.96 1277.41 14257.4 5010.37 1132.85 9731.65 9138.84 13340.5 4339.5 9001.04 4611.32 8659.61 8787.49
internal_count=399851 254989 144862 213101 91940 38295 41888 52922 44478 73422 174806 33666 39404 4838 39756 127596 42220 31220 5105 42999 37696 8118 28828 26878 39549 13012 26537 13608 32605 25812
is_linear=0
shrinkage=0.05


Tree=148
num_leaves=31
num_cat=0
split_feature=15 228 234 233 232 234 234 227 227 233 232 234 233 234 227 233 234 227 164 226 226 225 231 234 3 228 232 233 225 226
split_gain=325.278 439.444 199.33 229.044 250.149 205.46 184.167 227.616 167.926 154.094 236.456 147.679 147.338 189.919 243.344 267.627 251.688 164.331 150.924 146.841 137.081 163.07 142.909 154.365 148.478 134.797 133.593 243.844 202.237 185.737
threshold=0.094121661037206664 50.626491546630866 -0.031190510839223858 -0.01175938034430146 0.086195968091487898 -0.036604572087526314 -0.026886546984314915 0.14847379177808764 -0.036407448351383202 -0.040498191490769379 -2.1506615877151485 0.0054795045871287593 -0.033969070762395852 -0.008467934560030697 0.15454842895269397 -0.017819760367274281 0.0034438427537679677 0.16889240592718127 283.61459350585943 -0.028645382262766358 -0.032876208424568169 -0.01376869063824415 0.052658187225461013 0.0030116746202111249 857702.68750000012 76.667705535888686 -0.77543962001800526 0.12234165146946908 -0.0062791917007416478 -0.040118413046002381
decision_type=2 2 2 2 2 2 2 2 2 2 2 2 2 2 2 2 2 2 2 2 2 2 2 2 2 2 2 2 2 2
left_child=1 2 5 4 8 9 -3 -8 11 10 -1 -4 19 17 15 -15 -16 -14 -17 -2 21 -10 -22 24 -24 -9 28 -28 -5 -30
right_child=12 6 3 26 -6 -7 7 25 20 -11 -12 -13 13 14 16 18 -18 -19 -20 -21 22 -23 23 -25 -26 -27 27 -29 29 -31
leaf_value=-0.026360763523209825 0.0038606238508786224 0.0062421573753488543 -0.004876953487301678 -0.0067053304336725829 -0.016141643546092332 -0.021087184260588067 -0.017477923399662556 -0.0092460427293945113 -0.018843867713448433 -0.019358418214868653 0.01578991406499013 0.02013447556214756 -0.001042252539827516 0.028686479895232944 -0.0065054128903815969 -0.0087888358394570647 0.013426508132411972 -0.027207710185031049 0.0023820078297727542 0.024904104452704391 -0.027216621800299032 0.015197563462831907 0.035588085139693755 -0.02558672698842095 0.010767227493765413 0.012921484536673605 -0.022505005205430181 0.017426296248976299 -0.020538293825997506 0.02132705018531808
leaf_weight=416.97124936431646 1838.9397182166576 1364.8715948835015 2106.5860195830464 3015.0766272954643 902.97289716824889 1885.116178765893 8281.9853463899344 1938.1264263130724 476.36851914227009 737.19033901393414 1646.7113727293909 819.87110663950443 1630.974522408098 722.24157610535622 1972.9532695561647 5489.9585547596216 8030.0495545342565 949.35919658467174 6730.3784085530788 1509.4600758850574 132.9701858907938 1345.3810600079596 2031.6885270401835 139.70609188824892 856.53079063072801 1061.3131440505385 1701.5836720615625 493.11174974218011 319.25335612520576 1556.9333770386875
leaf_count=2994 7533 6708 14417 26196 7370 14121 102213 16250 3392 5685 7342 5911 7153 2228 9262 34466 28975 5197 27121 5036 956 6355 7524 933 3734 4908 20902 3454 3192 8323
internal_value=0 -0.00376946 0.000737368 0.00340865 0.00879034 -0.00832543 -0.0111051 -0.0132038 0.0116368 0.000263815 0.00727328 0.0021302 0.00348552 0.00219193 0.0036382 -0.000888537 0.00949521 -0.0106691 -0.00263647 0.013347 0.0172203 0.00629608 0.0235164 0.0257443 0.0282272 -0.00140235 -0.00328399 -0.0135331 0.00131475 0.0142032
internal_weight=0 33230.3 20584 15898 8812.08 4685.99 12646.3 11281.4 7909.1 2800.87 2063.68 2926.46 28874.3 25525.9 22945.6 12942.6 10003 2580.33 12220.3 3348.4 4982.65 1821.75 3160.9 3027.93 2888.22 2999.44 7085.96 2194.7 4891.26 1876.19
internal_count=399851 272880 142801 112659 50592 30142 130079 123371 43222 16021 10336 20328 126971 114402 102052 63815 38237 12350 61587 12569 22894 9747 13147 12191 11258 21158 62067 24356 37711 11515
is_linear=0
shrinkage=0.05


Tree=149
num_leaves=31
num_cat=0
split_feature=7 232 226 229 225 229 160 229 226 229 228 225 17 126 156 225 187 14 26 234 15 156 225 35 15 230 12 229 233 228
split_gain=149.848 83.905 94.6819 85.8043 88.1994 76.9479 73.6167 69.6129 80.2336 133.885 134.155 90.6299 77.8646 68.4817 66.0613 65.2738 64.7429 62.9135 57.5285 67.5277 71.0131 54.6083 52.7291 56.7014 50.7284 50.4631 50.2113 61.5035 47.559 66.659
threshold=1.0000000180025095e-35 -1.4672073721885679 -0.052973167970776551 1.6979064345359804 -0.034941680729389184 0.70228666067123424 3.293899774551392 0.86891436576843273 -0.029895805753767487 0.91074106097221386 34.72050857543946 0.0051666451618075379 -0.076192867010831819 0.011906218249350788 -0.31252308189868921 0.015788829885423187 -1.7375000119209287 -0.083276182413101182 -8.9408125877380353 -0.023770466446876522 -0.11927262693643569 -5.1381402015686026 0.20679578930139544 264.90875244140631 -0.080468125641345964 8.5000000000000018 -0.094676744192838655 0.99637550115585338 -0.0060898258816450826 34.546342849731452
decision_type=2 2 2 2 2 2 2 2 2 2 2 2 2 2 2 2 2 2 2 2 2 2 2 2 2 2 2 2 2 2
left_child=1 2 13 4 26 17 25 15 9 24 -11 12 -12 21 -10 16 -7 -6 19 20 -8 -1 -2 -24 -9 -4 -3 -28 29 -20
right_child=22 3 6 -5 5 7 18 8 14 10 11 -13 -14 -15 -16 -17 -18 -19 28 -21 -22 -23 23 -25 -26 -27 27 -29 -30 -31
leaf_value=0.019078771122234838 0.027592904005170778 0.032378126450802909 -0.018705550417142582 -0.01311541483885059 0.034708611435316804 0.0010969965170160082 0.049432598957279854 0.037926856022046929 -0.0026773185540956003 -0.0063550222583752397 0.028920327852530698 -0.0010631708307175533 0.0092949265953767325 0.025227895219875392 0.0019092778450146798 -0.009487134427592114 -0.006615537432323443 0.0068881732198608631 -0.0041570895719269807 -0.010861376664551571 0.0063780078314755774 -0.0071460021369809893 -0.012490172272413233 0.023441810922019062 0.014993788461623449 0.0011547283202067106 0.01967062922445114 0.0024964533375680174 0.00071836736375799077 -0.017645921231713966
leaf_weight=291.30776314437389 674.13696645200253 233.40082557499409 1407.3231048993766 1057.8254529200494 221.69110089540482 10549.325333666056 161.17929171025753 354.43685699999332 10919.103823322803 2233.2693893499672 690.40649302303791 1452.8821673728526 1886.1779377646744 439.30688943713903 27936.604008816183 2615.4895059578121 3666.8804694637656 2438.3486510887742 4240.2190484777093 216.4849905744195 236.00673501938581 623.12498141825199 221.39523419737816 217.80288371443748 754.36705054342747 413.92157676815987 772.1044904217124 1604.8297512978315 3073.3573808297515 1168.2509246170521
leaf_count=918 4806 686 14319 6151 756 47163 596 1106 61931 11953 2404 6135 7398 1338 126802 12232 21617 8853 20041 1136 1011 2737 609 584 2579 3533 2447 5399 14761 7850
internal_value=0 0.000341875 -0.00346944 0.00101587 0.00123464 0.000876625 -0.00501609 0.000525231 0.00152767 0.00631008 0.00347476 0.00892277 0.0145536 0.00900301 0.000620368 -0.0022279 -0.000892349 0.00920676 -0.00317878 0.0116047 0.0238497 0.00120834 0.01881 0.00532887 0.0223245 -0.0141918 0.0102482 0.00807518 -0.00424838 -0.00707073
internal_weight=0 81657.6 12270.5 69387.1 68329.3 65719 10916.7 63058.9 46227.2 7371.54 6262.74 4029.47 2576.58 1353.74 38855.7 16831.7 14216.2 2660.04 9095.5 613.671 397.186 914.433 1113.34 439.198 1108.8 1821.24 2610.34 2376.93 8481.83 5408.47
internal_count=399851 393852 68240 325612 319461 310929 63247 301320 220308 31575 27890 15937 9802 4993 188733 81012 68780 9609 45395 2743 1607 3655 5999 1193 3685 17852 8532 7846 42652 27891
is_linear=0
shrinkage=0.05


Tree=150
num_leaves=31
num_cat=0
split_feature=29 35 3 167 29 28 232 4 230 227 24 7 229 224 228 111 225 228 161 227 3 231 225 230 228 130 229 230 225 225
split_gain=297.038 151.405 140.14 129.035 124.749 79.9351 69.621 65.7552 64.2997 74.3012 61.2865 59.783 62.6318 78.9861 69.6686 63.8867 60.5577 89.1305 71.0093 60.6643 59.796 55.5259 59.109 54.0653 52.4785 65.0274 50.494 48.545 52.9105 50.3505
threshold=0.042546687647700317 72.787765502929702 1361151.5000000002 4.8166499137878427 0.074521560221910491 0.225058488547802 1.8194242715835574 40.185850143432624 3.5000000000000004 0.20794968307018283 18.500508308410648 1.0000000180025095e-35 1.0126515626907351 4.5000000000000009 88.40799713134767 -0.83799818158149708 -0.0065399571321904651 29.689025878906254 12.314245700836183 0.22668402642011645 341445.48437500006 7.8337683677673349 -0.019770403392612931 4.5000000000000009 28.266542434692386 0.094662975519895567 0.82569807767868053 8.5000000000000018 0.0183108588680625 0.023746094666421417
decision_type=2 2 2 2 2 2 2 2 2 2 2 2 2 2 2 2 2 2 2 2 2 2 2 2 2 2 2 2 2 2
left_child=2 4 3 11 5 10 24 -4 21 -10 -2 12 13 16 -14 23 -1 18 -18 27 -21 22 -3 26 -7 -26 -15 28 -19 -29
right_child=1 8 7 -5 -6 6 -8 -9 9 -11 -12 -13 14 15 -16 -17 17 19 -20 20 -22 -23 -24 -25 25 -27 -28 29 -30 -31
leaf_value=0.0072909945260750987 0.0022052336915689258 -0.021083435635726715 0.0088816462423483514 -0.0038052905798497609 -0.0091617375430556158 -0.0067160455243402408 0.011743119775213204 0.0009277220860360539 -0.0094397518761018193 -0.027746664490112344 -0.0043465676191322073 -0.021496992165406084 0.0065865686444325673 -0.026000382803731344 -0.016097549818450293 -0.00064769894181361228 0.00082185757945888924 0.0038862024449368999 -0.029420013428546332 -0.041558992373270986 -1.8117234043058913e-05 -0.022910991495284649 -0.0016063306799695227 -0.023123535452435395 -0.00099245318902520859 0.0059996386668797058 0.0029781153023693686 0.00030751779335874756 0.019541722922027591 -0.021522289574706342
leaf_weight=5343.2370912358165 4834.9873159229755 418.58359842002392 10052.538826622069 10536.868226967752 4532.8159445524216 1902.5723328441381 1691.9946183115244 3504.1733538769186 5610.5829400196671 615.00376059859991 13634.927759073675 254.26345245167613 10529.477227181196 198.52666753530502 349.72244059294462 4049.7801458239555 356.37503483146429 3909.5975709110498 426.29317013174295 152.58560633659363 200.40684317052364 370.07039289176464 5612.7919006682932 681.98590894788504 7383.2809800505638 6049.9934787079692 619.12260762602091 1405.3342437595129 626.12600673735142 325.28663825243711
leaf_count=23924 14684 1414 50659 39174 14545 6076 4946 14984 18425 2459 40619 2635 48419 806 1345 17236 1367 18351 1380 477 689 1288 18028 2668 21530 18357 2700 6465 2855 1348
internal_value=0 -0.0028565 0.00243283 0.000942701 -0.00135071 -0.000353293 0.00211781 0.0068257 -0.00763019 -0.0112482 -0.00263146 0.00264274 0.00285313 0.00106661 0.00585737 -0.00391229 0.00323448 0.000306231 -0.0156499 0.00219288 -0.0179747 -0.00411155 -0.00295806 -0.0127283 0.00105586 0.0021566 -0.00405791 0.00332895 0.00604734 -0.0037956
internal_weight=0 52657.6 53521.7 39965 40030.6 35497.8 17027.8 13556.7 12627 6225.59 18469.9 29428.1 29173.9 18294.7 10879.2 5549.42 12745.2 7402.01 782.668 6619.34 352.992 6401.45 6031.38 1499.64 15335.8 13433.3 817.649 6266.34 4535.72 1730.62
internal_count=399853 162371 237482 171839 120757 106212 50909 65643 41614 20884 55303 132665 130030 80266 49764 23410 56856 32932 2747 30185 1166 20730 19442 6174 45963 39887 3506 29019 21206 7813
is_linear=0
shrinkage=0.05


Tree=151
num_leaves=31
num_cat=0
split_feature=160 116 42 230 232 227 233 227 229 232 227 231 161 234 234 233 230 227 3 229 229 227 232 3 233 225 227 225 233 224
split_gain=290.751 219.693 172.222 162.616 288.746 346.941 286.753 285.201 278.82 272.224 453.012 235.263 228.15 205.158 187.547 184.438 177.958 169.754 162.767 156.139 151.308 190.461 227.272 150.572 149.416 145.731 155.195 141.82 140.111 136.635
threshold=3.1541776657104497 1.0000000180025095e-35 3.3917109966278081 3.5000000000000004 -1.6804370880126951 0.20794968307018283 0.086065258830785765 0.13724447786808017 0.98815491795539867 0.086195968091487898 0.028331511653959755 4.5131709575653085 0.69956144690513622 0.0058956164866685876 -0.036604572087526314 -0.030856821686029431 8.5000000000000018 0.20376017689704898 541357.06250000012 0.98052480816841137 0.73127868771553051 0.146713562309742 1.1673411130905154 815683.56250000012 0.064911253750324263 0.00044276846165303146 -0.08802130818367003 0.011441531125456096 -0.013996877707540987 2.5000000000000004
decision_type=2 2 2 2 2 2 2 2 2 2 2 2 2 2 2 2 2 2 2 2 2 2 2 2 2 2 2 2 2 2
left_child=28 2 3 6 16 9 8 -8 11 10 12 17 -6 -7 -10 -14 23 19 -15 -2 -11 -22 -23 -5 -16 26 -17 -27 -1 -30
right_child=1 -3 -4 4 5 13 7 -9 14 20 -12 -13 15 18 24 25 -18 -19 -20 -21 21 22 -24 -25 -26 27 -28 -29 29 -31
leaf_value=-0.00034281204104948132 0.0015375533672729053 0.012284488070022314 0.015645065821501405 0.024763083371826852 -0.01042336248001694 -0.0016070092399760082 -0.021914570304669891 0.017864590304980724 0.010084898473016406 -0.028868018967201384 0.061591363236162447 -0.023398468372910576 0.019585378303011762 0.039943323338671816 -0.019512943212506115 0.031616789971724311 -0.024288333198064688 -0.023241325143406655 0.010897317524092558 0.04120030266924421 -0.01272033961450776 0.041447196115450939 -0.001697709951243056 -0.00011965368210468449 0.0010308294829878767 0.021182490065953626 -0.012051006055707138 -0.0055422154090171878 -0.0040639445599325932 -0.020261603211287837
leaf_weight=2983.0289936214685 10354.239216856658 3955.4764212854207 1706.9543416872621 2474.702812731266 2814.1100448332727 1081.8487805202603 549.69021643325686 2499.2658100873232 755.38186097145081 840.2852004095912 323.80567821860313 1089.3031042329967 1927.4079100415111 976.31739542633295 5523.1053429953754 225.85427877306938 260.46329132467508 682.29590846970677 953.22770708799362 254.22562053799629 4995.7854889221489 341.10659196227789 2902.0673324093223 805.99458055943251 1053.9655790217221 1252.8553685322404 2052.6735095046461 822.20578000321984 2159.9165975414217 3277.7256574910134
leaf_count=26616 57502 13899 5581 8043 17015 4748 3629 10011 3557 6020 1500 7859 8208 2998 39114 1223 1552 3940 3050 932 34355 1527 13449 2748 5569 6043 13523 4445 27036 64161
internal_value=0 0.000945053 3.9285e-05 -0.000517861 0.00226167 8.35884e-05 -0.00357695 0.0106929 -0.00578408 -0.00247854 0.00347661 -0.00120768 0.0014076 0.0158221 -0.0135108 0.00670829 0.0154917 0.000933233 0.0255941 0.00248805 -0.00865649 -0.00659513 0.00284013 0.0186499 -0.0162208 0.00100739 -0.00772253 0.0105933 -0.00905063 -0.0138276
internal_weight=0 53474.6 49519.1 47812.2 25050.7 21509.6 22761.5 3048.96 19712.5 18498.2 9418.91 12380.1 9095.11 3011.39 7332.45 6281 3541.16 11290.8 1929.55 10608.5 9079.24 8238.96 3243.17 3280.7 6577.07 4353.59 2278.53 2075.06 8420.67 5437.64
internal_count=399853 282040 268141 262560 130447 118104 132113 13640 118473 107308 51957 70233 50457 10796 48240 33442 12343 62374 6048 58434 55351 49331 14976 10791 44683 25234 14746 10488 117813 91197
is_linear=0
shrinkage=0.05


Tree=152
num_leaves=31
num_cat=0
split_feature=7 4 4 234 226 226 27 224 228 226 234 234 229 227 230 227 231 231 231 226 234 229 234 123 226 227 232 161 154 234
split_gain=137.224 92.6571 118.636 62.5905 82.7065 48.4081 44.9015 41.795 66.2944 72.7567 48.8561 57.9061 83.596 62.159 78.4708 49.0881 44.3747 99.3199 74.8752 87.3703 58.85 56.7074 58.1536 65.8899 51.0534 51.6545 50.6866 49.9804 52.8577 48.0006
threshold=1.0000000180025095e-35 1.0000000180025095e-35 19.863949775695804 0.014197493903338911 -0.011009755544364451 0.22355348616838458 1.3786303997039797 3.5000000000000004 73.609329223632827 0.073145877569913878 0.016909533180296425 -0.013258881401270626 0.97354578971862804 -0.033474171534180634 13.500000000000002 -0.075426507741212831 4.9435153007507333 5.1555192470550546 3.5574604272842412 0.034406417980790145 0.039646066725254066 0.86891436576843273 -0.001543785852845758 0.26094624400138861 -0.010998837649822233 0.20411980897188189 -1.8624743819236753 66.450527191162124 -8.235015392303465 0.021706453524529937
decision_type=2 2 2 2 2 2 2 2 2 2 2 2 2 2 2 2 2 2 2 2 2 2 2 2 2 2 2 2 2 2
left_child=1 -1 3 -3 -5 -2 -7 8 16 -10 11 12 15 -13 -15 -9 18 -18 19 24 27 -20 23 26 29 -26 -23 -19 -29 -4
right_child=5 2 7 4 -6 6 -8 10 9 -11 -12 13 -14 14 -16 -17 17 20 21 -21 -22 22 -24 -25 25 -27 -28 28 -30 -31
leaf_value=0.0034969163536579528 0.026500317744568892 -0.007611014401759761 0.0052929852021946335 0.018052388696183124 -0.0028125687638108025 -0.0075859834660398171 0.025728771682354171 0.021413684940915997 -0.00019748196802375857 -0.013002977621876265 0.011529371804887383 -0.010213074582760282 -0.0039896382740356407 -0.0034370542309701611 0.016166048608719081 0.0047226928292971896 0.018028154577204886 0.010047924746861243 -0.012106154910458982 0.02225662564183431 -0.0035971225500090564 -0.0092330525654190972 -0.0060453113726316341 -0.0077596810418081308 0.0018020017509458792 -0.0099888152457908389 0.014060028375430562 -0.013534225992570948 0.004702728633682398 0.022435107874400229
leaf_weight=17896.791638605297 669.98005107790232 7990.2706019952893 2779.5204136967659 549.59816606342793 3496.6355706527829 267.56807935237885 162.60663998126984 553.87265840172768 4406.3207186609507 1482.3993747159839 673.64059434086084 3253.4776867330074 2990.9937058612704 5862.3539665862918 559.1993113681674 2152.1764952577651 1316.3018870875239 3135.6120045259595 1436.7759074158967 573.61968561261892 2264.5909732505679 280.14086738601327 2589.2829665988684 734.53921948000789 9510.0291977450252 1029.4308043420315 1404.2669873796403 532.22933060675859 1567.5107131898403 478.70589545369148
leaf_count=75440 4891 55753 12012 2175 21467 734 437 1891 20890 7686 2094 19919 15122 30578 2262 10119 4350 11796 7949 2388 9124 1555 11409 3189 43288 5474 5815 2725 5931 1390
internal_value=0 0.000318706 -0.00057558 -0.00504524 2.15093e-05 0.0180962 0.00500704 0.000467704 0.00142442 -0.00342108 -0.00165022 -0.00222778 0.00177136 -0.00458264 -0.00172998 0.008139 0.00238734 0.00536046 0.00112814 0.00313631 0.00313718 -0.00334975 -0.000837688 0.00473664 0.00234141 0.000650346 0.0101861 0.00605015 8.01363e-05 0.00781154
internal_weight=0 81500.3 63603.5 12036.5 4046.23 1100.15 430.175 51567 35521.3 5888.72 16045.7 15372.1 5697.04 9675.03 6421.55 2706.05 29632.6 8816.24 20816.3 14371.3 7499.94 6445.01 5008.23 2418.95 13797.7 10539.5 1684.41 5235.35 2099.74 3258.23
internal_count=399853 393791 318351 79395 23642 6062 1171 238956 156971 28576 81985 79891 27132 52759 32840 12010 128395 33926 94469 64552 29576 29917 21968 10559 62164 48762 7370 20452 8656 13402
is_linear=0
shrinkage=0.05


Tree=153
num_leaves=31
num_cat=0
split_feature=160 12 6 130 233 227 234 226 228 5 124 224 15 152 232 5 234 228 234 232 228 187 40 226 226 228 111 233 160 115
split_gain=299.607 226.988 194.527 101.671 82.4213 97.1826 99.4521 79.7362 79.0705 76.1334 75.5664 66.2864 65.7544 65.1554 64.6442 63.099 61.8096 61.229 58.106 53.2817 51.3343 47.8274 45.829 45.374 71.3207 56.9667 56.9388 44.5428 43.6057 42.0136
threshold=6.1928193569183358 0.076808724552392973 1.576450049877167 0.053449112921953208 -0.012145258486270903 0.12125787138938905 0.018749905750155452 -0.0047057049814611665 20.885622978210453 1.0000000180025095e-35 0.00088115432299673568 3.5000000000000004 -0.18504258245229718 -0.017530932091176506 0.080501284450292601 20.322249412536625 0.026045459322631363 69.219707489013686 0.014197493903338911 -3.334617972373962 28.266542434692386 -1.1924999952316282 1.7123711109161379 0.23819749057292941 0.032911373302340514 65.94659805297853 0.53393229842185985 -0.039505766704678529 3.0827969312667851 1.0000000180025095e-35
decision_type=2 2 2 2 2 2 2 2 2 2 2 2 2 2 2 2 2 2 2 2 2 2 2 2 2 2 2 2 2 2
left_child=1 2 9 4 7 17 -7 14 11 -1 29 -5 -10 20 28 -11 21 23 -9 -14 27 -8 -17 24 -6 26 -26 -2 -4 -3
right_child=13 10 3 8 5 6 16 18 12 15 -12 -13 19 -15 -16 22 -18 -19 -20 -21 -22 -23 -24 -25 25 -27 -28 -29 -30 -31
leaf_value=0.00037095794787573536 -0.021845602158061132 -0.011443947304573876 0.0042217371148279264 -5.5341616874376466e-06 0.001280902442870816 0.0015890805885943359 -0.019080932124254588 -0.017474538126432813 -0.0034805978048534124 0.010307059257834943 -0.0055819591993215307 -0.029855762312517804 -0.020488341193464397 -0.010340660172815111 0.0045971952965219694 0.0052754539671111128 -0.0047807130070637999 0.0058730991915763638 0.0028888031411538665 0.0051105599844302298 -0.0014936991809958633 0.0014377629549782028 -0.0079142237140503099 0.017679155614698294 -0.019511157622654655 -0.00082802133541985158 0.0062833737492507943 -0.001626076150783062 -0.0078938319153589714 -0.029064440398306048
leaf_weight=5556.879494510591 641.25503338873386 783.23102170228958 896.22371508181095 432.39057634025812 13428.525041043758 4528.8496532663703 1620.1588928550482 1833.777093373239 2802.5498365052044 8109.4160266853869 4246.1701971031725 326.35371846705675 205.8053684681654 7193.6802062243223 2083.1285844817758 8314.8470365032554 4303.440798997879 6344.4912035763264 433.0464039593935 16507.945591725409 5518.7721836194396 344.36340646445751 715.2368260845542 359.51731158792973 1131.5794384628534 1608.2669242098927 263.81892557442188 473.50875322520733 4334.594590768218 595.50405849516392
leaf_count=20868 2468 2924 4609 1429 54092 15527 5075 6207 9310 42766 15393 1303 820 24318 6992 36780 13282 26868 1422 57384 16162 1204 2666 1081 4359 5906 887 1323 13792 2950
internal_value=0 0.000848382 0.00148138 6.69097e-05 -0.00129567 -0.000139388 -0.00405637 -0.00539099 0.00299125 0.0054568 -0.00888427 -0.0128448 0.00360692 -0.00704476 -0.00285159 0.00710571 -0.00813543 0.00168852 -0.0135844 0.00479535 -0.00347054 -0.0154842 0.00423075 0.000107444 -0.000277005 -0.00724196 -0.0146344 -0.0132571 -0.00581801 -0.0190546
internal_weight=0 92110.1 86485.2 63788.8 43513.8 33933 10796.8 9580.77 20275 22696.4 5624.91 758.744 19516.3 13827.2 7313.95 17139.5 6267.96 23136.2 2266.82 16713.8 6633.54 1964.52 9030.08 16791.7 16432.2 3003.67 1395.4 1114.76 5230.82 1378.74
internal_count=400167 355896 334629 231549 161303 128281 35088 33022 70246 103080 21267 2732 67514 44271 25393 82212 19561 93193 7629 58204 19953 6279 39446 66325 65244 11152 5246 3791 18401 5874
is_linear=0
shrinkage=0.05


Tree=154
num_leaves=31
num_cat=0
split_feature=126 116 233 227 234 227 152 225 229 230 225 229 232 234 230 232 227 233 228 234 6 230 230 229 228 227 164 233 12 233
split_gain=283.474 242.968 199.804 392.378 191.048 175.088 166.197 145.675 164.961 171.751 243.24 155.462 146.022 219.162 138.167 131.031 190.827 128.903 178.297 127.008 124.728 123.068 121.368 119.813 117.482 110.016 112.834 109.851 106.9 104.12
threshold=0.0089042424224317091 1.0000000180025095e-35 0.0058588914107531318 0.1475668400526047 0.0089091816917061823 -0.054757183417677872 0.025990122929215435 -0.018226363696157929 1.0500280261039736 9.5000000000000018 -0.0075700664892792693 0.75164958834648143 -1.5185908079147337 0.0046147722750902185 2.5000000000000004 -0.67935836315155018 -0.036407448351383202 0.00055965055798878904 32.958612442016609 0.010563103947788479 1.7159499526023867 3.5000000000000004 5.5000000000000009 0.86389207839965831 58.475931167602546 0.23063293099403384 85.927200317382827 0.1096455827355385 0.043460616841912277 -0.080426927655935274
decision_type=2 2 2 2 2 2 2 2 2 2 2 2 2 2 2 2 2 2 2 2 2 2 2 2 2 2 2 2 2 2
left_child=1 2 7 5 -5 14 15 -1 9 11 -11 -9 17 -14 -4 16 -2 18 21 -15 -6 -13 -10 -16 -24 26 -8 -27 -7 -17
right_child=6 -3 3 4 20 28 25 8 22 10 -12 12 13 19 23 29 -18 -19 -20 -21 -22 -23 24 -25 -26 27 -28 -29 -30 -31
leaf_value=-0.011544078547575732 -0.0079296515009566627 0.013151630796449716 -0.025310956208082727 -0.023361125167037863 -0.0095017223555356328 -0.020828178380799707 -0.0058055085355766707 -0.020591361276823743 -0.018591743053757239 0.038364585416470053 0.0021860537252335692 -0.02342504681544692 -0.0093226716855520919 0.026348332835278779 -0.01416478194212387 -0.033170916853393899 0.01000318479320686 0.036757523102183776 0.017072184175085988 -0.0025547959033868826 0.0099706952702404723 0.0059305208270071103 -0.011627742127120977 0.025517855885829895 0.018098298563624132 0.0096871442948560059 0.0075481119809567903 0.038511215013571645 -0.0073750873950741581 -0.0042353816372422736
leaf_weight=2772.9221016578376 2192.9617502111942 2037.2170004639775 321.22103180736303 654.172074444592 1067.5589403994381 6292.1545590050519 1858.2639798019081 770.89450367540121 1651.8751674927771 800.19247478246689 1107.7649392187595 601.74429257214069 3650.278435414657 835.87597174569964 277.89645869284868 326.63183455169201 4585.3398822378367 408.83587547019124 1926.0008832886815 697.03678794391453 3580.5557159110904 877.92951360717416 744.77255640178919 602.85730789229274 600.27546076849103 904.14150473847985 10637.253462616354 521.03439885377884 1929.438631510362 6452.6094612237066
leaf_count=18829 16429 7264 4296 5280 7103 80847 12766 7303 13421 2722 8107 4487 27844 4117 2803 2477 22209 1698 7846 5778 16235 4008 6354 3751 2394 3111 44292 2064 10793 43539
internal_value=0 -0.00359369 -0.00465405 -0.00894293 0.0019378 -0.0150651 0.00322589 -0.00103396 0.000952191 0.003638 0.0173592 0.000958025 0.00280431 -0.00265998 0.00275952 -0.000714389 0.00420143 0.0102292 0.00704463 0.0132057 0.00549835 -0.00600761 -0.00951219 0.0129971 0.00163856 0.00706339 0.00556224 0.020225 -0.017671 -0.00562953
internal_weight=0 34209.5 32172.3 14725.9 5302.29 9423.57 27478.2 17446.4 14673.5 11676.6 1907.96 9768.6 8997.7 5183.19 1201.97 13557.5 6778.3 3814.51 3405.67 1532.91 4648.11 1479.67 2996.92 880.754 1345.05 13920.7 12495.5 1425.18 8221.59 6779.24
internal_count=400167 253280 246016 131108 28618 102490 146887 114908 96079 73910 10829 63081 55778 37739 10850 84654 38638 18039 16341 9895 23338 8495 22169 6554 8748 62233 57058 5175 91640 46016
is_linear=0
shrinkage=0.05


Tree=155
num_leaves=31
num_cat=0
split_feature=7 4 4 36 229 225 31 228 226 225 14 225 230 19 226 226 228 225 229 228 226 19 227 232 233 232 225 225 232 228
split_gain=127.207 78.1284 105.528 55.2798 55.8407 54.0604 53.5695 48.9442 89.6961 99.7963 65.4827 65.1967 68.1763 50.4572 48.0988 50.1655 92.2016 55.859 46.453 58.4012 52.5283 49.3898 44.8368 92.5422 62.9508 46.5346 44.027 64.3786 57.0733 57.3668
threshold=1.0000000180025095e-35 1.0000000180025095e-35 16.087849617004398 -1.0000000180025095e-35 0.62673509120941173 0.20679578930139544 0.15515629947185519 50.626491546630866 -0.017064406536519524 0.00082499513518996548 -0.081866584718227373 -0.030940170399844643 8.5000000000000018 0.22557578980922702 0.17813075333833697 -0.017064406536519524 50.77893257141114 0.00082499513518996548 1.2150162458419802 73.840240478515639 0.21380081027746203 0.3828322589397431 -0.059868887066841119 -0.61112582683563221 -0.042233658954501145 -1.4890024065971372 -0.0079692690633237345 -0.0082912058569490892 -0.66562584042549122 30.816543579101566
decision_type=2 2 2 2 2 2 2 2 2 2 2 2 2 2 2 2 2 2 2 2 2 2 2 2 2 2 2 2 2 2
left_child=1 14 22 4 -4 -2 7 26 9 10 -9 13 18 -10 15 16 -1 -18 -13 21 -21 -20 23 24 -3 -24 27 -6 -28 -30
right_child=5 2 3 -5 6 -7 -8 8 11 -11 -12 12 -14 -15 -16 -17 17 -19 19 20 -22 -23 25 -25 -26 -27 28 -29 29 -31
leaf_value=0.0035397772488944728 0.026751976810276142 0.022720684075656188 0.011862960066121956 0.011681606869860389 -2.9149696546810415e-05 0.0040365386358958951 -0.012866093268452186 0.035607540658953302 -0.0032643744799602859 0.00026041184863682688 0.012295493779170974 -0.0029375780181023596 0.004937491391564167 0.018533891059417006 0.01437785702633315 0.00064834184584050471 0.030700671386691067 0.0077837456071311317 0.0018259309233995215 -0.00014038031020470172 -0.021062233681889031 0.015155042415105902 -0.018240327828590332 0.030813963283254305 -0.0089569290366330028 -0.005954889791475443 -0.0079209348826996557 0.028181374626190272 0.022323080272189866 -0.0016956749265430665
leaf_weight=5225.583496876061 651.5545559823513 188.25128697231412 995.8966074809432 1055.8486781977117 12327.444691907614 438.00202929973602 807.61356070637703 390.02789493650198 386.62541749328375 1608.3008532114327 1323.1940992847085 14199.482094522566 5340.1897334679961 847.17699174582958 934.69118225574493 10721.605625346303 552.93875682353973 512.22295802086592 1653.8727084249258 2217.7423860616982 346.94108622521162 1198.6973028555512 901.35270354896784 235.10912334173918 939.69733586162329 5321.1383938789368 4897.5233701653779 205.60935687273741 259.65745362639427 5837.4036215245724
leaf_count=22033 4890 950 3297 3781 59312 1193 3315 1216 1435 6463 4504 71886 26201 2435 3200 46874 1660 1802 7594 11209 1632 3644 7456 792 7728 36400 29540 727 760 26238
internal_value=0 0.000421984 -0.000401469 0.000349478 0.000131311 0.0176204 -8.56633e-05 0.000108938 0.00146509 0.00920544 0.0176027 0.000483451 -7.12212e-05 0.0117032 0.00333482 0.00272809 0.00627271 0.0196802 -0.00143472 0.00250449 -0.00297061 0.00742704 -0.00593533 0.002278 -0.00367003 -0.00773448 -0.00159217 0.000433654 -0.00390146 -0.000672781
internal_weight=0 81431.8 63484.8 55899.2 54843.4 1089.56 53847.5 53039.9 29512.3 3321.52 1713.22 26190.7 24956.9 1233.8 17947 17012.4 6290.75 1065.16 19616.7 5417.25 2564.68 2852.57 7585.55 1363.06 1127.95 6222.49 23527.6 12533.1 10994.6 6097.06
internal_count=400167 394084 318515 265189 261408 6083 258111 254796 138219 12183 5720 126036 122166 3870 75569 72369 25495 3462 95965 24079 12841 11238 53326 9470 8678 43856 116577 60039 56538 26998
is_linear=0
shrinkage=0.05


Tree=156
num_leaves=31
num_cat=0
split_feature=6 33 40 3 124 233 225 34 133 233 228 224 233 234 225 226 232 233 228 225 225 11 231 228 116 3 234 234 160 225
split_gain=275.836 136.635 133.122 105.741 94.0014 73.6269 75.2031 68.7795 60.1535 57.9073 63.2689 72.0266 87.2195 56.6665 53.3846 51.8001 98.5861 51.0633 81.6277 69.395 49.4447 47.4703 46.1535 43.6371 43.0855 41.8881 40.5023 68.8802 40.2919 39.6812
threshold=2.1239500045776372 19.048331260681156 1.6626151800155642 903300.96875000012 0.017962387762963775 -0.01175938034430146 0.0044434329029172668 1.0538796186447146 0.38896562159061437 -0.0032874695025384422 67.32550430297853 2.5000000000000004 0.026820542290806774 -0.0080315615050494654 0.00044276846165303146 -0.019264595583081242 -1.3266234397888181 -0.039505766704678529 22.164649009704593 -0.04725131765007972 0.021300354041159156 -0.041805991902947419 0.41141727566719061 29.317652702331547 1.0000000180025095e-35 356649.65625000006 0.031039652414619926 0.031429702416062362 5.2046279907226571 0.051874106749892242
decision_type=2 2 2 2 2 2 2 2 2 2 2 2 2 2 2 2 2 2 2 2 2 2 2 2 2 2 2 2 2 2
left_child=2 4 3 5 8 6 15 -8 13 -7 11 12 14 20 23 17 -17 18 -1 -20 22 -19 -2 -11 -6 -25 -15 -28 -10 -12
right_child=1 -3 -4 -5 24 9 7 -9 28 10 29 -13 -14 26 -16 16 -18 21 19 -21 -22 -23 -24 25 -26 -27 27 -29 -30 -31
leaf_value=-0.031958883627486535 -0.039054399766087294 -0.011398480856696527 -0.0050240697150911139 0.0082396692522498927 -0.0044856126280931191 0.012080422772728186 0.0093417138919076343 -0.0068187950056505311 -0.0011550566635052516 -0.00010687196308711123 0.010856078824885998 0.0043659151447075807 0.00093337841117025052 0.0047611803526287425 -0.0062209950472566812 -0.033680230401536886 -0.004968544050207995 -0.012124425449061347 0.014393815645554623 -0.0061697647010845883 0.013163230503665031 0.0065792552444160022 -0.0022715367255714881 -0.051169725766570473 -0.014831900002624677 -0.018553884480716595 -0.043796701000211061 -0.0011778198092410764 -0.0059455297728330204 -0.0062186384747172354
leaf_weight=264.36475385725498 86.215079918503761 3875.6330995522439 4703.4900072515011 10220.045964159071 12876.481795992702 2169.9084726497531 2656.6082277297974 875.33723032474518 19377.19267000258 109.91013190895319 3182.2992850169539 6655.8294269219041 2423.1193095035851 10333.671845555305 639.49632552266121 373.6541258469224 1495.9698349311948 396.51433682441711 483.79114492237568 2699.7492877840996 525.64977609366179 2348.6113388463855 7873.3313385769725 207.91907261312008 1091.5392790175974 186.95588051527739 102.14155302941799 1319.860490873456 5674.8285072222352 381.00432160869241
leaf_count=1035 356 15759 17820 51821 39881 9265 9954 3029 72221 466 14404 29115 9146 38368 2222 1236 5573 1199 1621 8991 1843 9466 26884 634 3608 625 368 4963 16826 1521
internal_value=0 -0.00230305 0.00290825 0.00389603 -0.00170821 0.00228476 -0.000747454 0.00533659 -0.000602336 0.00448809 0.0032931 0.00129338 -0.00443917 0.00142484 -0.015816 -0.00341264 -0.0107067 -0.00121062 -0.00526175 -0.00304479 -0.00168911 0.00387764 -0.00266996 -0.0279716 -0.00529413 -0.0357276 0.00367248 -0.00423911 -0.0022402 0.00903037
internal_weight=0 63136.5 42474.6 37771.1 59260.9 27551 11594.6 3531.95 45292.9 15956.4 13786.5 10223.2 3567.4 20240.9 1144.28 8062.65 1869.62 6193.03 3447.91 3183.54 8485.2 2745.13 7959.55 504.785 13968 394.875 11755.7 1422 25052 3563.3
internal_count=400220 221077 179143 161323 205318 109502 42104 12983 161829 67398 58133 42208 13093 72782 3947 29121 6809 22312 11647 10612 29083 10665 27240 1725 43489 1259 43699 5331 89047 15925
is_linear=0
shrinkage=0.05


Tree=157
num_leaves=31
num_cat=0
split_feature=29 233 227 226 234 232 234 13 231 14 229 227 228 232 3 224 232 121 234 225 234 233 233 233 232 228 152 234 229 234
split_gain=270.313 194.438 273.303 301.018 264.978 198.799 182.877 176.114 146.229 131.541 123.645 123.316 140.582 134.934 165.741 145.8 128.426 124.405 116.007 125.018 189.773 138.258 130.91 108.514 105.311 207.839 149.878 103.364 97.8105 175.147
threshold=0.049554342404007919 -0.013996877707540987 0.13724447786808017 0.0011882765393238517 0.012814752757549288 0.24266439676284793 -0.010293399915099142 0.091973364353179946 1.3103861808776858 0.50977915525436412 1.0789459943771365 0.1410268843173981 82.133041381835952 1.1673411130905154 371955.37500000006 2.5000000000000004 1.0536849498748782 0.040675736963748939 0.015160861425101759 -0.0065399571321904651 -0.0061779536772519341 0.0051696279551833877 0.020514339208602909 -0.017819760367274281 1.59461385011673 75.750839233398452 0.005317187402397395 0.029375702142715458 0.95798671245574962 -0.031190510839223858
decision_type=2 2 2 2 2 2 2 2 2 2 2 2 2 2 2 2 2 2 2 2 2 2 2 2 2 2 2 2 2 2
left_child=1 5 3 18 -4 6 8 -5 -1 24 23 -6 13 14 15 -13 -17 -14 19 22 -21 -22 -3 -8 26 -26 -2 -16 -10 -30
right_child=9 2 4 7 11 -7 10 -9 28 -11 -12 12 17 -15 27 16 -18 -19 -20 20 21 -23 -24 -25 25 -27 -28 -29 29 -31
leaf_value=0.014203295994852219 -0.00012982562957400862 -0.010410241233900859 -0.014218300059686044 -0.019968876746909059 0.049691734752592719 -0.014000299565175907 0.017926166199029359 -0.0026951370232731267 -0.011609700651351244 0.017837131462144433 -0.024252201757085964 0.065082977747233164 0.024179799187373542 -0.0067493839617256864 -0.0068938033100362991 -0.015230370202728133 0.056173744865098754 -0.0076159480449511062 -0.025885685023872007 0.025925782525495378 -0.016574784193383183 0.012556520626759771 0.025536001839910883 -0.028794085706493312 -0.013901796272176303 0.010982834011726637 0.0083107753041481783 0.026506124425275109 -0.0090028056188848713 0.013983340770428163
leaf_weight=1401.9018900506198 10992.550151318312 2502.97143471241 2109.2212386578321 6690.934996496886 159.22301344200969 1717.2498154640198 3144.3241652138531 1893.0572125166655 2360.9212701879442 1490.4964119642973 201.74108354002237 227.00706659257412 1369.7783534675837 2657.281545419246 934.6369995791465 172.73417529650033 99.09921445697546 396.74182648956776 448.1115061249584 974.1857448220253 812.44544645771384 816.75356589257717 281.79899626225233 129.3988934122026 2410.5596919059753 1287.1067734472454 10084.004612389952 307.9715889878571 1780.8605782166123 1550.0379468500614
leaf_count=6062 49428 25024 19838 99365 964 13812 17086 9169 19669 4275 1894 878 5378 14909 6347 1145 677 1126 6214 4687 9304 6191 2135 986 10743 4586 35403 1698 13044 8183
internal_value=0 -0.00329423 -0.00602126 -0.0102028 0.00112846 0.00177831 0.00434197 -0.0161594 -0.000261639 0.00341104 0.0137383 0.00624663 0.00512462 0.000339912 0.0111575 0.0355029 0.0108006 0.0170388 -0.00144171 0.000591202 0.00846821 -0.00197062 -0.00677274 0.0160795 0.00254312 -0.0052398 0.00390855 0.00138413 -0.00382437 0.00169383
internal_weight=0 35140.4 22854 14420.3 8433.7 12286.4 10569.2 8583.99 7093.72 26264.7 3475.46 6324.47 6165.25 4398.73 1741.45 498.84 271.833 1766.52 5836.27 5388.16 2603.38 1629.2 2784.77 3273.72 24774.2 3697.67 21076.6 1242.61 5691.82 3330.9
internal_count=400220 295785 215049 162089 52960 80736 66924 108534 46958 104435 19966 33122 32158 25654 10745 2700 1822 6504 53555 47341 20182 15495 27159 18072 100160 15329 84831 8045 40896 21227
is_linear=0
shrinkage=0.05


Tree=158
num_leaves=31
num_cat=0
split_feature=117 4 4 232 225 223 227 225 233 233 124 138 230 226 227 107 226 233 14 229 187 12 225 16 225 225 227 228 226 225
split_gain=81.9692 74.9968 94.0927 64.2666 66.7247 59.9473 56.4398 109.369 57.5697 53.0261 47.7636 47.1767 47.0298 64.9128 46.6316 43.7751 42.2712 40.809 40.4117 41.6246 34.5302 34.2964 37.4628 72.1629 32.5525 87.0873 49.9123 52.9818 114.767 66.1221
threshold=1.0000000180025095e-35 1.0000000180025095e-35 27.770199775695804 -1.2230322957038877 -0.0097350180149078352 1.0000000180025095e-35 -0.068882577121257768 0.0044434329029172668 -0.035659736022353165 -0.047081079334020608 0.016632708720862869 1.0000000180025095e-35 12.500000000000002 -0.043117709457874291 -0.030424005351960656 0.019507518969476226 0.17813075333833697 0.24723561108112338 -0.17325828969478604 0.73425158858299266 -4.1334998607635489 0.17220841348171237 0.054646359756588943 0.071749247610569014 -0.00054045068100094784 0.003897325368598104 0.19604091346263888 50.626491546630866 -0.016230592504143711 -0.015668175183236595
decision_type=2 2 2 2 2 2 2 2 2 2 2 2 2 2 2 2 2 2 2 2 2 2 2 2 2 2 2 2 2 2
left_child=1 18 3 4 12 9 7 8 -7 -5 17 -8 13 14 -3 -9 -11 -2 -1 -20 -13 22 24 -24 26 -26 27 -4 -29 -30
right_child=10 2 21 5 -6 6 11 15 -10 16 -12 20 -14 -15 -16 -17 -18 -19 19 -21 -22 -23 23 -25 25 -27 -28 28 29 -31
leaf_value=0.015058753529006028 0.014251313492010951 0.014622305987644968 0.00086314980981981181 0.069279054194077025 -0.01331728863862351 0.023552583399289392 -0.0094326902115136196 0.038931259673997166 -0.0071339611718004518 0.004209846176891692 -0.0046856603120581991 0.0016949379592565914 0.015953331612292558 -0.010917181769002738 -0.006348534997064963 -0.0061235910873131509 0.045895326649296624 -0.031441126717773486 0.012507997439806844 0.0020822301440070121 -0.0040505970462805631 -0.013143064606850823 0.022779703459095871 -0.0075793843835886363 -0.0093967228682679399 0.00061864623737462477 -0.0082748160774987721 0.019928140514619906 0.0097835523156778632 -0.0016876947920770324
leaf_weight=690.13873500004411 1904.8797469362617 573.41585540026426 10688.419088426977 41.648492909967899 2773.4422803111374 190.02746419236064 2411.0333061218262 302.06475555896759 781.02128170803189 406.07355359569192 469.17011080682278 4428.0437865890563 307.65118200331926 1641.1791078262031 492.99777312576771 65.624293774366379 71.527890279889107 50.15257702767849 1019.1001571416855 15801.741948999465 6386.9240694977343 431.93961072713137 526.10486024618149 311.71180614829063 2438.650827165693 19739.657082937658 1037.6142458952963 1292.028991535306 2206.5226534493268 2916.8360111229122
leaf_count=2655 5997 2305 49983 158 20783 1034 16884 887 5604 1753 1552 20526 1390 11879 2697 184 230 492 3831 67978 42381 1708 2680 1426 12634 89233 5386 4079 8326 13565
internal_value=0 0.000308586 -0.000502125 -0.00324144 -0.00772004 -0.00152272 -0.00211788 0.00766526 -0.00112882 0.0151713 0.00964103 -0.00310813 -0.00257165 -0.00467655 0.00492759 0.03089 0.0104529 0.0130792 0.00320041 0.00271388 -0.00169816 0.000872666 0.00101976 0.0114845 0.000802307 -0.000482609 0.00237315 0.00301911 0.00661108 0.00325273
internal_weight=0 79973.1 62462.2 20872.7 5788.69 15084 14564.7 1338.74 971.049 519.25 2424.2 13226 3015.24 2707.59 1066.41 367.689 477.601 1955.03 17511 16820.8 10815 41589.5 41157.5 837.817 40319.7 22178.3 18141.4 17103.8 6415.39 5123.36
internal_count=400220 392179 317715 128695 39054 89641 87500 7709 6638 2141 8041 79791 18271 16881 5002 1071 1983 6489 74464 71809 62907 189020 187312 4106 183206 101867 81339 75953 25970 21891
is_linear=0
shrinkage=0.05


Tree=159
num_leaves=31
num_cat=0
split_feature=6 14 229 12 124 118 3 149 233 228 227 232 234 231 227 227 233 231 228 225 234 29 230 29 232 234 227 195 5 233
split_gain=254.07 154.48 116.098 103.947 96.2962 95.0536 91.6778 72.9768 59.0149 65.7917 55.8312 84.5425 54.3306 53.2824 82.2948 103.646 53.2681 51.068 50.1268 54.357 49.2601 46.7217 46.4938 45.7214 53.3324 61.1976 58.8543 41.6754 40.5877 39.7688
threshold=1.9015499949455263 0.36282841861248022 1.8537479043006899 0.059152862057089813 0.016270089894533161 1.0000000180025095e-35 903300.96875000012 89.285713195800795 -0.039505766704678529 22.164649009704593 -0.059249300509691231 -0.8420625329017638 -0.0080315615050494654 1.8967823982238772 0.011352922767400743 0.051526352763175971 -0.059049820527434342 0.41141727566719061 44.362541198730476 -0.04725131765007972 -0.01823861617594957 0.078858997672796263 9.5000000000000018 0.048884123563766486 0.30034458637237554 0.050640394911170013 0.011352922767400743 0.39689451456069952 1.0000000180025095e-35 -0.033969070762395852
decision_type=2 2 2 2 2 2 2 2 2 2 2 2 2 2 2 2 2 2 2 2 2 2 2 2 2 2 2 2 2 2
left_child=3 2 4 6 5 7 8 23 9 -1 11 20 17 14 -10 -16 -11 -9 19 -18 -8 -6 -17 -2 26 -26 29 -20 -15 -25
right_child=1 -3 -4 -5 21 -7 10 12 13 16 -12 -13 -14 28 15 22 18 -19 27 -21 -22 -23 -24 24 25 -27 -28 -29 -30 -31
leaf_value=-0.026860452530147169 0.00049113543948340666 -0.014560693283688281 -0.019584693414269629 -0.0067238108491315804 -0.0035715550926913929 -0.017323532800106321 -0.015091319486513361 -0.039150610279038642 0.0046568966643012067 0.0068311366304225482 0.0098497013508493103 -0.035333514574993161 0.0074926198298880808 0.0011254475254051011 -0.02754539754468336 0.00086809073349795147 0.014008471244148717 0.00077807374132176732 -0.056148635199534405 -0.013134456194240057 0.010130260452758465 -0.013773543816048712 -0.027098397695705979 -0.01147205528032102 0.0020128286558251194 -0.013351492325423653 -0.024275717746159074 0.0042801198117843253 0.0071691928134561926 -0.0023720173375623241
leaf_weight=261.17962488532066 25929.521550178528 2295.0033280290663 863.66157327964902 2364.4417408853769 16882.671803675592 777.09707398340106 261.84931389242411 81.565580546855927 3188.7498470619321 1456.2551759630442 8035.4243527390063 162.33486899733543 5424.6234859526157 3908.9705817326903 515.16598023474216 1505.6623590365052 208.08948025852442 4394.1123204678297 29.205646641552448 1623.745340578258 742.68282326310873 1202.1597028300166 164.88899108767509 1733.9639475643635 5244.360988534987 739.4973823428154 434.1815325319767 1237.0384184271097 9600.7907368093729 3903.0672094374895
leaf_count=995 101965 10363 4837 8826 52248 2698 1048 346 14169 5074 41763 602 20351 14299 1673 5114 719 15023 104 5561 4373 4011 550 5217 15262 2197 1297 4552 42903 11313
internal_value=0 -0.00180317 -0.00137012 0.0034023 -0.00113444 2.33313e-05 0.00412999 0.000304844 0.00248537 -0.00245554 0.00836559 -0.00185449 0.00412818 0.00374531 -0.000465525 -0.00793864 -0.00105598 5.0406e-05 -0.00476333 -0.0100511 0.0035558 -0.00424972 -0.00189229 -0.000691671 -0.00323579 0.000114075 -0.00653747 0.00288634 0.00542047 -0.00517121
internal_weight=0 69905.5 67610.5 35266.5 66746.8 48662 32902 47884.9 23699.7 4815.51 9202.29 1166.87 9900.3 18884.2 5374.47 2185.72 4554.33 4475.68 3098.08 1831.83 1004.53 18084.8 1670.55 37984.6 12055.1 5983.86 6071.21 1266.24 13509.8 5637.03
internal_count=399453 247128 236765 152325 231928 175669 143499 172971 95713 17005 47786 6023 35720 78708 21506 7337 16010 15369 10936 6280 5421 56259 5664 137251 35286 17459 17827 4656 57202 16530
is_linear=0
shrinkage=0.05


Tree=160
num_leaves=31
num_cat=0
split_feature=29 159 226 231 229 227 229 227 231 231 234 21 230 234 234 226 229 230 234 234 149 142 227 227 227 234 230 227 229 234
split_gain=239.874 184.708 130.014 158.033 242.632 135.57 129.213 170.588 123.438 120.675 155.943 107.616 104.914 120.652 198.44 113.154 108.306 96.9484 95.4674 91.5409 86.8973 86.8347 91.366 116.173 318.763 173.05 108.521 91.9399 85.3416 84.8561
threshold=0.031541775912046439 15096.092285156252 0.17813075333833697 6.5033285617828378 1.2298386096954348 0.14217160642147067 1.1646024584770205 0.20794968307018283 0.69696789979934703 5.3298807144165048 0.041396148502826698 1.0000000180025095e-35 1.5000000000000002 0.0054795045871287593 0.012596924323588611 0.0066426666453480729 0.62673509120941173 12.500000000000002 0.025395309552550319 0.02297902945429087 25.000000000000004 74.137252807617202 0.23063293099403384 0.038397464901208885 0.023158117197453979 0.014099156949669124 3.5000000000000004 0.011352922767400743 1.006424129009247 -0.0038729317020624872
decision_type=2 2 2 2 2 2 2 2 2 2 2 2 2 2 2 2 2 2 2 2 2 2 2 2 2 2 2 2 2 2
left_child=11 2 3 4 9 -4 7 20 -6 10 12 -1 13 -2 -15 -16 -14 -18 19 28 -5 22 23 24 25 -3 -24 -27 29 -13
right_child=1 21 5 6 8 -7 -8 -9 -10 -11 -12 18 16 14 15 -17 17 -19 -20 -21 -22 -23 26 -25 -26 27 -28 -29 -30 -31
leaf_value=0.059527100199192433 -0.0094711324326238674 0.010319217411482975 -0.027646805162830846 0.0080441546649359513 0.028297354060044869 0.0025178475447109661 0.020288861744915804 0.032521752690768797 -0.019747382818318292 -0.013950807901142386 -0.019752619438348024 0.0026290007289522404 -0.025815581600941558 0.032648413983402777 -0.015856634644847416 0.011545327408702472 0.0039834465423331999 -0.011253163123487189 -0.020629916663349776 0.015140289738364208 -0.016708043502600724 0.018028886122507661 -0.0042056200336935898 -0.0018097946755045134 0.05702477761059728 -0.01179405499626711 0.027357243874836814 0.020832087905698769 -0.016060422919660273 -0.011903365468372937
leaf_weight=57.787280611693859 4231.0315541625023 4695.3814066573977 917.89529346674681 594.21183633059263 142.053826212883 626.86468145996332 1555.164605313912 340.91166128963232 2270.4454451352358 1563.2175134085119 935.17765781655908 2283.3713193908334 327.47447811439633 501.5481072217226 842.93161837942898 681.20082137733698 19480.911256574094 1103.126880787313 1439.2426040172577 457.98319853283465 879.26927439123392 1224.3207677081227 402.77826023101807 6534.4824563376606 310.18963785097003 1657.8002824950963 840.88115472346544 248.26668218336999 2157.9866149779409 1793.4978367835283
leaf_count=193 28221 22207 7291 2624 535 2602 5520 1094 17210 11221 6310 25307 2484 2606 6046 3434 97675 8020 26442 3394 5890 3541 1662 29953 1239 9650 3091 1487 34392 28112
internal_value=0 0.000731212 -0.00120647 -0.000587696 -0.00166967 -0.015406 0.00971303 0.00064821 -0.0169184 -0.000429644 0.000322454 -0.00846429 0.00101347 -0.00466687 0.00536777 -0.00360951 0.00271303 0.0031669 -0.00894744 -0.00643521 -0.00672621 0.0052355 0.00416923 0.00296999 0.00748895 0.00516135 0.0171351 -0.00754447 -0.00802005 -0.00376408
internal_weight=0 52907.5 36993.4 35448.7 32079.1 1544.76 3369.56 1814.39 2412.5 29666.6 28103.4 8189.87 27168.2 6256.71 2025.68 1524.13 20911.5 20584 8132.08 6692.84 1473.48 15914.1 14689.8 13446.1 6911.64 6601.45 1243.66 1906.07 6234.86 4076.87
internal_count=399453 281613 208783 198890 183762 9893 15128 9608 17745 166017 154796 117840 148486 40307 12086 9480 108179 105695 117647 91205 8514 72830 69289 64536 34583 33344 4753 11137 87811 53419
is_linear=0
shrinkage=0.05


Tree=161
num_leaves=31
num_cat=0
split_feature=7 29 233 225 233 17 135 110 23 234 12 232 226 234 230 234 232 232 233 233 34 230 232 226 144 225 110 234 234 234
split_gain=117.908 65.1195 65.1891 85.1501 109.029 155.379 96.7107 92.1407 80.9075 70.3064 66.1723 63.1961 99.2879 99.803 67.2065 77.7231 67.3916 66.4039 64.5867 62.6017 67.5409 57.0702 55.1496 55.0972 54.481 52.7375 47.8762 47.8426 62.2706 56.7241
threshold=1.0000000180025095e-35 0.018618061207234863 -0.00297881884034723 -0.00054045068100094784 -0.01240761950612068 -0.055618183687329285 10.500000000000002 0.82145011425018322 45.100162506103523 -0.016725192777812477 -0.050648914650082581 -1.1373609304428098 -0.013139597140252588 0.0058956164866685876 8.5000000000000018 -0.0027560074813663955 -0.63058495521545399 0.39682576060295111 0.052395891398191459 0.026820542290806774 4.7788059711456308 1.5000000000000002 1.6881025433540346 0.0046769722830504188 -3.0532499551773067 0.26017209887504583 0.085986427962780013 0.045627111569046981 0.022681497968733314 0.027080631814897064
decision_type=2 2 2 2 2 2 2 2 2 2 2 2 2 2 2 2 2 2 2 2 2 2 2 2 2 2 2 2 2 2
left_child=1 -1 3 4 5 6 10 22 -6 26 -3 21 13 -13 15 -14 18 -18 -17 20 -15 -11 -5 -19 -8 -25 -4 28 -16 -30
right_child=-2 2 9 7 8 -7 24 -9 -10 11 -12 12 14 19 27 16 17 23 -20 -21 -22 -23 -24 25 -26 -27 -28 -29 29 -31
leaf_value=-0.011372888247661738 0.017025416948201363 0.017910715816446984 0.025831442612770861 -0.0072223599358144826 -0.015936812122222078 -0.00042517071965288275 0.032358754397352835 0.0047161430064148356 -0.00099978764247849925 0.0068224293621308267 0.0011644913882845876 0.00017245936545995063 0.0073007083668352908 0.025842339967723435 0.0023179032377996195 0.021657501510919636 -0.0071951609183348074 -0.012369330357320234 0.0011345470882372587 -0.0057184781056104864 0.0030798716310182096 -0.0060727837515080312 0.012208855256660241 0.00036160900085789225 0.010150081263460332 -0.032445470631744619 0.0067597248028335374 -0.0025802002413804009 0.033101194743934435 0.009504497089449674
leaf_weight=1191.423805102706 1058.6504447162151 846.29059579968452 396.08131180331111 10055.358249589801 1458.5838191993535 10198.439033281058 689.53809721022844 2212.7785388752818 2395.4164591059089 1045.3336196988821 1947.1921828202903 1552.0212272703648 3081.2920899540186 1352.0962948724627 4170.4203130528331 604.40439676493406 4593.3238725624979 927.03379584848881 1048.2042158991098 264.35245422273874 429.37863481044769 4788.0206538811326 378.91995515674353 17654.386826675385 460.61349362134933 123.35265015810728 1944.800542883575 1827.4156491681933 276.92783268541098 3171.0214663818479
leaf_count=14769 6034 3262 1546 55657 10010 48952 2419 8889 12496 4802 9626 5971 14082 4696 20110 2432 22193 4896 4705 1188 1239 28279 1231 78225 1668 1266 7952 7192 1071 12595
internal_value=0 0.000230317 0.000403352 -0.00140732 0.000802223 0.00283388 0.011262 -0.00455137 -0.00665285 0.00152995 0.00623779 0.00110793 0.00179953 0.00973352 0.00103787 -0.00019121 -0.00111643 -0.00180851 0.00864036 0.0169868 0.020356 -0.00376197 -0.00651672 -0.000485707 0.0234646 0.000133974 0.00998669 0.00468538 0.00642818 0.0113997
internal_weight=0 81084.4 79893 30643.1 17996.1 14142.1 3943.63 12647.1 3854 49249.9 2793.48 46909 41075.6 3597.85 37477.8 28032 24950.7 23298.1 1652.61 2045.83 1781.47 5833.35 10434.3 18704.8 1150.15 17777.7 2340.88 9445.79 7618.37 3447.95
internal_count=399453 393419 378650 154210 88433 65927 16975 65777 22506 224440 12888 214942 181861 13094 168767 127799 113717 106580 7137 7123 5935 33081 56888 84387 4087 79491 9498 40968 33776 13666
is_linear=0
shrinkage=0.05


Tree=162
num_leaves=31
num_cat=0
split_feature=152 124 12 29 29 29 15 226 231 229 225 24 24 111 6 234 231 228 6 228 228 28 228 230 227 18 184 121 230 234
split_gain=236.771 160.847 129.062 88.213 83.2642 72.7578 70.4051 66.9316 75.8104 79.0064 69.7803 63.975 63.6955 50.8079 47.7695 47.2275 40.2414 40.2279 39.2307 42.821 49.0804 42.4789 37.3882 35.6263 46.7325 34.6811 34.4969 33.989 33.8895 33.669
threshold=0.039358008652925498 0.0082651325501501578 0.15515629947185519 0.064644243568182005 0.020011634565889839 0.06350025907158853 -0.17192101478576657 0.1893505081534386 6.5033285617828378 0.83567479252815258 0.0055712037719786176 61.537445068359382 21.272467613220218 -1.5481992959976194 1.7768500447273257 0.024203575216233734 6.4478690624237069 57.011194229125984 3.1509499549865727 29.689025878906254 32.709537506103523 0.042377019301056869 29.317652702331547 4.5000000000000009 0.15962687879800799 0.46026059985160833 4.4999999317951742e-06 0.0057920140679925689 11.500000000000002 -0.013258881401270626
decision_type=2 2 2 2 2 2 2 2 2 2 2 2 2 2 2 2 2 2 2 2 2 2 2 2 2 2 2 2 2 2
left_child=1 4 3 7 -1 13 29 8 10 -10 -2 -9 26 -3 -14 -11 -7 -17 19 22 -21 -20 28 25 -25 -12 -8 -4 -15 -6
right_child=2 5 27 -5 6 16 12 11 9 15 23 -13 14 18 -16 17 -18 -19 21 20 -22 -23 -24 24 -26 -27 -28 -29 -30 -31
leaf_value=0.013425907321164089 -0.0056505095532254253 -0.0071744941897702507 -0.029952027572734304 -0.011204063652066762 -0.0065161490329647123 -0.0048782938232492081 0.010027434943408214 0.012855597313550446 0.0048702980663655844 -0.0085576541886804632 0.0047593679087545374 -0.0022808692878223732 0.0054918571973629942 -0.0013180647364980915 0.0007129659489340292 -0.0028305980744073676 -0.018187667479778916 -0.028021977771444214 -0.032323125952361982 0.01216700458074221 0.0020219091483222903 -0.001896362370231078 -0.025105279591385223 -0.0018277360411055226 -0.02052942836549207 -0.0019647822967717326 0.003993649466917294 -0.013296696402717826 -0.038566765466577453 0.0028079742253059536
leaf_weight=2006.6260689720511 8260.7982758209109 2386.0865212604403 463.59237739443779 3099.6824524477124 2670.4337620213628 4862.507323615253 5047.2911403998733 1349.879122838378 629.96076266467571 1223.2522521689534 5062.2965661324561 1445.7018847092986 7927.8620940074325 3240.6894160509109 15361.902280084789 196.5133856087923 643.04025000333786 818.73267832025886 116.22612316161394 1305.6653145104647 13713.944792237133 8794.5372672118247 185.22437115013599 3799.3843915835023 366.23841182887554 3086.936471760273 4463.9523151442409 902.91696718335152 62.236344575881958 1518.8379633761942
leaf_count=17422 26311 9097 2807 11025 8794 14652 21100 4049 1955 3707 17521 4543 38689 11924 60899 607 2356 3881 415 5122 51606 29072 551 12791 1152 9419 16715 5143 301 6218
internal_value=0 0.00129271 -0.00392679 -0.00322721 0.0035063 -0.00115199 0.00296818 -0.00228491 -0.00315693 -0.0107719 -0.00209532 0.00502795 0.00374775 -0.00017651 0.00233971 -0.015174 -0.00643281 -0.0231459 0.000432487 0.00174481 0.00290383 -0.00229323 -0.00324579 0.000289507 -0.00347197 0.00221225 0.00719557 -0.0189471 -0.00201993 -0.00313565
internal_weight=0 74307.1 30705.9 29339.4 38996.9 35310.2 36990.3 26239.7 23444.1 2868.46 20575.7 2795.58 32801 29804.6 23289.8 2238.5 5505.55 1015.25 27418.5 18507.8 15019.6 8910.76 3488.15 12314.9 4165.62 8149.23 9511.24 1366.51 3302.93 4189.27
internal_count=399844 294933 104911 96961 169837 125096 152415 85936 77344 10150 67194 8592 137403 108088 99588 8195 17008 4488 98991 69504 56728 29487 12776 40883 13943 26940 37815 7950 12225 15012
is_linear=0
shrinkage=0.05


Tree=163
num_leaves=31
num_cat=0
split_feature=29 167 228 227 3 21 233 233 227 228 229 227 227 226 228 3 227 194 226 231 231 227 228 233 226 228 233 230 227 230
split_gain=248.862 189.072 217.278 313.543 153.399 130.031 129.286 241.939 267.1 187.43 161.444 234.526 160.444 237.497 204.538 209.767 217.277 195.345 186.961 222.487 153.935 146.312 133.483 120.51 116.511 111.202 108.244 146.582 153.682 100.429
threshold=0.027980512939393524 5.5026500225067148 59.520391464233406 0.15536781400442126 980025.40625000012 1.0000000180025095e-35 -0.033969070762395852 -0.059049820527434342 -0.036407448351383202 22.164649009704593 0.99319401383399974 -0.0028030344983562823 0.011352922767400743 -0.018953709863126274 34.844081878662116 597972.18750000012 0.038397464901208885 1.0000000180025095e-35 -0.036604972556233399 4.043450355529786 1.0998837351799013 0.20794968307018283 27.104192733764652 -0.015967056620866057 -0.010998837649822233 26.965641021728519 0.041750051081180579 1.5000000000000002 -0.0026650419458746906 8.5000000000000018
decision_type=2 2 2 2 2 2 2 2 2 2 2 2 2 2 2 2 2 2 2 2 2 2 2 2 2 2 2 2 2 2
left_child=5 2 6 26 -3 -1 7 9 -9 -2 11 -10 18 17 -15 16 -16 -14 19 25 -20 -18 -22 -5 -23 -8 27 -4 -29 -25
right_child=1 4 3 23 -6 -7 12 8 10 -11 -12 -13 13 14 15 -17 21 -19 20 -21 22 24 -24 29 -26 -27 -28 28 -30 -31
leaf_value=0.06379011030479026 0.019093517982782127 0.0088545053723981561 -0.028434504297618041 -0.033869847467473249 0.00013437720766260757 -0.012164372428663216 -0.012383536291585454 -0.0078431288847268087 0.028532525488441464 -0.01404380421603812 0.003814010403592766 -0.015863073483171852 0.051647933321934306 -0.033163792630255449 0.037148305168746794 -0.0059948537071124386 0.0028523163806347461 -0.023458512368828108 0.0025665761791565682 -0.00518479081047465 0.00099803829952030171 -0.004380415686437128 -0.019041185902326119 0.0053838216936460785 0.033143636780442784 0.029065179186294407 -0.020884198209967487 -0.01361534861211753 0.010897257337043881 0.04368532606807897
leaf_weight=57.01752632856369 539.82146932929754 9863.8089971598238 688.77988401055336 183.99959919974208 10319.787337061018 4800.8406050857157 195.87625525891781 1407.183319889009 2726.706332705915 2036.7304027080536 1533.7776812985539 333.90259514003992 94.341307982802391 296.55358428135514 880.9790016412735 1642.4028210714459 2553.9107916913927 1051.5372411683202 1658.741230327636 2340.9868257567286 1043.6246526129544 270.41076369583607 4078.9624705016613 2588.8218635693192 880.2826896905899 930.6763508990407 3196.6978481393307 1406.3594230264425 1172.5190050490201 183.26175018027425
leaf_count=184 1595 37205 7330 1367 51179 80526 1719 8739 10483 13830 8102 1938 304 2426 3043 9015 14058 7549 9890 17204 7121 1109 35168 10729 3132 3481 30018 11653 8642 1105
internal_value=0 0.000523793 -0.00165211 -0.00817423 0.00439594 -0.0112729 0.000666649 0.00571452 0.0112164 -0.0071011 0.0170541 0.0236891 -0.00174981 0.00371908 0.00740618 0.00933797 0.0148297 -0.0172749 -0.00584282 0.00360114 -0.0106719 0.00952216 -0.0149586 0.00531499 0.0243256 0.0218584 -0.0143427 -0.00794329 -0.00247039 0.00791592
internal_weight=0 56101.4 35917.8 9420.44 20183.6 4857.86 26497.4 8578.12 6001.57 2576.55 4594.39 3060.61 17919.3 7670.42 6524.54 6227.99 4585.58 1145.88 10248.9 3467.54 6781.33 3704.6 5122.59 2956.08 1150.69 1126.55 6464.36 3267.66 2578.88 2772.08
internal_count=399844 319134 230750 70844 88384 80710 159906 44687 29262 15425 20523 12421 115219 40636 32783 30357 21342 7853 74583 22404 52179 18299 42289 13201 4241 5200 57643 27625 20295 11834
is_linear=0
shrinkage=0.05


Tree=164
num_leaves=31
num_cat=0
split_feature=7 4 4 234 226 226 226 123 227 223 226 228 227 234 158 144 230 29 185 228 226 18 20 188 15 226 15 117 124 40
split_gain=98.5826 56.5573 95.5414 77.2379 66.5783 49.0852 47.7802 47.9387 45.4339 46.2539 43.858 52.7928 90.2628 61.2038 39.1312 38.8008 49.8567 38.1263 37.6897 39.4708 35.8982 34.807 34.4075 33.3589 32.9196 31 30.336 28.7889 43.0637 28.7602
threshold=1.0000000180025095e-35 1.0000000180025095e-35 27.770199775695804 0.014099156949669124 -0.011009755544364451 0.17813075333833697 0.22355348616838458 0.66630977392196666 0.146713562309742 1.0000000180025095e-35 -0.052973167970776551 34.72050857543946 -0.078474234789609895 -0.019497783854603764 -900597.53124999988 10.23985004425049 12.500000000000002 0.03293899632990361 3.8299999687296813e-06 49.099992752075202 0.022972983308136467 0.043033329769968993 0.024646325036883358 1.2655000090599062 -0.11447083204984664 -0.036604972556233399 -0.073211360722780214 1.0000000180025095e-35 0.00050922980881296109 1.5281026959419253
decision_type=2 2 2 2 2 2 2 2 2 2 2 2 2 2 2 2 2 2 2 2 2 2 2 2 2 2 2 2 2 2
left_child=1 5 3 10 14 15 20 -8 9 -6 -3 17 13 24 25 16 -1 -12 -14 -20 26 -11 -7 27 -13 -5 -2 -4 29 -29
right_child=6 2 23 4 8 22 7 -9 -10 21 11 12 18 -15 -16 -17 -18 -19 19 -21 -22 -23 -24 -25 -26 -27 -28 28 -30 -31
leaf_value=0.0028696126689262626 0.027695884148712685 0.0040593880550424963 0.0011479516164329916 0.005044668940052021 0.031166240055661487 0.028107948768800003 -0.014046784374441616 0.019017152536137359 -0.0064382358598521041 -0.0052295447395816416 -0.018760152933488428 0.038297375568592501 -0.0056777401069133633 -0.0062382302901479829 0.0064265320105817789 -0.0014016388401658798 0.01476190415194012 -0.007830097197775698 -0.0089717154101707393 0.076085127202921918 0.032241012225998671 0.0047972201255300712 0.0075131106716013396 -0.005727764175851204 0.0078050136971918238 0.03975897449901817 -0.014798098935922495 0.028000095677001971 -0.0088698542260405924 0.0075449715258116157
leaf_weight=11032.960786405951 79.181928940117359 1144.1619693152606 39748.74744175747 93.957740224897861 135.78652744740248 296.32781571149826 210.01091378927231 229.3473809659481 2208.5491457059979 1293.0928550623357 1127.5833374075592 237.50658563524485 7861.1203897334635 219.77086768299341 567.82432598620653 5059.7430934980512 957.83027151972055 2728.3618880175054 25.820979196578264 28.911345221102238 445.72385290265083 2617.6967705003917 642.57916531711817 1734.9255642741919 141.09867446869612 203.81658543646336 89.439735561609268 296.26673193275928 227.77269183844328 409.16904692351818
leaf_count=50612 586 5855 181474 472 483 951 576 620 11813 10859 12146 892 52056 1566 2202 17794 4069 14546 141 123 3663 12630 2242 6463 675 687 611 926 755 1356
internal_value=0 0.000410195 -0.000295343 -0.00308585 0.00112837 0.00288306 0.0158029 0.00321277 -0.000670142 0.00247798 -0.00530633 -0.0061726 -0.00397442 0.0147502 0.0141251 0.00227018 0.00381957 -0.0110263 -0.00538986 0.035958 0.024807 0.0014819 0.014013 0.00106219 0.0269335 0.0288055 0.00515637 0.00135175 0.0100324 0.0161357
internal_weight=0 81041.4 63051.9 20635.1 7120.72 17989.4 1053.7 439.358 6255.13 4046.58 13514.3 12370.2 8514.23 598.376 865.599 17050.5 11990.8 3855.95 7915.85 54.7323 614.346 3910.79 938.907 42416.9 378.605 297.774 168.622 40682 933.208 705.436
internal_count=399844 393788 318120 127146 39146 75668 6056 1196 35785 23972 88000 82145 55453 3133 3361 72475 54681 26692 52320 264 4860 23489 3193 190974 1567 1159 1197 184511 3037 2282
is_linear=0
shrinkage=0.05


Tree=165
num_leaves=31
num_cat=0
split_feature=6 31 160 15 233 23 225 194 227 229 26 166 233 227 17 187 228 228 13 20 229 225 110 233 124 142 229 228 226 229
split_gain=230.251 144.206 106.821 88.0541 70.6874 81.9179 77.9022 71.3356 69.6406 64.1215 61.7404 61.0183 59.494 73.2066 63.7757 58.7662 58.0369 56.281 49.1134 47.099 46.1619 42.6712 42.0011 38.3784 38.2398 38.1052 37.695 39.7559 60.8843 52.6395
threshold=3.1279499530792241 0.059152862057089813 2.5207437276840214 0.4753063172101975 -0.01204910362139344 48.234445571899421 0.0054039249662309894 1.0000000180025095e-35 0.013518193271011116 1.8537479043006899 35.54389953613282 66.860652923583999 -0.035659736022353165 -0.05856011621654033 -0.069332957267761217 -17.664500236511227 47.359033584594734 22.164649009704593 -0.018457436002790924 0.02729020826518536 0.8157344162464143 -0.0057956057135015717 0.79367166757583629 -0.036969205364584916 0.010606456082314255 9.6140003204345721 1.2663310170173647 30.178488731384281 -0.019522736780345436 0.84628197550773632
decision_type=2 2 2 2 2 2 2 2 2 2 2 2 2 2 2 2 2 2 2 2 2 2 2 2 2 2 2 2 2 2
left_child=1 2 22 9 5 6 8 23 12 18 -6 -10 13 21 -15 -3 -9 -16 24 20 -14 -4 -1 -8 -2 -19 27 -7 -29 -30
right_child=3 15 4 -5 10 26 7 16 11 -11 -12 -13 19 14 17 -17 -18 25 -20 -21 -22 -23 -24 -25 -26 -27 -28 28 29 -31
leaf_value=0.010745898866701655 0.0025726301267497936 -0.018520686788295725 -0.019986635431512259 -0.012357303531369558 0.0055385217848832064 -0.01819436765198303 -0.083263333266639594 0.015595169569367196 -0.028317336128474313 -0.022661491146477176 0.001191584966406203 0.00079504108767967951 -0.040732113836898266 -0.0083754435401009932 -0.015332617117160227 -0.0039259546583875265 0.0030159346730012338 0.01626555094982661 -0.0037100155299103748 -0.0056863538532627832 0.0092588362276519228 0.006850152817422535 0.0013736758766643455 -0.012012749339244478 -0.0030787734885306126 0.0028043025349117679 0.006185251314146328 0.00055153891201435571 -0.022483639487191759 -0.0063391631141021393
leaf_weight=4890.4523019753397 7165.9809023663402 808.63900348171592 790.86861895024776 2450.5822451151907 14718.964454140514 615.84426715224981 30.23559096455574 1700.0328238159418 407.32968106865883 392.21250528842211 18354.783877708018 322.48783297091722 46.92687401175499 1660.5566564723849 369.82866986095905 4690.2402947023511 1990.5559059679508 635.48840291053057 22715.902483560145 735.20134849101305 2895.9862651005387 182.25385545194149 1582.1368384920061 50.408453613519669 5140.4146665483713 3043.5624421536922 689.8054263740778 2763.9232934862375 635.91167253255844 2450.6650317013264
leaf_count=38079 24970 4322 2683 10099 54790 2106 93 6682 1262 2310 69499 1058 230 5326 1404 15811 7164 2556 76852 2725 11294 712 9811 162 16298 10110 2338 9425 2092 8126
internal_value=0 0.00168576 0.0023787 -0.00319127 0.00166481 -0.000530284 0.00158601 0.0077939 -0.000524929 -0.00255701 0.00312612 -0.0154533 0.000526643 -0.00228431 -0.000123778 -0.00607219 0.00881043 0.00326046 -0.00233186 0.00563371 0.00846169 -0.0149604 0.00845499 -0.0387265 0.000212024 0.00512949 -0.00492536 -0.0061106 -0.00483862 -0.00966533
internal_weight=0 67063.1 61564.2 37865.1 55091.6 22017.9 14861.7 3771.23 11090.5 35414.5 33073.7 729.818 10360.7 6682.56 5709.44 5498.88 3690.59 4048.88 35022.3 3678.11 2942.91 973.122 6472.59 80.644 12306.4 3679.05 7156.15 6466.34 5850.5 3086.58
internal_count=400389 269860 249727 130529 201837 77548 53461 14101 39360 120430 124289 2320 37040 22791 19396 20133 13846 14070 118120 14249 11524 3395 47890 255 41268 12666 24087 21749 19643 10218
is_linear=0
shrinkage=0.05


Tree=166
num_leaves=31
num_cat=0
split_feature=29 42 233 227 234 226 231 227 229 230 225 226 152 111 15 227 228 225 228 234 225 234 233 233 233 224 233 227 228 183
split_gain=220.442 150.375 162.596 246.691 260.277 254.959 152.501 186.58 160.074 141.226 120.149 145.844 119.935 108.715 106.296 105.743 118.872 93.0721 106.182 85.2414 89.6459 157.67 128.726 120.543 79.4815 97.3517 137.391 79.5474 136.282 78.9202
threshold=0.047428894788026817 4.0247340202331552 -0.01175938034430146 0.13724447786808017 0.0089091816917061823 0.0011882765393238517 1.8967823982238772 -0.016072324477136132 1.0951494574546816 11.500000000000002 -0.0090084550902247412 -0.041843863204121583 0.025425084866583351 -0.83799818158149708 0.082228444516658797 0.1410268843173981 82.133041381835952 0.0044434329029172668 59.548330307006843 0.015160861425101759 -0.0062791917007416478 -0.0061779536772519341 0.020514339208602909 0.0051696279551833877 -0.0065713836811482898 1.5000000000000002 -0.080426927655935274 0.15536781400442126 57.011194229125984 5.5000000429572546e-06
decision_type=2 2 2 2 2 2 2 2 2 2 2 2 2 2 2 2 2 2 2 2 2 2 2 2 2 2 2 2 2 2
left_child=1 2 6 5 -5 19 8 9 13 10 -8 -12 24 -1 -7 -6 -17 18 -14 20 22 -22 -4 -23 25 26 -2 -26 -29 -24
right_child=12 -3 3 4 15 14 7 -9 -10 -11 11 -13 17 -15 -16 16 -18 -19 -20 -21 21 23 29 -25 27 -27 -28 28 -30 -31
leaf_value=0.021644689259087465 -0.032623579839712653 0.016073170848066642 -0.012478567332695636 -0.022433647341052458 0.046507926282385398 -0.022656478328213409 -0.0099014150665044359 -0.018266514635972269 -0.01910674868288452 0.038310833420435876 0.021291198615938353 -0.0034119837142724679 0.014186458274661962 0.004948809679695805 -0.010480378579203704 -0.00050885838080517857 0.016273776203548727 0.002398816206799409 -0.0017047875896308131 -0.024531833931226318 0.02658874652501594 -0.016988694081751257 0.00059259560259352392 0.011881789657707203 -0.0084545945913039738 0.0067433208146824158 -0.00053604075273786563 -0.0093373718866743786 0.017873806074719539 0.055132736914843827
leaf_weight=1398.2386990748346 372.11897483468056 959.09626003727317 1754.5343019608408 1048.0032790396363 146.79492537677288 3975.7031527794898 2177.2581943459809 1784.6374137476087 526.06734171509743 236.36541099846363 973.8280359916389 1546.0285546705127 4683.193347863853 3221.2056085318327 3263.955469161272 4379.1334210056812 1390.029254347086 8010.1209516040981 1355.4099732190371 386.58076973818243 700.95666341111064 710.84496540203691 150.26973903924227 735.7994811013341 4403.6911100558937 5447.5818484611809 3222.8252090737224 944.41483219712973 897.32096055150032 118.73748322576284
leaf_count=6583 2639 3463 20227 11590 890 73216 17037 17635 4838 871 5546 12441 15355 16576 28711 29043 5104 28560 5822 5931 3603 8797 1215 5922 23428 21772 15352 4389 2989 844
internal_value=0 -0.00342213 -0.00403268 -0.00692978 0.000532636 -0.0113348 0.000548853 -0.00441236 0.00702634 0.000599244 -0.00129846 0.00613485 0.00259737 0.0100024 -0.017167 0.00460108 0.00353477 0.00593236 0.0106195 -0.00207086 1.08228e-05 0.00712602 -0.00754059 -0.00230445 -0.000467287 0.00252887 -0.00385748 -0.00480531 0.00392032 0.0246661
internal_weight=0 31584.1 30625 18761.3 6963.96 11797.4 11863.6 6718.12 5145.51 4933.48 4697.11 2519.86 29336.7 4619.44 7239.66 5915.96 5769.16 14048.7 6038.6 4557.72 4171.14 2147.6 2023.54 1446.64 15288 9042.53 3594.94 6245.43 1841.74 269.007
internal_count=400389 280083 276620 195093 46627 148466 81527 53530 27997 35895 35024 17987 120306 23159 101927 35037 34147 49737 21177 46539 40608 18322 22286 14719 70569 39763 17991 30806 7378 2059
is_linear=0
shrinkage=0.05


Tree=167
num_leaves=31
num_cat=0
split_feature=7 4 4 234 228 225 123 227 29 231 20 230 14 230 187 230 225 227 225 227 227 225 225 26 233 134 225 227 227 228
split_gain=93.4822 65.3852 90.9661 64.3113 60.4343 47.0525 46.1234 45.789 41.9965 41.8086 46.6947 35.4147 32.116 30.4766 30.9588 31.3232 30.1017 31.2221 64.3569 52.8003 52.4193 53.2174 45.491 42.4036 57.1872 41.9032 53.5344 41.3262 37.5232 36.5032
threshold=1.0000000180025095e-35 1.0000000180025095e-35 27.770199775695804 0.014099156949669124 33.599060058593757 0.20679578930139544 0.66630977392196666 0.16069030016660693 0.02250268962234259 22.755278587341312 0.047538651153445251 1.5000000000000002 -0.17325828969478604 16.500000000000004 -2.9934999942779537 2.5000000000000004 0.11845536530017854 0.038397464901208885 -0.00054045068100094784 0.13724447786808017 0.0060738304164260635 0.0044434329029172668 -0.011918432544916866 55.143714904785163 0.12234165146946908 18.500000000000004 -0.0043226098641753188 -0.013778716791421173 -0.068882577121257768 84.434806823730483
decision_type=2 2 2 2 2 2 2 2 2 2 2 2 2 2 2 2 2 2 2 2 2 2 2 2 2 2 2 2 2 2
left_child=1 9 3 8 -5 -2 -7 13 -3 12 -11 -9 -1 14 -6 -16 17 18 25 22 21 -20 -19 24 -21 28 27 -27 -4 -23
right_child=5 2 16 4 7 6 -8 11 -10 10 -12 -13 -14 -15 15 -17 -18 19 20 23 -22 29 -24 -25 -26 26 -28 -29 -30 -31
leaf_value=0.012992958539089654 0.024648892059707855 -0.015014568722059824 -0.0049697886271408385 0.029477357541463391 0.0055362276151782915 -0.013850437678143793 0.018581852248513803 0.00011097509972545367 -0.0044326640656141975 0.030686902986109394 0.00061028070559410218 -0.014373511851269814 0.0020929560896238613 0.045126732968964495 0.0048841889027121345 -0.0066878506945063686 -0.016113242750126135 0.013959850834710383 -0.0080017732191745294 0.00027455405707560004 -0.010752819006729529 0.0014300496362310558 0.003900663489185904 0.0037446238588595966 -0.011127610837499762 0.0088896553663174813 0.026032222331878213 -0.010772599445396706 0.0025116340131639664 -0.013915700070200666
leaf_weight=704.01770503073931 591.6415698826313 1014.0667654722929 2104.0405886210501 177.26769971847534 2739.7358173206449 210.39833280444145 228.87492913007736 830.52752229943871 12436.867362163961 281.88036052137613 238.0113610625267 857.93865344300866 16851.018439717591 41.059576943516731 956.54943898692727 1504.566223282367 259.80268540605903 1388.6100517809391 2364.9498627670109 4458.3598992787302 1791.4402803294361 7125.4667982161045 5896.612010832876 4917.6891648434103 1459.7210822142661 1361.7983531989157 369.65914558619261 332.48543831333518 8238.1996536292136 409.80812637507915
leaf_count=2691 4805 14230 11503 537 12434 577 619 3394 73777 901 845 5327 71533 294 6342 10880 1782 4863 12363 18660 8882 32237 26474 19291 6740 6541 1398 2036 36533 1900
internal_value=0 0.000292807 -0.000467356 -0.00319759 0.000649484 0.0154447 0.00304779 -8.78861e-05 -0.00523043 0.00294391 0.0169175 -0.00724884 0.00253008 0.00221872 0.00187997 -0.0021902 0.000854008 0.000958419 -0.000220679 0.00252642 -0.00288238 -0.00145823 0.00581801 0.000313383 -0.00253784 0.00228773 0.00879251 0.00503114 0.000989602 0.000595467
internal_weight=0 81112.2 63037.2 20558.6 7107.64 1030.91 439.273 6930.38 13450.9 18074.9 519.892 1688.47 17555 5241.91 5200.85 2461.12 42478.6 42218.8 24097.8 18121 11691.7 9900.22 7285.22 10835.8 5918.08 12406.2 2063.94 1694.28 10342.2 7535.27
internal_count=400389 394388 318418 127215 39208 6001 1196 38671 88007 75970 1746 8721 74224 29950 29656 17222 191203 189421 113393 76028 55382 46500 31337 44691 25400 58011 9975 8577 48036 34137
is_linear=0
shrinkage=0.05


Tree=168
num_leaves=31
num_cat=0
split_feature=6 3 12 229 230 42 150 225 36 36 160 200 108 227 227 7 110 227 227 229 24 161 225 234 227 35 160 227 234 32
split_gain=216.583 141.341 122.851 90.1147 94.8067 91.8362 77.8355 71.9866 80.5922 54.5573 56.6854 54.1965 53.8435 74.1031 68.8327 52.9986 53.7266 44.6 127.004 42.7301 38.7919 39.4742 38.2299 37.5874 43.6944 37.4402 37.1292 36.3854 68.7167 46.2397
threshold=3.1279499530792241 1432360.0625000002 0.064673278480768218 1.0211160778999331 9.5000000000000018 0.89573314785957348 -46.428571701049798 -0.039942905306816094 -77.345905303955064 -1.0000000180025095e-35 7.3331458568573007 0.11097955703735353 -0.00083509308751672495 -0.01753139495849609 -0.028905277140438553 1.0000000180025095e-35 0.68149015307426464 0.15962687879800799 0.16474408656358722 1.1123384237289431 17.910820960998539 84.615165710449233 0.0044434329029172668 -0.020229829475283619 0.013518193271011116 -54.912307739257805 2.6485142707824711 -0.059249300509691231 0.016909533180296425 0.010186607483774425
decision_type=2 2 2 2 2 2 2 2 2 2 2 2 2 2 2 2 2 2 2 2 2 2 2 2 2 2 2 2 2 2
left_child=1 2 3 4 5 20 -2 8 -5 10 17 -4 25 14 -14 16 19 -8 -19 -9 23 26 -7 24 -1 -6 -22 28 -3 -29
right_child=6 27 11 7 12 22 9 15 -10 -11 -12 -13 13 -15 -16 -17 -18 18 -20 -21 21 -23 -24 -25 -26 -27 -28 29 -30 -31
leaf_value=0.0035797219512004709 0.0005641472119624312 0.0029681575518173495 -0.0044543248746513591 -0.019929852209253432 -0.011435922661833638 -0.0052508432285439145 -0.002540476684167195 0.0041442475503502959 0.0059734956736955773 -0.019221485068263707 -0.011596760215583085 -0.017765879860626436 -0.0001749757088832588 -0.0073970338657151193 -0.040324863439871225 -0.022441756513094133 0.00079971735753720614 -0.024071800677880228 -0.0034144446694531769 0.010116911900605166 0.011163270396900994 0.005902175323998813 0.0014006209181847162 0.0095687673865078888 -0.019819561137025606 0.0039370258040427831 -0.0011074551125726795 0.011010816120767965 -0.033984485085983916 0.0040595637777358041
leaf_weight=1720.2356373593211 10183.391290988773 1074.2106324359775 2909.0820324383676 642.035998955369 548.37489241361618 6756.9450181275606 20437.94808145985 6439.650546617806 564.10476203262806 619.4556545317173 2371.2256435453892 1037.2755391336977 152.18970749527216 2468.9255284518003 357.52992540597916 176.48239166289568 5103.2023119330406 969.21533339470625 3202.9650991037488 5597.6152458190918 661.56894693523645 3531.9767984822392 3175.530196249485 3423.3740699291229 225.68199040740728 1425.9619087725878 9044.0087002590299 5206.4220061823726 142.49785889685154 4426.2511092200875
leaf_count=5706 35535 5565 10582 2305 2178 24875 69973 25922 1832 2702 8625 4220 557 8675 1598 2035 19545 3065 10473 23701 5045 14274 11845 13478 707 5481 32300 27802 465 19131
internal_value=0 0.00156457 0.000551967 0.00119724 -0.000350453 0.000757774 -0.00317195 0.0039957 -0.00781501 -0.0045504 -0.00421357 -0.00795318 -0.00673611 -0.0109804 -0.0283371 0.00481832 0.005099 -0.00350219 -0.00821324 0.00692168 0.00283005 0.00137607 -0.00312429 0.00641472 0.00086594 -0.000332833 -0.000271036 0.0067876 -0.00135964 0.00781669
internal_weight=0 66811.1 55961.8 52015.4 33492.3 28539.3 37784.2 18523.1 1206.14 27600.8 26981.4 3946.36 4952.98 2978.65 509.72 17317 17140.5 24610.1 4172.18 12037.3 18606.8 13237.6 9932.48 5369.29 1945.92 1974.34 9705.58 10849.4 1216.71 9632.67
internal_count=400197 269824 216861 202059 126719 108230 130373 75340 4137 94838 92136 14802 18489 10830 2155 71203 69168 83511 13538 49623 71510 51619 36720 19891 6413 7659 37345 52963 6030 46933
is_linear=0
shrinkage=0.05


Tree=169
num_leaves=31
num_cat=0
split_feature=126 233 227 231 226 234 225 234 228 168 12 6 116 227 228 233 227 23 232 233 232 230 225 232 149 225 234 225 232 231
split_gain=218.478 207.311 352.382 217.573 196.827 211.638 166.015 154.703 152.833 139.784 128.358 116.971 116.058 145.517 136.096 152.957 113.079 113.066 101.841 95.3046 95.0671 93.4157 130.645 126.821 92.4224 88.9175 80.7898 77.2497 73.5218 71.5839
threshold=0.010124172549694778 0.0058588914107531318 0.1475668400526047 0.99614292383193981 -0.0047057049814611665 0.014099156949669124 0.0044434329029172668 0.0089091816917061823 27.810050964355472 0.57284998893737804 0.042473519220948226 2.2640500068664555 1.0000000180025095e-35 -0.036407448351383202 44.362541198730476 -0.064104568213224397 -0.043850466609001153 54.358289718627937 -2.8103680610656734 0.020514339208602909 -0.8420625329017638 9.5000000000000018 0.011111198458820583 -0.58987626433372486 89.285713195800795 0.0054039249662309894 -0.029029634781181809 0.26017209887504583 -2.1506615877151485 0.88830339908599865
decision_type=2 2 2 2 2 2 2 2 2 2 2 2 2 2 2 2 2 2 2 2 2 2 2 2 2 2 2 2 2 2
left_child=1 4 3 -3 6 21 12 -4 19 18 -10 -9 13 20 15 -15 -8 -16 -2 -5 -1 22 23 -6 -17 -23 -26 -11 -20 -30
right_child=9 2 7 8 5 -7 16 11 10 27 -12 -13 -14 14 17 24 -18 -19 28 -21 -22 25 -24 -25 26 -27 -28 -29 29 -31
leaf_value=-0.011745572909740799 0.024314118498141565 0.013316682054816049 -0.01942047352821713 -0.008545758512424827 0.015956825058025755 -0.014487434447051925 0.031287793359439868 -0.0040659937991561739 -0.020018458177720456 0.0070289679074223791 -0.0065750124503862681 0.010918700457469954 0.017921545754540469 -0.019430119885322159 -0.013090040388523384 0.01480991687299469 -0.014670723323170074 0.01082909695072415 -0.019253336648392207 0.027966023036332777 0.036350040338471883 0.033474283953093487 0.017861744220017482 -0.017382975564209049 -0.0137292306310008 -0.0039349960742480839 0.0089874840167504799 0.035744771805587321 -0.0096117501207288736 0.0013810531418383043
leaf_weight=3038.0399066545069 417.30027568340302 749.6665221452713 721.27265363372862 408.37101294472814 486.57197713851929 783.13139349222183 140.15118605270982 2105.5422257911414 6610.7377024106681 9681.6679275874048 2427.6241597943008 3413.9429263118654 872.43795802816749 491.53207883238792 1898.3106939848512 3193.4805525690317 2972.8908262401819 667.88955395668745 517.1353082805872 317.82335383072495 106.34109621867537 868.82865441963077 1791.4768498390913 689.33172879554331 636.19569905847311 194.38066112995148 1017.1104417070746 240.0101556032896 1699.8749226033688 11498.601587608457
leaf_count=27498 1350 5416 5840 4045 2099 6555 991 12432 88862 39016 13332 14388 3083 3408 15717 16367 21573 3203 3378 2148 1037 3106 7242 5756 4399 1073 4953 1225 9873 70832
internal_value=0 -0.00295968 -0.0070552 -0.0126416 0.000497603 0.00929704 -0.00231981 0.00235664 -0.0146346 0.00317454 -0.0164077 0.00520242 0.000365105 -0.00102118 0.0025979 0.00714671 -0.0126016 -0.00686475 -1.90254e-05 0.00743384 -0.010119 0.0139183 0.00936193 -0.00358745 0.00984198 0.026635 0.000246044 0.00772362 -0.000759366 -3.47459e-05
internal_weight=0 36603.1 16755 10514.2 19848.1 4813.72 15034.4 6240.76 9764.56 24054.6 9038.36 5519.49 11921.3 11048.9 7904.52 5338.32 3113.04 2566.2 14132.9 726.194 3144.38 4030.59 2967.38 1175.9 4846.79 1063.21 1653.31 9921.68 13715.6 13198.5
internal_count=400197 274523 146463 113803 128060 25831 102229 32660 108387 125674 102194 26820 79665 76582 48047 29127 22564 18920 85433 6193 28535 19276 15097 7855 25719 4179 9352 40241 84083 80705
is_linear=0
shrinkage=0.05


Tree=170
num_leaves=31
num_cat=0
split_feature=7 4 4 225 35 227 217 149 162 135 14 227 233 233 225 225 233 227 230 246 134 226 168 18 225 36 28 230 22 227
split_gain=95.4224 59.8657 80.9834 45.0169 57.1291 40.4221 58.1972 57.3401 41.2908 38.2487 38.0207 37.3326 75.6437 42.4844 38.5524 54.8038 46.3059 57.3583 43.0623 38.3049 38.1122 37.0657 37.0007 39.0651 36.9511 35.0166 34.3348 36.0876 46.7302 33.7602
threshold=1.0000000180025095e-35 1.0000000180025095e-35 19.863949775695804 0.20679578930139544 264.90875244140631 -0.059249300509691231 1.0000000180025095e-35 67.857143402099624 43.981222152709968 6.5000000000000009 -0.18804346770048139 -0.072872199118137346 -0.042233658954501145 0.003792363684624434 -0.014302461873739956 -0.012367889750748871 -0.039505766704678529 0.146713562309742 5.5000000000000009 86.500000000000014 17.500000000000004 0.17813075333833697 2.1748999357223515 0.40965394675731664 0.11845536530017854 -51.806655883789055 0.28583239018917089 12.500000000000002 44.618587493896491 0.16609450429677966
decision_type=2 2 2 2 2 2 2 2 2 2 2 2 2 2 2 2 2 2 2 2 2 2 2 2 2 2 2 2 2 2
left_child=1 10 5 -2 -5 7 -7 -3 -9 -8 -1 12 20 -14 16 -16 18 22 -13 -15 -4 26 23 -18 -17 -26 27 -12 -29 -23
right_child=3 2 11 4 -6 6 9 8 -10 -11 21 14 13 19 15 24 17 -19 -20 -21 -22 29 -24 -25 25 -27 -28 28 -30 -31
leaf_value=0.016256860851277692 0.024945305499583181 -0.0077027966571141838 0.0026328075876821417 -0.013833460800773831 0.022259023896516589 0.015751498934499574 -0.010511672418026015 -0.00011663943502084108 0.018260531067303118 -0.0038019826657753652 0.002343946900553312 0.0004997442681104325 -0.011293665215072269 -0.0039617780131708073 -0.0087720131141650216 0.0007527109550772796 0.0075960800539858868 0.00014239491133003285 -0.019207102430292809 0.017233274089589214 0.031097232394655745 0.015028632698561341 -0.0073482333497986389 0.018556776865451922 0.022844779067642155 -0.02310277400601984 -0.0023384858095024468 0.03284378771766968 0.006881774868478391 -0.018815588866260929
leaf_weight=519.64225132390857 578.98367793112993 857.00531853735447 285.85539952293038 225.52092522382736 213.37053838372231 312.32926204800606 3299.5938460566103 605.22301527485251 617.53275379911065 5961.4205534607172 11743.654306486249 2187.4914093352854 2066.7121153846383 1156.6933459378779 1628.669110879302 36201.517267633229 2653.9960877858102 2593.8302204944193 317.43199490755796 261.33100608736277 199.7883669808507 866.72269356250763 297.65240458399057 1171.8816990405321 48.804472774267197 275.75491770729423 3598.4812752455473 210.77338175475597 975.52994982153177 80.530853651463985
leaf_count=1935 4843 6432 1207 622 575 1389 24943 4187 3321 39128 52930 9001 13217 5761 8726 168486 11826 9962 2294 1310 696 2778 950 3631 249 1976 12539 814 4047 422
internal_value=0 0.000385422 -0.000341077 0.0157904 0.00371318 -0.00410408 -0.00547665 0.00221398 0.00916445 -0.00619257 0.00292885 0.000512922 -0.00414425 -0.00672066 0.000903211 0.000201988 0.00380434 0.00596789 -0.00199757 -5.56926e-05 0.0143428 0.00253254 0.0096323 0.0109534 0.000602132 -0.0161936 0.00198128 0.0031835 0.0114945 0.0121514
internal_weight=0 80995.8 63000.5 1017.88 438.891 11653.1 9573.34 2079.76 1222.76 9261.01 17995.3 51347.4 3970.38 3484.74 47377 38154.7 9222.28 6717.36 2504.92 1418.02 485.644 17475.7 4123.53 3825.88 36526.1 324.559 16528.4 12930 1186.3 947.254
internal_count=400197 394157 318692 6040 1197 79400 65460 13940 7508 64071 75465 239292 22191 20288 217101 179437 37664 26369 11295 7071 1903 73530 16407 15457 170711 2225 70330 57791 4861 3200
is_linear=0
shrinkage=0.05


Tree=171
num_leaves=31
num_cat=0
split_feature=29 117 6 149 133 5 29 121 228 228 124 15 230 226 161 229 231 28 228 229 24 232 233 233 233 225 229 26 225 230
split_gain=209.295 141.035 116.303 80.5033 66.5572 63.5216 55.3628 53.3824 52.3473 52.2405 55.9553 49.0881 45.4718 44.3104 40.9567 38.5586 41.8972 38.2538 37.658 36.4245 35.8969 42.7184 35.7244 44.3884 36.9669 35.5639 38.5791 33.3639 36.4801 32.95
threshold=0.05623902007937432 1.0000000180025095e-35 1.4486500024795534 89.285713195800795 0.73009091615676891 1.0000000180025095e-35 0.075776781886816039 0.03030586522072554 20.885622978210453 88.40799713134767 0.0082651325501501578 -0.1537351384758949 8.5000000000000018 0.013845109380781652 24.997202873229984 1.0211160778999331 0.17189450562000277 0.17708135396242144 83.257507324218764 1.6979064345359804 9.9215803146362322 -2.8103680610656734 -0.02312259096652269 0.12234165146946908 -0.023357733152806755 0.00082499513518996548 1.0521691441535952 69.048492431640639 0.069071818143129363 16.500000000000004
decision_type=2 2 2 2 2 2 2 2 2 2 2 2 2 2 2 2 2 2 2 2 2 2 2 2 2 2 2 2 2 2
left_child=1 2 5 9 6 -1 19 -3 14 10 18 -10 -13 -7 -5 16 -14 22 -4 20 -2 -22 24 -24 -12 26 -23 29 -29 -15
right_child=4 7 3 8 -6 13 -8 -9 11 -11 17 12 15 27 -16 -17 -18 -19 -20 -21 21 25 23 -25 -26 -27 -28 28 -30 -31
leaf_value=-0.0002526819767272853 0.0060302841439903859 -0.036498137627274607 0.0010465495315989954 -0.019036453235619363 -0.010210194050529232 0.0044866948541083269 -0.0083410551471473221 -0.010476625280163103 -0.0019547828199062028 -0.0091523141427686354 -0.0073392170647658675 0.0084739083376560304 -0.037868455320259627 0.014034246543755458 0.012231150375239839 0.0073497469567234911 -0.0033630191859817882 0.00040792973515884094 0.010084805697927775 -0.017627661157611187 -0.026127358967192794 -0.006225686129389809 -0.0015029762056539622 -0.013701572298577255 -0.037039970738838975 0.0014110746521927868 0.0047312296076956351 0.0068493435196297124 -0.021711877341320043 -0.047643912703224628
leaf_weight=4566.4985652789474 1546.6707578748465 243.72365115210414 23154.236023202538 406.80447804927826 4157.6868860535324 8861.3859707117081 3911.5680299028754 1030.1698447316885 2133.9903026893735 1696.2136170640588 2771.0984466820955 6770.1845236867666 96.390246421098709 3025.2233434133232 141.04237812012434 953.74854614585638 1007.4278001859784 11124.248540107161 1212.8326950073242 342.39793649315834 182.06367902457714 4768.116938829422 11661.123578041792 796.69438379257917 108.88183580338955 4932.1234234720469 966.15481309592724 1518.9153407514095 120.68312383443117 21.809834465384483
leaf_count=17753 4488 1371 94491 1455 15749 43022 12787 4202 7541 5930 9513 26715 442 16608 515 3940 3778 34702 5887 1418 707 14050 43260 2588 328 14196 2856 8182 1191 144
internal_value=0 0.00105405 0.00131006 0.000309439 -0.00455126 0.00484724 -0.00313809 -0.0154551 0.00409668 -0.000520438 -0.000232384 0.00485052 0.00649561 0.00656622 -0.0109867 -1.37727e-05 -0.00637619 -0.00182432 0.00149641 -0.00154031 -0.00109592 -0.00211191 -0.00344333 -0.00228309 -0.0084621 -0.00170199 -0.00437958 0.0104981 0.00474709 0.0135928
internal_weight=0 83423.3 82149.4 64034.9 20806.8 18114.5 16649.1 1273.89 11509.6 52525.3 50829.1 10961.7 8827.75 13548 547.847 2057.57 1103.82 26462 24367.1 12737.5 12395.1 10848.5 15337.8 12457.8 2879.98 10666.4 5734.27 4686.63 1639.6 3047.03
internal_count=399809 333558 327985 241085 66251 86900 50502 5573 44386 196699 190769 42416 34875 69147 1970 8160 4220 90391 100378 37715 36297 31809 55689 45848 9841 31102 16906 26125 9373 16752
is_linear=0
shrinkage=0.05


Tree=172
num_leaves=31
num_cat=0
split_feature=29 233 15 232 228 229 226 20 3 228 228 6 25 226 228 232 225 233 226 229 233 228 225 225 225 233 232 225 228 167
split_gain=215.476 157.724 181.067 175.062 159.395 142.435 148.904 131.948 119.933 118.414 114.366 103.277 101.004 120.288 98.1826 122.726 158.861 142.398 102.232 90.4357 88.7949 102.532 130.707 88.6451 84.1773 78.0201 78.0064 133.417 72.3536 71.6589
threshold=0.051767919212579734 -0.01175938034430146 0.082228444516658797 0.24266439676284793 50.150114059448249 1.006424129009247 -0.024013678543269631 0.0089067416265606898 623810.93750000012 53.177101135253913 92.60852432250978 2.7319500446319585 66.649776458740249 0.17813075333833697 50.034729003906257 -0.77543962001800526 -0.0062791917007416478 0.020514339208602909 -0.040118413046002381 0.97998017072677623 -0.023357733152806755 54.092773437500007 -0.01077058259397745 -0.0049695679917931548 0.0098796370439231413 0.12234165146946908 -1.8838361501693723 0.0064622643403708943 49.703971862792976 3.9263499975204472
decision_type=2 2 2 2 2 2 2 2 2 2 2 2 2 2 2 2 2 2 2 2 2 2 2 2 2 2 2 2 2 2
left_child=1 3 4 5 14 6 7 -1 20 24 -4 -6 13 -2 15 16 17 -3 -18 28 21 22 -8 -14 -9 -17 -7 -28 -5 -29
right_child=12 2 10 19 11 26 8 9 -10 -11 -12 -13 23 -15 -16 25 18 -19 -20 -21 -22 -23 -24 -25 -26 -27 27 29 -30 -31
leaf_value=-0.0060042941736787123 0.0023715608853337217 -0.012481932536975422 -0.0018461547930122429 -0.019657411557704126 -0.020551584808348615 0.011001856075940295 0.040659077193304326 0.018478403624711585 0.0047238093807463908 -0.027292055991061295 0.025047773887691246 -0.0079853515206923156 0.018843476504590215 -0.015322613259132589 0.04934156280071364 -0.022599645733254767 -0.019044459847941512 0.024261648801712249 0.018967428647222603 -0.027515146054045755 0.036346503724302349 -0.022325802874504027 0.0073944484063581456 0.0052344191010538915 -0.019809225987081069 0.0091096371780687215 -0.018042758457949257 -0.0082762188349160652 0.0038105829545571133 0.015805810223820129
leaf_weight=2775.9715456441045 15789.989741589874 1984.5832006279379 10938.901438953355 526.18850809335709 3618.7421675212681 625.01789184659719 468.46779101341963 1589.7013457715511 1840.2892605699599 182.62640133872628 410.12166959047318 2982.7460780180991 1610.6789783835411 1022.7183350510895 87.581123396754265 1105.0356611013412 206.23841595835984 304.0837934538722 1242.7411414925009 655.26742981374264 725.73659225925803 163.99025816470385 798.92536979913712 4654.0868841968477 157.8051475957036 235.29296842589974 1600.0362054519355 614.51106763258576 873.90383370220661 621.14154425263405
leaf_count=20903 64065 22253 67187 5539 59288 2066 2004 9396 9152 2045 1665 34799 5069 5272 616 17297 2645 2156 7199 5819 2628 1185 4053 15473 1250 1906 14174 3813 5035 3857
internal_value=0 -0.00283139 -0.00538024 0.00131214 -0.00972612 0.00359261 0.00700432 0.000976847 0.0141004 0.0110173 -0.000874284 -0.0148738 0.00331442 0.00129522 -0.00314749 -0.00405278 0.000601995 -0.0076 0.0135571 -0.0121843 0.0220998 0.0148764 0.0196901 0.00873332 0.0150209 -0.0170331 -0.00498768 -0.00851195 -0.00500926 0.00382941
internal_weight=0 37335.6 23116.1 14219.6 11767 12164.2 8703.51 4706.1 3997.41 1930.13 11349 6601.49 23077.5 16812.7 5165.56 5077.98 3737.65 2288.67 1448.98 2055.36 2157.12 1431.38 1267.39 6264.77 1747.51 1340.33 3460.71 2835.69 1400.09 1235.65
internal_count=399809 309930 217011 92919 148159 76526 52616 33594 19022 12691 68852 94087 89879 69337 54072 53456 34253 24409 9844 16393 9870 7242 6057 20542 10646 19203 23910 21844 10574 7670
is_linear=0
shrinkage=0.05


Tree=173
num_leaves=31
num_cat=0
split_feature=7 158 234 226 227 230 230 226 227 226 232 234 24 29 227 227 234 232 234 227 233 3 234 157 234 228 230 233 227 127
split_gain=91.3659 58.7594 62.6376 101.575 68.8077 66.1505 62.1558 61.9519 54.4561 51.3478 55.9664 86.3495 57.7451 49.2086 46.3354 67.7333 48.2314 46.5096 45.0813 52.358 44.0363 42.3816 41.1489 40.9538 47.4526 40.8916 40.1416 38.4694 37.7614 37.317
threshold=1.0000000180025095e-35 -303248.32812499994 0.014099156949669124 -0.011009755544364451 0.146713562309742 12.500000000000002 1.5000000000000002 -0.036604972556233399 0.18537236005067828 -0.045070454478263848 0.84895637631416332 -0.0085581261664628965 42.091190338134773 0.031114540994167331 0.065436217933893218 0.068698845803737654 0.017777269706130031 -0.41657984256744379 -0.019597630016505715 -0.033182777464389794 -0.047081079334020608 1432360.0625000002 0.0013204683200456204 0.11246794834733011 0.040013417601585395 86.087261199951186 1.5000000000000002 0.13006508350372317 0.21963395923376086 0.26929031312465673
decision_type=2 2 2 2 2 2 2 2 2 2 2 2 2 2 2 2 2 2 2 2 2 2 2 2 2 2 2 2 2 2
left_child=1 2 5 7 14 9 -6 -4 -8 26 11 13 -13 -11 17 -16 -17 23 -7 -20 25 -3 28 -5 -25 -15 -1 -24 -12 -2
right_child=29 21 3 4 6 18 8 -9 -10 10 22 12 -14 20 15 16 -18 -19 19 -21 -22 -23 27 24 -26 -27 -28 -29 -30 -31
leaf_value=0.011377109817450057 0.021739030279840327 -0.0006073217380050957 0.0025492757188388471 -0.001804121383381806 0.0052483679314966232 0.023093964298793995 -0.0022329425247571695 0.024388381605630331 -0.016947392110469441 -0.0097944349024816461 0.010890626675090602 -0.012188559832204456 -0.0028048565666963614 -0.0087405619955143454 0.039354572651258572 0.017779538901931916 0.0048973464402578271 -0.0025730506900219084 -0.013582033136204943 0.0086529719625488433 0.0030663016895376371 -0.0057997407586369539 0.0024224866448100376 0.019821529745465138 0.0039177924819679332 0.016329462821487943 0.0010351189891694146 -0.0099559304238083408 -0.0016793753747565072 0.001029835855726754
leaf_weight=1356.9613025002182 702.63946478813887 31324.215588372201 502.28327153623104 1009.4684215821326 1690.7480478733778 414.3237634524703 2034.9397696480155 918.64904404431581 909.94609534740448 1156.9866947159171 1896.5568284243345 3362.9719157852232 3199.047810357064 1494.6914182566106 171.84612805396318 900.90041370689869 3755.3216222673655 2908.0817794203758 319.04198968037963 1556.0409034341574 6559.3686351329088 4493.6264163851738 1918.7469514720142 811.78945540264249 1110.8531125932932 182.51527771353722 3040.8639341406524 932.79662133380771 872.25913636013865 315.07526928186417
leaf_count=4892 4481 146809 2141 5770 6462 1416 9506 2850 5545 12241 8297 20929 18390 7428 712 3455 16459 14435 1998 7114 30728 25640 9544 2923 4523 542 14969 4104 3862 1644
internal_value=0 0.000252324 0.00145539 0.00388071 0.00269339 2.01975e-05 -0.00239265 0.0166685 -0.00677959 -0.000697961 -0.00170165 -0.00321303 -0.00761391 -0.000138722 0.0049034 0.00852756 0.00738983 0.00190733 0.00816784 0.00486973 0.00121761 -0.00125875 0.002589 0.00635099 0.0106328 -0.00601242 0.00422617 -0.00162674 0.0069307 0.0153277
internal_weight=0 80805.8 44988 16724.8 15303.9 28263.2 4635.63 1420.93 2944.89 25973.8 21575.9 15955.6 6562.02 9393.56 10668.3 4828.07 4656.22 5840.19 2289.41 1875.08 8236.58 35817.8 5620.36 2932.11 1922.64 1677.21 4397.83 2851.54 2768.82 1017.71
internal_count=399809 393684 221235 74781 69790 146454 21513 4991 15051 135926 116065 90258 39319 50939 48277 20626 19914 27651 10528 9112 38698 172449 25807 13216 7446 7970 19861 13648 12159 6125
is_linear=0
shrinkage=0.05


Tree=174
num_leaves=31
num_cat=0
split_feature=29 110 6 159 192 11 3 225 228 16 228 15 232 232 234 233 230 229 229 228 110 28 230 231 230 14 230 131 233 24
split_gain=196.054 152.426 97.9601 65.3961 64.1859 63.3513 61.3631 67.1262 65.1785 63.7509 60.0838 52.1184 47.9536 44.3643 57.5076 44.4497 44.2004 40.7922 60.9941 40.2949 38.9583 37.9452 37.8443 37.7153 37.5105 36.8056 36.8029 36.8156 36.1775 34.2404
threshold=0.057658925652503974 0.83784767985343944 1.4260500073432925 43511.855468750007 0.043049732223153121 0.12386789545416833 2361597.2500000005 0.051874106749892242 66.757785797119155 -0.019379178062081334 51.794391632080085 -0.15706985443830487 -3.334617972373962 -0.40208028256893152 0.053421318531036384 -0.033969070762395852 9.5000000000000018 0.98094731569290172 0.91174501180648815 79.438991546630874 0.42651468515396124 0.29555477201938635 3.5000000000000004 1.0605680942535403 2.5000000000000004 0.11706199496984483 8.5000000000000018 -0.026315224356949326 -0.01204910362139344 9.9215803146362322
decision_type=2 2 2 2 2 2 2 2 2 2 2 2 2 2 2 2 2 2 2 2 2 2 2 2 2 2 2 2 2 2
left_child=1 2 10 4 25 -3 7 8 9 11 -1 21 -13 15 -15 22 29 18 23 -9 24 -4 -6 -18 -17 -2 -12 -28 -11 -14
right_child=3 5 6 -5 13 -7 -8 19 -10 28 26 12 16 14 -16 20 17 -19 -20 -21 -22 -23 -24 -25 -26 -27 27 -29 -30 -31
leaf_value=0.0030499451334406466 -0.0069487040254131551 -0.0028803025626664511 -0.0050938209837835917 -0.011997242515342538 -0.0067532402884632088 -0.021337484830064313 0.0056831149181796308 -0.0043365287841420387 0.0042172901856662925 -0.0052551676579850361 0.01124442799944592 -0.021821528420791939 0.013630869875429953 0.0011984013496530164 -0.014104340637081617 0.009440016518043888 -0.040351178719920763 0.0054022560682434658 -0.032413131843299248 -0.025388419940705759 -0.0084164287248415029 0.0091862255759718979 -0.020728432556387927 7.9356986693454403e-05 -0.0037095695815116229 -0.022001228288614404 -0.011030591570287155 0.0093436977751370116 -0.00076750084815975386 0.0044810368909145451
leaf_weight=9412.6355713009834 1080.870172098279 15702.89383263886 3172.6204641386867 2646.8469071313739 1472.3305980414152 479.08985263854265 6114.309293165803 563.04287299886346 9970.1817082837224 6333.7429778724909 4871.0373696647584 179.61540268361568 1166.8206358104944 7606.6958414427936 667.84314880520105 940.05772526562214 62.485302895307541 840.81145387142897 225.62204629927874 381.1955912746489 1579.9866770654917 545.13016977906227 721.96092820167542 750.33772135525942 1281.8708122372627 650.51018024981022 401.45853740721941 495.23317946493626 15435.402371630073 8265.148318387568
leaf_count=43699 3258 56565 10993 10007 4718 3192 26789 2517 39048 21977 25175 729 4281 23369 2295 2693 323 3112 1027 1838 4868 1755 2446 2669 3686 2537 1820 3236 58745 30389
internal_value=0 0.000941886 0.00196366 -0.00471705 -0.00351286 -0.00342675 0.000966186 0.000363984 0.000629455 -0.000337921 0.00551232 0.00214589 0.00381078 -0.00240987 -3.66924e-05 -0.00568476 0.00421781 -0.00278443 -0.00941304 -0.0128353 -0.00241428 -0.00299995 -0.0113513 -0.00302872 0.00185378 -0.0126042 0.00953079 0.000221909 -0.00207319 0.00561295
internal_weight=0 85368.8 69186.8 18649 16002.1 16182 54006.5 47892.2 46947.9 36977.7 15180.4 15208.6 11490.8 14270.7 8274.54 5996.21 11311.2 1879.26 1038.45 944.238 3801.92 3717.75 2194.29 812.823 2221.93 1731.38 5767.73 896.692 21769.1 9431.97
internal_count=399756 339879 280122 59877 49870 59757 206192 179403 175048 136000 73930 55278 42530 44075 25664 18411 41801 7131 4019 4355 11247 12748 7164 2992 6379 5795 30231 5056 80722 34670
is_linear=0
shrinkage=0.05


Tree=175
num_leaves=31
num_cat=0
split_feature=126 233 232 230 29 168 232 23 231 228 228 228 6 233 232 233 233 230 229 230 232 232 229 224 226 229 228 24 230 13
split_gain=215.377 197.478 175.623 196.066 142.736 123.407 93.6448 86.5629 81.6128 115.595 94.8683 119.025 101.104 87.9112 86.1994 84.7262 113.876 130.557 121.348 80.813 77.699 99.6194 104.738 77.3693 74.0574 75.5433 72.7528 71.1365 69.7214 68.5343
threshold=0.0089042424224317091 -0.033969070762395852 -0.051532065495848649 9.5000000000000018 0.026309173554182056 0.59354999661445629 -2.8103680610656734 46.156196594238288 1.1847185492515566 57.368129730224616 29.689025878906254 29.317652702331547 2.8075499534606938 0.020514339208602909 -0.66562584042549122 0.08063810691237451 0.095485590398311629 3.5000000000000004 1.091926693916321 3.5000000000000004 -1.5185908079147337 -1.6216628551483152 0.98322290182113659 4.5000000000000009 0.26719139516353613 1.1704706549644472 74.275436401367202 57.909809112548835 3.5000000000000004 0.12524972110986712
decision_type=2 2 2 2 2 2 2 2 2 2 2 2 2 2 2 2 2 2 2 2 2 2 2 2 2 2 2 2 2 2
left_child=1 2 3 7 -3 6 -2 20 9 14 11 13 29 27 -6 -14 18 -18 -17 -4 21 22 28 -5 25 -7 -27 -10 -1 -12
right_child=5 4 19 23 8 24 -8 -9 10 -11 12 -13 15 -15 -16 16 17 -19 -20 -21 -22 -23 -24 -25 -26 26 -28 -29 -30 -31
leaf_value=-0.025980595954321468 0.021722368965223771 -0.017298899447730217 -0.025638209147768737 -0.0061448811629053164 0.0067964956379367161 0.0091126317297361027 -0.00059132275456249335 0.013550486274252578 -0.0091620380038121667 0.012461265214464569 -0.012385844801295089 0.036416995255983603 -0.0062594674900792076 0.026034602128893178 -0.012189664067395529 0.051948987576004448 0.017918439636569208 -0.0093743629680503766 0.0030452020922096912 -0.0028085844291056293 -0.0089654015379259221 0.031485619492259649 0.017372152654122081 0.035870125339930857 0.035314570790774095 -0.0073912835424538789 0.0080659450951783944 0.014801615923676043 0.0088808253213301241 0.002349392243447903
leaf_weight=397.81253730505705 484.48427169397473 2266.7179998271167 516.30972703546286 127.66455151513219 996.39874269068241 7352.119350142777 15945.596306633204 1644.7834945991635 1439.2073251213878 1652.3918640688062 7355.8805289529264 250.76061674952507 6069.7493908181787 280.84446968883276 1494.4737796746194 236.70966102182865 642.39095449820161 1378.3211291301996 273.31501146033406 1555.4037208333611 1455.4602580927312 330.97538297623396 497.07986643910408 773.16631570458412 225.69412954896688 1644.1645332276821 1417.5949326306581 394.59933373145759 224.28142253309488 883.92654812522233
leaf_count=3048 1594 48365 4400 930 4956 29268 101114 7939 11182 7328 65817 760 40435 1583 9954 846 2885 7586 1317 11048 10398 1409 1589 2823 1220 7683 5959 2469 824 3027
internal_value=0 -0.00322824 0.00389408 0.00860369 -0.00531996 0.00278335 6.66553e-05 0.00438458 -0.00415704 0.00220738 -0.00553004 0.00384637 -0.00684707 -1.59319e-05 -0.00459482 -0.003055 0.00463062 -0.000697892 0.0257421 -0.00849815 -0.000803988 0.00738732 0.000260679 0.0299158 0.00697859 0.00636448 -0.000234585 -0.00400553 -0.0134121 -0.0108051
internal_weight=0 33138.6 7522.94 5451.22 25615.7 27069.7 16430.1 4550.39 23349 4143.26 19205.7 2365.41 16840.3 2114.65 2490.87 8600.49 2530.74 2020.71 510.025 2071.71 2905.61 1450.15 1119.17 900.831 10639.6 10413.9 3061.76 1833.81 622.094 8239.81
internal_count=399756 252918 44408 28960 208510 146838 102708 25207 160145 22238 137907 15994 121913 15234 14910 53069 12634 10471 2163 15448 17268 6870 5461 3753 44130 42910 13642 13651 3872 68844
is_linear=0
shrinkage=0.05


Tree=176
num_leaves=31
num_cat=0
split_feature=7 117 124 229 229 190 13 17 187 225 227 138 226 226 225 226 144 225 227 227 26 225 17 123 230 234 233 29 225 225
split_gain=76.3308 54.512 78.8314 57.2284 47.0511 57.8226 84.6246 59.6909 49.5221 57.5122 52.3367 47.0478 45.2863 53.0914 46.9638 49.622 44.7523 44.5823 43.8427 55.3766 48.6771 43.764 43.2834 42.3864 39.8696 39.5875 39.0599 43.2357 38.3826 56.1868
threshold=1.0000000180025095e-35 1.0000000180025095e-35 1.0000000180025095e-35 0.62673509120941173 0.86389207839965831 1.0000000180025095e-35 -0.034684529528021806 -0.064452502876520143 -0.58949998021125782 0.015788829885423187 -0.010441389866173266 0.13156662881374362 -0.052973167970776551 -0.034277250990271561 -0.020847339183092114 -0.010004230774939058 -14.021349906921385 -0.00054045068100094784 -0.021915305405855175 -0.030424005351960656 -0.53771051764488209 0.20679578930139544 -0.087159249931573854 0.66630977392196666 4.5000000000000009 0.016395426355302337 -0.059049820527434342 0.064644243568182005 0.0076410106848925361 -0.012699490413069723
decision_type=2 2 2 2 2 2 2 2 2 2 2 2 2 2 2 2 2 2 2 2 2 2 2 2 2 2 2 2 2 2
left_child=1 3 -3 -1 8 6 -6 17 9 12 -11 -8 16 26 -15 22 -5 18 19 -7 -20 -2 -16 -23 -22 -19 27 -14 29 -17
right_child=21 2 -4 4 5 7 11 -9 -10 10 -12 -13 13 14 15 28 -18 25 20 -21 24 23 -24 -25 -26 -27 -28 -29 -30 -31
leaf_value=0.010188302214392856 0.023515589857794228 0.013587445764478224 -0.0087380383289708003 0.019215604522739686 -0.0065131143308612182 0.010145277153130735 -0.0041896486286237501 0.0014107784115496565 -0.010179025147613714 0.006901957312776698 -0.011570284320436053 0.0012834029072734462 -0.0043002022157174634 -0.0078212369588330274 0.023309462687367933 0.0062470359673741449 0.0020707916296988584 -0.0036280048134393582 0.040594623543736358 -0.018738028787169 0.023305995444066144 -0.013322949627054579 0.0049013469002658731 0.01732473260429725 0.0017980114012534404 0.013975107263953429 -0.011179446978609484 0.022959760964837997 0.0051915364839651163 -0.0052295178707738449
leaf_weight=1379.3886863552034 557.57431587576866 1627.5569186322391 522.28558864817023 539.84226265177131 5130.6419870890677 1325.2136490643024 4646.2085848040879 17008.655428759754 1743.7954956479371 466.83198066800833 2146.7782780826092 25353.72643315047 676.66081569716334 1561.0212756767869 387.73833557218313 1404.4396034516394 1290.4759280607104 1118.8607242666185 221.26454881206155 189.70357760041952 519.31406016647816 217.42635649442673 1810.0436171367764 234.48178708553314 368.26407733187079 446.98449236899614 1993.083148509264 185.28513242304325 2272.5430319793522 4431.858075324446
leaf_count=4688 4868 5392 1848 1873 26972 5892 29691 78323 10736 2333 10302 123982 3385 7785 1353 6645 6218 6071 794 1215 1976 599 7196 636 1643 1700 11917 582 10285 22856
internal_value=0 0.000308515 0.00816366 9.37139e-05 -8.65618e-05 0.000665323 -0.000579079 0.0027276 -0.002112 -0.00137806 -0.00827085 0.00043577 -0.000289733 -0.00121185 0.000260844 0.00148494 0.00712756 0.00807351 0.012058 0.0065284 0.0196127 0.0141432 0.00814895 0.00257923 0.0143821 0.00139696 -0.00733346 0.00155964 -0.000321243 -0.00246781
internal_weight=0 80768.5 2149.84 78618.6 77239.2 56328.8 35130.6 21198.3 20910.4 19166.6 2613.61 29999.9 16553 14722.7 11867.6 10306.6 1830.32 4189.61 2623.76 1514.92 1108.84 1009.48 2197.78 451.908 887.578 1565.85 2855.03 861.946 8108.84 5836.3
internal_count=399756 393653 7240 386413 381725 278259 180645 97614 103466 92730 12635 153673 80095 72004 56120 48335 8091 19291 11520 7107 4413 6103 8549 1235 3619 7771 15884 3967 39786 29501
is_linear=0
shrinkage=0.05


Tree=177
num_leaves=31
num_cat=0
split_feature=160 118 3 130 167 228 227 160 233 160 229 233 228 228 195 225 137 225 198 225 225 225 7 228 166 162 232 232 229 225
split_gain=184.374 104.563 92.7468 87.9909 79.9123 70.7783 65.2926 61.5872 59.3247 59.1061 51.7309 49.233 55.0067 47.0882 45.2697 44.8155 44.1379 42.7673 42.0115 41.7849 41.6148 41.0218 40.9998 53.3907 40.046 38.7248 52.3204 36.7181 35.5567 56.7225
threshold=4.6229121685028085 1.0000000180025095e-35 1315674.1250000002 0.087588459253311171 4.8039498329162607 28.266542434692386 0.17516559362411502 8.7815794944763201 -0.039505766704678529 6.4644243717193612 0.91174501180648815 -0.040498191490769379 22.164649009704593 88.40799713134767 1.0000000180025095e-35 0.0059500080533325681 -0.031625878065824502 -0.022150758653879162 -0.034803137183189385 -0.04725131765007972 -0.0090084550902247412 0.0039879875257611283 1.0000000180025095e-35 66.692794799804702 327.60449218750006 12.150571346282961 1.6747139692306521 -3.334617972373962 0.90063980221748363 0.035813927650451667
decision_type=2 2 2 2 2 2 2 2 2 2 2 2 2 2 2 2 2 2 2 2 2 2 2 2 2 2 2 2 2 2
left_child=1 2 4 9 11 8 10 27 20 25 -4 12 -1 22 21 19 -12 -18 -6 -16 -5 -14 23 28 -19 26 -2 -7 29 -13
right_child=3 -3 6 5 18 7 -8 -9 -10 -11 16 13 14 -15 15 -17 17 24 -20 -21 -22 -23 -24 -25 -26 -27 -28 -29 -30 -31
leaf_value=-0.027767877671623021 -0.0018685089717205992 -0.016045882217881693 0.0080709354299626345 -0.017261537686690431 0.0037222252530574196 -0.021322486776713567 0.014904475869170559 -0.0098760755960973813 0.0012744841001215593 -0.0089556642081183285 0.009891340584301786 0.00036015230275370652 -0.011597545224008658 -0.014718402451343458 0.017456973807171622 0.008785231439022231 0.014373252528334331 0.0029593960992318116 -0.0038887775477283375 -0.0048198022774821473 0.0082468680028276939 -0.089965198445130387 -0.02053321207696444 0.0075337744698353876 -0.0048897777988658585 -0.0041333918497595814 0.011933513383647077 0.0036562477752078472 0.0038223938538927537 -0.026391411635359047
leaf_weight=208.34583941102028 2865.2126731202006 826.95711449533701 5163.4698979482055 1218.358475163579 2182.5954739265144 149.23196150362492 1571.0456677675247 967.67489919066429 1187.1252229660749 5536.6712364852428 1376.0649568140507 9305.4637447744608 44.393580503761768 377.63623014092445 224.49364680796862 948.38388170301914 487.79798053205013 3240.1186398677528 10710.371679216623 3377.2139958515763 184.04263105988503 26.767048761248589 183.02289984747767 5689.5293102636933 3259.9078897200525 18058.659037217498 903.04508832097054 10409.380846776068 12869.904885582626 202.46263065934181
leaf_count=863 8274 3569 25312 4627 7934 730 6538 3140 3526 19575 7406 40248 156 1477 913 4084 2003 17559 38495 12476 508 89 2503 27395 13827 55425 2605 31073 56808 664
internal_value=0 0.00161506 0.00185274 -0.00268771 0.000744072 0.0005186 0.00525622 0.00219676 -0.00695108 -0.00434173 0.00413569 0.00203285 -0.00263687 0.00282064 -0.00150386 -0.000884983 0.00170626 9.44232e-05 -0.00260034 -0.0034313 -0.013914 -0.0410755 0.00305509 0.00320891 -0.000977139 -0.00317135 0.00143908 0.00330321 0.00210932 -0.000209498
internal_weight=0 62275.9 61449 41479.4 46350.6 14115.8 15098.4 11526.3 2589.53 27363.6 13527.4 33457.6 4829.6 28628 4621.25 4550.09 8363.89 6987.82 12893 3601.71 1402.4 71.1606 28250.4 28067.4 6500.03 21826.9 3768.26 10558.6 22377.8 9507.93
internal_count=399802 270319 266750 129483 194105 43604 72645 34943 8661 85879 66107 147676 18581 129095 17718 17473 40795 33389 46429 13389 5135 245 127618 125115 31386 66304 10879 31803 97720 40912
is_linear=0
shrinkage=0.05


Tree=178
num_leaves=31
num_cat=0
split_feature=124 29 159 233 234 226 229 229 229 233 225 234 229 233 224 233 23 15 233 233 229 126 225 233 234 229 233 234 226 234
split_gain=196.514 171.055 129.556 105.146 165.03 137.322 161.276 120.587 113.68 124.443 119.511 128.956 134.594 107.789 116.257 96.4838 94.1641 91.0163 117.988 88.8715 87.8524 83.3891 99.4633 81.4606 160.92 153.074 144.561 131.16 101.494 91.4254
threshold=0.025105122476816181 0.02716441918164492 15721.895019531252 0.0058588914107531318 0.00083114893641322862 0.010562879499047996 0.89312130212783825 0.90130937099456798 1.006424129009247 -0.059049820527434342 -0.01376869063824415 -0.024432662874460217 0.94926679134368908 -0.033969070762395852 3.5000000000000004 -0.041231783106923096 46.687387466430671 -0.071466710418462739 -0.033260894939303391 -0.032456668093800538 0.9569443166255952 0.023022520355880264 0.027380791492760185 0.08063810691237451 0.018749905750155452 0.73718148469924938 0.16405923664569858 0.0079615630675107258 -0.028195554390549656 0.0013204683200456204
decision_type=2 2 2 2 2 2 2 2 2 2 2 2 2 2 2 2 2 2 2 2 2 2 2 2 2 2 2 2 2 2
left_child=1 19 3 5 -5 8 -7 -8 9 -3 16 -12 15 14 -10 -13 -11 -17 -19 -1 -18 22 -4 25 -25 -6 -26 28 -27 -30
right_child=-2 2 21 4 23 6 7 -9 13 10 11 12 -14 -15 -16 17 20 18 -20 -21 -22 -23 -24 24 26 27 -28 -29 29 -31
leaf_value=0.0019414943884563801 0.0057105948516183811 -0.012376921769637058 0.0036386608264506719 -0.019700317960777085 0.021315356772771868 0.029429530234221409 -0.028172262903826618 0.0078310429138975738 -0.024110474123344175 -0.015362628592037778 0.016108465524172246 -0.012248341023552663 -0.019990737602899392 -0.017005095922980506 0.0045238511281871429 0.014458195008434161 -0.0033536090749496082 0.019803761192760769 -0.0043190437879955567 -0.015927760284735738 0.027664568223338473 0.011926129484236464 -0.008896183012420119 -0.012544049119727936 0.017039533823507678 0.030619887745671998 -0.0067062910268956459 -0.013842418204809132 0.023837570439897111 -0.0094257873287662362
leaf_weight=902.24225983768702 10402.615438180044 1687.2494971454144 8820.9758447539061 1933.9555262029171 434.63659117370844 778.60556150227785 277.82953963428736 1427.7057338356972 443.92682011052966 1487.4296852946281 2049.0225296616554 782.58174855262041 642.87529839575291 2138.0750650987029 1759.1717504784465 2142.937671136111 1252.395333185792 648.24711878597736 2324.7221140488982 3041.1096160132438 279.15947711840272 2275.3779515642673 1928.5865012463182 1344.0245504900813 1786.5761141274124 273.99237870797515 999.52291727438569 4409.1436655707657 257.40247239544988 1046.1064155139029
leaf_count=9061 40494 11367 52153 18560 1571 3101 1875 6531 3707 11441 8972 6386 5501 16937 7963 12019 6786 2849 12807 62917 1214 8678 11070 10216 8648 1537 5941 38647 1726 9127
internal_value=0 -0.00184831 -0.000984928 -0.00266874 -0.00627322 -0.000432215 0.010574 0.00196615 -0.00198235 0.000311274 0.00215531 0.00516274 0.00173409 -0.00900752 -0.001246 0.00410187 -0.00640217 0.00660297 0.000940862 -0.0118393 0.00230013 0.00323041 0.00138978 -0.00381218 0.00166577 -0.00733556 0.00852063 -0.00941564 0.00295726 -0.00285731
internal_weight=0 49575.6 45632.2 32607.3 12485.4 20121.9 2484.14 1705.54 17637.8 13296.6 11609.4 8590.39 6541.36 4341.17 2203.1 5898.49 3018.98 5115.91 2972.97 3943.35 1531.55 13024.9 10749.6 10551.4 4130.12 6421.28 2786.1 5986.64 1577.5 1303.51
internal_count=399802 359308 287330 215429 95973 119456 11507 8406 107949 79342 67975 48534 39562 28607 11670 34061 19441 27675 15656 71978 8000 71901 63223 77413 24805 52608 14589 51037 12390 10853
is_linear=0
shrinkage=0.05


Tree=179
num_leaves=31
num_cat=0
split_feature=7 229 158 234 226 226 230 234 122 226 123 3 6 228 229 144 25 234 234 228 187 3 167 229 232 234 228 3 108 228
split_gain=77.0818 52.9924 50.852 50.8641 102.517 75.3512 67.4205 58.0148 48.0368 42.0988 48.4566 37.1658 36.1912 35.432 34.1076 33.8789 34.8661 54.8339 54.3021 47.9186 46.2089 32.1201 32.7528 31.7658 31.3618 36.3886 33.1179 40.8612 30.7017 30.5843
threshold=1.0000000180025095e-35 0.62673509120941173 -227927.41406249997 0.014099156949669124 -0.011009755544364451 -0.036604972556233399 12.500000000000002 -0.019597630016505715 0.018884704448282722 0.22355348616838458 0.65825966000556957 1054109.5625000002 0.92114999890327465 51.431821823120124 0.73127868771553051 -27.083699226379391 42.265487670898445 -0.023770466446876522 -0.024432662874460217 58.29510688781739 -3.345499992370605 394454.57812500006 5.1169500350952157 0.73127868771553051 2.0778304338455205 0.016835096292197708 89.717739105224624 776599.50000000012 0.055367741733789451 58.253431320190437
decision_type=2 2 2 2 2 2 2 2 2 2 2 2 2 2 2 2 2 2 2 2 2 2 2 2 2 2 2 2 2 2
left_child=1 -1 3 6 5 -5 8 21 14 -2 -11 -4 -7 -9 -3 -10 17 18 28 -19 -20 -8 -23 -6 25 -25 -27 -28 -17 -15
right_child=9 2 11 4 23 12 7 13 15 10 -12 -13 -14 29 -16 16 -18 19 20 -21 -22 22 -24 24 -26 26 27 -29 -30 -31
leaf_value=0.0099399639726460536 0.02373943150777599 0.01548690837470923 -0.00053926047288173568 0.00034388629057855856 -0.015284513195924604 0.052447634391495745 0.0093470882932744897 -0.0073013856883085973 0.012845535629084519 -0.014340279303662176 0.018815061218845266 -0.0049357122558297446 0.020673069243779756 0.02012559444448396 -0.0091034357009835091 -0.0003161569127040142 0.0015970519836405021 -0.0071604092255421296 -0.015430969782212301 0.0016063063229423307 0.04085950969700914 0.047052540119697311 0.0055996978198597745 0.010512761278436656 -0.0089784807376320046 0.0017431339798587764 -0.0013604886576975359 0.034369169362303296 0.014608980210998336 0.0038411112929141265
leaf_weight=1417.6858857646585 543.86881618201733 150.5717501975596 26554.059605721384 518.37060175836086 255.68240540474653 99.556644402444363 201.06429786980152 495.68770769611001 495.82072315365076 211.20800733566284 230.43338879942894 5869.6229812204838 897.48335341364145 391.6817140057683 2221.4953495338559 3981.6782184690237 11714.939468037337 5668.9047918915749 47.783547528088093 2149.8541137240827 153.8242938965559 182.92848713696003 64.437536127865314 1428.3148442395031 575.00129943713546 13348.246347215027 147.94303832948208 174.28731311112642 377.20234607160091 1092.7145723998547
leaf_count=4790 4846 1260 124949 2210 1335 318 624 2931 1863 583 626 32646 2778 1509 21665 18961 54427 32033 194 9696 520 668 210 6490 3429 60215 660 768 1446 5152
internal_value=0 0.000358381 0.000186998 0.00124076 0.0033795 0.0158066 -2.86964e-05 0.00795067 -0.000747409 0.014427 0.00295904 -0.00133515 0.0238458 0.00427298 -0.00754251 -9.19218e-05 -0.000358154 -0.00220844 0.00214879 -0.0047499 0.027518 0.0241898 0.0362543 0.00219728 0.00248246 0.00291892 0.0021255 0.0179649 0.000975412 0.00813803
internal_weight=0 80676.8 79259.2 46835.5 17444.9 1515.41 29390.6 2428.51 26962.1 985.51 441.641 32423.7 997.04 1980.08 2372.07 24590 24094.2 12379.2 4560.49 7818.76 201.608 448.43 247.366 15929.5 15673.8 15098.8 13670.5 322.23 4358.88 1484.4
internal_count=399802 393747 388957 231362 78203 5306 153159 11094 142065 6055 1209 157595 3096 9592 22925 119140 117277 62850 21121 41729 714 1502 878 72897 71562 68133 61643 1428 20407 6661
is_linear=0
shrinkage=0.05


Tree=180
num_leaves=31
num_cat=0
split_feature=6 3 40 15 110 234 225 225 231 231 228 231 36 194 228 225 187 232 3 230 200 228 126 227 227 227 15 12 135 227
split_gain=168.236 122.573 108.063 64.0026 53.3373 63.8424 68.1622 74.5642 82.5845 71.0177 59.3309 54.0907 47.7579 47.158 46.6397 53.1564 48.9987 46.6254 44.0859 43.0919 41.8663 38.2492 37.8961 37.5528 36.1871 35.743 47.0996 42.0512 35.2186 34.9223
threshold=3.1279499530792241 1432360.0625000002 1.4491501450538637 0.4753063172101975 0.70590561628341686 -0.013258881401270626 0.0044434329029172668 -0.012940231710672377 1.9522736072540285 7.0670609474182138 20.885622978210453 3.938590526580811 -77.345905303955064 1.0000000180025095e-35 73.609329223632827 0.051874106749892242 -2.6694999933242793 -1.8838361501693723 713472.09375000012 8.5000000000000018 -0.0090026571415364725 59.520391464233406 0.020887974649667743 0.24029045552015307 0.013518193271011116 -0.059249300509691231 0.057606341317296035 0.0020943251438438897 7.5000000000000009 -0.05856011621654033
decision_type=2 2 2 2 2 2 2 2 2 2 2 2 2 2 2 2 2 2 2 2 2 2 2 2 2 2 2 2 2 2
left_child=1 2 4 20 5 6 7 9 18 25 -7 -10 -13 -8 16 -16 19 -15 24 -12 -2 -4 -22 -23 -9 27 -27 -1 -14 -3
right_child=3 29 21 -5 -6 10 13 8 11 -11 14 12 28 17 15 -17 -18 -19 -20 -21 22 23 -24 -25 -26 26 -28 -29 -30 -31
leaf_value=-0.022251618551927779 -0.00054302961921459821 -0.0014924982883817751 -0.007272545850126615 -0.010716722232448607 -0.0016229333198652465 -0.039478222368256058 -0.03227187206385608 -0.015514586805173397 0.00083694226930473284 -0.024803689628469835 0.0024033925488586212 -0.0026080096307934059 -0.0099281796826365624 -0.021969481581225948 0.013972283647253793 -0.012565580196106063 0.0057671962552449212 0.0074833671293010953 0.0044681242792132111 -0.0067248168664447664 -0.0031319221059047577 0.00032207056935770284 -0.010363554309484008 -0.02945577733862877 -0.037528709302424884 0.0080697550641763462 -0.01027246639834878 0.0082240501244053837 -0.029069023900392343 0.0073721330261505976
leaf_weight=255.2839937582612 17909.036077383906 1259.6598858162761 5304.8968236073852 2374.9180726632476 10882.215803869069 77.658786922693253 80.58481789380312 475.85601998865604 3294.9553371295333 219.22443664073944 6619.7045515477657 1235.9568758457899 629.88167643547058 139.57053814828396 1905.9390410035849 209.4311107210815 10562.590239822865 3607.4921482130885 162.49103972315788 1606.704954944551 15165.970525830984 3473.5196699649096 2057.3500553034246 109.20408126711845 307.18474188446999 3223.1736681610346 392.62045369297266 203.35887698829174 388.57300035655499 9415.2409086190164
leaf_count=808 60706 6341 18127 10082 40656 416 247 1627 12102 926 25878 4097 2199 553 8870 881 48141 13846 578 6016 52475 14132 7019 785 972 11697 1237 661 1210 46678
internal_value=0 0.00142039 0.000474573 -0.0027727 0.00144048 0.00237695 -0.000160025 -0.00219383 -0.00557355 0.00291859 0.00414423 -0.00324627 -0.00921411 0.00557242 0.00430629 0.0113449 0.00351384 0.00638631 -0.0192325 0.000620557 -0.0022357 -0.00457694 -0.00399575 -0.00058558 -0.0241507 0.00441018 0.00607807 -0.00873893 -0.017231 0.00632609
internal_weight=0 66043 55368.1 37507.3 46480.5 35598.2 14616.2 10788.6 6494.9 4293.66 20982 5549.37 2254.41 3827.65 20904.4 2115.37 18789 3747.06 945.532 8226.41 35132.4 8887.62 17223.3 3582.72 783.041 4074.44 3615.79 458.643 1018.45 10674.9
internal_count=399963 269681 216662 130282 183618 142962 52760 38114 22785 15329 90202 19608 7506 14646 89786 9751 80035 14399 3177 31894 120200 33044 59494 14917 2599 14403 12934 1469 3409 53019
is_linear=0
shrinkage=0.05


Tree=181
num_leaves=31
num_cat=0
split_feature=126 233 230 224 227 167 232 227 232 230 6 227 234 232 227 226 194 226 234 233 230 226 231 229 230 23 168 232 230 205
split_gain=187.774 160.273 154.083 171.704 129.72 126.322 150.451 141.045 125.944 121.097 117.471 95.3142 244.236 195.184 259.016 129.03 110.192 93.3425 92.9156 82.2093 135.613 79.296 85.1297 77.3195 130.609 74.9686 73.4421 72.1853 68.8638 67.7073
threshold=0.0083886487409472483 -0.033969070762395852 9.5000000000000018 4.5000000000000009 0.22668402642011645 5.3752498626708993 -0.67935836315155018 -0.036407448351383202 -1.5185908079147337 3.5000000000000004 1.7644500136375429 0.1475668400526047 0.0034438427537679677 0.39682576060295111 0.013024828396737577 0.012463098857551815 0.10049241781234743 -0.036604972556233399 -0.015399204567074774 -0.010471692774444817 6.5000000000000009 -0.038447357714176171 0.88830339908599865 0.98052480816841137 1.5000000000000002 49.033807754516609 -1.0000000180025095e-35 0.080501284450292601 9.5000000000000018 -1.0000000180025095e-35
decision_type=2 2 2 2 2 2 2 2 2 2 2 2 2 2 2 2 2 2 2 2 2 2 2 2 2 2 2 2 2 2
left_child=1 2 8 -4 5 6 7 18 23 -6 17 13 16 14 15 -12 -13 -3 -2 20 -9 -8 28 24 -1 -10 -20 -27 -23 -18
right_child=4 10 3 -5 9 -7 21 19 25 -11 11 12 -14 -15 -16 -17 29 -19 26 -21 -22 22 -24 -25 -26 27 -28 -29 -30 -31
leaf_value=-0.020405655077597808 -0.019177869502475339 0.0021766357086918354 -4.0504435378622068e-05 0.034931274676087802 -0.0072000210041108306 0.0054447829307955574 -0.023934140070585627 0.015997721483052965 -0.011474109135870264 0.020745047744803236 -0.00065141333566038219 0.034312447263737604 0.0078537754026123778 -0.01541260791485239 0.021073125249470082 -0.015141616022402542 0.017056040152123624 -0.01367162601048936 -0.0070700139974076252 -0.002495001685766913 -0.018529953577363454 -0.020238835590100854 -0.0023959472358239375 0.020269384597165749 0.013613493750497594 0.013000440627877372 0.015397448518656279 -0.0103525641233553 0.019711461824633819 -0.024805254663784984
leaf_weight=446.92774764820933 862.643559968099 1124.4504732694477 673.14893193170428 733.3567201346159 506.61289911344647 11191.54793542996 590.22193048521876 3100.797491312027 2275.2214675918221 1651.2312847226858 5337.5551871918142 97.129078444093466 4421.4060963075608 3555.5070270076394 1108.483135452494 2157.2519320156425 106.04439280927181 5347.5297007989138 979.07451483979821 1176.5283334199339 313.10157347470522 1169.3317852523178 6042.4405262209475 924.27561486512423 765.21251084282994 800.64448558911681 578.7266150303185 564.00918358191848 118.82933127135038 1083.9053121153265
leaf_count=3230 6278 10474 5007 2758 2040 48443 4764 12642 17548 6159 37166 337 19420 37746 4903 19793 350 63223 9045 8276 2039 8327 44536 3187 3117 4228 3216 3654 609 7448
internal_value=0 -0.00320977 0.0033532 0.0181939 0.00240192 0.00142868 -0.00158145 0.00375327 -0.000260459 0.0141842 -0.00514658 -0.00305598 0.00227374 -0.00555825 -0.00148571 -0.00482217 -0.0168949 -0.0109181 -0.00601328 0.00890298 0.0128311 -0.00630331 -0.00488377 0.00937639 0.00107031 -0.00591678 0.0012767 0.00334868 -0.0165535 -0.0210747
internal_weight=0 31522.1 7182.8 1406.51 28281.1 26123.2 14931.7 7010.87 5776.29 2157.84 24339.3 17867.3 5708.48 12158.8 8603.29 7494.81 1287.08 6471.98 2420.44 4590.43 3413.9 7920.82 7330.6 2136.42 1212.14 3639.88 1557.8 1364.65 1288.16 1189.95
internal_count=399963 243589 42729 7765 156374 148175 99732 41496 34964 8199 200860 127163 27555 99608 61862 56959 8135 73697 18539 22957 14681 58236 53472 9534 6347 25430 12261 7882 8936 7798
is_linear=0
shrinkage=0.05


Tree=182
num_leaves=31
num_cat=0
split_feature=234 227 230 225 228 226 227 117 229 13 230 230 225 188 41 228 232 234 227 25 228 234 144 14 187 228 225 234 228 234
split_gain=55.4548 106.413 118.54 105.906 93.1978 76.79 69.8814 63.0181 61.4516 59.2626 58.703 56.5475 78.0569 72.9259 62.9229 59.6476 53.0853 103.713 89.8064 72.9213 72.5114 66.6391 70.6393 54.2209 53.4924 52.8317 53.1269 52.8057 66.1509 53.5267
threshold=0.014099156949669124 0.146713562309742 1.5000000000000002 0.069071818143129363 45.157526016235359 -0.036604972556233399 0.19604091346263888 1.0000000180025095e-35 0.70993450284004223 0.008094570133835079 8.5000000000000018 12.500000000000002 0.0037611918523907666 0.45749999582767492 0.019718584604561332 39.999382019042976 0.84895637631416332 -0.010293399915099142 -0.076281689107418046 25.656912803649906 74.275436401367202 -0.011504785157740114 -17.030949592590328 -0.087936371564865098 -4.8754999637603751 58.897331237792976 -0.016739149577915665 0.017777269706130031 59.779829025268562 0.020173079334199432
decision_type=2 2 2 2 2 2 2 2 2 2 2 2 2 2 2 2 2 2 2 2 2 2 2 2 2 2 2 2 2 2
left_child=8 3 -3 4 5 -2 7 -4 -1 -7 27 14 13 15 -10 -13 17 18 24 -19 -18 22 -20 -23 -16 26 -24 28 -6 -29
right_child=1 2 6 -5 10 9 -8 -9 11 -11 -12 12 -14 -15 16 -17 20 19 21 -21 -22 23 25 -25 -26 -27 -28 29 -30 -31
leaf_value=0.0072725448879614827 -0.0038076974662924162 0.0045322050204906318 -0.0052949770189937035 0.030374844581406758 -0.00079431674815771524 0.027025972715146892 -0.015897871579046222 0.015824576198500192 -0.0071493486564278563 0.0070412868364462455 0.0072745524066594475 -0.014948677551696141 -0.0028990044286807577 -0.0058104232454902968 -0.0044991120905577804 0.018894222460189274 0.0039799046783685482 -0.011832621512948657 0.0065106984073347004 -0.0030534578347593423 -0.010023120802173817 0.045161906932073864 0.0016447205361455278 0.0080846880714856208 0.024068065913812914 0.0056585467924694238 -0.0056209712911059707 -0.0096199867549323012 0.015222417605057218 0.0007749359157213845
leaf_weight=2424.3964000456035 471.1350184828043 4001.5638979002833 3972.9759735278785 378.83499347418547 1259.1512001603842 950.6201364248991 1509.9778981991112 387.67826935648918 4299.578067202121 608.35687324404716 4971.3358668982983 142.08401184901595 1800.672585401684 491.3179162889719 222.63728900998831 1556.1005537994206 8532.0384127795696 3221.0593083836138 2791.8645759820938 8903.0770829543471 1036.8367779478431 131.25016728043556 3603.4920373260975 396.41691524907947 620.80506874620914 1847.1073533594608 8336.3075419068336 1414.1155512593687 1320.950495954603 9967.7001806907356
leaf_count=9617 2450 14765 18631 3672 6098 3068 9669 1135 40804 1882 21119 890 9649 1725 805 5975 34372 18814 11365 46548 4647 424 15736 1551 2335 8498 44924 7380 4934 46481
internal_value=0 0.00218839 -0.00210404 0.00417393 0.00370045 0.0138816 -0.00662746 -0.00341737 -0.000493869 0.0192274 0.00260878 -0.000886688 0.00481243 0.0111544 -0.00140419 0.0160626 -0.000781087 -0.00181316 0.000599995 -0.00538585 0.0024626 -0.000185314 -0.000742062 0.0173072 0.0165274 -0.00221075 -0.00342815 0.000947467 0.00740587 -0.000516565
internal_weight=0 31214.4 9872.2 21342.2 20963.4 2030.11 5870.63 4360.65 50357 1558.98 18933.3 47932.6 3990.18 2189.5 43942.5 1698.18 39642.9 30074 17949.9 12124.1 9568.88 17106.4 16578.8 527.667 843.442 13786.9 11939.8 13961.9 2580.1 11381.8
internal_count=399963 141284 44200 97084 93412 7400 29435 19766 258679 4950 86012 249062 18239 8590 230823 6865 190019 151000 85638 65362 39019 82498 80523 1975 3140 69158 60660 64893 11032 53861
is_linear=0
shrinkage=0.05


Tree=183
num_leaves=31
num_cat=0
split_feature=29 36 29 200 24 133 234 233 29 15 24 227 232 228 234 233 234 155 229 232 225 24 228 228 225 231 231 233 227 224
split_gain=165.085 115.775 102.959 102.916 70.1012 58.3692 52.09 51.6672 50.5648 47.2552 54.023 46.8706 71.4688 64.6933 49.8589 47.4399 53.8463 46.0859 42.5579 47.6178 41.6093 49.6631 38.8231 40.5184 45.6434 44.2957 43.4996 38.8089 55.9159 35.7298
threshold=0.056574741378426559 -1.0000000180025095e-35 0.018618061207234863 -0.025532457977533337 52.397996902465827 0.73009091615676891 0.045627111569046981 0.15564788877964023 0.097001574933528914 -0.15706985443830487 12.077085018157961 0.015387311577796938 -0.1852077171206474 78.524261474609389 0.0058956164866685876 -0.022938567213714119 -0.010293399915099142 0.46837796270847326 1.6979064345359804 1.8587934970855715 0.02233131788671017 10.534208774566652 20.885622978210453 37.995595932006843 0.023182467557489875 0.47908110916614538 0.45918662846088415 0.052395891398191459 0.23590777069330218 4.5000000000000009
decision_type=2 2 2 2 2 2 2 2 2 2 2 2 2 2 2 2 2 2 2 2 2 2 2 2 2 2 2 2 2 2
left_child=1 2 -1 9 7 8 11 -5 18 -4 -11 13 -13 15 -14 16 -6 -3 19 20 21 -2 29 24 -24 26 -25 -8 -29 -12
right_child=5 17 3 4 6 -7 27 -9 -10 10 22 12 14 -15 -16 -17 -18 -19 -20 -21 -22 -23 23 25 -26 -27 -28 28 -30 -31
leaf_value=0.013964376727067924 0.0036269532826544411 -0.030941537082797017 -0.00235826016679936 0.00095142969340072025 -0.0038530816346045837 -0.0096056906344680511 0.011044641760644538 0.012112852569766481 -0.015535113868383644 0.0098436633263590881 -0.0035827112219778581 -0.023786632789569273 0.0019685023644470168 0.010478783342838379 -0.0067381698347552567 -0.00037105533496659441 -0.019379359574195492 -0.008696700385095511 -0.018392976227020717 0.0095116123426724972 0.0063732824393420004 -0.0046916811046380028 0.0051355005779040756 -0.0042763600470564949 0.01886592541959424 0.0026357723623527869 -0.037704619321749885 0.0016728566647707833 -0.028900050390815297 -0.036874989366455051
leaf_weight=1533.4119428023696 2151.910203114152 309.17079928144813 3612.9807824641466 20379.801982108504 2244.5549505054951 3938.0080392993987 1091.599031560123 1092.4286352321506 745.61528562754393 3190.870309907943 317.99972034990788 522.96689681708813 2114.7589721977711 1083.3332787901163 7391.1015181615949 8321.1826726309955 743.35946124792099 943.02921316772699 395.53216128796339 879.43090572953224 1213.6885721236467 10793.374120406806 6291.9741804748774 1131.5349998027086 669.69331906735897 17468.239336561412 106.47661726921797 2533.1211393177509 158.93914577364922 107.94748051464558
leaf_count=14204 6340 1447 13150 82454 8049 15248 3939 3738 2658 12747 1212 1894 7837 4274 29076 34068 2755 4122 1741 2549 3636 32516 25167 4335 2793 68068 549 8681 555 581
internal_value=0 0.000899764 0.00112988 0.000885624 -0.00059874 -0.00414661 -0.00233424 0.00151928 -0.0028179 0.00303684 0.00370246 -0.00325 -0.00579123 -0.00119346 -0.00480121 -0.00231158 -0.00771584 -0.014189 -0.00220354 -0.00177773 -0.00247892 -0.00330886 0.00295149 0.00319993 0.00645633 0.00198804 -0.0071514 0.00309238 -0.000132167 -0.0120199
internal_weight=0 83360.5 82108.3 80574.9 47677.1 20117.6 26204.9 21472.2 16179.6 32897.7 29284.7 22421.3 10028.8 12392.4 9505.86 11309.1 2987.91 1252.2 15433.9 15038.4 14159 12945.3 26093.9 25667.9 6961.67 18706.3 1238.01 3783.66 2692.06 425.947
internal_count=400383 335695 330126 315922 187320 64688 101128 86192 49440 128602 115452 87953 38807 49146 36913 44872 10804 5569 46782 45041 42492 38856 102705 100912 27960 72952 4884 13175 9236 1793
is_linear=0
shrinkage=0.05


Tree=184
num_leaves=31
num_cat=0
split_feature=124 29 230 233 232 232 232 152 234 234 233 230 230 233 232 230 231 3 126 231 231 234 229 234 234 229 229 14 233 225
split_gain=188.868 146.787 128.54 270.809 182.464 196.624 142.746 221.809 132.484 230.082 117.964 114.257 109.721 107.069 216.359 126.471 101.617 92.9293 92.1306 130.887 86.8807 85.5089 81.7514 81.5148 80.9196 140.989 77.2109 76.3304 76.3154 68.5685
threshold=0.025105122476816181 0.026309173554182056 1.5000000000000002 0.066189184784889235 0.72416734695434581 0.12601654231548312 -1.6804370880126951 0.005317187402397395 -0.033350853249430649 -0.026886546984314915 -0.033579252660274499 2.5000000000000004 8.5000000000000018 -0.033579252660274499 -0.057415185496211045 10.500000000000002 19.428225517272953 1173635.3750000002 0.015401662793010475 1.1847185492515566 1.2463098764419558 -0.011276395060122011 0.94390001893043529 -0.020229829475283619 -0.013447812292724846 1.0581321120262148 0.85096094012260448 0.25412227213382726 -0.022938567213714119 -0.0096355071291327459
decision_type=2 2 2 2 2 2 2 2 2 2 2 2 2 2 2 2 2 2 2 2 2 2 2 2 2 2 2 2 2 2
left_child=1 28 3 4 5 8 11 13 -3 -10 -9 22 17 14 15 26 29 21 19 -12 -15 -13 -4 -22 -11 -26 -8 -6 -1 -5
right_child=-2 2 6 16 27 -7 7 10 9 24 18 12 -14 20 -16 -17 -18 -19 -20 -21 23 -23 -24 -25 25 -27 -28 -29 -30 -31
leaf_value=-3.6965944826549771e-05 0.0056188349898933319 -0.022471054494544007 -0.01839010704694799 0.049621772244603943 -0.024419997165615621 0.029429716495476169 0.03240035833229004 0.015693560247629728 0.019057314788226996 -0.019765156413070153 0.010835758574724104 0.02106209078711381 -0.021532110454236988 -0.0010775887086037826 -0.013690612670606601 0.040266503829694524 -0.02548642326251855 -0.0023810075361725374 0.007654433255065542 -0.0037583255850007998 -0.024992276034301805 0.003710902601041303 0.011657112359697807 -0.0095841834831873248 0.0032180508793437333 -0.01970762126205761 0.0025435736017295932 -0.0056097180359224921 -0.016658534429345787 0.013354144753272635
leaf_weight=969.52733927592635 10374.024175632745 1092.4081203751266 636.8591472543776 144.04667983204126 2113.2780666202307 401.80467391386628 241.71551674604416 1630.890119638294 940.55560513585806 1126.3668122384697 1883.1488912813365 2595.1124466508627 245.19976285099983 2503.4944771938026 1612.6599179133773 297.77589365839958 156.72952350974083 816.61206721886992 4297.3051225040108 8341.6891469247639 1024.690519226715 977.51858812570572 351.2148056179285 5288.67552421242 2099.0049553383142 985.48881409130991 2078.7871737666428 724.12089496105909 2400.1099316533655 1368.0749555192888
leaf_count=10051 40373 8217 4963 673 18379 1816 895 7767 3953 9101 8956 8530 1773 14548 12073 1259 1041 3546 18937 58611 9405 5274 2079 46447 17356 10159 11163 2448 54322 6268
internal_value=0 -0.00180299 -0.00106471 -0.00573655 -0.00900516 -0.00447329 0.000431413 -0.000973292 -0.00665503 -0.00330109 0.00294325 0.00772682 0.0110179 -0.00582193 0.000716463 0.00959012 0.0128369 0.0128363 0.00151135 -0.00107048 -0.00895951 0.0163146 -0.0077097 -0.012085 -0.00829516 -0.00410665 0.00565361 -0.0196195 -0.0118761 0.016809
internal_weight=0 49344.9 45975.2 11151.9 9483.03 6645.63 34823.3 29200.8 6243.82 5151.42 16153 5622.52 4634.44 13047.8 4230.94 2618.28 1668.85 4389.24 14522.1 10224.8 8816.86 3572.63 988.074 6313.37 4210.86 3084.49 2320.5 2837.4 3369.64 1512.12
internal_count=400383 360010 295637 79411 71429 50602 216226 190061 48786 40569 94271 26165 19123 95790 25390 13317 7982 17350 86504 67567 70400 13804 7042 55852 36616 27515 12058 20827 64373 6941
is_linear=0
shrinkage=0.05


Tree=185
num_leaves=31
num_cat=0
split_feature=7 158 233 225 233 17 228 232 25 226 228 234 227 230 23 228 12 225 27 225 224 225 29 227 232 165 228 227 154 183
split_gain=54.08 48.7263 43.7672 71.6712 91.0131 79.8582 89.4885 65.5922 54.818 53.2568 71.1954 72.6577 67.1366 55.819 50.9355 47.5076 41.4997 39.2003 45.083 38.8253 44.8353 38.4278 37.8549 35.8737 46.0491 38.9493 38.1662 44.917 35.6036 35.2403
threshold=1.0000000180025095e-35 -227927.41406249997 -0.00297881884034723 -0.00054045068100094784 -0.01240761950612068 -0.055618183687329285 50.77893257141114 1.6881025433540346 42.265487670898445 -0.013697971124202011 36.259489059448249 0.0082770409062504786 0.19604091346263888 1.5000000000000002 46.777816772460945 33.779111862182624 -0.051775975152850144 0.20679578930139544 1.3786303997039797 -0.014302461873739956 1.5000000000000002 -0.0041197235696017733 0.020011634565889839 0.038397464901208885 0.84895637631416332 451.04734802246099 84.434806823730483 0.014117280486971142 -9.6972193717956525 4.4999999317951742e-06
decision_type=2 2 2 2 2 2 2 2 2 2 2 2 2 2 2 2 2 2 2 2 2 2 2 2 2 2 2 2 2 2
left_child=1 2 3 4 5 6 16 8 -5 10 11 -4 19 -14 -6 -13 -1 -2 -19 20 -11 -21 -3 26 25 -25 27 -23 -8 -7
right_child=17 22 9 7 14 29 28 -9 -10 12 -12 15 13 -15 -16 -17 -18 18 -20 21 -22 23 -24 24 -26 -27 -28 -29 -30 -31
leaf_value=0.01808786905055523 0.021593239599201994 -0.012789450624729399 -0.0047898823240350077 -0.011116600244061079 -0.014532819968995733 -0.0017152798477476827 0.039567764469816608 0.01436756839456396 -0.0019820753934638486 0.022333307561837597 0.013294655236417619 0.0214076825014098 0.0017747603896947784 -0.016618252591588101 0.00044305654898923915 -0.0080883606208089816 0.0020512163619413409 -0.010884070988735992 0.02216071941273369 -0.0039307595333681637 0.0050670074473303682 0.002175212450789736 -0.00089275077575422072 0.0089404401745451067 0.0033414810288653627 0.033463113472558252 -0.012855725725395496 -0.011131437125739024 0.015260917913650343 0.006262302835329088
leaf_weight=561.19328767806292 518.8044644780457 682.81354663521051 1617.2552987858653 2715.2096555531025 1112.6502439379692 3810.8895068466663 330.25112578645349 437.88148537278175 4157.1120927594602 432.44438576325774 2466.5541533641517 555.35895873233676 768.18161041289568 890.86048717424273 1159.4090840369463 181.00712266564369 1434.9442955441773 279.02245798707008 163.81375050544739 2821.3594088926911 2879.3358583413064 6009.340371940285 32271.471724618226 570.98052586242557 8762.9326928779483 226.01618225127459 556.41267327219248 709.00368494912982 277.0238966345787 2174.0587072968483
leaf_count=2122 4850 8718 9442 16654 7876 20073 1122 1344 21759 1479 9374 2454 2679 5900 5917 809 7079 770 446 13727 11434 31096 151143 2862 41083 842 2952 3674 885 9818
internal_value=0 0.000338795 0.00136169 -0.000568038 0.00200828 0.00436253 0.0116728 -0.00439554 -0.00559107 0.00255245 0.00735874 0.00113801 0.00161172 -0.00810179 -0.00689078 0.0141572 0.00655975 0.0122665 0.00133984 0.00231336 0.0073216 0.00146954 -0.00113925 0.00237459 0.00438802 0.0158947 -0.000271312 0.000770928 0.0284796 0.00118261
internal_weight=0 80572 47617.7 18170.6 10860.4 8588.36 2603.41 7310.2 6872.32 29447 4820.18 2353.62 24626.9 1659.04 2272.06 736.366 1996.14 961.641 442.836 22967.8 3311.78 19656 32954.3 16834.7 9559.93 796.997 7274.76 6718.34 607.275 5984.95
internal_count=400383 394317 234456 94649 54892 41099 11208 39757 38413 139807 22079 12705 117728 8579 13793 3263 9201 6066 1216 109149 12913 96236 159861 82509 44787 3704 37722 34770 2007 29891
is_linear=0
shrinkage=0.05


Tree=186
num_leaves=31
num_cat=0
split_feature=29 117 25 15 35 230 227 233 29 29 232 230 227 225 232 25 186 3 225 28 205 227 227 3 231 229 7 229 233 232
split_gain=152.813 103.801 85.1007 81.0402 71.5645 63.8 118.226 142.852 61.7951 60.7869 55.4856 52.756 48.9564 103.127 66.0352 48.6758 45.8442 42.023 41.9048 40.3299 39.7757 46.3791 66.7508 49.1571 78.3927 66.3237 42.3823 37.9311 43.5396 54.7374
threshold=0.048884123563766486 1.0000000180025095e-35 42.265487670898445 -0.14733415096998212 73.932949066162124 9.5000000000000018 -0.017081287689507004 -0.030141824856400486 0.018618061207234863 0.078858997672796263 1.9546461105346682 12.500000000000002 0.015387311577796938 0.017151476815342907 0.1648615896701813 8.676734924316408 0.50644999742507946 1294313.5625000002 0.048409214243292815 0.22686907649040225 -0.00015079999866429714 0.16558407247066501 0.15962687879800799 721953.53125000012 1.1058318614959719 0.8676968812942506 1.0000000180025095e-35 1.1289640069007876 -0.01175938034430146 0.080501284450292601
decision_type=2 2 2 2 2 2 2 2 2 2 2 2 2 2 2 2 2 2 2 2 2 2 2 2 2 2 2 2 2 2
left_child=1 2 3 -1 9 17 7 -7 -4 10 15 -9 13 27 16 -2 -14 18 19 -5 -16 22 26 24 25 -23 -22 28 29 -10
right_child=4 -3 8 5 -6 6 -8 11 12 -11 -12 -13 14 -15 20 -17 -18 -19 -20 -21 21 23 -24 -25 -26 -27 -28 -29 -30 -31
leaf_value=-0.0019658011015809217 0.0076177587907306351 -0.015084550462119418 0.01236169096777226 0.004022061048964457 -0.0071596306324795125 -0.038619987084547031 0.0062807804283615126 0.0090783245095407954 -0.0069782174867198581 -0.0080742404144558636 0.010714387073944136 -0.010909949182582812 -0.02560735749871746 0.0095093519213400278 0.015465323047044214 -0.0018117057397608707 -0.0042303410970431056 0.0099883690611540354 -0.019692644615684082 0.012320209452215333 -0.0019752347355138887 0.0038787307356893982 -0.01520331882500329 0.0084103121165285157 0.0028125426969148049 -0.027238788930372772 -0.031565222165864597 0.0051399628033839892 0.0011728062403481812 0.0040980149319541246
leaf_weight=5312.37686932832 1460.2955946922302 949.07196294143796 989.51225812360644 12422.473835907876 7239.2947598211467 361.14895197749138 2533.3387213721871 530.40549798309803 4757.2334377914667 3177.5027939043939 1016.5394169129431 874.18405792117119 492.11921263486147 3259.4853598028421 338.47527562081814 21797.511035040021 511.45906025916338 5097.5151047930121 173.93824395909905 1659.8584367632866 9624.858387619257 268.78473592549562 1126.3456895425916 1923.245068512857 2246.2100468277931 471.83322215080261 122.55483401194215 2793.2367905899882 8165.1748873516917 1457.0604378134012
leaf_count=20702 4417 4200 8948 53430 25852 1841 11224 2623 17783 10775 2974 3408 1857 15488 1086 65148 1938 25992 797 5790 37286 912 3710 7327 7903 1459 2058 11851 35275 5859
internal_value=0 0.00133607 0.0015669 0.00361478 -0.00273734 0.00486816 -0.000641611 -0.0105733 2.8098e-05 -0.00157114 -0.000719892 -0.00336191 -0.000296845 0.00135585 -0.00226861 -0.00121965 -0.0147129 0.00609205 0.00469888 0.00500015 -0.00149398 -0.00185766 -0.00367895 0.00217574 -0.00183876 -0.0159456 -0.00234727 -0.000191738 -0.00122743 -0.00438118
internal_weight=0 68461.9 67512.8 28965.2 34691.1 23652.9 4299.08 1765.74 38547.6 27451.8 24274.3 1404.59 37558.1 20432.2 17125.9 23257.8 1003.58 19353.8 14256.3 14082.3 16122.3 15783.8 10873.8 4910.07 2986.83 740.618 9747.41 17172.7 14379.5 6214.29
internal_count=399913 290747 286547 125807 109166 105105 19096 7872 160740 83314 72539 6031 151792 86256 65536 69565 3795 86009 60017 59220 61741 60655 43054 17601 10274 2371 39344 70768 58917 23642
is_linear=0
shrinkage=0.05


Tree=187
num_leaves=31
num_cat=0
split_feature=40 29 232 234 234 232 234 14 142 15 233 232 231 233 226 226 11 234 229 234 232 232 232 231 226 15 233 12 224 231
split_gain=175.851 172.208 143.645 286.459 190.091 235.598 459.28 161.454 133.852 125.492 93.6355 92.5929 89.0462 273.81 124.039 146.414 107.239 89.5704 81.0401 111.566 101.618 79.6812 79.4502 84.0308 83.3987 120.262 96.7014 95.8926 94.9496 79.3709
threshold=3.3360530138015752 0.067183777689933791 0.24266439676284793 0.0058956164866685876 0.014099156949669124 -0.43770533800125117 0.025395309552550319 -0.0095605677925050241 15.571549892425539 0.051840271800756461 0.08063810691237451 1.1673411130905154 1.6195982098579409 0.055097302421927459 0.11911282315850259 0.064910467714071288 -0.024781396612524983 0.018749905750155452 1.0185583233833315 -0.010293399915099142 -0.42470620572566981 1.8070582151412966 -0.23671387135982511 1.3103861808776858 -0.036979217082262032 -0.10525513812899588 -0.050984976813197129 -0.015095635782927273 3.5000000000000004 1.1966030001640322
decision_type=2 2 2 2 2 2 2 2 2 2 2 2 2 2 2 2 2 2 2 2 2 2 2 2 2 2 2 2 2 2
left_child=1 2 4 -4 7 -6 -7 22 -8 10 -5 -12 16 -14 15 -15 -11 -17 19 -9 29 -16 23 -1 25 27 -26 -25 -29 -20
right_child=-2 -3 3 9 5 6 8 18 -10 12 11 -13 13 14 21 17 -18 -19 20 -21 -22 -23 -24 24 26 -27 -28 28 -30 -31
leaf_value=0.0080646024094339144 0.015094152459705194 0.0055296658421824891 -0.015189608349685815 -0.019450177980921832 -0.020084847364442122 -0.015747445508335008 -0.025157086486999491 0.0018080510658264539 0.046071930140648164 -0.013862499252308348 0.020963438426668306 -0.0080030135463693176 -0.018118486800212188 -0.0014113061776723967 -0.016377787397155286 0.0020357737337248112 0.014005483759210081 0.020786776821183361 0.019350951205494543 0.015231121491383177 -0.016597424227826618 0.0028520017971846519 -0.012387441818436108 0.0028513261643167754 0.016529789988500642 -0.005311068397035176 -0.007943651438861863 0.034250064969446409 0.001672270977683741 -0.0031137387444502107
leaf_weight=2582.2989736702293 1754.0517647843808 8646.7837208658457 5381.9550551678985 1540.5033330544829 2340.4565661028028 1068.2584347575903 74.643976030871272 2501.16484654136 566.64135739952326 417.97599641606212 336.05652398243546 1540.7950278986245 1999.1271623894572 2954.9974203575402 1182.6393735893071 960.33822248876095 1982.9231160245836 1890.852496791631 668.64360140450299 4061.9898784589022 704.68745053932071 989.3603839315474 1443.5067479182035 1697.9607338681817 436.68754926323891 2456.0102548394352 5331.7886877395213 622.5962809138 349.05504308268428 954.42909189686179
leaf_count=14534 6339 29939 46384 27504 25054 10255 1631 14297 2954 1964 3264 14528 15881 19443 7115 5487 7954 6479 3590 22835 5987 4079 14040 10381 1966 17837 46184 2693 3220 6095
internal_value=0 -0.000976213 -0.00212337 -0.00522726 0.00023595 -0.00977818 0.00433221 0.00193926 0.0377811 -0.00183284 -0.0103148 -0.00281647 0.000508833 -0.00157148 0.00257477 0.0063879 0.00915391 0.0144711 0.00727281 0.0101157 -0.000742753 -0.00761849 -0.00123905 -4.49099e-05 -0.00196716 0.00267384 -0.00609095 0.0100199 0.0225469 0.00614085
internal_weight=0 57685.1 49038.3 21177.5 27860.8 4050 1709.54 23810.8 641.285 15795.6 3417.35 1876.85 12378.2 9977.32 7978.19 5806.19 2400.9 2851.19 8890.91 6563.15 2327.76 2172 14919.9 13476.4 10894.1 5125.62 5768.48 2669.61 971.651 1623.07
internal_count=399913 393574 363635 160082 203553 39894 14840 163659 4585 113698 45296 17792 68402 58484 42603 31409 9918 11966 52804 37132 15672 11194 110855 96815 82281 34131 48150 16294 5913 9685
is_linear=0
shrinkage=0.05


Tree=188
num_leaves=31
num_cat=0
split_feature=118 42 158 233 225 233 134 234 25 23 231 231 226 154 226 151 231 228 233 151 233 228 226 233 3 12 225 157 225 186
split_gain=57.7232 50.9852 46.9455 52.1648 68.7609 69.7935 66.5102 57.2147 54.9298 52.5642 50.1491 51.4901 87.1325 59.5012 43.1751 55.2197 41.5623 51.151 59.3145 74.7247 42.4379 41.4379 66.9804 38.4571 36.6968 36.3595 34.1264 66.7131 55.884 33.9262
threshold=1.0000000180025095e-35 1.7782035470008852 -172666.09374999997 -0.00297881884034723 -0.00054045068100094784 -0.01240761950612068 18.500000000000004 0.042032595723867423 42.265487670898445 46.777816772460945 0.35102181136608129 3.706863641738892 -0.02938740327954292 -10.472712039947508 0.034406417980790145 14.902893066406252 4.9751298427581796 82.401290893554702 0.13843647390604022 4.5348856449127206 0.16621023416519168 35.280538558959968 -0.018953709863126274 -0.0018069077050313351 2566480.8750000005 0.14042272418737414 0.0083453790284693258 0.56458333134651195 -0.0223178481683135 0.57005000114440929
decision_type=2 2 2 2 2 2 2 2 2 2 2 2 2 2 2 2 2 2 2 2 2 2 2 2 2 2 2 2 2 2
left_child=2 -2 3 4 5 6 -1 8 -6 -7 -5 12 13 -12 23 -16 -13 18 26 20 -20 -8 -23 -14 25 -4 27 28 -18 -10
right_child=1 -3 24 10 7 9 21 -9 29 -11 11 16 14 -15 15 -17 17 -19 19 -21 -22 22 -24 -25 -26 -27 -28 -29 -30 -31
leaf_value=0.0012494832945573466 0.018691196836200807 0.0030776176222678578 -0.00063198166829088736 -0.011109772988688364 -0.011195500404684264 -0.013776541554113975 0.005062448683382975 0.013143655990389061 0.00090155444935906097 0.001177938762620458 0.034082337624374855 -0.0044509969969672315 0.023548162181532547 0.00893774210570061 0.00035952556419624032 0.025281889891851195 -0.012203362570145905 -0.0051228451887691253 -0.0048356529373220934 -0.0037100136446829774 0.027155480336530993 0.026624232702311169 -0.0072021222558410472 0.0026909926040674325 -0.0077059932561025814 -0.013201630255581409 0.0033989316817079653 0.022863456998692806 0.01117876689966682 -0.0086510818279360996
leaf_weight=6827.3484628014266 765.16230730712414 1651.0539378970861 27319.086864072829 670.65287102013826 2786.563711438328 1146.7937669418752 1072.7985062263906 425.48427659273148 2892.7408554404974 1205.0820380337536 394.67499794065952 3288.6280885823071 224.53991620987654 582.543028306216 397.33776570856571 504.4022096991539 347.26903944462538 2016.0115725807846 149.70754368975759 3201.4182095117867 337.07235718518496 708.8836765140295 184.41651122272015 14046.640246301889 2129.6129233427346 587.70012177154422 2323.9859830550849 867.97121627628803 967.4306952431798 1369.4782658144832
leaf_count=32881 2393 5653 132271 3626 17257 8206 5170 1310 14289 6152 1232 17857 742 1902 1784 1860 1736 10871 647 12558 1299 2892 1211 70680 13962 2271 11470 2812 4740 8179
internal_value=0 0.00802209 0.000176581 0.0011316 -0.000951496 0.00153675 0.003583 -0.00466187 -0.00573666 -0.00611399 0.00241082 0.00271664 0.00462164 0.019093 0.0036896 0.0143002 0.000437606 0.00201209 0.00376735 -0.000934841 0.0173167 0.0116862 0.019641 0.00301916 -0.00137948 -0.000896691 0.00761556 0.0121052 0.00500254 -0.00216777
internal_weight=0 2416.22 78976.3 48939.9 18619.6 11145.3 8793.45 7474.27 7048.78 2351.88 30320.3 29649.6 16150.1 977.218 15172.9 901.74 13499.5 10210.9 8194.86 3688.2 486.78 1966.1 893.3 14271.2 30036.4 27906.8 4506.66 2182.67 1314.7 4262.22
internal_count=399913 8046 391867 243363 97547 56512 42154 41035 39725 14358 145816 142190 78200 3134 75066 3644 63990 46133 35262 14504 1946 9273 4103 71422 148504 134542 20758 9288 6476 22468
is_linear=0
shrinkage=0.05


Tree=189
num_leaves=31
num_cat=0
split_feature=6 3 167 29 36 162 233 152 233 227 227 227 232 226 3 233 232 225 188 29 229 16 156 231 162 234 229 218 225 41
split_gain=147.646 108.281 86.3952 56.72 55.1643 53.3714 52.1225 54.073 51.5253 62.1842 85.5968 60.1329 68.5683 55.0283 53.9445 51.8476 53.0476 47.3361 55.3783 46.1518 43.5073 42.7551 42.4226 40.0128 39.2285 37.5217 56.1453 42.179 43.6752 36.4505
threshold=3.2483500242233281 739386.75000000012 4.2462501525878915 0.025933668017387394 -1.0000000180025095e-35 9.1948065757751483 -0.010964763816446064 -0.066416919231414781 -0.01175938034430146 0.013024828396737577 0.074296515434980406 0.22668402642011645 1.0157563090324404 -0.018953709863126274 368793.50000000006 -0.039505766704678529 -0.057415185496211045 0.035813927650451667 0.60249999165534984 0.073331456631422057 0.79637587070465099 -0.018474549055099484 0.13631490617990497 1.0998837351799013 4.8623859882354745 -0.031190510839223858 0.91174501180648815 1.0000000180025095e-35 0.011972264852374794 0.061916135251522071
decision_type=2 2 2 2 2 2 2 2 2 2 2 2 2 2 2 2 2 2 2 2 2 2 2 2 2 2 2 2 2 2
left_child=1 2 8 -3 19 -5 22 -8 9 15 13 17 14 29 -13 16 25 -10 -19 21 -17 -2 -4 -12 -9 27 -27 28 -1 -11
right_child=4 3 6 5 -6 -7 7 24 11 10 23 12 -14 -15 -16 20 -18 18 -20 -21 -22 -23 -24 -25 -26 26 -28 -29 -30 -31
leaf_value=-0.011677842572244329 0.0010431818788001906 0.0093205289378354809 -0.002558662614388453 0.008753435074407399 -0.018247840452564851 0.0015634457173166875 0.011761599269283721 0.0074105781112792481 0.0051260311011813416 0.013456124066975054 -0.01713832201075037 -0.051826890805451366 0.0028885428013871685 -0.033529120947537447 0.0035470740732640171 -0.038772522843207292 0.0057032511466452466 -0.021064877810104705 0.0088252011425096529 -0.0080635728522646805 0.0049361645135304714 -0.0030574830464916137 -0.010630318721615531 0.0073432899818150037 -0.0024043514657664804 0.0052312857629767569 -0.018301386815210579 -0.0006472983602761914 -0.080002331476670852 -0.025975382376741907
leaf_weight=78.214915052056313 8884.5165249928832 4312.7989327535033 3609.0953067615628 3171.2911594137549 564.41447677463293 13866.969882458448 807.42805791273713 1112.5621335431933 12970.802859053016 134.15901774168015 229.76290608942509 145.52237802743912 276.26557409018278 446.43068087100983 63.0328708589077 57.601433202624321 1375.0612836703658 377.61857039481401 262.81104524433613 3353.1410849615932 4909.0185719504952 22339.633464571089 2965.3146618977189 610.03154392540455 11983.63280037418 337.62419949471951 1016.7641563937068 2350.1189529374242 33.367973990738392 104.07238835096359
leaf_count=258 30571 33746 11830 12184 2563 54014 2591 3798 57702 489 726 451 919 1477 216 329 5056 2424 984 11950 19257 77275 9641 2070 43551 1290 3718 7925 106 297
internal_value=0 0.00125301 -0.000106472 0.00419827 -0.0027424 0.0029017 -0.00253092 -0.000796303 0.00181949 -0.000636011 -0.0100525 0.0038545 -0.0134491 -0.0231742 -0.0350909 0.000777196 -0.00271689 0.00447084 -0.00879898 -0.0024893 0.00442924 -0.00189068 -0.00619929 0.000645262 -0.00157054 -0.00575094 -0.0124351 -0.00207341 -0.0321097 -0.00376969
internal_weight=0 67607.4 46256.3 21351.1 35141.7 17038.3 20478 13903.6 25778.3 11682.2 1524.46 14096.1 484.821 684.662 208.555 10157.8 5191.15 13611.2 640.43 34577.3 4966.62 31224.1 6574.41 839.794 13096.2 3816.09 1354.39 2461.7 111.583 238.231
internal_count=399408 277049 177105 99944 122359 66198 71411 49940 105694 42998 5059 62696 1586 2263 667 37939 18353 61110 3408 119796 19586 107846 21471 2796 47349 13297 5008 8289 364 786
is_linear=0
shrinkage=0.05


Tree=190
num_leaves=31
num_cat=0
split_feature=142 233 227 234 167 3 227 228 227 230 234 227 14 230 229 230 234 234 224 233 230 228 234 230 234 3 225 225 229 229
split_gain=160.246 148.208 157.435 170.123 125.966 113.011 112.867 124.62 108.436 107.383 97.4751 94.9161 89.8449 86.0056 83.2992 82.1542 81.3803 84.0973 103.573 132.323 102.083 132.918 100.686 104.326 87.8092 106.62 85.8208 79.6687 84.6885 131.019
threshold=19.670249938964847 0.00099355349084362409 0.13724447786808017 0.018749905750155452 4.4683499336242685 658609.31250000012 0.22668402642011645 58.897331237792976 -0.059249300509691231 10.500000000000002 0.026045459322631363 -0.089627876877784715 0.58683553338050853 3.5000000000000004 1.1887750029563906 6.5000000000000009 0.014099156949669124 -0.031190510839223858 4.5000000000000009 0.00055965055798878904 9.5000000000000018 45.973093032836921 -0.035849630832672112 1.5000000000000002 -0.018878472968935963 739386.75000000012 0.013402638956904413 0.26017209887504583 1.2639697194099428 1.2584480643272402
decision_type=2 2 2 2 2 2 2 2 2 2 2 2 2 2 2 2 2 2 2 2 2 2 2 2 2 2 2 2 2 2
left_child=1 16 11 9 6 10 7 -2 -6 -4 14 -3 27 -8 -5 -12 17 22 19 -19 24 -22 23 -1 25 -20 -26 28 29 -10
right_child=4 2 3 5 8 -7 13 -9 12 -11 15 -13 -14 -15 -16 -17 -18 18 20 -21 21 -23 -24 -25 26 -27 -28 -29 -30 -31
leaf_value=-0.024179077672587344 -0.0018681514785277222 0.0084225520529094804 -0.023001804012772839 0.055589516027470809 0.015902759304020367 -0.0039929774844749168 -0.020707760517547951 -0.016243179146824226 0.0023021545262183105 0.027839909004567259 -0.012125200858785261 -0.017386809038627361 0.01663231242271326 0.025439563070165018 0.016507460620242484 0.051421483378030056 -0.025684482025303376 -0.0051019812333669284 0.021588841179481556 0.031965858037684404 0.034053278874618002 -0.01661949642158524 -0.021039598829718332 0.0021303141740595852 -0.0070910243103907786 -0.0038805740287939567 0.014772757114219881 0.03484619151510137 -0.0053200208330316662 0.04624657623374101
leaf_weight=448.81841722875834 5790.1996974553913 388.30387284234166 838.96720011346042 259.41546548902988 1533.4295693561435 783.19197569601238 125.90837687626481 2038.4751717392355 22406.354416139424 118.52958695590496 258.64119373261929 4312.1264671869576 1044.1038417518139 509.66553814336658 287.37779612466693 63.310726538300514 326.59198799729347 4699.2484730761498 1142.1667004451156 253.75901674479246 622.61357749998569 163.36798481456935 935.59666330739856 2348.2202491872013 1949.1781098600477 641.79643956571817 583.09838639944792 179.85643575340509 3927.9065635632724 170.91020834445953
leaf_count=4267 32392 3788 11924 1281 6631 5504 703 17503 99762 1424 2100 81099 3076 1732 1236 413 4954 40468 4542 854 2521 2594 9371 13881 18914 3051 2722 1056 19141 504
internal_value=0 -0.00400873 -0.00978741 6.09093e-05 0.00140588 0.00978054 -0.00396608 -0.0056112 0.00295973 -0.0167081 0.0221977 -0.0152547 0.00224398 0.0162977 0.0350492 0.000371034 -0.00101595 -0.000431629 0.00194753 -0.00320287 0.00694732 0.0235208 -0.00684078 -0.00209134 0.0039293 0.012426 -0.00205653 0.00168101 0.00145596 0.00263481
internal_weight=0 21424.3 7309.86 2609.43 37726.8 1651.94 8464.25 7828.67 29262.6 957.497 868.745 4700.43 27729.1 635.574 546.793 321.952 14114.5 13787.9 10055.2 4953.01 5102.22 785.982 3732.64 2797.04 4316.24 1783.96 2532.28 26685 26505.2 22577.3
internal_count=399408 216908 108769 23882 182500 10534 52330 49895 130170 13348 5030 84887 123539 2435 2517 2513 108139 103185 75666 41322 34344 5115 27519 18148 29229 7593 21636 120463 119407 100266
is_linear=0
shrinkage=0.05


Tree=191
num_leaves=31
num_cat=0
split_feature=158 234 226 226 227 230 229 227 230 231 228 234 24 234 234 29 227 227 228 134 162 131 227 232 232 157 234 142 6 231
split_gain=57.5874 56.0143 74.0523 56.7922 52.3169 71.0833 67.2549 58.5229 50.7903 54.1082 68.3102 59.6197 73.6925 65.3208 51.6773 46.0446 39.9352 39.461 45.1348 39.8737 39.3411 38.959 38.9337 49.8788 42.3183 46.9003 44.5623 39.1032 37.8445 35.5982
threshold=-154703.24218749997 0.014197493903338911 -0.011009755544364451 -0.036604972556233399 0.146713562309742 1.5000000000000002 1.8537479043006899 0.18537236005067828 12.500000000000002 4.5131709575653085 74.275436401367202 -0.010293399915099142 29.524146080017093 -0.011504785157740114 0.012596924323588611 0.031822690740227706 0.015387311577796938 -0.076281689107418046 60.663856506347663 17.500000000000004 81.933040618896499 -0.031387334689497941 0.065436217933893218 0.87814509868621837 -0.41657984256744379 0.11246794834733011 0.040013417601585395 21.093649864196781 0.92114999890327465 1.3103861808776858
decision_type=2 2 2 2 2 2 2 2 2 2 2 2 2 2 2 2 2 2 2 2 2 2 2 2 2 2 2 2 2 2
left_child=1 8 3 -3 6 -6 22 -7 9 11 14 13 -13 15 20 -1 17 -17 29 -20 -11 -10 24 -24 25 -4 -27 -26 -5 -19
right_child=-2 2 4 28 5 7 -8 -9 21 10 -12 12 -14 -15 -16 16 -18 18 19 -21 -22 -23 23 -25 27 26 -28 -29 -30 -31
leaf_value=-0.008999121606854418 -0.0011669532045140991 0.0010755583060036553 -0.0030382853010013978 0.050278346875151536 0.006456244606397309 -0.0015109857357379656 0.031165148057708727 -0.015940446059324931 0.00050770679318127882 0.0076501397146022726 -0.012923827270128307 -0.010066087575039755 -0.0012844545589732531 0.018385081093159634 -0.008153229251361362 0.017474119389353608 0.010463551570262679 -0.015568477879186558 0.002208715909642675 0.021851681893140629 -0.0030967465646591606 0.012809156164397368 0.02472930404049991 0.0059102225645570779 0.0033013264698565229 0.018125530091103539 0.0035933266276568783 -0.0078626859530199315 0.017869536134762387 -0.0012205073380810191
leaf_weight=1206.3253263831139 30521.153190266341 547.25861801952124 1079.5671648569405 99.710547171533108 1910.6040058545768 2516.6652100533247 234.09696944802999 974.90127094089985 1217.0925346389413 5517.193695101887 603.02478140592575 3604.0633422024548 7085.9690125472844 517.1401803381741 716.67450060322881 315.72511339187622 1071.4761444106698 467.62121554464102 841.71738693863153 372.76800941675901 1007.0013428032398 1366.0035567469895 378.77800171822309 4998.0280414521694 1468.3667819015682 912.19847128167748 1250.9615892097354 1683.7661388963461 932.37834042310715 5723.4867116734385
leaf_count=12499 149438 2356 6165 327 7242 11259 2380 6257 5401 23364 3056 22368 39715 2402 3852 1063 3659 3495 3518 1462 4516 6301 1549 21078 9627 3243 5134 6254 2913 27515
internal_value=0 0.00158279 0.00372961 0.0140964 0.00278908 -0.0012972 0.00462776 -0.00553992 0.000294197 -0.000303229 0.00324485 -0.00161561 -0.00424512 0.00105734 0.00459139 0.000161175 0.00141792 0.000162671 -0.000575374 0.00823783 0.00599137 0.00701301 0.00410003 0.00723596 0.00146333 0.00547353 0.00972152 -0.00266212 0.0210006 -0.00230423
internal_weight=0 50620.6 18987.3 1579.35 17407.9 5402.17 12005.8 3491.57 31633.3 29050.2 7843.89 21206.3 10690 10516.3 7240.87 9999.12 8792.79 7721.32 7405.59 1214.49 6524.2 2583.1 11771.7 5376.81 6394.86 3242.73 2163.16 3152.13 1032.09 6191.11
internal_count=399408 249970 85784 5596 80188 24758 55430 17516 164186 152484 34788 117696 62083 55613 31732 53211 40712 37053 35990 4980 27880 11702 53050 22627 30423 14542 8377 15881 3240 31010
is_linear=0
shrinkage=0.05


Tree=192
num_leaves=31
num_cat=0
split_feature=6 3 40 110 234 225 225 231 231 15 149 228 13 15 3 233 227 233 11 138 230 233 230 3 225 42 228 164 246 228
split_gain=152.694 97.8055 90.8386 53.8865 59.3533 72.105 62.0563 62.5887 61.231 50.8357 47.4429 46.111 45.6939 41.2354 40.2607 44.338 43.3341 47.2951 38.9983 38.509 36.2251 35.0527 53.4655 34.7247 34.692 34.4256 33.3252 40.4612 32.3039 32.2818
threshold=3.1279499530792241 1432360.0625000002 1.4491501450538637 0.65001127123832714 -0.013258881401270626 0.0044434329029172668 -0.012940231710672377 7.0670609474182138 1.9522736072540285 0.4753063172101975 82.142856597900405 20.885622978210453 -0.055053303018212311 -0.18504258245229718 928009.34375000012 0.049704665318131454 0.15962687879800799 0.16405923664569858 0.12386789545416833 -1.0000000180025095e-35 5.5000000000000009 0.00018395919323666024 9.5000000000000018 713472.09375000012 0.0044434329029172668 0.68682387471199047 73.609329223632827 62.015150070190437 104.50000000000001 66.604320526123061
decision_type=2 2 2 2 2 2 2 2 2 2 2 2 2 2 2 2 2 2 2 2 2 2 2 2 2 2 2 2 2 2
left_child=1 2 3 4 5 6 7 -1 23 14 20 -6 -13 -12 -2 -16 17 -17 24 -7 -10 22 -5 25 -4 -8 27 -14 -3 -18
right_child=9 28 18 21 11 19 8 -9 10 -11 13 12 26 -15 15 16 29 -19 -20 -21 -22 -23 -24 -25 -26 -27 -28 -29 -30 -31
leaf_value=0.0039215310537532083 -0.0035986801471162943 0.0049850981697724898 -0.0069408569147232273 -0.0031078991088458272 -0.038350198938162966 0.012248153571808206 -0.010618031187149976 -0.024133535026960092 -0.010816110840122042 -0.0099765195507831271 -0.0078928315102755383 0.010267787185995051 0.0049724870514909238 0.0063779387118684657 0.0019320869692162259 -0.0041557484453810982 -0.0024821336408583287 0.01357040461034251 -0.024576348156040758 0.0017967353792083807 0.0014787710753061043 0.00018796708262940764 -0.020395787711798789 0.0043258429187863039 -0.00058162540554553184 -0.031857378896290832 0.010030124575481214 -0.00042578707233573599 0.017282914996512987 -0.022476276965418672
leaf_weight=3999.0842780023813 22164.746826864779 9941.293883651495 4243.7048329412937 3220.3112411573529 63.370119474828243 1464.1450601890683 368.35663475841284 209.19821275770664 2186.6361544802785 2305.0413576290011 730.33223460614681 2791.3288554362953 7675.4478093758225 1649.3626298755407 8725.5528605915606 2771.0170140117407 335.98950941860676 435.42219883948565 230.30687600374222 2214.2418656125665 825.19136248528957 9715.1554269529879 519.35536145791411 155.1596579477191 4335.9572840891778 395.7567555308342 1656.7072150558233 6336.8830177783966 564.30863819643855 505.77590198069811
leaf_count=14208 74833 49184 14464 11241 387 6038 1258 914 7359 10010 2343 9913 37765 6348 31491 9690 1081 1325 1597 8164 3086 37266 1918 559 16939 1324 8064 25741 3866 1788
internal_value=0 0.00122515 0.000380561 0.00126824 0.00236353 -6.88829e-05 -0.00217599 0.00252688 -0.00531205 -0.00278465 -0.00327838 0.00422784 0.004374 0.00199822 -0.00231017 -7.43867e-05 -0.00439917 -0.0017486 -0.00427209 0.00595682 -0.00744751 -0.00139541 -0.0055088 -0.0172395 -0.00372705 -0.0216185 0.00332406 0.00253119 0.00564568 -0.0144956
internal_weight=0 65491.6 54986 46176 32721.2 14197.5 10519.1 4208.28 6310.8 37243.5 5391.52 18523.7 18460.4 2379.69 34938.5 12773.8 4048.2 3206.44 8809.97 3678.39 3011.83 13454.8 3739.67 919.273 8579.66 764.113 15669 14012.3 10505.6 841.765
internal_count=400164 269946 216896 183896 133471 51601 37399 15122 22277 130218 19136 81870 81483 8691 120208 45375 13884 11015 33000 14202 10445 50425 13159 3141 31403 2582 71570 63506 53050 2869
is_linear=0
shrinkage=0.05


Tree=193
num_leaves=31
num_cat=0
split_feature=152 232 227 227 226 226 232 228 225 126 3 194 228 227 35 230 228 225 228 228 228 229 226 229 230 227 17 227 227 226
split_gain=160.637 178.96 320.454 223.767 238.268 160.008 231.431 168.394 118.382 124.437 113.55 112.955 123.986 109.893 104.089 126.724 174.138 153.069 126.202 182.566 121.669 119.494 116.364 98.6618 88.9459 112.828 89.804 88.6092 88.2397 82.6934
threshold=0.035820370540022857 0.24266439676284793 0.13368050009012225 0.011352922767400743 0.013845109380781652 0.015239744912832977 1.1673411130905154 76.667705535888686 0.003897325368598104 0.020887974649667743 617337.31250000012 0.090033266693353667 52.801002502441413 0.19604091346263888 -103.91249084472655 2.5000000000000004 32.406835556030281 -0.0097732064314186556 32.709537506103523 36.259489059448249 27.810050964355472 1.0903483629226687 -0.013697971124202011 1.6979064345359804 9.5000000000000018 -0.01972157601267099 -0.052551193162798875 -0.012618958950042723 -0.0047936984337866298 -0.018953709863126274
decision_type=2 2 2 2 2 2 2 2 2 2 2 2 2 2 2 2 2 2 2 2 2 2 2 2 2 2 2 2 2 2
left_child=1 3 -3 4 14 11 10 -8 13 -10 -7 -4 -13 -2 23 17 -17 -16 20 21 -19 -20 27 -1 28 26 -26 -18 -24 -5
right_child=8 2 5 29 -6 6 7 -9 9 -11 -12 12 -14 -15 15 16 22 18 19 -21 -22 -23 24 -25 25 -27 -28 -29 -30 -31
leaf_value=-0.0080111710415872017 0.0051385315167633283 -0.019311827848023169 0.027332365900275137 -0.020933200885005852 -0.017834872347861058 0.038220359548100435 -0.011579866562345784 0.012533167230061813 -0.0023595038665715825 0.0093054053895999488 0.0066454166904848615 -0.022527613689645218 -0.0022603128773351156 0.02154609622311085 -0.015907816065953116 0.015927397962221843 -0.015331458196430251 0.029543583662904317 0.029455544198377027 -0.0039957682061529838 -0.021038963249075698 -0.021385864329341871 -0.0065108646161164286 0.011827098715058829 0.0014420786155735106 -0.030026635186391312 0.032015931266337561 0.0071313477479169251 0.012643711928220593 0.015911787653627708
leaf_weight=5265.1697546783835 7596.2134258504957 3929.7966919038445 189.86897564865649 162.33604622632265 2101.5169556774199 627.23765406012535 1905.5991801954806 1167.7246984131634 11461.414964850992 2855.9595586173236 521.44918967038393 1514.1982189174742 1504.2677291091532 1178.8988992832601 1766.28455180116 2899.4475035015494 1452.9801444895566 139.8834447003901 964.98122265562415 1373.2384203933179 791.84876085072756 131.2958782017231 1561.0538726225495 711.4137574583292 353.60735562257469 114.07681399397552 748.74773576110601 629.11849806830287 977.90504529699683 2459.307878466323
leaf_count=39071 35054 55207 673 1134 29181 3107 15486 6326 63580 10345 3150 11887 8544 3894 16643 14521 14009 908 4729 12972 7151 1316 11828 2226 2163 1183 4217 3660 4232 11767
internal_value=0 -0.00257385 -0.00776453 -0.000177232 -0.00182392 -0.00165734 0.00473878 -0.002418 0.00277002 -3.26451e-05 0.0238868 -0.0100743 -0.0124273 0.00734282 -0.000131489 0.00224044 0.00591143 -0.00396625 0.00223507 0.008151 -0.0134449 0.0233665 0.000936557 -0.00564975 0.00619296 0.01731 0.0222086 -0.00854419 0.000866709 0.0136303
internal_weight=0 35964.4 11360.1 24604.2 21982.6 7430.35 4222.01 3073.32 23092.5 14317.4 1148.69 3208.33 3018.47 8775.11 19881.1 13904.5 8736.94 5167.53 3401.25 2469.52 931.732 1096.28 5837.49 5976.58 3755.39 1216.43 1102.36 2082.1 2538.96 2621.64
internal_count=400164 287291 104380 182911 170010 49173 28069 21812 112873 73925 6257 21104 20431 38948 140829 99532 55813 43719 27076 19017 8059 6045 41292 41297 23623 7563 6380 17669 16060 12901
is_linear=0
shrinkage=0.05


Tree=194
num_leaves=31
num_cat=0
split_feature=158 233 227 232 234 232 227 234 227 11 228 165 228 227 227 232 227 12 187 227 225 233 17 232 23 234 38 232 20 233
split_gain=50.6571 61.4114 45.9656 51.147 45.7407 39.1872 68.9328 65.5025 76.9664 58.381 49.9563 47.0728 46.1168 41.1538 40.6894 40.0523 39.9009 39.6326 41.1605 38.292 36.1981 46.3966 63.6532 42.8086 38.3945 31.7194 31.4912 31.9969 31.2836 31.1152
threshold=-1166222.1249999998 -0.00297881884034723 -0.059249300509691231 -0.8960944116115569 -0.0059268265031278125 -0.79598388075828541 -0.011294552125036715 -0.020801224745810028 -0.036407448351383202 -0.041805991902947419 22.164649009704593 59.83964920043946 38.664297103881843 -0.032608650624752038 -0.050510147586464875 -2.2622259855270381 -0.010219377465546129 0.0037662417162209754 -1.0000000180025095e-35 0.20411980897188189 -0.00054045068100094784 -0.01240761950612068 -0.093238860368728624 -1.355474531650543 59.063360214233406 -0.040685854852199548 -0.31853082776069636 -0.77543962001800526 0.0082799228839576262 -0.027142547070980069
decision_type=2 2 2 2 2 2 2 2 2 2 2 2 2 2 2 2 2 2 2 2 2 2 2 2 2 2 2 2 2 2
left_child=1 20 3 4 -3 7 10 8 15 11 -7 12 13 -10 -9 -2 -8 18 -17 -4 21 22 23 -1 -22 -11 -12 -28 -16 -27
right_child=5 2 19 -5 -6 6 16 14 9 25 26 -13 -14 -15 28 17 -18 -19 -20 -21 24 -23 -24 -25 -26 29 27 -29 -30 -31
leaf_value=0.0025566127610739246 -0.0065666213156610129 0.024664543949870919 0.0040323645102982959 0.026074480952667789 -0.0013817136014461471 -0.016959346686015207 -0.012774481762288341 -0.008476579457587596 -0.022996450797727407 0.0011568581888858115 0.014605660038678615 -0.0015864606006301546 -0.01629055032131331 0.035215009753567915 -0.006116138421851533 0.016706934004174643 2.8299790453563994e-05 0.00033215623320404988 -0.013998516859709334 -0.0071754233012146992 -0.0061954014595074769 -0.0071513860092524383 0.0016300691992641447 0.028672212261221099 0.0091500822192558343 -0.013750804157566944 0.024306066856195102 0.003915156228727794 0.0020978730167812531 -0.0027477704404032426
leaf_weight=258.29530831426382 411.55876611173153 231.83741907030344 15025.624046258628 485.3310214728117 617.56232719495893 228.81995156407356 620.51037096604705 4511.5925427079201 33.807239718735218 1262.6113818995655 1057.8503507375717 480.49321712553501 66.664483077824116 297.95090583711863 2211.4505008533597 1543.8946518301964 31640.758676443249 697.17745976895094 117.44387669488788 802.81230030953884 3521.8270593732595 1162.9522958062589 3961.8823628425598 399.80143283680081 460.96492423117161 1350.8150114454329 202.41898550093174 3881.6120583340526 2436.0692474804819 1225.3816793859005
leaf_count=1096 2373 779 73428 1788 4070 1537 3166 28129 191 6310 4235 1841 435 1018 13876 5685 145118 2748 450 4181 20896 7335 20265 1473 1749 7669 751 18520 11784 7268
internal_value=0 0.0024142 0.0042153 0.013126 0.00572742 -0.000238359 0.000655183 -0.0022583 0.00121052 -0.00267387 0.00589999 0.00895036 0.0216576 0.0292831 -0.00509415 0.00782604 -0.000217948 0.0103376 0.0145363 0.00346391 -0.000751229 0.00177505 0.00402203 0.0184221 -0.00441933 -0.0053353 0.00691726 0.0049258 -0.00181064 -0.00851715
internal_weight=0 26928.9 17163.2 1334.73 849.4 54278.9 37632 16646.9 7487.8 4717.72 5370.7 878.916 398.423 331.758 9159.11 2770.07 32261.3 2358.52 1661.34 15828.4 9765.72 5782.93 4619.98 658.097 3982.79 3838.81 5141.88 4084.03 4647.52 2576.2
internal_count=400164 137060 84246 6637 4849 263104 173327 89777 35988 24732 25043 3485 1644 1209 53789 11256 148284 8883 6135 77609 52814 30169 22834 2569 22645 21247 23506 19271 25660 14937
is_linear=0
shrinkage=0.05


Tree=195
num_leaves=31
num_cat=0
split_feature=29 25 130 15 228 38 45 9 229 228 37 24 40 162 232 16 234 231 234 229 161 28 229 234 228 226 193 29 232 230
split_gain=131.292 112.601 78.0003 69.4766 65.7429 79.4715 62.9393 45.4074 44.9745 52.143 44.8487 47.0671 44.6321 39.3005 38.3377 38.1589 35.1422 42.857 37.9715 49.9546 49.005 34.9493 34.0945 37.0064 33.9432 34.987 33.7147 32.9409 31.8988 32.7049
threshold=0.061928194016218192 42.265487670898445 -0.14352641254663465 -0.14733415096998212 29.883596420288089 0.023264114744961265 -340605.29687499994 -1.0000000180025095e-35 0.74705293774604808 27.810050964355472 1.0000000180025095e-35 10.220587253570558 1.2499483823776247 9.56353807449341 -2.8103680610656734 0.046936240047216422 0.016909533180296425 3.6553902626037602 -0.020955452695488926 0.92690023779869091 16.214936256408695 0.29555477201938635 1.5005524158477785 0.053421318531036384 20.885622978210453 -0.024013678543269631 0.066849965602159514 0.034041266888380058 1.5226895809173586 6.5000000000000009
decision_type=2 2 2 2 2 2 2 2 2 2 2 2 2 2 2 2 2 2 2 2 2 2 2 2 2 2 2 2 2 2
left_child=1 3 -3 16 8 12 -5 22 -4 -10 -8 -12 -6 15 -13 -7 18 -18 19 21 -21 -1 23 28 25 -16 -9 -26 -2 -30
right_child=7 2 4 6 5 13 10 26 9 -11 11 14 -14 -15 24 -17 17 -19 -20 20 -22 -23 -24 -25 27 -27 -28 -29 29 -31
leaf_value=-0.017613001414866339 -0.002385481941065499 -0.016806493976950145 0.0065844287612750532 0.0084334504663252912 0.004429242394305111 -0.0019531531796938397 -0.026231101095759851 -0.015928518810852724 -0.0052088276286991059 -0.019149361537299462 0.0089782243279077842 -0.013885172768220023 -0.0015623828106384702 -0.0022716592973550886 -0.0040442880650207579 0.0086796787957796068 -0.027257042067336687 0.0050480707846192532 0.0031716718420152904 -0.009000951635692693 0.0049125861774828999 0.011717507354298554 -0.018089340917480157 -0.015855350168496502 0.005635870729220561 -0.039082165054195074 -0.0061413920695591734 0.0013800100719738846 0.00041879261722798126 0.018799243722150569
leaf_weight=850.41499909758568 6979.5411154776812 759.4180572591722 536.3696197271347 5700.3796132802963 11261.726218000054 1659.13858063519 133.85899357870221 1194.6183683387935 2468.0742327049375 921.11841985583305 2744.5547499284148 371.15641210228205 4292.9268422648311 26649.12427341938 312.04364744573832 1717.0399877429008 280.60048577934504 161.89894845709205 3092.031522795558 1074.0799700245261 1540.5739038214087 115.33861793577671 340.01635917276144 452.47578518092632 6313.8331358283758 92.328951295465231 3340.4190489910543 16245.545549388975 682.97775513678789 374.83857382833958
leaf_count=2629 21738 5077 2381 25778 51002 6622 451 4460 9716 2961 10966 1409 17785 98272 1152 5344 1166 635 12590 3631 5277 356 1565 1698 36951 520 11525 53435 2241 1163
internal_value=0 0.000660797 -0.000903757 0.00267578 -0.000659808 -0.000125081 0.00367187 -0.00465287 -0.00686855 -0.0089976 0.00263641 0.00278457 0.00277561 -0.00162779 0.0020561 0.00345444 -0.00179208 -0.0154374 -0.000887158 -0.00439235 -0.00080299 -0.0141101 -0.00256422 -0.00194244 0.00231376 -0.0120444 -0.00871951 0.00257112 -0.00115919 0.00693193
internal_weight=0 89293.6 50264.9 39028.6 49505.5 45580 31913.7 13364.9 3925.56 3389.19 26213.3 26079.5 15554.7 30025.3 23334.9 3376.18 7114.94 442.499 6672.44 3580.41 2614.65 965.754 8829.85 8489.83 22963.8 404.373 4535.04 22559.4 8037.36 1057.82
internal_count=400496 356106 199160 156946 194083 179025 130662 44390 15058 12677 104884 104433 68787 110238 93467 11966 26284 1801 24483 11893 8908 2985 28405 26840 92058 1672 15985 90386 25142 3404
is_linear=0
shrinkage=0.05


Tree=196
num_leaves=31
num_cat=0
split_feature=42 29 232 227 227 234 234 3 233 228 232 226 3 227 227 35 233 228 226 228 225 225 227 234 226 232 3 14 232 228
split_gain=149.879 149.365 104.469 349.74 278.614 314.808 239.842 112.936 113.197 101.871 162.667 159.339 160.135 101.549 92.1709 85.703 92.5371 118.415 84.7726 82.6415 116.69 92.6423 90.5637 81.9225 81.9007 77.4031 76.1715 73.6309 70.5772 134.727
threshold=4.0247340202331552 0.051767919212579734 0.24266439676284793 0.13368050009012225 0.011352922767400743 0.014197493903338911 0.0034438427537679677 689417.75000000012 0.026820542290806774 76.667705535888686 1.1673411130905154 0.015928446315228943 387907.01562500006 0.074296515434980406 0.23590777069330218 -96.298404693603501 -0.033969070762395852 56.523748397827156 -0.045070454478263848 29.883596420288089 -0.0043661852832883588 -0.0075700664892792693 -0.033474171534180634 -0.035076532512903207 -0.018953709863126274 -1.6395928859710691 536294.03125000012 0.50977915525436412 1.59461385011673 74.275436401367202
decision_type=2 2 2 2 2 2 2 2 2 2 2 2 2 2 2 2 2 2 2 2 2 2 2 2 2 2 2 2 2 2
left_child=1 2 4 -4 5 15 -5 13 -9 10 11 -8 -13 24 -12 -1 17 18 -17 20 -18 -21 25 26 -6 -23 -24 28 -3 -30
right_child=-2 27 3 6 7 -7 9 8 -10 -11 14 12 -14 -15 -16 16 19 -19 -20 21 -22 22 23 -25 -26 -27 -28 -29 29 -31
leaf_value=-0.0064523488196927999 0.015875464486226242 0.0026530269167500242 -0.01723569012119552 -0.017876954183240753 -0.026403426932540847 -0.020490243903393757 -0.00068408529112113606 -0.0047508193806479861 0.042214555106744656 0.01188911276846253 -0.011069916050439194 0.059762443040165959 0.012639561909876158 -0.0042123370486106442 0.010332538885414189 -0.0089149895599788011 0.0011280336253917749 -0.023959348786471726 0.012797510921652506 -0.016964676668863872 0.03126543090700553 -0.014627201385875036 -0.0053946648043039216 -0.010258974200102255 0.033679260484000509 0.015174581458705065 0.03563198032281463 0.013548177889870165 -0.013929618953838716 0.0074591419864570054
leaf_weight=4276.8846143968403 1347.6586642917246 18133.229779031128 4851.340135274455 1694.4037643056363 59.801254995167255 2222.6500009261072 1374.9550822116435 848.95180454477668 151.13943936116993 2236.3476441465318 2915.5604568198323 257.47371334582567 601.3755114339292 255.95209350809455 607.9369593821466 517.4294468909502 1645.6567811779678 275.45601322874427 3426.6965988390148 1212.1006691474468 399.08215536177158 271.76277063600719 253.95903717726469 2318.6733619514853 1100.4584357533604 1098.8546156510711 204.02829382941127 1340.0235650166869 1873.8635297715664 1212.7404570505023
leaf_count=36660 4707 72580 69980 16057 465 29804 8816 4635 1297 10358 20358 1253 3570 1445 2402 3826 13634 2726 18990 14731 1822 2466 1098 25908 4938 8123 1064 3911 8502 4370
internal_value=0 -0.000992737 -0.00303392 -0.00627705 -0.0007382 -0.00286455 -0.000789454 0.0152103 0.00234685 0.00283256 -0.000685335 0.00987007 0.0267665 0.024294 -0.00737718 -0.000400754 0.0018259 0.0077355 0.00994905 -0.00154196 0.0070101 -0.00480479 -0.00125089 -0.00644202 0.0305825 0.00926555 0.0128823 0.00218116 0.00146334 -0.00552588
internal_weight=0 57638.8 35078.9 14539.4 20539.5 18123.2 9688.05 2416.3 1000.09 7993.65 5757.3 2233.8 858.849 1416.21 3523.5 15900.6 11623.7 4219.58 3944.13 7404.12 2044.74 5359.38 4147.28 2776.66 1160.26 1370.62 457.987 22559.9 21219.8 3086.6
internal_count=400496 395789 306426 132794 173632 160852 62814 12780 5932 46757 36399 13639 4823 6848 22760 131048 94388 25542 22816 68846 15456 53390 38659 28070 5403 10589 2162 89363 85452 12872
is_linear=0
shrinkage=0.05


Tree=197
num_leaves=31
num_cat=0
split_feature=7 229 158 146 225 232 227 226 225 234 226 233 234 229 227 11 228 187 3 234 129 232 188 227 229 234 227 225 3 225
split_gain=51.9934 38.8199 37.1831 43.2194 39.8901 39.0396 67.4132 50.6319 50.1995 48.4126 70.8812 43.8076 47.9546 42.9591 41.1767 50.2073 50.0277 47.6672 45.4994 39.3047 38.866 38.195 36.7321 38.0064 36.4698 37.9627 46.8377 37.33 43.7323 39.1654
threshold=1.0000000180025095e-35 0.62673509120941173 -2960305.4999999995 56236.355468750007 -0.034941680729389184 -0.80642771720886219 -0.014098220970481632 -0.045070454478263848 -0.0065399571321904651 0.0030116746202111249 -0.036604972556233399 -0.050984976813197129 -0.0092563629150390608 1.0739961266517641 -0.076281689107418046 -0.046281287446618073 34.546342849731452 -4.0954999923706046 295990.64062500006 -0.011504785157740114 0.99883177876472484 -1.4672073721885679 0.37849999964237219 -0.093692712485790239 1.2150162458419802 0.050640394911170013 0.14217160642147067 0.016813429072499279 115475.50390625001 0.01231565745547414
decision_type=2 2 2 2 2 2 2 2 2 2 2 2 2 2 2 2 2 2 2 2 2 2 2 2 2 2 2 2 2 2
left_child=1 -1 21 4 -4 7 9 8 22 -7 -11 -9 14 -14 17 16 18 -13 -16 -17 -5 -3 23 -6 27 26 -26 29 -29 -8
right_child=-2 2 3 20 5 6 24 11 -10 10 -12 12 13 -15 15 19 -18 -19 -20 -21 -22 -23 -24 -25 25 -27 -28 28 -30 -31
leaf_value=0.0085339096959317195 0.012221535039163234 -0.0040508353501076677 0.0068972951272587334 -0.0026618292711804497 -0.0036609260599578032 0.0013006891124879333 -0.00038679916428892047 -0.020074029079019728 -0.007160895867006566 -0.016249145233949453 0.018329819936349273 -0.0038737631513444046 -0.010059576425316599 -0.00025332241343558806 0.041483849090136193 -0.0038818060916598939 -0.0077978310230177933 0.023425491744285737 0.0040080089642000648 0.014411354720678338 0.005893077060995195 0.0036365968126381948 -0.0045174283032268685 0.016013230720239569 0.0061384335182176949 0.016194609397238338 -0.006690064820638511 0.071000651755398866 -0.0049233066441898964 0.0063026205632086595
leaf_weight=1421.2217399403453 932.03354463726282 1874.362503580749 2388.1448570303619 20507.906896505505 307.12620117887855 1218.0838579535484 13031.265961419791 377.62207143008709 699.57785639539361 165.98909600824118 1382.808123100549 275.26584519818425 3073.0760674141347 1754.4464569054544 186.97317694872618 4751.9990545585752 175.40827532857656 381.54643635824323 142.88749662786722 312.97381438314915 1419.5327596031129 11712.586206056178 427.28385729715228 1222.8349872007966 2713.5438766106963 615.11933699250221 964.38563952967525 19.053048744797707 4169.1035453304648 2629.6365246102214
leaf_count=4781 6073 11579 9173 93351 2134 7384 62672 2556 4707 779 5097 1044 21202 9006 600 28593 879 1537 543 1381 5864 59269 1721 4827 13415 1957 5143 82 20386 12761
internal_value=0 0.0003438 0.000196273 -0.000298792 0.000615587 0.000249675 0.00136611 -0.00188263 0.00433501 0.00875852 0.0146239 -0.0033276 -0.00275555 -0.00649573 0.000144032 -0.00125214 0.0137773 0.0119845 0.0252502 -0.00275144 -0.002108 0.00257609 0.00844399 0.0120638 0.00051888 0.00469753 0.00277469 -0.000384899 -0.00457791 0.000736427
internal_weight=0 80321.8 78900.5 65313.6 43386.2 40998 26909 14089 2656.82 2766.88 1548.8 11432.2 11054.6 4827.52 6227.05 5570.24 505.269 656.812 329.861 5064.97 21927.4 13586.9 1957.25 1529.96 24142.1 4293.05 3677.93 19849.1 4188.16 15660.9
internal_count=400496 394423 389642 318794 219579 210406 129676 80730 13389 13260 5876 67341 64785 30208 34577 31996 2022 2581 1143 29974 99215 70848 8682 6961 116416 20515 18558 95901 20468 75433
is_linear=0
shrinkage=0.05


Tree=198
num_leaves=31
num_cat=0
split_feature=6 229 29 36 42 24 226 138 5 5 187 165 123 234 225 17 227 232 234 184 6 229 228 19 190 225 233 228 234 107
split_gain=129.636 82.3661 80.6104 74.2109 68.5561 66.7255 51.8813 55.3059 48.4584 46.2978 45.2555 46.9621 38.5921 34.9026 33.6373 43.4548 31.6326 47.28 48.8867 38.1068 33.4463 29.8224 29.1596 28.2475 27.5324 27.0897 28.8228 63.9897 31.6158 26.4883
threshold=1.9015499949455263 1.8537479043006899 0.075776781886816039 -1.0000000180025095e-35 1.3747674822807314 9.9215803146362322 0.23819749057292941 0.2663781493902207 1.0000000180025095e-35 21.596799850463871 -1.7375000119209287 86.950649261474624 0.45796355605125433 -0.0080315615050494654 0.00082499513518996548 -0.074799921363592134 -0.059249300509691231 -0.61112582683563221 -0.019497783854603764 3.5000000480067688e-06 1.0559499859809878 1.1768660545349123 86.087261199951186 0.10857662186026575 1.0000000180025095e-35 -0.0049695679917931548 0.13006508350372317 73.319728851318374 -0.026886546984314915 0.065454889088869109
decision_type=2 2 2 2 2 2 2 2 2 2 2 2 2 2 2 2 2 2 2 2 2 2 2 2 2 2 2 2 2 2
left_child=4 2 3 5 8 13 7 14 -1 16 11 -9 25 -2 15 22 17 18 -10 -19 -18 -6 -7 24 -16 -13 28 -28 -27 -8
right_child=1 -3 -4 -5 21 6 29 10 9 -11 -12 12 -14 -15 23 -17 20 19 -20 -21 -22 -23 -24 -25 -26 26 27 -29 -30 -31
leaf_value=-0.00010208141357789475 0.00062212359651001828 -0.017000429846248107 -0.0081618896812016128 -0.015071510630017194 -0.0047520991743528387 -0.0057359773039185142 -0.01073146264937575 0.00032465642002968615 -0.012472521678077005 0.0026305801682896834 0.0012210570810880042 -0.0086772647964090815 -0.0010881301672178033 0.010466250512799894 0.0071997623126973422 0.00089516309532787497 0.014176990033839217 -0.048116347003740678 0.0093477829614459218 -0.0045360201195123731 0.0066948748727388187 0.0026897515426361485 -0.028088826953295305 -0.00084501233348470341 5.4442159000025309e-06 -0.016206188572769214 -0.0016158487978528879 -0.027222273735475679 -0.0028580344192901852 0.017801375028684709
leaf_weight=6991.8798528797925 1633.5233020484447 829.72215769067407 3865.0952824577689 888.87438805773854 4152.4903552159667 1818.2783184573054 96.140390142798424 8195.6267022415996 331.67366461455822 11681.088980957866 8161.4723242148757 4575.1492307856679 7535.44041820243 2006.3295898213983 4620.7976657822728 6779.8705765753984 2079.7411788925529 79.705944545567036 1135.4137633517385 135.31942387670279 5299.8171034790576 1992.0563245378435 158.62860453128815 2846.6828178912401 1867.245433434844 463.05542778223753 586.58853866159916 417.72138133645058 10563.910213753581 528.36452504992485
leaf_count=26291 5608 5496 13815 3777 15407 6220 300 29845 1260 50880 31168 15075 25161 7231 19279 25593 13723 270 7186 465 27005 9773 480 9667 7119 1417 1791 1324 35621 1581
internal_value=0 -0.00134268 -0.00115053 -0.000725392 0.00243906 -0.000522513 -0.000926412 -0.00107921 0.00349773 0.00471114 -0.00210594 -0.00294562 -0.00405581 0.00604832 0.0012192 -0.00100679 0.00739311 0.00120552 0.00441473 -0.0206904 0.00880352 -0.00233946 -0.00752959 0.00330736 0.00512925 -0.00540245 -0.00415713 -0.0122663 -0.00341856 0.0134088
internal_weight=0 68438.5 67608.8 63743.7 33879.2 62854.8 59215 58590.5 27734.6 20742.8 40499 32337.5 24141.9 3639.85 18091.5 8756.78 9061.67 1682.11 1467.09 215.025 7379.56 6144.55 1976.91 9334.73 6488.04 16606.4 12031.3 1004.31 11027 624.505
internal_count=399828 247568 242072 228257 152260 224480 211641 209760 127080 100789 141402 110234 80389 12839 68358 32293 49909 9181 8446 735 40728 25180 6700 36065 26398 55228 40153 3115 37038 1881
is_linear=0
shrinkage=0.05


Tree=199
num_leaves=31
num_cat=0
split_feature=126 116 231 227 231 3 228 228 6 40 227 234 224 227 226 126 234 226 229 41 132 226 15 167 228 231 227 230 225 162
split_gain=158.414 129.853 129.333 160.809 115.523 132.294 114.413 111.321 101.954 100.603 97.0135 169.36 91.3417 109.566 87.7145 87.3232 74.2135 73.1198 69.3506 68.666 67.574 66.1508 65.7182 65.4151 100.768 69.6386 122.438 89.7041 61.3274 61.0012
threshold=0.0083186840638518351 1.0000000180025095e-35 1.0998837351799013 -0.021259790286421772 0.88830339908599865 610395.21875000012 29.689025878906254 29.317652702331547 1.8250499963760378 3.3360530138015752 0.1475668400526047 0.012596924323588611 4.5000000000000009 -0.0070428471080958835 -0.024013678543269631 1.0000000180025095e-35 0.072101317346096053 -0.032310206443071358 1.0054739117622378 0.021909672766923908 0.23749999701976779 0.010562879499047996 0.026359410956501964 5.0099501609802255 58.897331237792976 0.88830339908599865 -0.036407448351383202 9.5000000000000018 -0.0048671890981495372 55.030576705932624
decision_type=2 2 2 2 2 2 2 2 2 2 2 2 2 2 2 2 2 2 2 2 2 2 2 2 2 2 2 2 2 2
left_child=1 2 3 18 -5 -6 7 14 -8 16 12 -12 17 -14 20 19 23 28 -1 -3 -4 -7 -20 24 25 27 -27 -2 -10 -13
right_child=9 15 6 4 5 21 8 -9 10 -11 11 29 13 -15 -16 -17 -18 -19 22 -21 -22 -23 -24 -25 -26 26 -28 -29 -30 -31
leaf_value=0.033062359024184383 -0.02003092520421855 0.078621126834219235 -0.0075280411905632467 -0.011795830740830328 0.021298918691311747 -0.01592472417692779 -0.0123938803924959 0.032743901047682239 -0.01747076629434563 0.016917845133180395 -0.013580020402016441 0.013743985552708622 -0.0085931208812568601 0.01074808246028474 0.034485395336914602 -0.00035966168787849358 0.0131710716245489 -0.013478075738824003 -9.0044955053254208e-05 0.017635172407458065 0.0070225645743808157 0.038615361275471771 0.024892849416706525 0.0034206469387451639 -0.0094505207514097144 -0.0087227279401478723 0.0058876044658006154 0.013953562905730113 0.0022915065455938514 -0.00071803357912405869
leaf_weight=466.5678388774395 757.47471313178539 48.797093763947487 1952.7885808264837 1642.9290622975677 783.85003426298499 522.70036271959543 5768.1193513125181 285.34651593118906 517.37677299045026 1118.4124983362854 1276.2722986284643 1867.736931912601 1608.5893889013678 1344.046588273719 177.63307318836451 1032.9716944135725 1321.4954146072268 5102.5516475252807 649.62608812376857 852.56174863874912 1349.2094459170476 62.213169619441032 442.56209522671998 13505.956518055871 3079.5680055059493 1858.705807948485 6275.0859729666263 261.10694207623601 1627.4276419486851 1196.1140569187701
leaf_count=1895 5603 179 14907 12824 2987 2801 69892 931 3975 3997 8736 8240 13810 6115 728 3946 4880 54315 5225 2872 9326 265 1976 63030 27225 16223 35607 1360 10919 5039
internal_value=0 -0.00297429 -0.00382101 0.00388976 -0.00285754 0.00787111 -0.00528495 0.00272069 -0.00676913 0.00222249 -0.00453777 0.00172334 -0.00720188 0.000211039 0.000258644 0.00956405 0.00161511 -0.010222 0.0169263 0.0209368 -0.00158261 -0.0101237 0.0100332 0.00102177 -0.00162696 0.0010055 0.0025489 -0.0113192 -0.00247561 0.00809808
internal_weight=0 30578 28643.7 4570.45 3011.69 1368.76 24073.2 3764.98 20308.2 28177.8 14540.1 4340.12 10200 2952.64 3479.63 1934.33 27059.4 7247.36 1558.76 901.359 3302 584.914 1092.19 25737.9 12231.9 9152.37 8133.79 1018.58 2144.8 3063.85
internal_count=399828 241903 234906 27973 18877 6053 206933 25892 181041 157925 111149 22015 89134 19925 24961 6997 153928 69209 9096 3051 24233 3066 7201 149048 86018 58793 51830 6963 14894 13279
is_linear=0
shrinkage=0.05


Tree=200
num_leaves=31
num_cat=0
split_feature=7 232 227 225 234 227 227 234 230 226 234 228 15 148 121 192 225 232 226 23 234 162 175 22 228 232 227 188 227 126
split_gain=55.9139 39.3977 101.438 82.4851 74.3307 67.7721 79.0668 66.0261 60.6938 58.8803 58.4808 81.6074 68.8941 53.4303 50.4392 48.8623 112.569 60.792 48.7293 61.2054 48.0206 55.6675 45.8238 45.1018 42.4332 57.34 42.1185 41.1054 39.3254 39.2409
threshold=1.0000000180025095e-35 -0.79598388075828541 -0.011294552125036715 -0.0079692690633237345 0.0058956164866685876 0.038397464901208885 0.146713562309742 -0.0078237308189272863 5.5000000000000009 0.032911373302340514 -0.020229829475283619 47.081319808959968 -0.16414686292409894 39.285715103149421 -0.047167163342237466 1.0000000180025095e-35 0.011886716820299627 -1.0408806204795835 -0.036604972556233399 51.349872589111335 0.027080631814897064 7.8054721355438241 -0.098167799413204179 42.953491210937507 76.667705535888686 1.6881025433540346 -0.0047936984337866298 1.0594999790191653 -0.059249300509691231 0.032620726153254516
decision_type=2 2 2 2 2 2 2 2 2 2 2 2 2 2 2 2 2 2 2 2 2 2 2 2 2 2 2 2 2 2
left_child=1 3 4 10 8 9 27 -8 -3 20 12 -12 28 14 26 16 -16 -18 -6 -20 22 -22 -4 -9 25 -25 -5 -7 -1 -2
right_child=29 2 5 13 18 6 7 23 -10 -11 11 -13 -14 -15 15 -17 17 -19 19 -21 21 -23 -24 24 -26 -27 -28 -29 -30 -31
leaf_value=0.022629554077261037 0.016815808332975312 0.0068104088442751997 -0.0086600245941393979 -0.0088735008193011038 -0.0081442105578810146 0.0050463589748450223 0.0078437243373411687 -0.010770977961947911 -0.0047656748815564373 -0.0093952772839711683 -0.0048841018027327467 0.012812169589197234 0.0014159988035808686 -0.0010860749842649491 -0.0073741579213251534 -0.0097780477712430605 0.037319861437118906 0.14678081334511536 0.020195952317485433 0.0057189610656245421 0.032205869287215527 0.0034608376551894695 -0.0005665193388095591 -0.0020775899928131077 -0.008803832611102038 0.0055056220738249001 0.036543806722503118 -0.0032645783140834023 0.007442836175007495 -0.01386831944875451
leaf_weight=631.30520667135715 791.60612151026726 2896.0835364535451 2188.7117083594203 91.980603821575642 272.41822814941406 13345.245597016066 1967.9423032514751 1304.742468636483 1859.2021580003202 2644.2875233106315 4816.4192421287298 753.39438638091087 5468.5340397953987 5839.7485864236951 151.20999203249812 5221.5986708365381 36.074466452002525 19.56298553943634 1692.0209724083543 1284.1985363289714 203.78560960665345 970.76424795016646 8702.6309824287891 9728.64772368595 1582.2166772149503 3351.6262760199606 114.70594681054354 1674.4549745172262 1312.4959399923682 119.98975621908903
leaf_count=1914 5657 12454 9836 391 1234 60584 7325 8387 12105 13609 30411 3657 25331 31038 841 35371 146 82 6676 4382 792 4169 46435 43318 8988 12845 371 5677 5415 387
internal_value=0 0.000323657 0.00105853 -0.00134906 0.00626702 0.000183922 0.00144356 -0.000797666 0.00228444 -0.00263801 0.0013809 -0.00249044 0.00428991 -0.00443762 -0.00791086 -0.00883389 0.015 0.075808 0.0120966 0.0139493 -0.00115713 0.00844813 -0.00219298 -0.00186271 -0.00107 -0.000134504 0.016332 0.00411982 0.0123752 0.012777
internal_weight=0 80126 55669 24457 8003.92 47665.1 32954.9 17935.2 4755.29 14710.2 12982.1 5569.81 7412.34 11474.9 5635.13 5428.45 206.847 55.6375 3248.64 2976.22 12065.9 1174.55 10891.3 15967.2 14662.5 13080.3 206.687 15019.7 1943.8 911.596
internal_count=399828 393784 258816 134968 36851 221965 147124 80863 24559 74841 66728 34068 32660 68240 37202 36440 1069 228 12292 11058 61232 4961 56271 73538 65151 56163 762 66261 7329 6044
is_linear=0
shrinkage=0.05


Tree=201
num_leaves=31
num_cat=0
split_feature=6 13 29 130 228 3 165 225 165 5 5 233 226 229 225 229 232 227 227 226 234 228 224 228 232 227 228 11 228 228
split_gain=132.968 94.3265 73.7431 70.9094 68.7815 51.005 74.1303 65.9766 61.3776 48.8674 56.3239 45.2516 66.9324 59.5033 57.2123 46.085 41.121 100.683 63.5648 67.5423 63.5629 43.2146 38.9805 36.7071 35.9525 39.0334 35.7239 41.4615 35.1894 43.7708
threshold=1.4369500279426577 0.22814524918794635 0.075776781886816039 0.087588459253311171 20.885622978210453 1825912.4375000002 183.39960479736331 -0.019770403392612931 787.04034423828136 1.0000000180025095e-35 20.322249412536625 -0.01175938034430146 -0.0047057049814611665 1.0469738841056826 0.0044434329029172668 0.84628197550773632 -0.23671387135982511 0.015387311577796938 0.14239784330129626 -0.018397438339889046 0.014197493903338911 73.319728851318374 3.5000000000000004 88.40799713134767 -0.1852077171206474 -0.02365749608725309 59.14936828613282 -0.010700637474656103 71.25742340087892 70.859069824218764
decision_type=2 2 2 2 2 2 2 2 2 2 2 2 2 2 2 2 2 2 2 2 2 2 2 2 2 2 2 2 2 2
left_child=9 2 3 5 22 6 11 -8 -7 -1 -11 12 13 14 -2 -14 17 20 26 -20 -9 -21 -5 28 25 -6 -18 -28 29 -13
right_child=1 -3 -4 4 24 8 7 16 -10 10 -12 23 15 -15 -16 -17 18 -19 19 21 -22 -23 -24 -25 -26 -27 27 -29 -30 -31
leaf_value=-0.00030605382556456173 -0.0060354666339433281 -0.014817392789167987 -0.0073204497494984257 -0.0016860753413012336 0.0048786199930896017 0.0052734032718384062 -0.014117289996029068 -0.010389452468011005 -0.0031497792181933481 0.008713032646475603 0.0022681154169335218 0.00042269127201494182 -0.024836204822054325 0.0070767576724019834 0.0043626334253191413 -0.0071400834231835839 -0.003739669791606805 -0.033871254525195113 0.0093030347859309002 -0.0055004708336930073 0.0022003478312490449 -0.017280970515209632 -0.024556814712440884 -0.012026105942082473 0.0067509322866727258 -0.0018244259198359352 0.011995438538349217 0.0010384618570999629 0.0051657723365960036 -0.020908907146262118
leaf_weight=5321.4564657770097 4970.7744973748922 1198.0373733155429 3984.7210192456841 414.70100758969784 4383.3059675693512 6137.8497398048639 1577.5411912500858 2486.5130650177598 3339.3381215445697 6489.440221324563 7097.7398547418416 20802.379233788699 471.09012997895479 1748.9468061104417 1802.6193357557058 1679.8089132085443 2195.4112529978156 333.32340970635414 613.41864951699972 3077.2113607376814 1679.8642274737358 1042.1018380820751 338.28018480911851 551.44807732477784 5405.4360912963748 4304.8560498058796 1198.7865734398365 3085.8592338748276 4246.4945324324071 243.29169917851686
leaf_count=20473 17168 7488 13774 1321 15190 27712 4976 8020 11955 37913 32728 81968 1728 6358 6427 5893 7218 1081 1895 9886 5326 3297 1596 2116 17885 14381 3883 10803 18890 1039
internal_value=0 -0.000888828 -0.000685615 -0.000347234 0.00276266 -0.00107682 -0.00167255 -0.00436966 0.00230545 0.00375556 0.0053463 -0.000395524 -0.00313438 -0.00114521 -0.0032682 -0.0110159 -0.00339099 -0.00742878 -0.00177062 -0.00617571 -0.0053133 -0.0084807 -0.0119609 0.000735604 0.00354929 0.00155736 0.00144665 0.00410408 0.00101385 0.000176094
internal_weight=0 83313.4 82115.4 78130.7 14846.6 63284.1 53806.9 17290 9477.19 18908.6 13587.2 36516.9 10673.2 8522.34 6773.39 2150.9 15712.5 4499.7 11212.8 4732.73 4166.38 4119.31 752.981 25843.6 14093.6 8688.16 6480.06 4284.65 25292.2 21045.7
internal_count=400388 309274 301786 288012 50373 237639 197972 56385 39667 91114 70641 141587 37574 29953 23595 7621 51409 14427 36982 15078 13346 13183 2917 104013 47456 29571 21904 14686 101897 83007
is_linear=0
shrinkage=0.05


Tree=202
num_leaves=31
num_cat=0
split_feature=116 126 231 227 231 3 229 227 233 228 229 229 227 226 231 228 227 227 232 227 232 230 228 228 40 228 164 35 17 228
split_gain=147.989 144.63 132.992 142.494 131.667 138.655 109.085 144.211 205.813 112.625 205.57 92.1525 87.989 103.187 86.5991 82.9546 81.7194 81.474 122.238 311.967 106.081 92.575 76.3862 127.304 75.27 73.7805 73.3511 72.9809 71.0849 69.9879
threshold=1.0000000180025095e-35 0.0092172333970665949 1.0998837351799013 -0.021259790286421772 0.88830339908599865 546741.53125000012 1.0185583233833315 0.13724447786808017 0.066189184784889235 58.225933074951179 1.0088938474655154 0.73425158858299266 0.22668402642011645 0.072750091552734389 1.1847185492515566 55.445703506469734 0.16889240592718127 0.15454842895269397 0.24266439676284793 0.011352922767400743 -1.2764238119125364 3.5000000000000004 57.011194229125984 58.897331237792976 0.37394875288009649 57.368129730224616 365.67335510253912 -106.4458885192871 -0.043919423595070832 53.410762786865241
decision_type=2 2 2 2 2 2 2 2 2 2 2 2 2 2 2 2 2 2 2 2 2 2 2 2 2 2 2 2 2 2
left_child=1 2 3 28 25 -6 9 -8 -9 11 14 -4 16 -14 -11 -13 17 18 19 21 -21 -3 -18 -24 -2 -5 29 -23 -1 -20
right_child=24 12 6 4 5 -7 7 8 -10 10 -12 15 13 -15 -16 -17 22 -19 26 20 -22 27 23 -25 -26 -27 -28 -29 -30 -31
leaf_value=-0.0018115971030263607 0.054062197402295412 -0.0039805519281179702 -0.013836416031185067 -0.018301402673753218 0.023371862985111111 -0.0072710352483301589 -0.01359970861565581 -0.021825653660868846 0.010368021879339535 0.010256467632351092 0.040350474716626401 -0.00041385076891118792 0.0054403471042563508 0.033010605964261162 -0.015632117876727143 0.015044145912664581 -0.01680752300036539 0.010756573051389827 0.0021592459440411779 0.013192237056801635 0.041415970168539679 -0.0053805649875217389 0.020084448140801028 -0.013337508387738305 0.0077135104284352081 0.0033840588843115521 0.0016189289280824099 0.0083776430868302641 0.022166267643014381 -0.014919781948497274
leaf_weight=413.57533291354775 89.605179745703936 5422.4483332522213 1185.1165648642927 1190.5817271918058 788.58746843971312 694.08066168799996 6137.3175531625748 703.87093939259648 1684.6375246625394 359.33018667623401 190.09455271065235 11451.462520210072 1371.4610189795494 450.97164519876242 3197.1734307967126 939.08251255378127 1199.7079714797437 2287.271272432059 808.03129799105227 721.33464221283793 618.29301311634481 1248.9294591341168 503.95839304476976 655.52602231130004 3907.6212928052992 584.93902951478958 2063.5368704348803 4223.3080642335117 1223.5731622222811 2328.1178080588579
leaf_count=2834 297 36114 10145 10863 2980 3570 72513 4697 6993 1519 993 82419 5049 2107 36412 6024 6893 8972 5360 2449 2662 7350 1904 3377 14036 3023 9547 21201 6757 21328
internal_value=0 -0.00121381 -0.00348194 0.0040747 -0.00197219 0.00902702 -0.00491308 -0.00954298 0.000880849 -0.0026343 -0.0103087 -0.000516311 0.00170341 0.0122628 -0.0130165 0.000757715 0.000831888 0.00188395 0.000719901 0.00344934 0.0262186 0.00064959 -0.00796267 0.00118901 0.0087525 -0.0111572 -0.00570218 0.00523761 0.016109 -0.0105194
internal_weight=0 54646.3 30743.4 4895.34 3258.19 1482.67 25848.1 8525.83 2388.51 17322.3 3746.6 13575.7 23902.9 1822.43 3556.5 12390.5 22080.5 19721.3 17434 12234.3 1339.63 10894.7 2359.19 1159.48 3997.23 1775.52 5199.69 5472.24 1637.15 3136.15
internal_count=400388 386055 251742 30027 20436 6550 221715 84203 11690 137512 38924 98588 134313 7156 37931 88443 127157 114983 106011 69776 5111 64665 12174 5281 14333 13886 36235 28551 9591 26688
is_linear=0
shrinkage=0.05


Tree=203
num_leaves=31
num_cat=0
split_feature=7 158 234 226 226 225 230 24 17 231 233 228 228 246 29 246 17 226 233 20 188 233 43 29 108 12 225 110 230 228
split_gain=55.2 52.5583 39.8219 68.6658 46.7439 42.483 57.7726 56.1381 36.6402 36.3487 48.0057 52.1483 41.2265 34.4112 47.6031 109.946 33.7941 39.4473 35.1869 32.9255 31.355 31.331 31.1067 29.7139 29.1249 32.6097 29.0842 31.8015 31.6935 44.9728
threshold=1.0000000180025095e-35 -323788.42187499994 0.014099156949669124 -0.011009755544364451 -0.036604972556233399 -0.00054045068100094784 12.500000000000002 37.707164764404304 0.00071258848765864979 4.5131709575653085 0.14778378605842593 35.280538558959968 24.073673248291019 88.500000000000014 0.028135299682617191 92.500000000000014 -0.082046955823898302 -0.041425805538892739 -0.021505065262317654 -0.39728064835071558 0.51850000023841869 0.036367883905768401 1.5000000000000002 0.020011634565889839 -0.013284384272992609 -0.018654551357030865 -0.033661128953099244 0.67120257019996654 8.5000000000000018 47.828441619873054
decision_type=2 2 2 2 2 2 2 2 2 2 2 2 2 2 2 2 2 2 2 2 2 2 2 2 2 2 2 2 2 2
left_child=1 2 5 4 -4 6 9 21 -9 12 11 19 -1 20 15 -15 17 -14 -19 -11 -8 -7 -6 -3 -13 -26 27 -5 29 -28
right_child=-2 23 3 26 22 7 13 8 -10 10 -12 24 16 14 -16 -17 -18 18 -20 -21 -22 -23 -24 -25 25 -27 28 -29 -30 -31
leaf_value=-0.014780305827395521 0.012774873916865187 -0.011334331169518597 0.0015545655113694344 0.024214643963594868 0.0060443249495287866 -0.0095623677068156065 0.012430750302847059 -0.0031929223884617692 0.0033568514329137475 0.01673622707470445 -0.0078308992022042834 0.029723098692629853 -0.015838538794907774 0.22811344664757494 0.021277600716380626 0.020567609470251179 -0.0011635221644692934 0.017667815482047378 0.0017873423315217852 0.00082901496535843315 -0.010599475656576797 0.0023387166180111056 0.026872561942140945 -0.00092650263146419349 0.022014786316787827 0.0020949564542355674 0.017415793654913168 -0.0041324940141244174 0.0061164948363410573 0.00010143229978715003
leaf_weight=484.70730878040195 894.72524334490299 699.32372771576047 477.82036501169205 302.66754028946161 250.15492050349712 2840.4405419789255 871.03887658193707 4062.0805268883705 4501.3747965730727 382.12216892838478 628.8371092453599 291.41470081731677 170.28705981746316 9.6314713843166846 186.81190829724073 18.90800017118454 7865.9945564568043 691.1129114665091 704.26828204095364 2187.6062081232667 177.99240842834115 686.7232308909297 632.55137506127357 35384.822701595724 383.33150415867567 442.76068352535367 388.72242323309183 146.98870284855366 3594.0183791778982 10654.860817547888
leaf_count=3367 6028 9121 2063 917 814 17571 3452 24537 20307 1366 2639 1016 1054 88 617 157 44884 2640 3822 10066 610 3609 1979 166616 1384 1737 1350 445 15006 51126
internal_value=0 0.000286488 0.00144575 0.00339305 0.0141512 0.000284755 0.00201786 -0.0019366 0.000249962 0.00110793 0.004938 0.00711566 -0.000559101 0.0122605 0.0304659 0.09061 0.000171748 0.00688021 0.00965272 0.00319444 0.00852314 -0.00724528 0.0209699 -0.00112821 0.0161326 0.0113384 0.00242291 0.0149482 0.00203814 0.000710879
internal_weight=0 80119.4 44035.2 16447.8 1360.53 27587.4 15496.8 12090.6 8563.46 14232.4 4316.07 3687.24 9916.37 1264.38 215.351 28.5395 9431.66 1565.67 1395.38 2569.73 1049.03 3527.16 882.706 36084.1 1117.51 826.092 15087.3 449.656 14637.6 11043.6
internal_count=400388 394360 218623 73700 4856 144923 78899 66024 44844 73975 18208 15569 55767 4924 862 245 52400 7516 6462 11432 4062 21180 2793 175737 4137 3121 68844 1362 67482 52476
is_linear=0
shrinkage=0.05


Tree=204
num_leaves=31
num_cat=0
split_feature=6 150 29 36 229 5 5 167 3 225 231 227 229 232 227 226 167 234 230 15 230 233 224 232 35 175 9 226 187 227
split_gain=115.586 85.1936 70.8789 64.2249 63.7357 47.8855 46.1993 38.6422 52.3902 47.9767 49.4383 64.0586 70.8504 45.6504 185.617 43.1646 39.8384 38.5769 38.2245 37.0229 41.8035 86.6259 45.5948 42.2255 54.5705 37.7667 35.1215 32.0159 31.3491 40.7071
threshold=1.4486500024795534 -53.571428298950188 0.065232884138822569 -1.0000000180025095e-35 1.6979064345359804 1.0000000180025095e-35 20.322249412536625 4.3940501213073739 1742184.0000000002 0.0014885788550600412 6.1321258544921884 0.23590777069330218 0.96440106630325328 0.24266439676284793 0.013024828396737577 0.21380081027746203 6.3079500198364267 -0.035076532512903207 9.5000000000000018 -0.17192101478576657 9.5000000000000018 -0.030141824856400486 4.5000000000000009 -1.9118109345436094 -113.41086196899413 -0.035051951184868806 -1.0000000180025095e-35 0.24658899009227755 -1.0264999866485593 0.18537236005067828
decision_type=2 2 2 2 2 2 2 2 2 2 2 2 2 2 2 2 2 2 2 2 2 2 2 2 2 2 2 2 2 2
left_child=5 4 3 7 19 -1 -7 -3 9 15 13 12 18 14 17 28 -10 -11 -12 -2 23 22 -22 24 -21 -25 27 -4 29 -9
right_child=1 2 26 -5 -6 6 -8 8 16 10 11 -13 -14 -15 -16 -17 -18 -19 -20 20 21 -23 -24 25 -26 -27 -28 -29 -30 -31
leaf_value=-0.00063196395116584198 -0.0026335857076180743 0.00086305691875721415 -0.0046337949256314266 -0.013619658012464295 -0.017171574813869963 0.0079894265096317318 0.0021989791079561078 -0.006217768744663503 0.0050702541263467817 -0.018032022250293458 0.013477404750054781 -0.036874861152114184 -0.011552948558477218 0.0021851854769621578 -0.023122248440749549 0.016606391218657608 -0.0018723179688719166 0.0017733151847079088 -0.0036741988382236936 0.0078255906635812094 0.0073438806167047182 0.00075920925499167009 -0.037516226338478696 0.0082137960249882049 -0.0079264677758029301 0.0026958307374667367 -0.011774432067924135 0.031293813279324782 0.0002716276737479984 -0.01787701252974366
leaf_weight=5354.7423615381122 3280.1607997640967 17963.466331511736 4362.2751348800957 1032.8560895528644 432.02953793108463 6535.7405869886279 7283.4996476843953 7839.4223350584507 4045.1859048232436 260.74550995230675 560.67204868793488 168.72010471299291 1866.0720323398709 8564.6268024370074 1001.6883777081966 212.8528096228838 4224.033522374928 4309.2395738214254 772.2932173833251 881.76671743392944 73.595840662717819 2106.5660233944654 245.8711623288691 5916.6880102828145 1460.5402006953955 6515.8821538724005 2268.7653839252889 62.902315616607666 1607.3117571622133 827.67352812737226
leaf_count=20566 11111 71944 14683 4732 2415 38412 33499 25609 17688 786 1806 1085 6725 30476 3269 645 15119 14491 2475 3188 281 8004 1385 21724 5226 26062 8680 204 5424 2589
internal_value=0 -0.00092575 -0.00185724 -0.00126859 0.00183359 0.00338214 0.00493754 -0.00103333 -0.0019728 -0.0030058 -0.00140353 -0.00684768 -0.00526402 -0.000106543 -0.00362933 -0.0056801 0.00152389 0.0006433 0.00354011 0.00223449 0.00316281 -0.00292014 -0.0271818 0.00416163 -0.00199657 0.00532184 -0.00671635 -0.0041231 -0.00614181 -0.00733118
internal_weight=0 82863.9 61950.8 55256.9 20913.1 19174 13819.2 54224 36260.5 27991.3 17504.1 3367.76 3199.04 14136.3 5571.67 10487.3 8269.22 4569.99 1332.97 20481.1 17200.9 2426.03 319.467 14774.9 2342.31 12432.6 6693.94 4425.18 10274.4 8667.1
internal_count=400303 307826 228430 204863 79396 92477 71911 200131 128187 95380 61113 12091 11006 49022 18546 34267 32807 15277 4281 76981 65870 9670 1666 56200 8414 47786 23567 14887 33622 28198
is_linear=0
shrinkage=0.05


Tree=205
num_leaves=31
num_cat=0
split_feature=124 29 159 232 225 225 29 227 232 227 226 229 226 227 226 230 142 225 229 231 226 229 227 227 231 227 230 231 15 225
split_gain=145.383 110.112 104.791 77.5397 74.3291 95.3605 68.6997 65.8107 79.1202 245.313 149.405 85.9731 83.8066 94.8218 74.3208 66.3673 69.0593 66.646 62.8193 128.231 84.5081 75.6359 91.1486 75.0426 93.8979 83.4823 69.0544 147.983 77.083 90.5177
threshold=0.021798622794449333 0.027324740774929527 -1998.9124755859373 -3.334617972373962 0.26017209887504583 0.027380791492760185 0.069516453891992583 0.22668402642011645 0.30034458637237554 0.015387311577796938 0.012463098857551815 1.0559226870536806 0.011791600380092861 0.13724447786808017 -0.010998837649822233 2.5000000000000004 25.644799232482914 0.023746094666421417 1.0158648490905764 7.0670609474182138 0.11911282315850259 0.9560229778289796 0.15962687879800799 -0.015013982541859148 1.9522736072540285 -0.036407448351383202 9.5000000000000018 1.7051149606704714 -0.14423793554306027 -0.0065399571321904651
decision_type=2 2 2 2 2 2 2 2 2 2 2 2 2 2 2 2 2 2 2 2 2 2 2 2 2 2 2 2 2 2
left_child=1 -1 3 -3 5 7 -2 8 9 10 -4 -11 -10 -14 -9 16 -15 -17 21 -20 -21 26 23 25 -25 -23 28 -28 29 -5
right_child=6 2 4 18 -6 -7 -8 14 12 11 -12 -13 13 15 -16 17 -18 -19 19 20 -22 22 -24 24 -26 -27 27 -29 -30 -31
leaf_value=-0.010112269316257437 0.002100548675000861 0.017277679784972636 0.0063590008911981917 -0.007605762519345566 0.033178746909189399 -0.0072456757702493504 0.010676765368286927 -0.010208134290137158 -0.012495593415205349 0.021468475276419971 -0.0093136778610719822 0.059003079305611397 -0.0078311579941458265 0.045090869270664413 0.02399479670683036 -0.00055514592538230914 0.010325328490451976 0.03189000063976638 -0.011515843016867748 0.011858118011298827 -0.02099038814623156 -0.013605615739256005 0.046694874457591767 0.0079959099986339644 -0.015580993813842304 0.016885443016054134 0.022339051243000847 -0.0068202116904535134 -0.0073700868155661507 0.013073377916891532
leaf_weight=3722.0565979639068 9729.7766036037356 444.8010960817337 6292.4555973829702 1009.9323570244014 184.8379069045186 2770.0837808391079 3072.4627365991473 207.06566379219294 1536.7682643607259 488.99682131037116 2005.1795959249139 221.73813660442829 1796.7912042252719 199.87801425531507 681.76516347005963 1788.1330571714789 500.61103784665465 173.6459075473249 5165.4734588088468 1084.5535495094955 238.93266431801021 275.91525173559785 123.90670048445463 815.44393048062921 875.92372149787843 1204.3601570241153 741.76200859993696 1052.4913705736399 8952.3076602276415 1111.6932064667344
leaf_count=72951 43152 1544 37363 8070 1189 17113 9821 1143 11035 2212 16368 1133 15252 1000 2280 9334 1972 835 43550 3980 2309 2168 509 3272 7560 4879 3320 8142 60466 6381
internal_value=0 -0.00187022 -0.00113886 -0.00339642 0.0016277 0.00131522 0.00415879 0.00280734 0.00202424 0.00498641 0.00257159 0.0331787 -0.00242623 0.00104407 0.0160267 0.00703406 0.0202454 0.00231672 -0.00380237 -0.00795803 0.00592789 -0.00213407 0.00462455 0.00298098 -0.00421407 0.0112021 -0.00386495 0.00523451 -0.0053393 0.00322973
internal_weight=0 45667.5 41945.4 23097.5 18848 18663.1 12802.2 15893 15004.2 9008.37 8297.64 710.735 5995.83 4459.06 888.831 2662.27 700.489 1961.78 22652.7 6488.96 1323.49 16163.7 3295.55 3171.64 1691.37 1480.28 12868.2 1794.25 11073.9 2121.63
internal_count=400303 347330 274379 156150 118229 117040 52973 99927 96504 57076 53731 3345 39428 28393 3423 13141 2972 10169 154606 49839 6289 104767 18388 17879 10832 7047 86379 11462 74917 14451
is_linear=0
shrinkage=0.05


Tree=206
num_leaves=31
num_cat=0
split_feature=117 42 158 3 233 226 234 234 229 234 234 227 15 234 15 42 227 14 225 108 227 3 227 11 228 227 226 228 227 227
split_gain=42.9842 44.011 42.3833 41.7302 40.0242 42.7647 56.8515 46.0071 39.8847 60.7678 58.8935 53.3783 48.4731 40.9064 47.305 39.2879 35.8719 32.0306 31.7172 48.1416 29.4343 61.8455 45.1741 39.3463 28.9677 28.6558 28.7061 42.1044 36.7813 43.7699
threshold=1.0000000180025095e-35 1.807401239871979 -1069298.6249999998 1173635.3750000002 -0.00297881884034723 -0.013697971124202011 0.0082770409062504786 -0.016725192777812477 1.006424129009247 -0.010293399915099142 -0.014805157668888567 -0.075426507741212831 0.085538856685161604 0.0023294708225876097 -0.20697432011365888 4.4952671527862558 0.19604091346263888 -0.080342866480350481 0.054646359756588943 0.04855459742248059 -0.022433184087276455 115475.50390625001 -0.01917296182364225 -0.041805991902947419 25.799981117248539 -0.024494701065123078 -0.045070454478263848 27.810050964355472 -0.078474234789609895 -0.075426507741212831
decision_type=2 2 2 2 2 2 2 2 2 2 2 2 2 2 2 2 2 2 2 2 2 2 2 2 2 2 2 2 2 2
left_child=2 -2 4 15 8 6 7 -6 9 10 11 -1 -13 14 -10 20 -7 -12 -18 -20 25 -22 23 -23 -24 26 -4 -28 -29 -30
right_child=1 -3 3 -5 5 16 -8 -9 13 -11 17 12 -14 -15 -16 -17 18 -19 19 -21 21 22 24 -25 -26 -27 27 28 29 -31
leaf_value=0.022245287025587049 0.01694119363401532 0.0024325053309074145 0.0036995853996511134 -0.0037814483246259422 0.018791063504339425 0.0029310225520783008 0.020288451614545757 2.8135923748136798e-05 0.017680197241003687 -0.0085534833420418087 0.034321046720562985 -0.0052438968870793905 0.010010776851743848 0.016474527300150098 -0.0015466800232838247 -0.018716909977989551 -0.013675760447765301 0.0078607913512732022 -0.014066397330840223 0.030344767245257382 0.024818500174340872 0.024159032049133087 -0.012594162468065327 0.0049438793217768924 0.00052201546533977975 -0.014087093640063953 -0.01179449780026473 0.0058138039641083923 -0.017064842384774539 -0.0017846372989094594
leaf_weight=230.19954187422991 775.91554040461779 1601.6004262156785 2073.9960391484201 8184.4014741033316 424.98419662937522 14021.975660327822 806.806102309376 1412.8654035814106 378.9179773144424 2691.8350256867707 175.51559220254421 2988.2951291576028 630.65856287628412 556.44010814651847 2054.3484528325498 275.17168698832393 613.00304159894586 328.30462389066815 124.8903639651835 119.31879638880491 269.71161431819201 333.90289475023746 426.95263097807765 1318.0718810968101 29987.930740110576 475.65890419483185 1140.4842980317771 1395.9484403096139 521.85561835020781 4597.5637080147862
leaf_count=822 2426 5495 9511 46164 1567 69631 3108 7755 1630 17995 577 16888 2566 1940 11175 1138 3569 1295 588 347 1202 1123 2494 6317 138279 3284 7784 6541 3302 23790
internal_value=0 0.0071675 0.000343532 -0.000510159 0.00192344 0.00336535 0.00922408 0.00436687 -0.000594649 -0.0026482 0.00100358 -0.00110052 -0.00258553 0.00424423 0.00144741 0.000115139 0.00232401 0.0170787 -0.00760528 0.00763257 0.000236949 0.000975801 0.000775262 0.00882771 0.000337896 -0.00210413 -0.00151833 -0.00293188 -0.00138052 -0.00334225
internal_weight=0 2377.52 78560 51001.6 27558.4 17523.8 2644.66 1837.85 10034.5 7044.81 4352.97 3849.15 3618.95 2989.71 2433.27 42817.2 14879.2 503.82 857.212 244.209 42542.1 32336.6 32066.9 1651.97 30414.9 10205.5 9729.85 7655.85 6515.37 5119.42
internal_count=400303 7921 392382 250929 141453 86565 12430 9322 54888 40143 22148 20276 19454 14745 12805 204765 74135 1872 4504 935 203627 149415 148213 7440 140773 54212 50928 41417 33633 27092
is_linear=0
shrinkage=0.05


Tree=207
num_leaves=31
num_cat=0
split_feature=15 194 122 117 151 40 130 233 228 225 29 233 5 22 44 121 8 228 233 228 228 225 228 7 3 171 224 226 233 17
split_gain=116.086 75.5806 71.5699 65.507 47.1867 54.6407 47.1994 46.8828 61.349 52.7218 42.3676 38.3052 37.566 37.3496 36.4501 32.7292 31.844 30.0212 29.459 32.5548 29.2539 30.63 28.8829 29.6875 27.4086 26.4535 26.3808 26.1623 63.2157 38.7346
threshold=0.094121661037206664 0.06392392143607141 0.020333507098257545 1.0000000180025095e-35 14.12248754501343 1.2962355017662051 0.060116920620203025 -0.039505766704678529 25.799981117248539 -0.04725131765007972 0.017735851928591732 -0.059049820527434342 1.0000000180025095e-35 1.0000000180025095e-35 2575356.2500000005 0.03030586522072554 -1.0000000180025095e-35 20.885622978210453 -0.033969070762395852 54.092773437500007 20.885622978210453 -0.01376869063824415 64.304698944091811 1.0000000180025095e-35 269881.17187500006 -0.0017329000402241943 3.5000000000000004 -0.028645382262766358 -0.00099835934815928318 -0.068085223436355577
decision_type=2 2 2 2 2 2 2 2 2 2 2 2 2 2 2 2 2 2 2 2 2 2 2 2 2 2 2 2 2 2
left_child=2 16 10 14 5 7 -6 8 -4 -10 -1 -11 -9 -14 25 -5 -2 -12 19 26 -8 -22 -7 -24 -13 -3 -16 28 29 -19
right_child=1 3 4 15 6 22 20 12 9 11 17 24 13 -15 18 -17 -18 27 -20 -21 21 -23 23 -25 -26 -27 -28 -29 -30 -31
leaf_value=0.015291041812425635 0.00043034891326185524 0.0026874122690060246 -0.016036338001766525 -0.032372846983809114 -0.0028765300680138679 -0.0042575377687387294 -0.0093553342955849279 0.0012355914704665534 0.018884500481174096 0.0061452455749159661 -0.028735283152892251 -0.010988136382243177 -0.024329694853813963 0.0066978243115663697 -0.0067081085597852329 -0.0096813288531370448 -0.017317111111404049 -0.0071409977111783155 -0.0023227143778700001 0.0044408383350160886 0.0062966842170041233 0.00035104251549000922 0.0054861555668410814 -0.019061317705713912 -0.00050815019283485222 -0.001292406274203773 -0.021157271770503378 0.0057404359767852077 -0.01202655383440605 0.0093059981489510401
leaf_weight=907.02018111199141 325.24242754280567 6795.8362141475081 591.47554357349873 188.54422407411039 14629.919800624251 4462.9363753795624 596.10129445418715 5418.1073952279985 380.83316405117512 1434.3670091629028 69.499277256429195 917.68584790080786 97.941525965929031 9995.9610627628863 722.49321553111076 1011.0087214633822 1134.0361366271973 485.91739954054356 16049.927184939384 336.74789017438889 3015.2186665013433 7692.5012321323156 1513.5998658314347 134.07939591631293 1948.7086617723107 10828.349643588066 561.32074573636055 7510.6994163915515 776.78082869946957 1359.7282440848649
leaf_count=9484 1013 22207 2282 1289 55601 16782 2401 19988 1401 5148 372 2963 319 43968 2334 4778 4358 2292 52950 1100 10207 26378 6012 1871 7027 35118 2095 46833 3574 8272
internal_value=0 -0.00220343 0.00128735 -0.00175725 0.000520229 0.00198758 -0.00100155 0.00320953 -0.000863371 0.00105359 0.00493522 -0.000525339 0.00459404 0.00639676 -0.00136672 -0.013248 -0.0133616 0.00401458 -0.00297142 -0.00939621 0.00142514 0.00202529 -0.00216885 0.00348861 -0.00386335 0.0002422 -0.0130257 0.0042392 -6.03651e-05 0.00497587
internal_weight=0 37953.5 63939.1 36494.2 52829.4 26895.7 25933.7 20785.1 5273.07 4681.59 11109.6 4300.76 15512 10093.9 35294.7 1199.55 1459.28 10202.6 17670.5 1620.56 11303.8 10707.7 6110.62 1647.68 2866.39 17624.2 1283.81 10133.1 2622.43 1845.65
internal_count=400417 127242 273175 121871 202348 107761 94587 83096 18821 16539 70827 15138 64275 44287 115804 6067 5371 61343 58479 5529 38986 36585 24665 7883 9990 57325 4429 60971 14138 10564
is_linear=0
shrinkage=0.05


Tree=208
num_leaves=31
num_cat=0
split_feature=15 232 234 225 227 233 205 234 233 230 227 234 3 233 234 227 233 234 227 232 227 234 12 227 227 229 233 225 230 205
split_gain=131.731 195.361 179.24 141.894 109.848 106.197 116.539 101.764 105.42 139.019 128.814 103.755 101.053 97.8404 146.777 117.82 192.433 161.544 111.559 101.756 329.308 157.031 93.8142 135.57 90.1022 113.038 86.5524 86.2721 86.0047 79.8718
threshold=0.066346980631351485 -0.45026452839374537 0.014197493903338911 -0.0090084550902247412 0.013518193271011116 0.020514339208602909 -0.00030025000160094345 -0.024432662874460217 -0.036969205364584916 9.5000000000000018 0.13368050009012225 0.022599589079618457 637242.53125000012 -0.033969070762395852 -0.008467934560030697 0.15454842895269397 -0.017819760367274281 0.0034438427537679677 0.16889240592718127 0.39682576060295111 0.015387311577796938 0.014197493903338911 0.054261589422822006 0.13368050009012225 -0.084074661135673509 0.84628197550773632 -0.056033192202448838 -0.018960645422339436 2.5000000000000004 -1.0000000180025095e-35
decision_type=2 2 2 2 2 2 2 2 2 2 2 2 2 2 2 2 2 2 2 2 2 2 2 2 2 2 2 2 2 2
left_child=1 2 3 4 5 6 -1 -3 9 27 -10 -12 -6 28 18 16 -16 29 -15 20 21 -18 23 -21 -5 -26 -11 -9 -2 -17
right_child=13 7 -4 24 12 -7 -8 8 10 26 11 -13 -14 14 15 17 19 -19 -20 22 -22 -23 -24 -25 25 -27 -28 -29 -30 -31
leaf_value=0.011311638791461943 -0.0033514356299062069 -0.027973806870673475 -0.022091129494863946 -0.013438967790310511 0.041228762573943839 0.02073523452358797 -0.0092014238649784068 0.01503379847210539 -0.0164570283853058 -0.0053021701686418289 -0.012440653373641399 0.0057693747755362748 -0.019516416661136543 -0.003362191077959801 0.021871356702401229 0.021635534702873126 0.0071981914765975987 0.0088385972309224427 -0.024735101240996458 -0.018196925464720345 0.032050660677803496 -0.010800941801103395 0.0009448982112833502 -0.00090892064202254094 0.019556597302225504 0.004154298186405953 0.025924579792884463 -0.016598280705663725 0.013468692414560154 -0.010396102165270361
leaf_weight=786.40641421079636 1029.7217999026179 639.55245685949922 862.98815617896616 593.23496587574482 240.93490764498711 371.3027074560523 5791.5976779721677 280.33732694014907 3875.3368801446632 328.31713568419218 1482.0812864098698 1656.4810035005212 95.643036857247353 1905.4280343111604 850.20916741713881 218.34058210998774 2238.4211636502296 8557.7081034779549 898.42021198011935 2676.8193632625043 800.67159122042358 2642.0746016167104 2630.3436880540103 1967.5117802489549 1427.849370714277 7188.184220360592 684.64287383109331 932.75569942593575 2901.2122969999909 1790.960120761767
leaf_count=2726 4980 6213 15445 5699 694 2313 48859 1530 65908 2948 16439 10963 345 9357 2691 679 11119 32812 5779 25760 3350 14765 10003 11570 7287 47140 3778 8504 10943 9818
internal_value=0 -0.00307253 0.000122097 0.00128424 -0.00392945 -0.00528058 -0.00674907 -0.00868543 -0.00735037 0.00212963 -0.0103591 -0.0028297 0.0239672 0.00168957 0.000623114 0.00186941 -0.00117194 0.005843 -0.0102106 -0.00268412 0.00233011 -0.00254571 -0.00659999 -0.0108731 0.00540904 0.00670677 0.0158035 -0.00928833 0.0090626 -0.00691539
internal_weight=0 27237.6 17358.1 16495.2 7285.88 6949.31 6578 9879.5 9239.95 2226.05 7013.9 3138.56 336.578 31107.8 27176.9 24373.1 13806.1 10567 2803.85 12955.8 5681.17 4880.5 7274.67 4644.33 9209.27 8616.03 1012.96 1213.09 3930.93 2009.3
internal_count=400417 246791 130508 115063 54937 53898 51585 116283 110070 16760 93310 27402 1039 153626 137703 122567 79258 43309 15136 76567 29234 25884 47333 37330 60126 54427 6726 10034 15923 10497
is_linear=0
shrinkage=0.05


Tree=209
num_leaves=31
num_cat=0
split_feature=7 229 229 229 229 233 233 246 190 130 158 162 122 44 167 225 35 225 158 225 228 232 142 231 26 233 232 229 20 232
split_gain=52.2478 40.5649 46.1832 51.5619 74.3956 42.5772 46.5721 48.3547 40.5197 55.9133 38.246 38.0412 35.1094 34.8366 38.1453 30.8114 38.7909 30.7043 31.1757 30.2498 46.3586 61.255 37.6966 47.5433 38.3904 32.9572 57.5161 32.9877 31.5854 48.4909
threshold=1.0000000180025095e-35 0.73425158858299266 0.83248120546340953 0.8409947156906129 0.84419053792953502 0.020130424760282043 0.030394936911761764 74.500000000000014 1.4999999962128643e-06 0.082426678389310851 -264282.39062499994 22.144626617431644 0.12603022158145907 5324452.5000000009 4.4931499958038339 0.20679578930139544 282.43899536132818 0.069071818143129363 212077.93750000003 -0.016739149577915665 27.104192733764652 0.066709205508232131 44.067649841308601 4.8912200927734384 -8.9408125877380353 -0.0220391321927309 -0.79598388075828541 1.0185583233833315 -0.13905055075883863 -1.4672073721885679
decision_type=2 2 2 2 2 2 2 2 2 2 2 2 2 2 2 2 2 2 2 2 2 2 2 2 2 2 2 2 2 2
left_child=1 13 5 -4 -5 11 7 -7 9 10 -6 -3 -11 14 -1 17 -17 18 -2 22 -21 25 24 -24 28 -22 27 -27 -10 -30
right_child=15 2 3 4 8 6 -8 -9 19 12 -12 -13 -14 -15 -16 16 -18 -19 -20 20 21 -23 23 -25 -26 26 -28 -29 29 -31
leaf_value=0.007101086571865616 0.013588498023425422 -0.012413005634227238 0.010885313417126168 -0.021613642901375626 0.0018262897109509177 0.0050379946288230601 -0.001517127798507675 0.034706955642607791 0.0043900481045363862 -0.0047366542880504115 -0.0013172132590349036 -0.0034571857197115211 0.01951263490684926 0.011618099443297392 -0.0029028285381931633 -0.0081678840599519742 0.022553181577726469 0.029504604819934804 -0.044798588733220464 -0.013320443802570497 0.0095967906058391228 -0.003540899654580959 -0.0026427535059330679 0.027930250958497011 0.0020815135117659535 -0.012398678520699315 0.0088545783527761626 0.002092474866180704 0.052176218427089784 0.012770840981741166
leaf_weight=1927.9856291040778 110.78228368610144 1554.1871295012534 1179.4155829399824 383.81009173765779 23223.332838263363 662.07232741639018 5257.1487657614052 173.2747138030827 356.50055008754134 7186.5175959393382 16587.131813634187 5001.4202489927411 152.43350338935852 1306.2922505959868 1884.068928219378 286.16952541470528 160.31883203983307 330.61974559351802 28.807497754693031 516.08250405266881 2443.9428292326629 3077.3835487924516 187.27136409282684 396.16202914714813 3121.325672775507 754.34438177198172 1489.1776672527194 819.2219602689147 114.93871319293976 243.39290876686573
leaf_count=9294 963 9538 5007 2517 119798 2885 23550 769 1329 35005 84744 26796 480 5554 7204 790 440 3674 240 2905 11923 13476 576 1188 13511 5034 5936 3772 476 1043
internal_value=0 0.000264973 -2.93907e-05 0.000530409 0.000330374 -0.00278377 0.000225456 0.0111922 0.000469198 -0.000222737 0.000516541 -0.00558041 -0.00423299 0.00457146 0.00215675 0.0122701 0.00286301 0.0212025 0.00153901 0.00288228 0.00123407 0.0021091 0.00627604 0.0181169 0.00447519 0.00526657 0.00181124 -0.00485437 0.0149272 0.0254105
internal_weight=0 79998.8 74880.5 62232.4 61053 12648.1 6092.5 835.347 60669.2 47149.4 39810.5 6555.61 7338.95 5118.35 3812.05 916.698 446.488 470.21 139.59 13519.7 9100.15 8584.07 4419.59 583.433 3836.16 5506.69 3062.74 1573.57 714.832 358.332
internal_count=400417 394310 372258 308720 303713 63538 27204 3654 301196 240027 204542 36334 35485 22052 16498 6107 1230 4877 1203 61169 43046 40141 18123 1764 16359 26665 14742 8806 2848 1519
is_linear=0
shrinkage=0.05


Tree=210
num_leaves=31
num_cat=0
split_feature=6 40 124 41 29 146 44 142 24 231 233 234 234 230 226 232 226 30 165 29 28 234 232 226 14 234 234 226 231 234
split_gain=117.195 69.4725 54.8868 51.8725 45.5821 42.9617 42.5363 38.6509 37.5791 35.541 42.2099 33.9092 45.0208 50.3413 48.3628 37.1977 47.5038 31.7314 31.3921 30.9553 31.0325 30.44 29.4496 26.509 26.3427 26.3067 37.5595 23.8351 23.2233 24.4222
threshold=3.2236499786376958 1.6010794043540957 0.010414142161607744 1.0000000180025095e-35 0.017735851928591732 52307.046875000007 32921.099609375007 51.733699798583991 9.9215803146362322 8.9845814704895037 0.15564788877964023 0.029375702142715458 0.031429702416062362 8.5000000000000018 0.059302615001797683 0.30034458637237554 0.043002098798751838 0.12386789545416833 294.41024780273443 0.059230303391814239 0.22686907649040225 0.027080631814897064 -3.334617972373962 0.22755278646945956 -0.025988282635807988 0.042032595723867423 0.040786409750580795 0.26719139516353613 3.4406417608261113 -0.0064093542750924817
decision_type=2 2 2 2 2 2 2 2 2 2 2 2 2 2 2 2 2 2 2 2 2 2 2 2 2 2 2 2 2 2
left_child=1 2 3 -1 -5 -6 -2 9 -7 11 18 15 13 -13 25 16 -8 21 -11 20 -4 -3 -10 -9 -17 26 -14 -23 29 -26
right_child=6 17 19 4 5 8 7 23 22 10 -12 12 14 -15 -16 24 -18 -19 -20 -21 -22 27 -24 -25 28 -27 -28 -29 -30 -31
leaf_value=-0.038803353853773023 0.0028770667584645075 -0.0042434556756254845 -0.00061336044691674826 0.014299823740947973 0.0013536304066143886 0.012992644912684613 -0.0035049323869554734 -0.0098805634907340421 -0.021619808546213613 -0.0084805314727476443 -0.00032845813207417148 -0.0091491142545402949 -0.0042430798817262565 -0.042928247721683584 -0.027707568978320808 0.0063591123146128003 0.016945109643227065 -0.020524647826902512 -0.028794846380972617 -0.0044157432020220369 0.0042365302921855827 0.0038247818515895291 0.0042922820615022743 0.0032169908328481809 0.010250758423461848 0.0015796740953334971 -0.025075348131969145 -0.030685864030243655 -0.0029352998004278114 0.00057912836752976513
leaf_weight=74.232550276443362 3456.4484430328012 6201.1827391758561 12806.336768120527 876.74464552477002 21652.392595890909 1297.9666772969067 12080.356865268201 2838.8405925184488 110.58435349911451 403.72469720989466 600.30178838223219 344.67873596400023 1819.3800197467208 162.20334128290415 206.76405835151672 1903.5346895568073 290.81110236793756 252.56019026041031 359.53776462748647 3679.7206363528967 4442.5137755312026 1900.4377879500389 12997.012689497322 447.18023135513067 800.1937947794795 1775.3763746321201 245.56850080192089 51.385082583874464 3953.483738809824 3541.6210256442428
leaf_count=332 12823 22751 49238 9214 96915 5325 40991 11940 431 1430 2052 1098 6281 508 719 7251 1013 1909 1170 11777 13997 7350 56473 1643 2471 5862 842 408 13594 12304
internal_value=0 0.00117778 0.00179406 0.00295135 0.00303527 0.00276137 -0.00239052 -0.00296354 0.00487729 -0.00237127 -0.010248 -0.00197529 -0.005911 -0.0199585 -0.0041516 -0.00118118 -0.00302421 -0.00307013 -0.0180497 -0.000252418 0.000635749 -0.00252943 0.00407367 -0.00809817 0.00105441 -0.00288334 -0.0067205 0.00291623 -0.000162865 0.0023616
internal_weight=0 66343.1 57937.5 37008.9 36934.7 36058 35230 31773.6 14405.6 28487.5 1363.56 27124 4553.97 506.882 4047.09 22570 12371.2 8405.57 763.262 20928.6 17248.9 8153.01 13107.6 3286.02 10198.8 3840.32 2064.95 1951.82 8295.3 4341.81
internal_count=400112 276120 243702 168690 168358 159144 123992 111169 62229 97586 4652 92934 15310 1606 13704 77624 42004 32418 2600 75012 63235 30509 56904 13583 35620 12985 7123 7758 28369 14775
is_linear=0
shrinkage=0.05


Tree=211
num_leaves=31
num_cat=0
split_feature=29 228 232 227 227 234 234 234 154 234 229 25 226 225 186 234 230 228 233 230 227 230 151 159 228 225 234 233 233 224
split_gain=129.897 106.011 96.0145 224.884 173.551 282.634 152.445 99.5034 89.6797 86.1262 85.2349 84.5786 110.608 83.5231 81.7622 103.169 80.2842 75.7381 72.4636 71.5507 76.5636 70.1185 67.2597 64.6386 76.1964 75.9042 79.5715 85.3111 85.2833 72.9607
threshold=0.046433122828602798 95.245128631591811 0.24266439676284793 0.13368050009012225 0.011352922767400743 0.014099156949669124 0.0028201703680679206 0.034234046936035163 34.32478332519532 0.022599589079618457 0.62673509120941173 54.875831604003913 0.17813075333833697 -0.0049695679917931548 0.43314999341964727 0.0046147722750902185 10.500000000000002 71.649860382080092 0.14265494048595431 1.5000000000000002 0.23590777069330218 2.5000000000000004 6.2891149520874032 9988.4897460937518 50.77893257141114 -0.0090084550902247412 -0.031190510839223858 -0.040498191490769379 0.020514339208602909 3.5000000000000004
decision_type=2 2 2 2 2 2 2 2 2 2 2 2 2 2 2 2 2 2 2 2 2 2 2 2 2 2 2 2 2 2
left_child=1 2 4 8 5 23 -5 9 -4 16 -2 12 -12 -13 15 -6 17 -8 -11 -9 -21 -15 -18 24 25 26 -1 -28 -29 -27
right_child=10 -3 3 6 14 -7 7 19 -10 18 11 13 -14 21 -16 -17 22 -19 -20 20 -22 -23 -24 -25 -26 29 27 28 -30 -31
leaf_value=-0.016234341380561991 -0.020385690112571603 0.032581005746938722 -0.021090848440613024 -0.018507240978847542 0.011530141697137074 -0.021424298817335388 -0.015168490409651715 -0.02386035210946191 -0.0033570204417042514 0.0081930463137416323 0.00068797939649301975 0.011646997371580703 -0.018927030526153212 -0.002941951427998097 0.0050222901965049013 0.049151265203302277 0.069907623237198277 0.0047154406680580468 0.031670626528852337 -0.00628309574258682 0.030999943537406122 0.0061345048550732698 0.010906793677579123 0.0064253361318006401 -0.010858899536447801 0.013871135763124707 0.012115780503917596 -0.0096551987991308034 0.021285706847828142 -0.00029931840636410125
leaf_weight=1075.5100629329681 426.47751835361123 208.69286918267608 2849.2370252935216 1149.3913801927119 483.59018974378705 1765.5850878814235 975.60594222508371 525.52966699004173 950.79716763459146 1741.5048653949052 16127.479810778052 3613.6441015899181 752.22682052850723 3455.6556888241321 1242.9577673859894 292.4269931036979 57.46836051158607 940.65415196493268 405.1212423555553 1299.8143147006631 154.01856827363372 5537.7682753670961 302.8866178561002 2937.3397800885141 1956.7480088975281 1491.9239473119378 939.91794296726584 1872.3405748791993 252.77618528530002 2322.3335738815367
leaf_count=10603 2655 1651 55966 12839 2481 27811 9981 4166 7244 10010 73513 12762 4987 13706 6891 1942 473 4578 1893 6410 570 20392 2056 23836 22187 8395 4099 21880 1835 22300
internal_value=0 -0.00292301 -0.00318777 -0.00673285 -0.000768316 -0.00266662 -0.00174085 0.00126904 -0.0166537 0.00543873 0.00180713 0.00212811 -0.000186143 0.00522669 0.0129727 0.0257069 -0.00133614 -0.00540786 0.0126238 -0.00804886 -0.00233334 0.00264694 0.0203161 -8.90996e-05 -0.00201969 0.000154611 -0.00453314 -0.000427226 -0.00597487 0.00524337
internal_weight=0 28194.2 27985.5 11352 16633.5 14614.5 7552 6402.6 3800.03 4423.24 29913.3 29486.8 16879.7 12607.1 2018.97 776.017 2276.62 1916.26 2146.63 1979.36 1453.83 8993.42 360.355 12848.9 9911.55 7954.8 4140.54 3065.03 2125.12 3814.26
internal_count=400112 272097 270446 116186 154260 142946 52976 40137 63210 28991 128015 125360 78500 46860 11314 4423 17088 14559 11903 11146 6980 34098 2529 115135 91299 69112 38417 27814 23715 30695
is_linear=0
shrinkage=0.05


Tree=212
num_leaves=31
num_cat=0
split_feature=117 125 158 234 228 225 110 17 228 226 12 233 225 187 234 225 226 234 38 233 42 161 3 187 233 234 225 3 229 125
split_gain=43.6043 39.014 36.705 35.5723 63.0383 49.431 55.9382 47.3047 59.8441 72.4629 48.6925 43.5741 64.6097 42.6764 38.9209 46.0841 47.6978 44.7275 47.1177 40.2163 35.2743 33.9682 33.7476 34.9444 32.9831 38.9543 31.9191 30.3272 27.1863 25.7923
threshold=1.0000000180025095e-35 1.0000000180025095e-35 -172666.09374999997 0.014197493903338911 33.599060058593757 -0.00054045068100094784 0.79367166757583629 -0.077575258910655961 34.72050857543946 -0.024524973705410954 -0.051775975152850144 0.18521019071340564 0.069071818143129363 -4.6464998722076407 0.017777269706130031 0.023555617779493335 0.057081600651144988 0.049259543418884284 0.25113263726234442 0.021441532298922542 1.7782035470008852 32.93681716918946 1086708.5625000002 -21.038499832153317 -0.0044474434107542029 -0.0061779536772519341 0.14232292771339419 115475.50390625001 0.73425158858299266 0.47069558501243597
decision_type=2 2 2 2 2 2 2 2 2 2 2 2 2 2 2 2 2 2 2 2 2 2 2 2 2 2 2 2 2 2
left_child=2 20 3 5 -5 7 24 8 10 13 -1 12 14 -10 19 16 17 -16 -19 -6 -2 -17 23 -4 25 27 -3 -7 -25 -21
right_child=1 26 22 4 11 6 -8 -9 9 -11 -12 -13 -14 -15 15 21 -18 18 -20 29 -22 -23 -24 28 -26 -27 -28 -29 -30 -31
leaf_value=0.016205193308729993 0.02039221554332573 -0.0091445545933205013 -0.017465209114629749 0.027449907104388896 0.0015024551879637893 0.039303337819095091 0.0040622340942656982 0.00057524512127935131 0.0072451855578708957 0.0024973972436437152 -0.0053177953797011006 -0.0077114380334964028 0.031889454846551916 0.030993918865643202 0.00043679023565573109 -0.00025908562669412139 -0.0078676369637297495 -0.0042990379727931996 0.021665437640565811 0.010962764362183054 0.0055776434628827644 0.0099548670985345061 -0.0048276840067845951 0.0060743115415084585 -0.0010258601755580227 -0.014315404998825275 0.014922875888665636 -0.0047210369753879228 -0.00062661334113411297 0.028152723212652837
leaf_weight=347.81684125214815 640.50114383548498 524.60407945513725 295.94206137955189 256.19791945815086 1031.728687401861 39.492361359298229 2763.5840881206095 14081.952557228506 273.88839213550091 746.28941522538662 1074.8661225773394 992.33090474829078 192.25717426463962 611.54816900938749 8329.8042312376201 1212.822074059397 1592.7201118730009 263.22179472073913 519.73136080801487 966.60892014205456 1078.2067840322852 2475.3933821134269 5180.127687163651 1621.8016591966152 5057.0535231232643 1266.5565511398017 186.82277045398951 4135.4770370721817 22694.797552108765 281.83875864744186
leaf_count=1380 1977 1742 1168 811 5236 185 12016 73511 845 3662 6173 4361 2267 1984 39186 5240 7773 1337 1581 3443 3702 10478 30357 6672 27990 8717 669 23901 110710 1038
internal_value=0 0.00702255 0.000221818 0.00107014 0.00282405 2.49746e-05 -0.00226693 0.00179872 0.00743939 0.0139744 -5.58655e-05 0.00247077 0.00306984 0.0236478 0.00273754 0.00177606 0.000115459 0.00151074 0.0129364 0.00880693 0.0110985 0.00659614 -0.00115956 -0.000387535 -0.00393298 -0.00663469 -0.00282438 -0.0043046 -0.000179693 0.0148434
internal_weight=0 2430.13 78305.8 48513.2 18114.7 30398.5 13262.2 17136.4 3054.41 1631.73 1422.68 17858.5 16866.1 885.437 16673.9 14393.7 10705.5 9112.76 782.953 2280.18 1718.71 3688.22 29792.7 24612.5 10498.6 5441.53 711.427 4174.97 24316.6 1248.45
internal_count=400112 8090 392022 243115 82751 160364 72809 87555 14044 6491 7553 81940 77579 2829 75312 65595 49877 42104 2918 9717 5679 15718 148907 118550 60793 32803 2411 24086 117382 4481
is_linear=0
shrinkage=0.05


Tree=213
num_leaves=31
num_cat=0
split_feature=29 117 25 15 187 29 234 16 226 230 229 231 234 234 225 226 225 226 232 226 142 121 234 164 124 7 232 22 107 232
split_gain=108.138 68.3724 57.5567 68.6592 55.8633 46.9151 46.7072 59.8285 45.1296 42.1372 57.8756 54.5783 41.7344 60.6811 49.2621 44.7555 39.5341 49.382 45.7787 40.8125 38.3967 37.5391 36.7349 37.9499 34.5257 31.3069 29.4608 27.627 27.5653 27.5049
threshold=0.048884123563766486 1.0000000180025095e-35 42.265487670898445 -0.14733415096998212 -1.5674999952316282 0.018618061207234863 -0.042189449071884148 -0.054692313075065606 0.23819749057292941 10.500000000000002 0.99637550115585338 2.8313978910446171 0.045627111569046981 0.01869749836623669 0.028589777648448948 0.071707285940647139 0.0054039249662309894 -0.0077204436529427758 1.8194242715835574 1.0000000180025095e-35 58.572500228881843 0.028958402574062351 0.018392889760434631 26.882949829101566 0.0055957471486181029 1.0000000180025095e-35 -1.1373609304428098 1.0000000180025095e-35 0.06739473715424539 -2.8103680610656734
decision_type=2 2 2 2 2 2 2 2 2 2 2 2 2 2 2 2 2 2 2 2 2 2 2 2 2 2 2 2 2 2
left_child=1 2 3 -1 6 -4 -2 29 16 24 11 -11 13 14 22 -15 18 -18 20 -19 -9 -3 23 -7 -5 -16 -14 -26 -10 -8
right_child=4 21 5 9 -6 12 7 8 28 10 -12 -13 26 15 25 -17 17 19 -20 -21 -22 -23 -24 -25 27 -27 -28 -29 -30 -31
leaf_value=-0.0020978088311381679 -0.013243267811210283 -0.034314480932786502 0.011144257058602856 0.0075589553966100044 0.0017625307215383844 0.0049781111031284887 -0.025701085829789656 -0.0062411401696878723 -0.019164958914258526 -0.017319410615851762 0.0046377025213221769 0.0024665845822080031 0.015843969028431514 -0.0025995785533314119 0.012040451072924507 -0.011710678934597157 0.003864620476397579 -0.024127376989187849 0.0083742081547323963 -0.0035699293771312558 -0.015996200480897553 -0.0077454892614991638 0.016247435721086164 -0.0010366771837357414 -0.026031091441523949 -0.030318100682223705 0.0029787444775928162 0.0035316365225033456 0.013602514803662355 0.0023686907197193303
leaf_weight=5267.7591111809015 1132.6191736534238 162.77769925445318 934.56045614928007 8320.5785373188555 6801.4578926563263 3040.8369561880827 88.770133078098297 8725.8852949663997 73.258969269692898 794.56793952360749 1952.9860233813524 620.87891273200512 509.26396200805902 7843.1535597443581 1154.8526630923152 1627.5591945797205 2498.8701007217169 249.84770297259092 484.44326459616423 7167.7245222553611 1140.5824886932969 725.41243413463235 344.39329198747873 19060.773841865361 79.582127997651696 45.333522137254477 3525.8212274909019 11361.435555361211 518.0381417311728 5169.0106601081789
leaf_count=20802 3896 1082 8948 42676 20751 14226 436 26832 238 3500 9169 2675 2410 30811 4965 7438 7764 865 1519 23786 5030 3076 1569 77569 259 815 12247 47179 1678 15981
internal_value=0 0.00116607 0.00135018 0.00305391 -0.00229112 7.98532e-05 -0.00330292 -0.00287183 -0.00407333 0.00422719 -0.000941871 -0.00864038 -0.000198473 -0.000783435 0.000571076 -0.00416534 -0.00447058 -0.00221443 -0.00663204 -0.00426237 -0.00736884 -0.0126148 4.33602e-05 -0.000209136 0.00510828 0.0104405 0.00460245 0.003326 0.00954278 0.00189477
internal_weight=0 67372.5 66484.3 28397.8 34050.5 38086.5 27249.1 26116.4 20858.7 23130 3368.43 1415.45 37152 33116.9 23646.2 9470.71 20267.4 9916.44 10350.9 7417.57 9866.47 888.19 22446 22101.6 19761.6 1200.19 4035.09 11441 591.297 5257.78
internal_count=400192 291416 287258 126260 108776 160998 88025 84129 67712 105458 15344 6175 152050 137393 99144 38249 65796 32415 33381 24651 31862 4158 93364 91795 90114 5780 14657 47438 1916 16417
is_linear=0
shrinkage=0.05


Tree=214
num_leaves=31
num_cat=0
split_feature=126 233 228 224 230 29 15 227 230 225 227 234 225 227 231 228 228 227 227 234 228 165 226 227 27 194 229 3 234 227
split_gain=136.706 109.015 115.78 131.517 105.584 92.6169 90.6638 89.8884 83.9408 72.1898 71.8492 163.289 87.099 78.2266 96.1397 76.1043 102.525 79.5333 232.559 124.356 105.669 89.3331 73.4688 63.2027 62.7041 61.8487 60.9817 59.5164 66.9611 59.1247
threshold=0.0083886487409472483 -0.033969070762395852 54.092773437500007 4.5000000000000009 9.5000000000000018 0.026309173554182056 -0.016573418863117691 0.22668402642011645 3.5000000000000004 -0.033661128953099244 0.16889240592718127 0.029375702142715458 0.030408769845962528 0.15454842895269397 5.3298807144165048 29.883596420288089 30.816543579101566 0.011352922767400743 0.038397464901208885 0.014197493903338911 53.410762786865241 76.174148559570327 0.032911373302340514 -0.012932393699884413 1.3786303997039797 1.0000000180025095e-35 1.006424129009247 739386.75000000012 0.0046147722750902185 0.24095323681831363
decision_type=2 2 2 2 2 2 2 2 2 2 2 2 2 2 2 2 2 2 2 2 2 2 2 2 2 2 2 2 2 2
left_child=1 2 3 -1 6 -3 -5 10 -9 -7 13 25 -13 14 15 23 -17 19 22 21 -20 -18 26 -2 -15 -12 27 -19 -29 -10
right_child=7 5 -4 4 -6 9 -8 8 29 -11 11 12 -14 24 -16 16 17 18 20 -21 -22 -23 -24 -25 -26 -27 -28 28 -30 -31
leaf_value=-0.0013178393793406525 0.012309050032346763 -0.014980675941037797 -0.016170936975872071 -0.0040608296208190569 0.031225520098799267 -0.022238594271308407 0.017435085882801998 -0.0061150961629029476 0.025559307634922004 -0.0030733393711209964 0.020486106619975093 0.017915318587850639 -0.018483914084559787 0.011935684724520276 -0.0062486677772957931 -0.021798257556180128 -0.005053988925396935 0.029708523923847548 0.013990738248590455 -0.012743553154329899 -0.0085284546199456187 0.006260883170132671 0.045404181089905321 -0.014072058468580726 -0.02499273837232573 -0.018192560823921299 -0.0094058870188537813 -0.018787423776660206 0.026479850590505279 0.0056525090401007465
leaf_weight=3600.4203435480595 2654.5214737784117 1923.9730257429183 729.99093828350306 893.14885150268674 631.31326056271791 503.22838678024709 1088.1470123380423 482.47398054227233 949.75705868378282 20806.683736484498 110.42315095290542 753.67446407675743 210.18299751356244 2511.0380091089755 3665.05680930987 470.3090071734041 2734.2669407352805 767.43998849391937 745.81800133734941 1716.7180300457403 1727.6370072644204 4818.6961747743189 294.08950132317841 248.26683156378567 120.4662236571312 1614.4375632014126 178.68276878632605 160.65391125530005 166.21970110014081 614.21992377191782
leaf_count=22811 12946 47297 6609 6226 2716 5336 4495 2010 3964 148058 380 2441 1259 9922 23604 3072 20518 2923 3413 12852 13975 25129 1390 1858 350 9859 1320 603 756 2100
internal_value=0 -0.00283166 0.0026658 0.00487899 0.0134188 -0.00447448 0.00774494 0.00203216 0.0121169 -0.00352592 0.00122815 -0.00650544 0.00997794 0.00213301 0.00108392 0.00269477 0.00114486 0.00195554 0.0078097 -0.000596218 -0.00173827 0.00216476 0.02288 0.0100528 0.0102452 -0.0157164 0.0176764 0.0220985 0.0042316 0.0177413
internal_weight=0 30176.9 6943.02 6213.03 2612.61 23233.9 1981.3 27715 2046.45 21309.9 25668.6 2688.72 963.857 22979.9 20348.4 16683.3 13780.5 13310.2 4040.54 9269.68 2473.46 7552.96 1567.09 2902.79 2631.5 1724.86 1273 1094.31 326.874 1563.98
internal_count=400192 243548 42857 36248 13437 200691 10721 156644 8074 153394 148570 13939 3700 134631 124359 100755 85951 82879 24380 58499 17388 45647 6992 14804 10272 10239 5602 4282 1359 6064
is_linear=0
shrinkage=0.05


Tree=215
num_leaves=31
num_cat=0
split_feature=4 4 7 225 226 20 226 228 233 229 226 11 225 227 21 227 234 226 230 147 160 25 234 232 15 233 188 227 234 17
split_gain=46.911 50.783 55.3993 31.2919 28.6197 38.2586 34.3194 33.2304 32.6491 32.0964 30.394 34.1676 28.3086 46.7354 27.5729 27.409 27.144 52.9627 35.4938 34.7809 25.6595 25.0052 47.3733 38.5313 33.302 32.6463 28.3022 26.2074 32.5448 32.3871
threshold=1.0000000180025095e-35 16.270250320434574 1.0000000180025095e-35 0.11845536530017854 0.22755278646945956 0.032103527337312705 0.021448242478072647 67.591178894042983 -0.0060898258816450826 1.006424129009247 -0.029184953309595581 -0.057614484801888459 0.026767595671117309 0.18789839744567874 55.476810455322273 -0.016155138611793515 0.016909533180296425 -0.023411664180457589 16.500000000000004 21093.994140625004 2.0934213399887089 36.107246398925788 -0.033350853249430649 -0.61112582683563221 -0.19027907401323316 -0.042233658954501145 1.4334999918937685 -0.011294552125036715 0.041139991953969009 -0.031786371022462838
decision_type=2 2 2 2 2 2 2 2 2 2 2 2 2 2 2 2 2 2 2 2 2 2 2 2 2 2 2 2 2 2
left_child=4 16 3 21 6 -6 7 8 9 -1 -11 -12 13 -8 -5 -10 20 19 -19 -18 -2 22 24 25 -3 -24 -23 29 -29 -25
right_child=1 2 -4 14 5 -7 12 -9 15 10 11 -13 -14 -15 -16 -17 17 18 -20 -21 -22 26 23 27 -26 -27 -28 28 -30 -31
leaf_value=-0.0021676335565735923 -0.017625243746960919 0.0145699878849266 0.015905072639355047 0.029661309210506165 0.028692947592794928 0.0011498993921144778 -0.0011645042572511772 0.013698398585368674 0.010738398987428106 0.016758799378652916 0.0267683989337145 -0.0012919385843799846 0.0057807734763662914 -0.025616994331509449 -0.019862139745503118 0.0029138102134499163 -0.018314750911989763 -0.0029803083342551553 0.081068910920194748 0.028789136901065146 -0.0051350873554520202 0.001224154958268685 0.0057117797247659557 0.016144554463864993 0.0017520219503009888 -0.0070735226200765826 -0.0067877365319221426 -0.002698668645227326 0.0077793061927231566 0.00087732443771947944
leaf_weight=3506.4283758662641 451.67813664674759 632.26642053946853 557.9757548943162 31.002051636576653 241.84480400383472 263.39262763410807 5388.4233963489532 826.76457713916898 1988.2640311010182 489.54134230315685 121.90662480145693 985.34207525104284 1453.7241990827024 202.75975213199854 300.88948629423976 2560.5666706115007 47.239660166203976 2106.1466847099364 12.636386372148989 229.96423468738794 4588.3667798265815 33777.322976123542 555.50296039506793 471.11120255291462 2552.0323101468384 4933.9204054735601 1139.4616870246828 8080.9259274154902 815.90848214179277 1322.5069647245109
leaf_count=16340 7561 2492 3772 158 757 939 22367 3008 8903 1690 387 4511 6297 1028 2294 10417 170 14471 107 832 32848 158497 2560 1926 11433 30894 4042 39646 3033 6812
internal_value=0 -0.000292716 0.000230083 6.99326e-05 0.0026018 0.0143341 0.00226354 0.00407783 0.00325376 0.000508251 0.00638429 0.00179747 -0.000435107 -0.00205125 -0.0152361 0.00633389 -0.00417156 0.000209826 -0.00247904 0.0207619 -0.00625443 0.000163519 -0.00127753 -0.00237466 0.00429713 -0.00577971 0.000962698 -0.000626203 -0.00173776 0.00488741
internal_weight=0 62606.9 55170.8 54612.9 18029 505.237 17523.7 10478.8 9652.05 5103.22 1596.79 1107.25 7044.91 5591.18 331.892 4548.83 7436.03 2395.99 2118.78 277.204 5040.04 54281 19364.2 16179.9 3184.3 5489.42 34916.8 10690.5 8896.83 1793.62
internal_count=400192 323548 267559 263787 76644 1696 74948 45256 42248 22928 6588 4898 29692 23395 2452 19320 55989 15580 14578 1002 40409 261335 98796 84871 13925 33454 162539 51417 42679 8738
is_linear=0
shrinkage=0.05


Tree=216
num_leaves=31
num_cat=0
split_feature=6 3 159 124 117 200 228 227 232 3 228 228 227 229 232 218 228 229 230 25 40 230 226 143 7 14 33 151 233 227
split_gain=108.471 84.5525 60.0276 55.0058 54.4859 48.6633 35.7425 34.6516 42.3363 45.5948 39.8414 39.8714 33.1718 32.815 31.8987 38.324 31.3708 30.9672 30.6203 30.4671 30.4596 30.0117 29.6863 28.7054 27.3749 26.9626 26.4276 26.6144 27.0044 26.8928
threshold=3.2483500242233281 1668032.9375000002 133297.88281250003 0.0078094063792377719 1.0000000180025095e-35 -0.0096195549704134447 88.40799713134767 0.22668402642011645 1.0157563090324404 341445.48437500006 29.689025878906254 32.709537506103523 0.17166101187467578 1.0367003679275515 -1.5697993636131284 1.0000000180025095e-35 29.317652702331547 1.2264270186424258 11.500000000000002 29.794649124145511 0.94612416625022899 9.5000000000000018 0.23062942177057269 39.189750671386726 1.0000000180025095e-35 0.1544056981801987 -8.6731834411621076 16.439509391784672 -0.030856821686029431 -0.021703610196709629
decision_type=2 2 2 2 2 2 2 2 2 2 2 2 2 2 2 2 2 2 2 2 2 2 2 2 2 2 2 2 2 2
left_child=1 2 3 4 6 -2 13 10 9 -9 16 -12 22 20 -13 -16 17 18 19 -5 21 -1 -3 -7 -15 -14 -17 28 29 -28
right_child=5 12 -4 7 -6 23 -8 8 -10 -11 11 14 25 24 15 26 -18 -19 -20 -21 -22 -23 -24 -25 -26 -27 27 -29 -30 -31
leaf_value=0.0040775463117759276 -0.00041611805865770699 0.0038739577824889607 -0.0061174620742713518 0.0032991077585155289 -0.015216078956962474 -0.0036740382006212394 -0.010499628181821275 -0.04130335924973931 -0.0018377265825654629 -0.0084169011896478452 0.0079532713037085024 -0.0066172832400311979 0.017448815185465053 0.0060378753766325366 -0.013852752793565352 0.0066083614672846937 -0.022470177035702293 -0.014885743252501858 -0.037349320221841543 -0.0058832549781924759 -0.0016292033209518873 -0.0029175051361389264 0.021292117289698948 -0.012598513796604496 -0.018977235639000903 0.00036761971046437024 -0.012072865892186334 -0.0023284939276690063 0.0030566462915541433 0.00035456354113757595
leaf_weight=10882.385957509279 17229.287280652672 7417.655936293304 3285.9332748875022 1752.8390233144164 427.58068940229714 16526.642162054777 496.98793567344546 173.28896227478981 758.46965693309903 269.00662544369698 1674.6273602098227 1705.8899787664413 938.97610273212194 7881.7523226886988 452.79160870052874 1810.8190928734839 233.94469845294952 536.10074337571859 60.333162534981966 1864.0306612960994 4678.2001888565719 1784.8744934871793 252.96214783191681 952.98319955915213 110.9064338542521 306.4211569391191 614.990328297019 6267.1981274187565 8404.7188068404794 1490.0987817123532
leaf_count=47921 59541 40228 13127 6391 1715 59388 1985 552 2542 891 6257 6165 4400 36106 1622 5933 717 2109 421 6780 19273 7520 869 3586 1661 1007 2334 21778 32220 5138
internal_value=0 0.00114614 0.000444974 0.000841863 0.00248658 -0.00230186 0.00277957 -0.000697006 -0.00900715 -0.0213016 -0.000325621 0.000531878 0.00567725 0.00304003 -6.71661e-05 0.000519673 -0.00464876 -0.00365922 -0.00202251 -0.00143322 0.00181859 0.00309191 0.00444837 -0.0041606 0.00569076 0.0132461 0.000869779 0.000250388 0.00178822 -0.00327604
internal_weight=0 66533.8 57617.8 54331.8 26262.7 34708.9 25835.1 28069.1 1200.77 442.296 26868.4 22421.1 8916.02 25338.1 20746.5 19040.6 4447.25 4213.3 3677.2 3616.87 17345.5 12667.3 7670.62 17479.6 7992.66 1245.4 18587.8 16777 10509.8 2105.09
internal_count=400177 277662 231158 218031 116181 122515 114466 101850 3985 1443 97865 81447 46504 112481 75190 69025 16418 15701 13592 13171 74714 55441 41097 62974 37767 5407 67403 61470 39692 7472
is_linear=0
shrinkage=0.05


Tree=217
num_leaves=31
num_cat=0
split_feature=116 126 227 226 129 232 167 232 227 232 230 234 229 229 232 227 234 234 227 14 3 227 229 226 225 40 192 227 232 226
split_gain=123.881 121.194 77.0757 82.4231 76.8986 70.9537 82.0384 72.826 81.6405 68.8781 73.9108 80.2144 68.8585 69.2403 70.698 142.969 163.199 98.3137 114.072 85.9244 81.7023 89.9973 77.2348 97.1016 71.8992 63.6982 62.7304 62.4674 61.6228 61.2621
threshold=1.0000000180025095e-35 0.008038787171244623 0.22668402642011645 0.072750091552734389 -0.99960637092590321 -2.8103680610656734 4.7273499965667733 -0.67935836315155018 -0.036407448351383202 -2.1506615877151485 6.5000000000000009 -0.0062993459869176141 1.2639697194099428 1.2584480643272402 0.24266439676284793 0.13724447786808017 0.0034438427537679677 0.014099156949669124 0.015387311577796938 -0.013738736044615505 681058.78125000012 0.20794968307018283 1.0088938474655154 0.033423094078898437 -0.01376869063824415 0.29035983979702001 0.052482532337307937 -0.09683672338724135 -1.2866967916488645 -0.05716148950159549
decision_type=2 2 2 2 2 2 2 2 2 2 2 2 2 2 2 2 2 2 2 2 2 2 2 2 2 2 2 2 2 2
left_child=1 12 5 -4 -2 -3 7 8 28 -10 11 -11 13 14 17 -16 26 19 -19 24 21 22 -18 -24 27 -6 -17 -1 -7 -26
right_child=4 2 3 -5 25 6 -8 -9 9 10 -12 -13 -14 -15 15 16 20 18 -20 -21 -22 -23 23 -25 29 -27 -28 -29 -30 -31
leaf_value=0.02266160432945033 0.025932000604166061 0.017882262473510123 0.0054740094672004087 0.030446375308201868 0.059728477793726142 -0.015623509535228656 0.0024421325955025636 -0.0081475923476387584 -0.019823018452939607 0.013196982217537099 -0.011101854136787884 -0.01926467363548311 -0.010804194839796732 0.030731056723187072 -0.015358096048296663 0.026934049839961161 -0.0037204210938774915 -0.017494688879744973 0.017557207843235799 0.0056922012976120227 -0.0046568328080509296 0.022953918551790582 -0.027324597824480636 0.03189891673784661 -0.030795715235603618 0.0044590516810132852 -0.019063700043040234 -0.013542314679520535 0.0041411042631862901 0.00082156836125775673
leaf_weight=127.83019357547164 519.53609441965818 572.94524320587516 1571.8859713561833 418.36641165614128 52.940151561051607 1065.2183187715709 14509.879397767596 4501.5308541320264 253.71989997290075 2373.1438658498228 463.00099310092628 206.89674803614616 2875.4184299856424 154.60923446714878 2957.0558497738093 78.362231940031052 1296.5789254121482 1465.1520441435277 275.80486911535263 5237.6234654318541 2078.1649975124747 771.92174704372883 85.802990676835179 357.92734432779253 157.08451033011079 3411.3661197777838 1369.700307674706 1753.9795551896095 626.20909431390464 6209.1939470134676
leaf_count=1116 1642 1976 5872 2095 169 10292 73152 40068 1731 10757 3173 2141 29308 637 39596 300 8440 18535 2481 33749 12451 2651 740 1558 1636 12557 11790 17182 5076 47306
internal_value=0 -0.00114373 0.00125965 0.0107234 0.00799382 0.000493135 7.80028e-05 -0.00353678 0.000624199 0.00520598 0.00729282 0.0105938 -0.00348631 -0.00262311 -0.00283601 -0.00635045 -0.00193938 -0.00075977 -0.0119417 0.000683779 0.00267735 0.00874433 0.0024416 0.020447 -0.00249662 0.00530366 -0.0165745 -0.011083 -0.00830615 4.14288e-05
internal_weight=0 53815 26562.8 1990.25 3983.84 24572.5 23999.6 9489.72 4988.19 3296.76 3043.04 2580.04 27252.2 24376.8 24222.2 8995.51 6038.46 15226.7 1740.96 13485.7 4590.4 2512.23 1740.31 443.73 8248.09 3464.31 1448.06 1881.81 1691.43 6366.28
internal_count=400177 385809 156333 7967 14368 148366 146390 73238 33170 17802 16071 12898 229476 200168 199531 77526 37930 122005 21016 100989 25840 13389 10738 2298 67240 12726 12090 18298 15368 48942
is_linear=0
shrinkage=0.05


Tree=218
num_leaves=31
num_cat=0
split_feature=7 4 4 28 234 227 126 228 229 229 122 15 233 23 3 191 228 146 234 227 3 227 154 227 143 227 227 187 23 142
split_gain=35.0935 34.6567 40.5218 41.8302 39.8718 42.1199 34.2929 33.8135 29.5065 30.1672 29.0088 26.7818 24.9345 24.4235 24.17 23.5975 21.3722 21.1546 20.1161 71.537 39.7394 34.3227 30.4577 28.5668 28.8853 23.838 22.1119 20.8658 26.3209 20.782
threshold=1.0000000180025095e-35 4.595600128173829 42.235500335693366 0.17708135396242144 0.014099156949669124 0.16069030016660693 0.032620726153254516 33.599060058593757 0.73425158858299266 0.7676072120666505 0.016275206580758098 -0.015236526262015103 0.0051696279551833877 51.532449722290046 3234515.8750000005 1.0000000180025095e-35 22.164649009704593 9805.4912109375018 -0.019310409203171727 -0.059249300509691231 429295.81250000006 0.015387311577796938 -15.13974618911743 -0.0023969133617356415 42.352600097656257 -0.0076601209584623567 -0.03940602391958236 -0.1884999945759773 43.080688476562507 20.830349922180179
decision_type=2 2 2 2 2 2 2 2 2 2 2 2 2 2 2 2 2 2 2 2 2 2 2 2 2 2 2 2 2 2
left_child=1 8 4 -4 10 7 -2 13 -1 -10 -3 -11 17 -6 18 -9 -16 -7 19 20 -12 23 -20 24 -21 -26 -24 28 -22 -28
right_child=6 2 3 -5 5 12 -8 15 9 11 14 -13 -14 -15 16 -17 -18 -19 22 21 27 -23 26 -25 25 -27 29 -29 -30 -31
leaf_value=0.010190974825261913 0.014351953772875611 -0.0096514405241347849 0.0030991121546567147 -0.00063045646121169053 0.028688646667810014 0.030920214707871194 -0.013806829478957392 0.015046323174859792 -0.009152502802896546 0.0051072104466516437 0.0028851012645179251 0.00075120418812257709 -0.007433226938864267 -0.019113759783301293 0.017889517224492078 0.0014782805676646377 -0.0094262817529676048 0.0009744328025534393 -0.0082681583260388689 -0.0025666292896722601 0.037210559664882924 0.010671600141974387 -0.0075563870323027658 -0.012457894202685961 0.0076033452800027997 0.047423507838588085 0.0028408760616285555 -0.0033746552354391177 0.011575101742329459 -0.0028982710211134157
leaf_weight=1093.8451051600277 756.63359450176358 1455.8304790053517 13616.493699815124 16786.807372797281 188.15267886221409 67.938323095440865 126.14904743432999 333.61747000366449 615.06026791781187 5158.4127363376319 496.9676949866116 11168.205652993172 1967.6619213409722 31.143692001700401 75.089191190898418 8124.4447079151869 1544.6075775437057 447.04886326938868 2285.5360585190356 4443.2969889231026 253.81294104829431 508.03676844015718 1339.0464280098677 685.75910825654864 263.57460653036833 43.834622673690319 2710.6326019838452 64.873128429055214 165.36515011265874 3772.8514045551419
leaf_count=4101 5674 17675 71771 63021 622 234 412 1199 2806 24910 1891 44821 11022 91 469 43550 11049 1500 16178 24016 940 2028 9573 4760 938 160 18762 299 782 14923
internal_value=0 0.000303915 -0.000259893 0.00103988 -0.00152367 0.000873002 0.0103281 0.00251603 0.00223186 0.00171797 -0.00285376 0.00212749 -0.00486971 0.0218999 -0.00232323 0.00201345 -0.00815992 0.00492495 -0.00176822 0.000307632 0.0128168 -0.00175675 -0.00319049 -0.00291818 -0.00154113 0.0132815 -0.00170693 0.0230135 0.0270974 -0.000498833
internal_weight=0 79707.9 61672.4 30403.3 31269.1 11160 882.783 8677.36 18035.5 16941.7 20109.1 16326.6 2482.65 219.296 18653.3 8458.06 1619.7 514.987 17033.6 6925.52 981.019 5944.5 10108.1 5436.47 4750.71 307.409 7822.53 484.051 419.178 6483.48
internal_count=400177 394091 317453 134792 182661 58218 6086 45462 76638 72537 124443 69731 12756 713 106768 44749 11518 1734 95250 35814 3912 31902 59436 29874 25114 1098 43258 2021 1722 33685
is_linear=0
shrinkage=0.05


Tree=219
num_leaves=31
num_cat=0
split_feature=187 29 16 234 234 118 226 228 165 186 227 232 226 229 225 23 45 218 36 29 234 194 229 225 227 29 234 229 229 164
split_gain=98.8728 84.2465 83.067 70.5007 67.6715 58.8915 53.8992 45.2474 49.611 44.8383 43.1526 42.7221 49.1443 39.583 37.4003 38.3145 36.4224 33.3736 35.1527 31.6457 31.4814 33.7256 30.3394 32.4594 30.4721 40.101 35.2332 36.2434 29.9436 29.7487
threshold=-1.7135000228881834 0.062411965802311904 -0.036268699914216988 -0.0092563629150390608 -0.038932284340262406 1.5000000000000002 0.019131517037749294 29.883596420288089 217.54985046386722 0.64104998111724865 0.22668402642011645 1.0157563090324404 0.072750091552734389 0.74705293774604808 -0.020384375937283036 55.696607589721687 -274269.54687499994 1.0000000180025095e-35 -42.062387466430657 0.024426026269793514 -0.036604572087526314 0.13862174004316333 0.85195651650428783 -0.0090084550902247412 0.1827444136142731 0.050982519984245307 0.01869749836623669 0.97753769159317028 0.8676968812942506 38.898199081420906
decision_type=2 2 2 2 2 2 2 2 2 2 2 2 2 2 2 2 2 2 2 2 2 2 2 2 2 2 2 2 2 2
left_child=1 2 -1 4 -2 7 19 13 10 -10 17 -12 -13 -4 -15 -16 -5 18 -9 -6 -3 -22 23 -18 26 -26 27 -24 -27 -19
right_child=3 20 5 16 6 -7 -8 8 9 -11 11 12 -14 14 15 -17 22 29 -20 -21 21 -23 24 -25 25 28 -28 -29 -30 -31
leaf_value=0.0037168710361983243 0.0070475492221705599 -0.015033045400465989 0.0046076057769895568 0.009492728060008563 0.0091068153985117712 -0.02671297129787922 0.0073870304842532297 0.00076252790177972645 -0.0047350397946053484 0.00056760140249657084 -0.020097056125816776 0.0010715537351102132 -0.026576761024303744 -0.00095805317563206179 -0.014933115561345734 0.0030440820529955988 0.013232513093491695 0.0042002772717298761 -0.019161866339676339 -0.0061874601093497746 -0.01237209983925802 -0.0032996310752221817 -0.00070808540090017157 0.0032422145684357466 0.013856119145140686 -0.03312546811861096 -0.003080114591985544 0.0073604493699686181 0.0018421601191188166 0.00041249453498124643
leaf_weight=10582.532182436436 2005.1358756422997 768.09845766425133 714.89224166050553 2994.2076950222254 360.57482960447669 223.87729609198868 988.97520157322288 471.08157397061586 10880.720314819366 6291.9487583935261 459.93601004034281 1226.7671887353063 184.95340940356255 1135.6986603438854 1881.9850940480828 351.78876618295908 1442.019250318408 6606.0115115791559 417.63376776687801 5454.8757768422365 1178.6794963888824 7823.4921606220305 2738.5169364660978 1864.120565623045 1110.2474129796028 69.27823443710804 3377.5545497424901 2830.2304352894425 526.50497768819332 24075.344468571246
leaf_count=39172 7685 2705 2906 15233 2812 1742 5006 1601 37779 23380 1504 3956 967 4520 6929 1246 6761 29556 1420 19915 4409 26665 12244 8488 4305 227 14988 14068 1586 95856
internal_value=0 -0.000985406 -0.000339403 0.00260325 -0.00102516 -0.00112097 -0.00340404 -0.00101622 -0.000607712 -0.00279219 0.000514038 -0.00686252 -0.00255073 -0.00607858 -0.00834584 -0.012102 0.00448878 0.000951363 -0.00860054 -0.00523917 -0.00531656 -0.00448751 0.00341539 0.00759962 0.00211673 0.00824062 0.000948929 0.00339262 -0.00222391 0.00122804
internal_weight=0 75275.4 65505.2 25762.2 8809.56 54922.6 6804.43 54698.8 50614.4 17172.7 33441.7 1871.66 1411.72 4084.36 3369.47 2233.77 16952.7 31570.1 888.715 5815.45 9770.27 9002.17 13958.5 3306.14 10652.3 1706.03 8946.3 5568.75 595.783 30681.4
internal_count=399631 286313 252534 113318 35418 213362 27733 211620 196019 61159 134860 6427 4923 15601 12695 8175 77900 128433 3021 22727 33779 31074 62667 15249 47418 6118 41300 26312 1813 125412
is_linear=0
shrinkage=0.05


Tree=220
num_leaves=31
num_cat=0
split_feature=42 160 234 234 226 227 226 230 228 187 232 230 227 232 226 227 232 234 232 232 223 228 228 228 15 232 227 191 234 227
split_gain=117.23 107.547 114.478 114.738 82.4453 135.662 103.572 129.373 160.515 116.75 128.382 116.048 135.725 97.2618 136.089 108.912 93.1294 78.5256 206.777 117.693 112.652 112.63 175.479 111.338 110.561 72.7247 156.967 71.2389 69.6385 89.2776
threshold=3.3917109966278081 3.6383780241012578 0.025395309552550319 0.02297902945429087 0.17813075333833697 0.14217160642147067 0.064910467714071288 3.5000000000000004 69.381916046142592 -2.9654999971389766 -1.6804370880126951 5.5000000000000009 0.16157494485378268 0.24266439676284793 0.032911373302340514 0.22302427142858508 -0.33102715015411371 0.0019084525411017241 -0.66903001070022572 -1.0408806204795835 1.0000000180025095e-35 32.958612442016609 34.72050857543946 30.178488731384281 0.064830686897039427 -1.6804370880126951 -0.024494701065123078 1.0000000180025095e-35 0.012596924323588611 0.013024828396737577
decision_type=2 2 2 2 2 2 2 2 2 2 2 2 2 2 2 2 2 2 2 2 2 2 2 2 2 2 2 2 2 2
left_child=1 2 3 25 6 -6 7 8 17 13 27 12 -8 14 -9 -15 -16 18 19 21 -20 23 -23 -3 -24 26 -1 -11 29 -19
right_child=-2 4 -4 -5 5 -7 11 9 -10 10 -12 -13 -14 15 16 -17 -18 28 20 -21 -22 22 24 -25 -26 -27 -28 -29 -30 -31
leaf_value=-0.014431874401911871 0.010777209974580513 -0.0018082397746033456 -0.01591973286015903 0.016295756810676684 -0.020189754013106211 0.0019674727803941747 0.0043391564858372665 0.0077615093839238135 -0.015478361024366139 -0.04019914070550238 -0.0057253078072501901 -0.0037292195132114197 0.028523411943231748 -0.0045085001709915693 0.0060035310098787995 0.013844022464769248 0.048418981756614937 0.0034046255345665057 0.020522306252119028 0.01360083211072086 -0.019203651344632259 0.020506991535556185 -0.0177017980810888 -0.020729116933959263 0.007132548424859237 -0.0065525432247640434 0.015336415217072956 0.012351143915644064 -2.3290678866004504e-05 0.027832530993344734
leaf_weight=702.00814078189433 2178.5214770352468 2037.4945539832115 2053.1197916967794 717.11095087230206 1274.4672398641706 1508.5206546597183 1271.0857625510544 6155.944014865905 2264.7302909195423 67.240281719714403 5473.1140167489648 1203.8919329568744 1067.2538503333926 3129.162668440491 200.44250396639109 1089.9849671721458 365.20021723583341 1062.7583882138133 192.92742569372058 1345.3963164836168 2379.1573818661273 1074.0261790603399 879.61383543163538 1257.2750357016921 913.69235997647047 7847.5216180337593 1199.4734389428049 1577.9892993308604 4528.5336989294738 577.16288418322802
leaf_count=8929 7984 11018 37324 4650 9733 5765 6133 25791 15418 249 33537 5661 3358 17178 942 3561 1442 5977 755 6513 15868 3930 6801 7521 3644 111664 7577 5563 23126 2019
internal_value=0 -0.00104728 -0.00512461 -0.00300694 0.000142666 -0.00817941 0.000720025 -7.06675e-05 -0.00300784 0.0029403 -0.00204377 0.00888355 0.0153772 0.00618307 0.0099181 0.000232736 0.0333885 -0.00126964 -0.00398885 0.000202902 -0.0162239 -0.00272232 0.00452381 -0.00902839 -0.00504866 -0.0044268 0.00434626 0.0102034 0.00317368 0.0120019
internal_weight=0 55416.3 12519.2 10466.1 42897.1 2782.99 40114.1 36571.8 18512.8 18059.1 7118.34 3542.23 2338.34 10940.7 6721.59 4219.15 565.643 16248 10079.6 7507.5 2572.08 6162.1 2867.33 3294.77 1793.31 9749 1901.48 1645.23 6168.45 1639.92
internal_count=399631 391647 170144 132820 221503 15498 206005 190853 102590 88263 39349 15152 9491 48914 28175 20739 2384 87172 56050 39427 16623 32914 14375 18539 10445 128170 16506 5812 31122 7996
is_linear=0
shrinkage=0.05


Tree=221
num_leaves=31
num_cat=0
split_feature=4 4 215 232 15 226 226 226 25 14 34 28 224 141 228 162 231 188 228 21 28 191 37 228 228 137 15 228 229 231
split_gain=35.7827 45.1924 29.421 29.2497 27.3552 31.6651 29.116 26.3842 25.3883 31.0845 25.0065 23.2349 28.0553 24.5405 25.7084 24.6576 23.0955 22.0782 21.5445 38.5478 21.2503 19.9715 19.1384 18.8175 34.1102 18.7633 28.5225 18.3526 24.3179 24.1644
threshold=1.0000000180025095e-35 16.087849617004398 -3.5290896892547603 -1.4890024065971372 -0.015236526262015103 0.11911282315850259 0.037068635225296027 -0.052973167970776551 32.771017074584968 -0.14952021837234494 55.189691543579109 0.093619100749492659 3.5000000000000004 -1.4999999999999998 42.573217391967781 82.76999664306642 1.5950930714607241 0.40850000083446508 24.623007774353031 35.30683898925782 0.17244227975606921 1.0000000180025095e-35 28.191238403320316 69.069770812988295 68.180862426757827 -0.20198606699705121 -0.1030379571020603 85.084793090820327 0.87970107793807995 3.6979217529296879
decision_type=2 2 2 2 2 2 2 2 2 2 2 2 2 2 2 2 2 2 2 2 2 2 2 2 2 2 2 2 2 2
left_child=4 3 -3 7 27 6 -6 -2 9 21 -7 -10 13 17 15 -15 -5 18 19 -13 -8 22 -4 24 -16 -18 -27 28 -1 -29
right_child=1 2 8 16 5 10 20 -9 11 -11 -12 12 -14 14 23 -17 25 -19 -20 -21 -22 -23 -24 -25 -26 26 -28 29 -30 -31
leaf_value=-0.00048097265906180256 0.0077349059261550314 -0.011342007533074286 0.063569865212325244 -0.0088907448763082299 0.0019290236376402023 0.012129954824438944 0.00076641459746230173 -0.014138835159494724 0.0042935006040006069 -0.001834274822569131 -0.011204495273264057 0.046002070857424318 -0.0018575185805007515 -6.0508414094080474e-06 0.0023197326576769577 -0.0094026345103663048 -0.0094247399283157503 0.00067625451990242444 0.0064644504982377298 -0.0016634017426617417 -0.0075803059193276043 0.0034680135335035758 0.014199766815457582 -0.00051020497397865022 0.016565172789012105 0.0081153037280970106 -0.0018792952103570404 0.034003463077630497 0.0069324562424935374 -0.0013968371484370924
leaf_weight=1547.7324705272913 160.13495614379644 525.43322766199708 24.943581193685532 1112.3395480960608 8306.7624241970479 955.59007638692856 1403.8817408382893 991.06635112687945 5452.6834273561835 15130.843719147146 130.49342725798488 95.032056763768196 7745.8336443454027 1907.1139865554869 9490.4904950074852 1101.3227189406753 570.22803725302219 1960.4958635233343 2729.808746047318 76.609909821301699 1669.2640250846744 1988.6662671230733 92.146153755486012 6498.7086896114051 439.68465950340033 904.70435687527061 3383.4732584878802 123.20193222165108 3877.4625390395522 79.192357175052166
leaf_count=8077 802 2190 107 9152 32977 3302 6671 9486 40927 79875 442 346 36658 7869 36883 4955 4741 7805 13075 330 6082 8624 350 27271 1440 5818 24287 374 18332 383
internal_value=0 -5.00291e-05 0.000433106 -0.00379872 0.00247547 0.00116922 0.000390721 -0.0110961 0.000546144 -0.00104216 0.00932631 0.00127624 0.000762832 0.00159812 0.000803419 -0.00344593 -0.00239172 0.0047752 0.00754483 0.0247273 -0.00376734 0.00464956 0.0247171 0.00158155 0.00295049 -0.000903763 0.000229329 0.00536901 0.00481751 0.0201521
internal_weight=0 62381.8 55259.8 7121.95 18093.6 12466 11379.9 1151.2 54734.4 17236.6 1086.08 37497.8 32045.1 24299.3 19437.3 3008.44 5970.75 4861.95 2901.45 171.642 3073.15 2105.76 117.09 16428.9 9930.18 4858.41 4288.18 5627.59 5425.2 202.394
internal_count=399631 322991 268705 54286 76640 49474 45730 10288 266515 88956 3744 177559 136632 99974 78418 12824 43998 21556 13751 676 12753 9081 457 65594 38323 34846 30105 27166 26409 757
is_linear=0
shrinkage=0.05


Tree=222
num_leaves=31
num_cat=0
split_feature=29 25 118 108 228 228 142 232 22 5 5 232 228 232 151 17 231 107 28 3 227 227 233 33 232 227 11 232 23 110
split_gain=95.1356 74.0264 59.8725 58.5601 54.6358 55.8271 53.475 44.865 41.6435 41.3115 37.2913 36.5655 38.4045 37.5406 36.3331 38.6833 36.9162 35.4861 35.0917 33.1793 32.3837 32.2031 37.1751 32.1552 31.1167 42.6354 30.3422 29.3706 28.172 28.0126
threshold=0.061928194016218192 42.944223403930671 1.5000000000000002 -0.067398026585578905 29.883596420288089 40.565494537353523 8.3765501976013201 -3.334617972373962 1.0000000180025095e-35 1.0000000180025095e-35 30.331799507141117 -0.23671387135982511 22.164649009704593 -0.27259141206741327 8.6517305374145526 -0.014971413649618624 1.1966030001640322 -0.021033834666013714 0.17357354611158374 739386.75000000012 -0.084074661135673509 0.15962687879800799 0.025118764489889148 19.048331260681156 -0.13127284869551656 0.015387311577796938 -0.013906234875321387 1.59461385011673 56.00494575500489 0.42651468515396124
decision_type=2 2 2 2 2 2 2 2 2 2 2 2 2 2 2 2 2 2 2 2 2 2 2 2 2 2 2 2 2 2
left_child=1 3 4 -1 20 17 -7 -5 -9 -10 11 13 -13 -11 15 -8 19 -6 -16 -17 -3 24 -23 27 25 -20 -26 29 -22 -2
right_child=23 2 -4 7 5 6 14 8 9 10 -12 12 -14 -15 18 16 -18 -19 21 -21 28 22 -24 -25 26 -27 -28 -29 -30 -31
leaf_value=-0.0030455156416259884 -0.001118791006860666 0.00058121214506969758 -0.027286138656170123 -0.01613479989763408 0.0082458058527604267 0.010772275888140791 0.0060721336053949464 -0.026108018728027052 5.7464986053088889e-05 0.0045258309224321088 0.0024095841131174245 -0.037800703401611159 0.0099801154794700309 -0.016946758545705022 -0.0038450982841700949 -0.014389587508875222 0.00084322709026929507 0.00097501204054622418 -0.0011685971274495402 0.0037420321270008796 -0.012017628306159992 0.0033938279372011898 -0.010536619651126979 -0.010835051930524689 0.0095041881670036143 -0.022597859103153119 0.0012345007346547361 0.0040263415762279457 0.0010768617242038186 -0.0063767763904913344
leaf_weight=4770.0755065903068 4570.5954896248877 1146.4981161877513 212.06143744662404 307.83089277893305 2838.9143390990794 951.80509523674846 2979.2003327235579 122.09802651032805 8205.8512141443789 6484.1973469927907 14101.784866988659 42.427516840398312 4786.1628456376493 210.14772380888462 14734.170285530388 814.96810054406524 6432.4640844911337 4104.3752799034119 3157.3907079175115 365.45148265361786 2124.6975734196603 730.63777488470078 1390.1043256148696 1540.8146556392312 1461.3132233396173 250.52848749607801 4603.2708252929151 1270.5887862630188 509.19148373603821 5682.4148682467639
leaf_count=18087 14168 5369 1719 1289 11277 8481 13914 415 29817 31667 54058 221 23254 934 60659 3139 26401 15917 10114 1600 7587 2320 5226 7178 4407 830 15246 4069 1768 18814
internal_value=0 0.000521742 -0.000776287 0.0021449 -0.000660602 -0.000173667 -0.000929299 0.00286756 0.00303985 0.00314505 0.00413379 0.00624387 0.00956028 0.00385177 -0.00123097 0.00124193 -0.000648308 0.00394783 -0.00222587 -0.00877614 -0.00643298 -0.000167954 -0.0057373 -0.00405131 0.00107893 -0.00274394 0.00322715 -0.00314426 -0.00948616 -0.00403287
internal_weight=0 87837.6 48807 39030.6 48595 44814.6 37871.3 34260.5 33952.7 33830.6 25624.7 11522.9 4828.59 6694.35 36919.5 10592.1 7612.88 6943.29 26327.4 1180.42 3780.39 11593.2 2120.74 13064.4 9472.5 3407.92 6064.58 11523.6 2633.89 10253
internal_count=399945 355716 195974 159742 194255 179531 152337 141655 140366 139951 110134 56076 23475 32601 143856 45054 31140 27194 98802 4739 14724 38143 7546 44229 30597 10944 19653 37051 9355 32982
is_linear=0
shrinkage=0.05


Tree=223
num_leaves=31
num_cat=0
split_feature=160 167 228 140 158 227 227 3 227 233 232 227 227 233 233 225 233 229 231 227 231 30 227 228 159 228 228 3 225 225
split_gain=107.444 114.441 143.257 100.789 94.4077 76.069 73.6986 90.68 103.018 69.2957 99.1296 75.6359 89.8185 87.4187 149.53 111.615 91.6365 73.5323 72.1031 70.3783 68.058 65.5925 64.2612 60.9181 56.5703 56.4038 61.5993 61.7121 55.3875 53.3332
threshold=2.6834456920623784 4.4808499813079843 59.520391464233406 3.5000000000000004 -1274913.4374999998 0.23590777069330218 0.22668402642011645 341445.48437500006 0.23628033697605136 -0.01175938034430146 0.30034458637237554 -0.036407448351383202 -0.032608650624752038 -0.021505065262317654 -0.033969070762395852 -0.01376869063824415 -0.064104568213224397 1.0126515626907351 3.5574604272842412 -0.054757183417677872 4.043450355529786 -0.038148058578371995 -0.059249300509691231 26.965641021728519 43511.855468750007 50.626491546630866 88.40799713134767 806183.96875000012 -0.0075700664892792693 0.00044276846165303146
decision_type=2 2 2 2 2 2 2 2 2 2 2 2 2 2 2 2 2 2 2 2 2 2 2 2 2 2 2 2 2 2
left_child=3 2 6 -1 -3 -4 9 8 -8 10 11 19 -13 14 16 -15 -14 21 28 -2 23 -18 -6 -20 -24 -5 -27 -28 -11 -25
right_child=1 4 5 25 22 -7 7 -9 -10 18 -12 12 13 15 -16 -17 17 -19 20 -21 -22 -23 24 29 -26 26 27 -29 -30 -31
leaf_value=0.038355055107762381 -0.00071744640088456768 -0.001779581747450832 -0.01435775219559364 -0.0030362584659857656 0.014027210496830556 0.015426673392514835 0.049570014850253176 -0.0066415353534263382 -0.0026448931574747999 -0.017175279183864547 -0.022791573023985968 0.019909914705539867 -0.026308347512205978 -0.022471203499301109 -0.019388952640947699 0.0189013563173333 -0.019523163077776833 -0.0069474628940275132 -0.0067145908542784382 -0.022269875966957824 -0.0062637814720245214 0.014896540568389925 0.0012466807664792566 0.033020156633285717 0.0067826647025803714 -0.020274982567556457 0.024581305368838815 -0.018468114812819365 -0.0044210677832382615 0.0028530173435090977
leaf_weight=108.64053218439221 1561.8497714400291 12624.886263473891 3205.2235071724281 1422.9104874460027 1387.4592921212316 229.73810447379947 254.06424982845783 285.68656033650041 150.37452923879027 1671.8258117847145 413.82207026705146 880.40663050860167 225.58334705978632 188.62946134060621 881.64289390295744 1200.7080929838121 150.5898170247674 694.70085405185819 308.24184877425432 500.05186361446977 1362.9387788400054 1711.8768751882017 15179.346486982889 355.74338629469275 6630.3291506934911 1586.8602864835411 169.01139378547668 164.05563452467322 1734.2168747205287 249.10167586803436
leaf_count=506 11823 75162 35118 24017 7065 929 846 1423 798 16421 4234 3087 2408 1449 6470 3986 755 4750 2717 4505 12021 7755 78433 1341 28787 43285 1026 1211 15690 1927
internal_value=0 5.89455e-05 -0.00316764 -0.00904026 0.0016998 -0.0123657 -0.00103025 0.0149232 0.030156 -0.00181154 0.00107048 0.00230542 0.00517192 0.00260443 -0.00144477 0.0132842 0.00424038 0.00693527 -0.00607713 -0.00594434 0.000813051 0.0121135 0.00359343 0.0113764 0.00292967 -0.0105806 -0.0161719 0.00337686 -0.0106814 0.020596
internal_weight=0 54039 18217 3451.48 35822 3434.96 14782.1 690.125 404.439 14091.9 8409.86 7996.04 5934.14 5053.73 3664.39 1389.34 2782.75 2557.17 5682.07 2061.9 2276.03 1862.47 23197.1 913.087 21809.7 3342.84 1919.93 333.067 3406.04 604.845
internal_count=399945 329900 140453 70045 189447 36047 104406 3067 1644 101339 51222 46988 30660 27573 22138 5435 15668 13260 50117 16328 18006 8510 114285 5985 107220 69539 45522 2237 32111 3268
is_linear=0
shrinkage=0.05


Tree=224
num_leaves=31
num_cat=0
split_feature=144 232 225 148 232 192 225 165 228 232 157 230 214 232 232 158 231 246 234 142 229 193 234 230 231 232 225 19 229 15
split_gain=35.2468 44.4401 59.1205 55.7573 46.825 45.6937 89.2722 50.4386 40.9942 61.4624 39.2318 38.008 42.1634 37.4579 37.419 40.9913 37.2479 47.8755 50.1239 35.4904 34.0935 33.5452 35.0605 32.9126 52.7626 53.1113 85.2434 39.4807 52.6163 60.2752
threshold=-17.030949592590328 -0.79598388075828541 -0.0065399571321904651 39.285715103149421 -0.77543962001800526 1.0000000180025095e-35 0.011831932235509159 19.192499160766605 29.883596420288089 -0.98365914821624745 0.22625000029802325 14.500000000000002 -0.0020240476587787266 -1.0408806204795835 -1.7772749066352842 -2489337.3749999995 5.3542072772979745 88.500000000000014 -0.031190510839223858 13.235899925231935 0.91174501180648815 0.1010938659310341 -0.020229829475283619 2.5000000000000004 5.6188328266143808 1.2205265760421755 0.014452114701271059 0.34260639548301702 1.1085566282272341 -0.10975205525755881
decision_type=2 2 2 2 2 2 2 2 2 2 2 2 2 2 2 2 2 2 2 2 2 2 2 2 2 2 2 2 2 2
left_child=21 2 8 5 10 6 -4 -8 16 14 -3 12 -6 -5 19 -16 20 -18 -19 -10 -2 22 -1 24 25 26 27 28 29 -14
right_child=1 4 3 13 11 -7 7 -9 9 -11 -12 -13 23 -15 15 -17 17 18 -20 -21 -22 -23 -24 -25 -26 -27 -28 -29 -30 -31
leaf_value=0.031644437486796982 -0.011151955079131328 -0.0024801284663347285 -0.0069116987549874415 0.00054978950228144904 -0.0034741963133879949 -0.0096236386517673939 0.13109104082139442 0.031814762498494395 -0.018238537430060455 -0.01215535816176605 0.032734750923011889 0.0078724046747123255 0.022558196560754078 -0.011661145601536884 0.016525529384787786 0.004601567661022962 0.0012430534847874112 -0.010737423470796719 0.049580041721492031 0.0019330529078716401 -0.0015391997250592245 0.0035483007191393677 -0.0011036326969274919 8.6874800404959605e-06 -0.003164497091593773 0.0091926853111491905 -0.0064465489314449245 -0.00058268760825556096 -0.0039368322742636686 0.0064914621176149802
leaf_weight=223.52641130238771 1377.8844343423843 126.59592043235898 127.24812921881676 4644.2390201985836 5698.7139864377677 4400.9381835944951 20.692796505987644 33.518129326403141 293.65307969599962 582.31494946405292 210.76781638711691 1853.1369673870504 662.1811998821795 726.24802664667368 885.93085048720241 3865.940183326602 853.16881827637553 49.841374557465315 111.48319011181593 847.05049536004663 2790.2704082168639 3825.8165137507021 128.8407490067184 28290.921440308914 3157.9465078897774 3655.3528266139328 2254.7814417853951 2816.1096050217748 1023.3958791829646 4928.1990884020925
leaf_count=856 9890 568 703 24677 23820 31207 80 117 2809 3611 671 8585 2644 3984 4375 17666 3753 205 542 4612 15662 16012 595 141325 14935 15465 12313 9677 4957 23629
internal_value=0 0.00019151 -0.00172806 -0.00455838 0.00095018 -0.0086098 0.0159789 0.0697094 0.000688398 0.00334109 0.0195203 0.000834891 0.000586423 -0.00110149 0.00487248 0.00682465 -0.00262572 0.00596624 0.0309449 -0.00325975 -0.00471693 0.00490795 0.0196703 0.00108099 0.00272098 0.00393258 0.00228705 0.00437534 0.00648644 0.00839457
internal_weight=0 76288.5 21610.4 9952.88 54678.1 4582.4 181.459 54.2109 11657.5 6474.89 337.364 54340.7 52487.6 5370.49 5892.57 4751.87 5182.65 1014.49 161.325 1140.7 4168.15 4178.18 352.367 46788.9 18498 15340 11684.7 9429.89 6613.78 5590.38
internal_count=399945 382482 123893 60768 258589 32107 900 197 63125 33073 1239 257350 248765 28661 29462 22041 30052 4500 747 7421 25552 17463 1451 224945 83620 68685 53220 40907 31230 26273
is_linear=0
shrinkage=0.05


Tree=225
num_leaves=31
num_cat=0
split_feature=6 194 218 228 118 5 5 36 232 5 130 227 234 226 162 26 5 23 232 228 233 234 234 164 226 226 232 227 234 228
split_gain=95.5442 65.883 83.3775 55.4618 50.419 47.4705 90.309 37.9665 36.6607 36.1064 34.5107 29.8676 41.1193 39.8507 29.736 29.5171 29.0042 26.4871 34.0377 32.1875 33.1998 27.4234 26.4126 26.1103 27.1527 40.2841 33.2815 52.7169 64.7077 29.9445
threshold=1.4260500073432925 1.0000000180025095e-35 0.59009972214698803 20.885622978210453 1.5000000000000002 4.7195498943328866 30.633250236511234 -31.248919486999508 -3.334617972373962 1.0000000180025095e-35 0.043679570779204376 0.13724447786808017 0.01869749836623669 -0.0088830338791012747 69.628677368164077 36.922857284545906 20.322249412536625 54.636558532714851 1.3153427839279177 47.359033584594734 -0.050984976813197129 -0.036604572087526314 -0.019597630016505715 152.19779968261722 0.22355348616838458 0.083949696272611632 0.30034458637237554 0.015387311577796938 0.014197493903338911 82.133041381835952
decision_type=2 2 2 2 2 2 2 2 2 2 2 2 2 2 2 2 2 2 2 2 2 2 2 2 2 2 2 2 2 2
left_child=9 7 3 -3 5 11 15 17 -5 -1 23 13 -13 14 -4 -7 -11 18 19 20 -2 -21 -23 -8 25 26 27 28 -25 -27
right_child=1 2 4 8 -6 6 10 -9 -10 16 -12 12 -14 -15 -16 -17 -18 -19 -20 21 -22 22 -24 24 -26 29 -28 -29 -30 -31
leaf_value=-0.00040544856767651917 -0.017865917996598781 -0.016369666081564146 -0.0089360310694961125 -0.019207704887280529 -0.025498776727568354 0.0051063196910740155 -0.0011835391097806929 -0.018507562087040765 0.0032883977574108599 0.0070413003713019687 0.000540464816381585 -0.002310609072906462 -0.012386237736024153 -3.0839143003313043e-05 -0.00038007208636388936 0.00075065191600785981 0.0023066428746427309 -0.015402124292858527 0.011888727990957682 -0.051997536780823521 0.0061894717527478408 0.015493311928111493 -0.013449918285774812 -0.0099188926562794929 0.006576916317902028 -0.010916198418985135 -0.0018522286398055755 -0.023935791528515053 0.0027103750270806291 -0.034255658092905081
leaf_weight=5151.2599589023739 180.3065492361784 377.01986083388329 3019.9744758009911 183.19515377283096 216.56435342691839 6429.1592055931687 9439.0614567101002 664.92168666794896 15861.076702035964 6127.8367003537714 8686.3325597532094 1996.0869613960385 2055.2129400745034 6898.3377771452069 1529.9983348324895 9846.8475765883923 6850.9620575085282 503.21541512385011 338.52197593823075 41.469248205423355 701.38376069068909 88.387207575142384 728.49639270827174 3064.0257212519646 516.51665150374174 801.93491623550653 6253.37994530797 435.8650566637516 1516.0825229510665 165.8502074405551
leaf_count=19981 628 1705 10044 874 1747 27418 37647 2582 57719 37274 30205 6666 7008 25642 5134 42043 32073 1995 1159 122 2416 292 2379 10626 1903 2814 22081 1522 5136 683
internal_value=0 -0.00087224 -0.000586395 0.0025861 -0.00141502 -0.00133177 -0.000542727 -0.0078533 0.00303153 0.00313634 -0.00213132 -0.00373231 -0.00742195 -0.00242663 -0.00605896 0.00247118 0.00454207 -0.00510936 -0.00261751 -0.00543967 0.00127012 -0.0123319 -0.0103182 -0.00317707 -0.0046525 -0.00512648 -0.00428579 -0.00731969 -0.00573842 -0.0149159
internal_weight=0 82539.2 79292.5 16421.3 62871.2 62654.7 47155.1 3246.7 16044.3 18130.1 30879 15499.6 4051.3 11448.3 4549.97 16276 12978.8 2581.78 2078.57 1740.04 881.69 858.353 816.884 22192.7 12753.7 12237.1 11269.4 5015.97 4580.11 967.785
internal_count=399518 310190 298617 60298 238319 236572 182078 11573 58593 89328 112617 54494 13674 40820 15178 69461 69347 8991 6996 5837 3044 2793 2671 82412 44765 42862 39365 17284 15762 3497
is_linear=0
shrinkage=0.05


Tree=226
num_leaves=31
num_cat=0
split_feature=124 152 232 234 228 225 227 234 229 230 3 228 233 232 228 227 227 229 228 233 227 194 228 232 226 228 228 228 15 227
split_gain=108.068 90.8667 115.486 163.408 158.557 129.431 126.212 161.471 141.885 125.305 116.192 109.704 108.893 139.614 101.222 98.8775 98.8507 94.568 116.433 89.5818 83.376 79.1225 73.707 73.3125 91.7184 92.8267 93.2632 77.6186 73.1293 72.3422
threshold=0.025105122476816181 0.025425084866583351 -0.23671387135982511 0.014099156949669124 22.164649009704593 -0.01376869063824415 0.13368050009012225 0.018749905750155452 0.84628197550773632 9.5000000000000018 418546.78125000006 30.178488731384281 0.025118764489889148 1.1916734576225283 71.649860382080092 0.015387311577796938 -0.084074661135673509 1.006424129009247 42.342876434326179 -0.059049820527434342 -0.0038465699180960651 1.0000000180025095e-35 82.401290893554702 -0.4532077014446258 -0.039080714806914323 32.709537506103523 27.104192733764652 58.29510688781739 -0.10082964971661566 0.038397464901208885
decision_type=2 2 2 2 2 2 2 2 2 2 2 2 2 2 2 2 2 2 2 2 2 2 2 2 2 2 2 2 2 2
left_child=1 2 3 5 -4 11 8 9 20 14 -11 -1 -9 -14 21 -5 -7 19 -19 -18 -6 -8 -15 24 28 26 -26 -27 -21 -22
right_child=-2 -3 4 15 6 16 7 12 -10 10 -12 -13 13 22 -16 -17 17 18 -20 23 29 -23 -24 -25 25 27 -28 -29 -30 -31
leaf_value=-0.0015556788956867815 0.0043230159517702142 0.0013398667477673449 0.036620583439423586 -0.021117177636615178 -0.012660230658174513 -0.015873467033212584 0.02003985817409859 -0.013447869228082627 -0.020507206540251854 0.032942593010728105 -0.0080749741975824456 -0.019943665178404932 0.029049775539294366 -0.0069509686334372966 0.0090618994142542195 0.020729755837647596 -0.014812181014024539 -0.017937748571614519 0.0031318881257654148 0.024455228165815551 0.013888316944165311 -0.021963349846103424 0.018520521971712615 0.027240211508336939 0.011212328123596581 0.010078771358502188 -0.017704072119344914 -0.01750665406075198 0.0066937152539365682 -0.022866534231749121
leaf_weight=2732.6264985594898 10194.682547876611 18800.73020929005 203.39108469337225 1301.8418734092265 1132.7395558748394 623.75463023222983 118.64973427355289 537.06510468013585 3050.8817698415369 284.49637194909155 439.18018080480397 1153.5433212649077 745.83049897663295 830.20632716082036 357.91968706995249 158.32702488079667 422.42095637694001 890.11607782356441 2489.7250521071255 1166.2231464888901 772.30770185030997 2036.6064562909305 431.69820766896009 505.53767750225961 416.74588364176452 3070.7354347668588 842.68340282142162 278.0979747697711 1151.9625717736781 161.94903214648366
leaf_count=19526 40276 113307 952 20820 10260 7085 548 3044 47865 1550 3276 12952 4256 5281 2353 1646 3085 7852 17603 4739 5008 19791 2001 3409 3092 16476 7726 4227 6105 3407
internal_value=0 -0.00135469 -0.00314432 -0.000578739 -0.00711976 0.000905244 -0.00793598 -0.00287383 -0.0136547 -0.0102828 0.00805012 -0.00701384 0.00654997 0.0118994 -0.0155618 -0.0165797 0.00350053 0.00457622 -0.00241702 0.0075855 -0.00354036 -0.019651 0.00176284 0.00885854 0.00751693 0.0034361 -0.00813562 0.00778799 0.0156291 0.00751704
internal_weight=0 47108 28307.3 17204.3 11102.9 15744.2 10899.5 5781.65 5117.88 3236.85 723.677 3886.17 2544.8 2007.74 2513.18 1460.17 11858 11234.2 3379.84 7854.41 2067 2155.26 1261.9 7431.99 6926.45 4608.26 1259.43 3348.83 2318.19 934.257
internal_count=399518 359242 245935 136343 109592 113877 108640 42100 66540 27518 4826 32478 14582 11538 22692 22466 81399 74314 25455 48859 18675 20339 7282 45774 42365 31521 10818 20703 10844 8415
is_linear=0
shrinkage=0.05


Tree=227
num_leaves=31
num_cat=0
split_feature=7 215 151 233 228 226 225 14 230 230 3 246 225 225 228 227 28 229 227 228 227 22 133 224 3 26 228 227 227 230
split_gain=35.1926 33.0194 30.3552 66.02 36.4065 85.1218 82.043 59.0606 46.8269 44.2256 42.5863 38.9406 36.9807 61.5737 52.5798 48.5464 46.2232 41.8351 44.7363 42.5977 40.376 40.3745 38.5401 36.7298 36.7688 37.8013 37.6874 36.4673 89.8665 36.898
threshold=1.0000000180025095e-35 -3.5290896892547603 2.6739971637725835 0.16621023416519168 50.626491546630866 -0.017064406536519524 -0.0011220313899684695 -0.081866584718227373 14.500000000000002 14.500000000000002 637242.53125000012 88.500000000000014 -0.015668175183236595 0.0051666451618075379 76.667705535888686 0.16157494485378268 0.46581122279167181 1.1625941991806032 0.18789839744567874 64.206027984619155 0.091683425009250655 70.89758682250978 0.74951139092445385 1.5000000000000002 1668032.9375000002 10.940122127532961 53.581571578979499 0.038397464901208885 0.0018821603734977546 11.500000000000002
decision_type=2 2 2 2 2 2 2 2 2 2 2 2 2 2 2 2 2 2 2 2 2 2 2 2 2 2 2 2 2 2
left_child=1 -1 3 -3 9 6 7 -6 12 -4 -10 -8 16 -14 17 -16 23 18 27 -19 -21 -22 -18 -7 25 26 -25 28 -15 -29
right_child=-2 2 4 -5 5 8 11 -9 10 -11 -12 -13 13 14 15 -17 22 19 -20 20 21 -23 -24 24 -26 -27 -28 29 -30 -31
leaf_value=-0.010312657196378104 0.010485807410060251 0.0039252615083572332 -0.00074321211572792685 0.039181950410458875 0.03107010176460432 0.01934655237854262 -0.00089560483556723382 0.010571794994284619 0.00086022624572023882 -0.015399080979086315 0.016133541290475863 0.015404050377202978 -0.0047192246528967516 0.002890318518353913 -0.0015872015668743874 -0.014365966181475296 0.024021100241049916 0.013499520651933409 -0.0098576567738573456 -0.002542157833074701 0.0098567112375815523 -0.012322451166072709 -0.0044750209622299525 0.019913607063221681 -0.010389415469562888 -0.0013844137371186573 0.002689565183385981 0.0048184988028558366 -0.010979101630723503 -0.0093589553478079564
leaf_weight=722.82900465279818 861.45045939832926 2112.690186098218 33346.91176142171 141.68466562777758 448.9788479283452 291.39009507372975 2242.5366251245141 1616.8593085519969 944.09291934221983 522.81342284008861 883.50648207962513 437.99284062534571 6999.3701428845525 3407.5833434648812 5352.4954085610807 863.06466450914741 467.47610667347908 1316.4181639924645 978.20168168470263 1757.4977824278176 2005.6530782170594 228.5751598328352 159.01462319493294 527.8173860758543 604.62192495539784 1958.8240622729063 797.36815033853054 6069.1299347765744 1777.0059748478234 496.47226327285171
leaf_count=3074 6037 10853 171851 534 1424 1160 8910 5624 4113 3427 4318 1759 37109 17669 27588 5531 1420 6083 5796 8390 6955 733 490 1881 3113 8332 3655 28682 10628 2379
internal_value=0 0.000325164 0.000422799 0.0061411 0.00025429 0.00122651 0.00753868 0.0150268 0.000435705 -0.00096944 0.00824372 0.00176772 3.99556e-05 -0.000588011 0.000604294 -0.0033616 0.00412293 0.00197098 0.000415915 0.00569987 0.00312764 0.00758765 0.0167883 0.00222468 0.000941676 0.00302785 0.00954985 0.00127119 -0.00186339 0.00374644
internal_weight=0 79478.9 78756 2254.37 76501.7 42631.9 4746.37 2065.84 37885.6 33869.7 1827.6 2680.53 36058 31251.5 24252.1 6215.56 4806.51 18036.5 12728.4 5308.14 3991.73 2234.23 626.491 4180.02 3888.63 3284.01 1325.19 11750.2 5184.59 6565.6
internal_count=399518 393481 390407 11387 379020 203742 17717 7048 186025 175278 8431 10669 177594 157543 120434 33119 20051 87315 65154 22161 16078 7688 1910 18141 16981 13868 5536 59358 28297 31061
is_linear=0
shrinkage=0.05


Tree=228
num_leaves=31
num_cat=0
split_feature=6 149 233 160 118 26 226 233 233 226 229 225 234 164 234 229 228 227 230 228 17 232 233 227 225 230 3 228 230 168
split_gain=84.7336 71.1729 67.6623 59.4611 47.701 37.5247 50.0951 34.9084 40.568 74.0349 53.7453 58.7383 78.883 43.3597 41.0745 38.3878 34.6829 54.316 50.4542 46.6814 33.2621 31.8377 32.6639 54.3937 41.0292 31.7897 31.2368 30.7246 33.5764 33.2374
threshold=1.4260500073432925 89.285713195800795 -0.084711723029613481 7.452155828475953 1.5000000000000002 68.078945159912124 0.018057025037705902 -0.06761451810598372 -0.01204910362139344 -0.0047057049814611665 1.0211160778999331 -0.00040011579403653735 -0.026886546984314915 336.49128723144537 0.014197493903338911 1.5005524158477785 66.757785797119155 0.14385998249053958 8.5000000000000018 73.319728851318374 -0.077575258910655961 1.8640991449356081 -0.00046726436994504178 0.23590777069330218 0.0083453790284693258 9.5000000000000018 2299575.5000000005 56.523748397827156 11.500000000000002 0.42634999752044683
decision_type=2 2 2 2 2 2 2 2 2 2 2 2 2 2 2 2 2 2 2 2 2 2 2 2 2 2 2 2 2 2
left_child=5 3 -3 4 7 6 25 -2 9 10 11 20 -13 15 -11 16 21 -18 19 -19 -9 22 -10 24 26 -1 -24 28 29 -22
right_child=1 2 -4 -5 -6 -7 -8 8 13 14 -12 12 -14 -15 -16 -17 17 18 -20 -21 27 -23 23 -25 -26 -27 -28 -29 -30 -31
leaf_value=0.0036854141744804172 0.0064009444601687907 -0.015380409228194648 0.0029754727112463711 -0.0079221188767511896 -0.024557148813109136 -0.00054704164433901136 0.0096470111695928298 -0.015173105613682304 0.0031970174503392888 -0.012679332443258268 0.0049196198786539249 -0.013293127204222306 0.0038261013835987311 -0.003044864672456678 0.0010817039709744905 -0.0081440401458766441 0.0051826043837507616 0.0070338488639901733 -0.032932841509524795 -0.010304852489868406 -0.0034542211931620883 0.0088115300882274841 -0.0035204635888490595 -0.029715619297348492 0.0019763372444636692 -0.005182922339545452 0.0095787442285132345 0.0039037697322385507 -0.034001494438265216 -0.015419380268536315
leaf_weight=8335.9741926155984 1550.7049566954374 519.71322138607502 14761.38254326582 3349.9553695879877 215.78831822611392 5187.2296729274094 3448.9540920369327 982.19845712929964 4547.1564857587218 2712.9267795421183 2524.1856086328626 815.50527923554182 3848.2754632607102 11938.708202060312 677.72822485864162 1251.7203846238554 7579.0957513600588 738.7863481938839 144.80435694754124 818.03142485767603 2623.3385748118162 935.4222907833755 11457.849806871265 169.6499816775322 6343.8478409275413 1149.9075625240803 473.93576508760452 794.30765078216791 111.40244242921472 745.29696065932512
leaf_count=38765 5579 2305 55663 12638 1786 26654 18560 3086 17868 9790 9115 2646 13997 42111 2300 7356 31902 2730 493 2649 8890 4229 40955 663 24188 5530 2211 2608 725 2448
internal_value=0 -0.000729502 0.00235119 -0.00142848 -0.00108858 0.0030458 0.00448662 -0.00100919 -0.00119383 -0.00337902 -0.00159447 -0.00325195 0.000832646 -0.000448057 -0.00992876 0.000451602 0.000775594 0.00337015 -0.00470257 -0.00207679 -0.00687594 -0.000230738 -0.000598613 -0.00153432 -0.00127271 0.00261037 -0.00300016 -0.00496934 -0.0069946 -0.00610146
internal_weight=0 82631.7 15281.1 67350.6 64000.7 18122.1 12934.8 63784.9 62234.2 15835.2 12444.5 9920.32 4663.78 46399 3390.66 34460.3 33208.6 9280.72 1701.62 1556.82 5256.54 23927.9 22992.4 18445.3 18275.6 9485.88 11931.8 4274.35 3480.04 3368.64
internal_count=400440 310931 57968 252963 240325 89509 62855 238539 232960 55605 43515 34400 16643 177355 12090 135244 127888 37774 5872 5379 17757 90114 85885 68017 67354 44295 43166 14671 12063 11338
is_linear=0
shrinkage=0.05


Tree=229
num_leaves=31
num_cat=0
split_feature=6 149 232 227 234 227 234 234 12 225 228 227 233 226 191 233 228 233 32 233 227 152 234 227 232 233 226 234 3 142
split_gain=108.017 88.6825 92.2156 334.907 269.061 262.698 298.47 107.335 106.575 85.4527 165.086 129.06 83.3876 80.3446 91.0146 78.2908 110.747 81.9831 75.5458 72.9918 72.8886 72.3899 70.4329 136.293 132.131 122.495 81.4609 103.58 68.8862 66.9328
threshold=1.4260500073432925 89.285713195800795 0.24266439676284793 0.13724447786808017 0.0028201703680679206 0.013024828396737577 0.014197493903338911 -0.0071936694439500562 0.071465134620666518 0.030408769845962528 75.750839233398452 0.15962687879800799 0.00099355349084362409 0.083949696272611632 0.035114588215947158 -0.033969070762395852 54.092773437500007 -0.059049820527434342 0.11276593804359437 0.11247218400239946 -0.036407448351383202 0.090342391282320036 0.0043092023115605125 -0.0033996194833889599 -0.8960944116115569 -0.013892435934394596 -0.039080714806914323 -0.0059268265031278125 1871701.8750000002 22.390950202941898
decision_type=2 2 2 2 2 2 2 2 2 2 2 2 2 2 2 2 2 2 2 2 2 2 2 2 2 2 2 2 2 2
left_child=12 2 5 8 13 6 15 -7 -4 11 18 19 -1 14 -5 16 17 -2 -11 -6 -19 -14 23 25 -24 -17 27 -27 -21 -28
right_child=1 -3 3 4 9 7 -8 -9 -10 10 -12 -13 21 -15 -16 22 -18 20 -20 28 -22 -23 24 -25 -26 26 29 -29 -30 -31
leaf_value=-0.0016855677611652268 -0.0013750796671058462 -0.0041963220374982525 -0.013447871649956471 0.025182783666403804 -0.024648545099458963 0.0038710129605463157 -0.012169888830780188 0.027846508405437682 0.00061766951471849108 -0.023548723501610604 0.0096287834314137122 0.015392354599442876 -0.014904856388039895 0.032897702593782351 -0.015253494630838188 -0.014922482541195528 -0.013683295517663761 -0.00014300450426262849 0.0014979116955476047 0.0080200817505057479 0.017978612728901416 0.005401326887713988 0.016376319763670055 0.022126030777581233 -0.012267641841641282 0.022772705929311351 -0.010897340327307405 -0.0065767558663768644 -0.012433509449186494 0.0030403487238589346
leaf_weight=5279.0010852739215 951.39348235353827 8436.8215560559183 5174.1781035764143 148.23694204539061 235.91083323024213 681.22353787347674 3128.1114158229902 1483.1768906749785 1820.6060056677088 767.12299808114767 1890.9117559529841 4551.0114991795272 2838.0364194931462 100.27102627232671 2272.1389813870192 1529.1630648449063 465.95691665634513 665.91459137946367 495.53123103827238 2275.7319907937199 3328.1217610910535 519.18700238969177 1734.9685639422387 611.74966151826084 524.25812407210469 821.95674383640289 1445.7249259240925 473.96442409791052 502.56263273954391 2131.1653458252549
leaf_count=44750 5088 57968 60872 490 1775 2360 25426 6477 7275 5086 6559 17617 42626 623 14365 10583 3313 3628 1612 11314 14031 2133 10297 2792 3952 2724 18295 3563 2422 10424
internal_value=0 0.000464261 0.00144211 -0.000937025 0.00373862 0.0038519 0.00185323 0.0203005 -0.00978689 0.00719518 0.000280531 0.0100776 -0.00560365 -0.01096 -0.012777 0.00484049 0.00961966 0.0118153 -0.0137191 0.00205297 0.0149572 -0.0117646 0.00205152 -0.000421653 0.00972943 -0.00257623 0.00129822 0.0120386 0.00432025 -0.00259305
internal_weight=0 48647.9 40211.1 20234.2 13239.4 19976.8 17812.4 2164.4 6994.78 10718.8 3153.57 7565.22 8636.22 2520.65 2420.38 14684.3 5411.39 4945.43 1262.65 3014.21 3994.04 3357.22 9272.95 7013.72 2259.23 6401.97 4872.81 1295.92 2778.29 3576.89
internal_count=400440 310931 252963 130010 61863 122953 114116 8837 68147 46385 13257 33128 89509 15478 14855 88690 26060 22747 6698 15511 17659 44759 62630 48381 14249 45589 35006 6287 13736 28719
is_linear=0
shrinkage=0.05


Tree=230
num_leaves=31
num_cat=0
split_feature=117 42 229 233 225 228 225 151 193 158 233 185 233 146 229 230 143 225 234 160 228 228 28 160 186 136 229 226 15 228
split_gain=36.8781 41.5041 38.3967 34.7602 91.6427 52.0733 60.1268 48.1754 39.8409 36.512 50.2611 73.53 32.4112 31.7304 34.9901 33.3845 30.7359 32.7204 32.4151 28.7721 28.3323 27.3123 26.9098 26.777 26.4711 25.6304 25.6163 30.8019 35.0372 29.4696
threshold=1.0000000180025095e-35 1.807401239871979 0.62673509120941173 0.13843647390604022 0.069071818143129363 77.536712646484389 0.0076410106848925361 4.9100573062896737 0.090665888041257872 -154703.24218749997 0.069746304303407683 3.4999999343199313e-08 0.078989129513502135 138332.10937500003 0.86891436576843273 13.500000000000002 24.412549972534183 -0.0044893815647810689 0.00041393567516934132 2.3414168357849126 68.822387695312514 66.130397796630874 0.072970900684595122 5.4608893394470224 0.70655000209808361 -9.4999999999999982 0.89579468965530407 -0.047540908679366105 -0.080468125641345964 50.626491546630866
decision_type=2 2 2 2 2 2 2 2 2 2 2 2 2 2 2 2 2 2 2 2 2 2 2 2 2 2 2 2 2 2
left_child=2 -2 -1 4 9 6 -5 21 -9 10 13 12 -12 14 15 22 18 24 -13 25 -10 -8 -4 -3 -18 -20 27 -16 -29 -28
right_child=1 23 3 5 -6 -7 7 8 20 -11 11 16 -14 -15 26 -17 17 -19 19 -21 -22 -23 -24 -25 -26 -27 29 28 -30 -31
leaf_value=0.0084228219812866323 0.015964586669030868 0.0058300205048725899 0.0079882907475462266 -0.0071059277437696619 0.028766753893298247 -0.01720591295605213 0.037483913554015334 0.034047873420258966 -0.0056813885079130483 -0.0012363656178703475 0.028809029849106896 0.027351796746254316 0.011130633259450282 -0.0024503818589772419 -0.021930613428416668 0.012335099516015441 0.0081816764868318601 0.00183084329385491 0.034632335912201322 -0.0027871842198892698 0.005622269113457889 0.0094896854683605304 -0.0029886746867862301 -0.0086831473737796015 0.031034914159083844 0.0020060375563759857 -0.00029133209453870206 0.022290303874550804 0.0054433271659411579 0.003505357871843218
leaf_weight=1393.1456955298781 780.20916502177715 1179.6733456961811 601.89606185257435 2824.6883528269827 282.80773193761706 627.59477851167321 140.12157171592116 86.072764873504639 1237.1843621954322 26081.656150212511 346.02843765541911 102.15685280784965 1034.0475345887244 7458.6660022716969 82.556649833917618 415.10977867618203 275.63936208188534 660.76968910545111 99.378173157572746 2725.2069997303188 1004.3885337561369 230.38107407465577 7712.6645568348467 435.01613993942738 234.52065755426884 152.66849734261632 9622.2667289376259 401.06494196131825 1338.942560993135 10901.368441767991
leaf_count=4706 2426 4061 5773 11836 3561 3646 593 306 4936 132875 1471 433 4751 34549 680 1356 902 2491 804 12584 3873 890 40260 1508 706 1598 53271 1577 6610 55407
internal_value=0 0.00649544 0.000196444 4.69847e-05 0.000361353 -0.003558 -0.0020071 0.00333086 0.000665313 0.000246995 0.00112299 0.00553567 0.0155632 0.000478243 0.00118116 -0.00150316 0.00227976 0.00917501 -0.000342119 -0.00129236 -0.000616524 0.0200769 -0.00219405 0.00192 0.0186873 0.0148701 0.0022298 0.00791064 0.00932649 0.00172532
internal_weight=0 2394.9 78073 76679.8 70529.4 6150.43 5522.84 2698.15 2327.65 70246.6 44165 5630.42 1380.08 38534.5 31075.9 8729.67 4250.34 1170.93 3079.41 2977.25 2241.57 370.503 8314.56 1614.69 510.16 252.047 22346.2 1822.56 1740.01 20523.6
internal_count=400440 7995 392445 387739 361659 26080 22434 10598 9115 358098 225223 25740 6222 199483 164934 47389 19518 4099 15419 14986 8809 1483 46033 5569 1608 2402 117545 8867 8187 108678
is_linear=0
shrinkage=0.05


Tree=231
num_leaves=31
num_cat=0
split_feature=187 194 123 3 227 31 170 234 234 232 164 228 225 227 226 3 232 231 29 230 151 227 229 230 227 229 229 227 126 225
split_gain=85.3027 67.4477 67.6337 65.4645 60.7637 58.9448 54.019 48.0712 75.8375 52.1846 45.0755 53.5408 47.3843 44.9584 44.7079 42.3883 51.1584 41.7832 35.6272 36.5371 35.5973 35.5281 34.1631 33.8008 33.7503 33.0138 46.6264 47.3081 32.2734 30.6678
threshold=-1.7135000228881834 1.0000000180025095e-35 0.45316348969936376 491039.67187500006 0.22302427142858508 0.14042272418737414 -0.0069794999435544005 -0.014097252395004032 -0.042189449071884148 -1.4672073721885679 213.9779968261719 29.883596420288089 -0.0043661852832883588 0.22668402642011645 0.22755278646945956 681058.78125000012 1.0157563090324404 8.3949694633483904 0.023814259096980098 16.500000000000004 31.944920539855961 -0.068882577121257768 0.85195651650428783 2.5000000000000004 -0.05856011621654033 0.94856029748916637 0.97753769159317028 0.11508779227733613 0.0074261422269046315 -0.0096355071291327459
decision_type=2 2 2 2 2 2 2 2 2 2 2 2 2 2 2 2 2 2 2 2 2 2 2 2 2 2 2 2 2 2
left_child=1 21 5 7 18 10 -4 8 -2 28 11 12 -3 20 17 16 -15 -12 19 -5 -13 -1 -20 -19 -24 -9 -27 -28 -10 -29
right_child=3 2 6 4 -6 -7 -8 25 9 -11 14 13 -14 15 -16 -17 -18 23 22 -21 -22 -23 24 -25 -26 26 27 29 -30 -31
leaf_value=0.012252385419074259 0.008741860491299637 -0.0034212467153621516 -0.0024849099890219082 0.011297646761515389 0.018222108667096528 -0.016644196403162927 0.0029942537903120303 0.0052520066318992257 -0.0093357314240743675 -0.0018801421141391784 -0.0033325670151468146 0.0016304241804594157 -0.018495579064420068 -0.031198457634989948 0.010593216194784207 0.0086064933468061669 -0.0063085274472553885 -0.021544301167819194 0.0072152644137195507 -0.06089912912632587 -0.0036459421774645176 -0.010694499482754445 -0.007097583872650387 -0.0055341200127104187 0.0024417281293760036 -0.013207865618237079 0.0050401071285415188 -0.017736246543939429 -0.024337126199117175 3.5193564121075631e-05
leaf_weight=182.09129439294338 791.23100294172764 4015.1100047416985 6047.4183105044067 1742.307857869193 789.51275044679642 648.35827681981027 17561.888475524262 3779.021342355758 917.2338869869709 1437.3314548060298 14059.995070371777 22635.493532143533 599.09823487699032 289.41408556699753 533.01962061226368 277.95851877331734 720.1569260507822 588.748778603971 3319.559754639864 17.702236860990524 3722.2532674707472 2290.3461065199226 1065.3112148046494 749.14433460310102 7153.12791595608 678.65827533602715 2338.0153780393302 445.47894114255905 588.59706819057465 533.47140093892813
leaf_count=663 2773 15322 22622 17060 3162 4503 69818 15741 3213 5175 49292 90574 2036 929 1681 981 2331 1946 13880 150 13006 8312 4628 2543 29166 2553 10720 1474 1949 1839
internal_value=0 -0.000883599 -0.000606457 0.00245974 0.00474525 -0.00166864 0.00159079 -0.000337826 -0.00500037 -0.0086948 -0.00146715 -0.000392541 -0.00537846 0.000439648 -0.0036432 -0.00868342 -0.0134437 -0.00413602 0.00394512 0.0105715 0.000885293 -0.0090045 0.00293434 -0.0125795 0.0012052 0.00190174 -0.00126692 0.00117623 -0.0151995 -0.00805184
internal_weight=0 74920.5 72448.1 25596.6 14087.5 48838.8 23609.3 11509 3734.39 2943.16 48190.4 32259.5 4614.21 27645.3 15930.9 1287.53 1009.57 15397.9 13298 1760.01 26357.7 2472.44 11538 1337.89 8218.44 7774.65 3995.62 3316.97 1505.83 978.95
internal_count=400042 286559 277584 113483 68046 185144 92440 45437 13110 10337 180641 125179 17358 107821 55462 4241 3260 53781 64884 17210 103580 8975 47674 4489 33794 32327 16586 14033 5162 3313
is_linear=0
shrinkage=0.05


Tree=232
num_leaves=31
num_cat=0
split_feature=42 29 229 234 234 232 225 228 152 233 232 183 165 227 228 227 233 225 227 228 229 3 227 232 227 232 232 3 15 232
split_gain=116.32 98.1757 84.8567 82.8111 126.363 95.8655 110.222 95.6451 85.0511 77.7834 86.1809 71.006 61.7505 70.1448 63.7049 61.4564 62.2416 60.1001 78.3685 81.241 65.4895 64.0937 55.7698 81.4374 52.7137 51.7771 67.6721 63.3742 50.113 52.3629
threshold=4.0247340202331552 0.043379722163081176 0.62673509120941173 0.025875086896121505 0.02297902945429087 -0.42470620572566981 -0.0090084550902247412 22.164649009704593 -1.0000000180025095e-35 0.020514339208602909 -1.7772749066352842 5.5000000429572546e-06 76.174148559570327 -0.059249300509691231 59.520391464233406 0.15962687879800799 0.086065258830785765 0.003897325368598104 0.011352922767400743 56.103479385375984 0.88849747180938732 332516.18750000006 -0.036407448351383202 -1.2313734889030454 -0.086385570466518388 -0.48024469614028925 -0.94393149018287648 439857.37500000006 0.8165595829486848 -1.2383719086647031
decision_type=2 2 2 2 2 2 2 2 2 2 2 2 2 2 2 2 2 2 2 2 2 2 2 2 2 2 2 2 2 2
left_child=1 3 -3 4 5 6 9 -7 -9 10 -1 -11 14 24 -4 -5 -17 -10 -19 -20 21 -21 23 -15 -14 26 -8 -27 29 -24
right_child=-2 2 12 15 -6 7 25 8 17 11 -12 -13 13 22 -16 16 -18 18 19 20 -22 -23 28 -25 -26 27 -28 -29 -30 -31
leaf_value=0.00040777133878616131 0.014260381931388004 -0.021633920859302113 -0.0010984578924478911 -0.014249328726225408 0.013844321433868108 0.031872638979743621 0.005822457891980967 -0.015876350830375776 0.0032448553721511775 -0.0039302530092606121 -0.015516050404606239 0.048408963226170623 -0.00054179677842287129 -0.017102950517946549 -0.014620864551825831 -0.012689759716166938 0.0085090948319426329 -0.021304566922206662 -0.025735744256453481 0.04944506020196586 -0.0046700968266655289 0.0059808410513918289 0.0071754689838191346 0.013352724798768379 0.01859804126903656 -0.0028866818463697879 -0.0085373619173783541 0.034515679855846852 0.013381729298576828 0.00055196153482417628
leaf_weight=1518.5458108279854 1295.0405361205339 415.5511679649353 5935.908712849021 2717.0281129805371 1174.9535909425467 152.67340952157974 4337.002670481801 2389.6097495034337 1695.5505039766431 143.03152918815613 1929.0629658158869 118.47740578278899 537.20457690954208 848.50974906608462 1020.7467396203429 646.16297866031528 746.01975039020181 861.54145694244653 360.91424974054098 112.61130162701011 1667.2927947742864 343.67121322825551 3547.4122658744454 296.09044480696321 1088.9589628204703 183.09573867917061 1011.8683185502887 296.9062844440341 941.24150732159615 18785.185443961993
leaf_count=11268 4700 2953 31008 43792 7016 754 33574 38562 16107 1135 25999 782 2563 4275 7146 4842 3410 13777 4606 475 19782 1921 13345 1215 4665 883 12777 1406 2773 82531
internal_value=0 -0.000897425 0.000819557 -0.00345817 -0.00201764 -0.00310613 0.000229997 -0.00730187 -0.00810671 -0.00650802 -0.00850219 0.0197822 0.00110229 0.0022201 -0.00308259 -0.00987234 -0.00133007 -0.00442406 -0.00831016 -0.00380412 -7.67118e-05 0.0167079 0.00155047 -0.00922454 0.0122752 0.00451763 0.00310595 0.0202486 0.00208038 0.00160407
internal_weight=0 55822.8 33416.8 22406 18296.8 17121.9 9537.99 7583.86 7431.19 3709.12 3447.61 261.509 33001.3 26044.6 6956.66 4109.21 1392.18 5041.58 3346.03 2484.49 2123.58 456.283 24418.4 1144.6 1626.16 5828.87 5348.87 480.002 23273.8 22332.6
internal_count=400042 395342 152474 242868 190824 183808 87824 95984 95230 39184 37267 1917 149521 111367 38154 52044 8252 56668 40561 26784 22178 2396 104139 5490 7228 48640 46351 2289 98649 95876
is_linear=0
shrinkage=0.05


Tree=233
num_leaves=31
num_cat=0
split_feature=158 29 233 228 227 230 233 225 17 228 23 21 121 227 151 225 129 42 226 144 234 192 227 12 26 216 3 28 225 226
split_gain=35.3917 34.0384 33.0872 34.9142 46.023 37.5846 30.8687 36.6232 45.3654 46.7753 38.7907 30.4447 29.8565 27.1698 26.6773 30.8479 26.3347 31.06 24.3321 24.3218 28.656 27.7884 27.2865 35.8928 24.1408 23.6756 22.564 24.053 25.1478 23.5809
threshold=-1166222.1249999998 0.020011634565889839 -0.00297881884034723 64.206027984619155 0.20411980897188189 15.500000000000002 -0.01240761950612068 -0.00054045068100094784 -0.05885805003345012 50.77893257141114 59.338830947875984 30.063813209533695 0.0063616910483688125 -0.076281689107418046 2.7901465892791752 0.028938377276062969 0.99883177876472484 4.4952671527862558 -0.032876208424568169 -17.030949592590328 -0.029029634781181809 0.0595360565930605 -0.030424005351960656 -0.094676744192838655 1.0374975800514223 9.9555892944335955 2361597.2500000005 0.225058488547802 0.069071818143129363 0.20582216233015063
decision_type=2 2 2 2 2 2 2 2 2 2 2 2 2 2 2 2 2 2 2 2 2 2 2 2 2 2 2 2 2 2
left_child=2 -2 6 4 14 -5 7 8 9 11 -9 -1 -7 -10 15 -4 17 19 -13 20 21 -3 24 -24 -23 -18 27 28 -21 -30
right_child=1 16 3 5 -6 12 -8 10 13 -11 -12 18 -14 -15 -16 -17 25 -19 -20 26 -22 22 23 -25 -26 -27 -28 -29 29 -31
leaf_value=0.015758007487107727 -0.0097302731544248785 0.034150818292928077 0.01368561147335706 -0.00017534078050742826 -0.010947636931171062 0.031164746049442627 -0.0065844527275859396 -0.0051101939252040478 0.013097438448643615 0.026365069326079099 0.011771809526940215 -0.012731943850660985 -0.0021705565358618672 -0.0010822042188319279 0.0052172000159141788 0.064397044606619241 0.00091223780059460655 -0.014237406672447174 0.0085151443869623186 0.00049841298395344839 -0.0014985583119986937 -0.020249569788467675 0.031535782398702417 0.0070509819204543668 0.004828478608110193 0.011053309362187768 -0.0044833216198574234 -0.0018430458799774789 0.03267351070763113 -0.0030918772011055782
leaf_weight=417.76875287666917 941.40111238695681 102.99331037700176 503.06870200484991 6844.9833897948265 425.41617890447378 175.1874387934804 1680.93496677652 2916.0302632916719 382.76339687779546 379.84481517598033 385.21702766045928 272.48062855005264 108.93717063963413 2877.6855094451457 9035.4816358834505 31.889355536550283 1433.3410933837295 401.26690862700343 266.57439026981592 28648.57967459783 1132.6505622938275 137.59611746668816 190.50911524891853 698.33470075577497 317.15731067210436 961.68982999399304 3351.1578755266964 15109.185698252171 117.13869252055883 75.97980872169137
leaf_count=1879 12529 367 2544 34245 2493 879 10555 17837 1945 1244 1426 1320 452 15243 43449 132 7026 1739 1285 150779 5178 590 594 2765 1166 3485 19179 55822 1648 247
internal_value=0 -0.000306586 0.00192129 0.00323761 0.00514423 0.000564308 -0.000431899 0.000877491 0.00376269 0.0115201 -0.00314026 0.00562686 0.0183835 0.000582428 0.00585953 0.0167086 -0.000138175 -0.000382163 -0.0022248 -0.000270705 0.00445747 0.00912092 0.00720225 0.0122989 -0.00275946 0.00498424 -0.000528519 -0.000226974 0.000619632 0.0186021
internal_weight=0 53619 26704.3 17125 9995.86 7129.11 9579.3 7898.36 4597.12 1336.67 3301.25 956.824 284.125 3260.45 9570.44 534.958 52677.6 50282.5 539.055 49881.3 2579.24 1446.59 1343.6 888.844 454.753 2395.03 47302 43950.9 28841.7 193.119
internal_count=400042 263114 136928 84194 48618 35576 52734 42179 22916 5728 19263 4484 1331 17188 46125 2676 250585 240074 2605 238335 10660 5482 5115 3359 1756 10511 227675 208496 152674 1895
is_linear=0
shrinkage=0.05


Tree=234
num_leaves=31
num_cat=0
split_feature=29 25 3 167 227 33 226 231 187 225 228 225 225 228 28 228 227 228 150 29 227 226 228 227 26 230 11 131 233 227
split_gain=78.5084 56.8062 54.0661 60.4847 58.1447 42.3716 39.5631 53.7238 49.4812 50.8585 50.3015 43.0171 34.6217 38.7444 34.1984 34.1492 49.1882 33.8365 33.5541 32.4321 35.3087 41.3996 31.6982 30.7192 30.4429 29.9904 28.8086 27.8574 27.7893 36.5783
threshold=0.042546687647700317 8.676734924316408 915637.65625000012 4.4058499336242685 0.16609450429677966 19.048331260681156 0.1893505081534386 6.5913984775543222 -0.84150001406669606 0.0059500080533325681 39.244031906127937 -0.022021045908331868 -0.0223178481683135 23.000260353088382 0.22318009287118915 66.604320526123061 0.018333122134208683 73.609329223632827 -60.714284896850579 0.017735851928591732 0.028331511653959755 0.13519021123647693 69.381916046142592 0.0038289492949843411 56.11279487609864 3.5000000000000004 0.067577872425317778 -0.19855896383523938 -0.040498191490769379 0.011352922767400743
decision_type=2 2 2 2 2 2 2 2 2 2 2 2 2 2 2 2 2 2 2 2 2 2 2 2 2 2 2 2 2 2
left_child=2 -2 3 14 12 6 7 8 9 18 -11 -9 -4 -14 28 -13 -17 -12 -3 -15 23 -22 -7 -21 -16 -24 -6 -8 -1 -30
right_child=1 5 4 -5 26 22 27 11 -10 10 17 15 13 19 24 16 -18 -19 -20 20 21 -23 25 -25 -26 -27 -28 -29 29 -31
leaf_value=-0.0035220575087195256 0.0062482343949616841 -7.3500974375796571e-05 0.010735931269574164 -0.0026482530886254925 0.013208646334279806 -0.010768777418323272 0.013705277702652048 -0.018490446543991266 0.0037305264766457516 0.0068921720197966429 -0.0022253687528405773 -0.00019329089215237673 -0.017288703170336601 0.012757131585116941 0.014920730149789722 0.016764854290028591 -0.015392222715275848 0.0050245943046499089 -0.0046563333945404259 0.0025773244211347995 -0.0030984463603458169 0.013433578309173001 0.0041543395031517641 0.011689982528432594 0.00078494220519269786 -0.009830166920586518 -0.024479906206864487 0.0016705596625324138 0.003808999382233193 -0.0010686444688823898
leaf_weight=2631.3858236819506 2319.1974405534565 5489.6891868896782 1225.0899379812181 11856.02090360038 1760.9687685258687 2179.4290426690131 645.51209411770105 723.93031831085682 4561.5328729748726 2545.5271333307028 8910.3346728794277 1637.8538350313902 256.22013590857387 708.40249491855502 901.24308691546321 135.21383816003799 986.71977016329765 1964.119451135397 14660.534233875573 7638.2574014663696 4372.9066450409591 414.59374905750155 950.02588846161962 1052.225959321484 659.66026304662228 642.76437708921731 52.207379557192326 1885.0287328287959 10424.112394999713 6088.7281618602574
leaf_count=10854 7410 17392 5992 46670 8172 10022 1950 2902 14183 8226 27682 4985 1338 7577 3581 431 3476 6006 45307 40231 19930 1716 3531 5357 2531 3195 357 5567 53555 29505
internal_value=0 -0.00139427 0.00140376 0.000199567 0.00364678 -0.00176416 -0.00132954 -0.00169865 -0.00115564 -0.00181957 0.000565152 -0.00764222 0.0026658 0.00198126 0.00183026 -0.00479658 -0.0115167 -0.000915897 -0.0034078 0.00232929 0.0017812 -0.00166679 -0.00685049 0.00368067 0.00894674 -0.00148905 0.0121235 0.00474048 0.00125003 0.00201048
internal_weight=0 50237.4 50042 32561.2 17480.9 47918.2 44146 41615.5 38131.7 33570.2 13420 3483.72 15667.7 14442.6 20705.1 2759.79 1121.93 10874.5 20150.2 14186.4 13478 4787.5 3772.22 8690.48 1560.9 1592.79 1813.18 2530.54 19144.2 16512.8
internal_count=399631 162265 237366 146696 90670 154855 138107 130590 118796 104613 41914 11794 82141 76149 100026 8892 3907 33688 62699 74811 67234 21646 16748 45588 6112 6726 8529 7517 93914 83060
is_linear=0
shrinkage=0.05


Tree=235
num_leaves=31
num_cat=0
split_feature=116 126 231 227 228 234 230 3 231 228 228 6 232 187 233 227 228 225 230 36 228 234 232 226 149 165 234 234 225 233
split_gain=114.707 107.846 81.819 87.6591 80.61 82.4519 86.7944 79.5301 130.295 74.338 131.602 85.8445 75.0089 70.9002 65.7492 96.0103 91.1844 80.2231 64.9889 62.0342 61.3141 59.1648 56.4515 50.3737 50.1059 51.7397 52.2808 56.7027 52.7157 73.767
threshold=1.0000000180025095e-35 0.0079684560187160986 1.1847185492515566 -0.021259790286421772 29.689025878906254 -0.020229829475283619 2.5000000000000004 603987.84375000012 0.88830339908599865 32.709537506103523 34.72050857543946 2.7136499881744389 -1.7772749066352842 -1.0000000180025095e-35 0.08063810691237451 0.15962687879800799 57.011194229125984 0.02699356805533171 2.5000000000000004 -39.046909332275384 95.245128631591811 0.013000867795199158 -2.8103680610656734 -0.05077246576547622 89.285713195800795 76.174148559570327 -0.035849630832672112 -0.019497783854603764 0.010730777867138388 0.055097302421927459
decision_type=2 2 2 2 2 2 2 2 2 2 2 2 2 2 2 2 2 2 2 2 2 2 2 2 2 2 2 2 2 2
left_child=1 2 3 21 5 -4 -7 8 -5 -6 18 12 -12 19 -13 -16 -17 -18 -11 -2 22 -1 -3 -8 25 -24 -27 -28 -29 -30
right_child=13 20 4 7 9 6 23 -9 -10 10 11 14 -14 -15 15 16 17 -19 -20 -21 -22 -23 24 -25 -26 26 27 28 29 -31
leaf_value=0.01615249947266258 0.00011004661702519808 0.016640587690707764 -0.0064406533514010239 -0.010555595794032396 -0.019336614712165877 -0.0042145346685503763 -0.017155671917266371 -0.010064953122334616 0.016174768609241792 0.017712909421342068 0.012686673021446333 -0.0056890442262983272 -0.011277628691666975 0.029167879175780016 -0.0041714475395640315 -0.018083225996225537 0.038279987942110662 0.005249822370002686 -0.00686158083394116 0.013369303673921626 0.027892789646292954 -0.013136345053266676 -0.002775748722344065 0.020066448573587602 -0.0041583001001612848 0.017538167961366542 -0.0066047607769126014 0.0061742986199859583 -0.0059619261792382278 0.0051447165490713037
leaf_weight=1336.1935430690646 2114.2625243999064 561.97671788930893 1562.4909163676202 780.88457051292062 992.78778655081987 778.69999155309051 98.783563498407602 1623.2277295663953 1095.3779049459845 882.71907532587647 341.46468281000853 5670.9078965708613 7465.8271526107565 351.268225396052 1313.3010977348313 153.79478085041046 430.44827483221889 320.85976893082261 386.97969427146018 1513.6807280033827 213.11702941358089 197.97092473320663 5036.1251050774008 1138.26430442743 4516.8455926487222 598.11541255563498 1548.0354592874646 7877.0713535128161 2806.0355577273294 3199.7011671569198
leaf_count=7381 8350 1975 10076 5800 9219 8291 1230 11614 4497 5020 1350 46583 92319 1093 8827 1036 1517 1094 3813 4961 1575 2396 40315 5725 31283 2461 8052 40193 15636 15949
internal_value=0 -0.00108361 -0.00333149 0.00240766 -0.00467283 0.0021801 0.0088624 -0.00196112 0.00504982 -0.00603823 -0.00526008 -0.00651251 -0.0102295 0.00771893 -0.00283415 0.00446381 0.0169935 0.0241739 0.0102231 0.00564218 0.00118252 0.012373 0.000964784 0.0170941 0.000620422 0.00164509 0.00303407 0.00247188 0.00348399 -4.45942e-05
internal_weight=0 52928 26571 5033.65 21537.3 3578.24 2015.75 3499.49 1876.26 17959.1 16966.3 15696.6 7807.29 3979.21 7889.31 2218.4 905.103 751.308 1269.7 3627.94 26357 1534.16 26143.9 1237.05 25581.9 21065.1 16029 15430.8 13882.8 6005.74
internal_count=399631 385227 227788 31688 196100 25322 15246 21911 10297 170778 161559 152726 93669 14404 59057 12474 3647 2611 8833 13311 157439 9777 155864 6955 153889 122606 82291 79830 71778 31585
is_linear=0
shrinkage=0.05


Tree=236
num_leaves=31
num_cat=0
split_feature=117 232 124 158 3 146 14 234 227 188 225 227 162 225 225 225 232 227 229 123 232 225 131 230 232 232 33 23 225 227
split_gain=37.9291 36.5725 35.7027 32.8543 37.3469 31.5786 28.9909 30.9731 37.2352 28.4032 27.2073 54.2667 35.1214 31.1645 27.3793 40.4941 33.5088 35.8166 48.0156 34.424 65.9101 34.2385 34.2224 29.6785 28.1108 28.0627 31.1039 27.9267 38.5806 27.6101
threshold=1.0000000180025095e-35 -2.8103680610656734 0.016632708720862869 -2960305.4999999995 3234515.8750000005 79798.386718750015 -0.18804346770048139 0.015965082682669166 -0.059249300509691231 1.7384999990463259 -0.016739149577915665 -0.07932079583406447 7.1038877964019784 -0.017757077701389786 -0.012367889750748871 -0.01113263890147209 -1.2383719086647031 -0.011294552125036715 1.2150162458419802 -0.44432966411113733 -0.42470620572566981 -0.0097350180149078352 0.10478999093174936 7.5000000000000009 -1.2313734889030454 -1.7998518943786619 1.1804969906806948 49.033807754516609 -0.01077058259397745 -0.024494701065123078
decision_type=2 2 2 2 2 2 2 2 2 2 2 2 2 2 2 2 2 2 2 2 2 2 2 2 2 2 2 2 2 2
left_child=1 -1 -2 6 5 10 -3 -8 -9 -7 11 -5 -13 -14 29 -16 21 19 -19 24 -21 -17 25 -24 -18 -23 -27 -22 -29 -12
right_child=2 3 -4 4 -6 9 7 8 -10 -11 14 12 13 -15 15 16 17 18 -20 20 27 22 23 -25 -26 26 -28 28 -30 -31
leaf_value=-0.011561796113913893 0.0094482760049703733 0.017719149187298458 -0.0061295722450076416 -0.0081115788282048237 -0.0055121406779073826 -0.0017075841501628499 0.00022480362356256279 0.027037871130131202 0.0043817001007569302 -0.017499561342473061 0.0051361422642687005 0.010418045187158727 0.0015817128012867426 0.015123023860015123 0.0095103267280919595 0.0057845883425839987 0.034960100321200449 -0.0014590590966891144 0.0043321479144375792 -0.0018343483018816058 0.01662075578372272 0.00091110715460755655 -0.01981418009111734 0.032445776294943912 0.0082637706594616989 -0.011421142447269264 -0.002289885130179021 0.04611254187074218 0.00022465340518559699 -0.0076975395212346741
leaf_weight=662.20802994072437 1952.2320917062461 305.50799901783466 453.19737195596099 949.49412855505943 3183.384848723188 13747.525591699407 8072.8616921193898 188.48954813182354 4788.6996964775026 290.75262355059385 532.37630442529917 1921.5105488523841 5452.1000614017248 460.80417408049107 1190.6565155312419 904.91172906011343 104.43752522021532 16197.862986389548 4594.3871592208743 3655.2834464069456 840.8841836899519 1306.04238756001 36.313549809157848 107.86053174734116 1766.464792702347 2215.4615853838623 1610.5633613504469 49.076910335570574 687.05404783412814 1969.4201811291277
leaf_count=4839 6487 1256 1547 6708 20775 59270 45709 634 22869 1106 3184 7719 23406 1864 5532 4065 323 79385 22620 19567 3880 8603 193 314 8540 15771 8778 224 3165 11298
internal_value=0 0.000138423 0.00651332 0.000238876 -0.000233362 4.3978e-05 0.00249388 0.00213745 0.0052397 -0.00203466 0.000670801 0.00317728 0.00454543 0.00263701 8.78732e-05 0.000446426 0.000129728 0.000867783 -0.000179397 0.00393306 0.00185167 -0.00320111 -0.00474221 0.0192829 0.00975401 -0.00541715 -0.00757734 0.0103953 0.00328394 -0.00496656
internal_weight=0 77792.4 2405.43 77130.2 63774.6 60591.2 13355.6 13050.1 4977.19 14038.3 46553 8783.91 7834.41 5912.9 37769.1 35267.3 34076.6 27895.5 20792.3 7103.2 5232.3 6181.15 5276.24 144.174 1870.9 5132.07 3826.02 1577.02 736.131 2501.8
internal_count=399631 391597 8034 386758 316290 295515 70468 69212 23503 60376 235139 39697 32989 25270 195442 180960 175428 137704 102005 35699 26836 37724 33659 507 8863 33152 24549 7269 3389 14482
is_linear=0
shrinkage=0.05


Tree=237
num_leaves=31
num_cat=0
split_feature=6 149 229 29 118 5 171 5 197 232 228 226 5 15 162 3 11 225 186 232 225 5 108 25 151 192 214 216 110 196
split_gain=74.0414 55.8105 54.3934 50.3408 44.7767 38.8365 33.806 29.4912 29.1893 27.6502 34.1326 28.8507 27.2173 25.8436 25.6257 24.4045 24.2285 23.5178 22.632 22.6194 22.3472 22.2892 20.8981 20.8265 20.526 20.5222 20.3682 19.9032 19.0273 18.452
threshold=1.4486500024795534 89.285713195800795 1.4447451233863833 0.075776781886816039 1.5000000000000002 1.0000000180025095e-35 0.0021331500029191379 20.322249412536625 -0.0094614783301949484 -0.22886700928211209 71.25742340087892 0.010562879499047996 10.573699951171877 -0.084219582378864274 73.43811416625978 1539908.9375000002 -0.048053951933979981 0.016908199526369575 0.64344999194145214 1.1166329979896548 0.0067684934474527845 44.415750503540046 -0.062430953606963151 38.119594573974616 19.284542083740238 0.078618835657835021 7.7809818321838992e-06 -1.0000000180025095e-35 0.82525742053985607 0.19861283898353579
decision_type=2 2 2 2 2 2 2 2 2 2 2 2 2 2 2 2 2 2 2 2 2 2 2 2 2 2 2 2 2 2
left_child=5 3 12 4 6 -1 8 13 14 10 -8 15 -3 -7 22 20 -4 -16 -10 -19 23 -14 -2 -11 -18 -23 29 -5 -15 -13
right_child=1 2 16 27 -6 7 9 -9 18 11 -12 26 21 28 17 -17 24 19 -20 -21 -22 25 -24 -25 -26 -27 -28 -29 -30 -31
leaf_value=-0.00077457056674296477 -0.0052796447153469605 -0.0010240093439384654 -0.020868371967425747 -0.0029808552600291771 -0.02420775267264208 0.0015087160626374916 -0.0048682095299122704 0.0020932327632237463 -0.0026209420633728745 0.0044808224372221801 0.011041274926169572 2.5264494791624347e-05 0.0060155850691232526 0.010409795377458977 0.0021422470094412489 0.0096198702646173532 0.011928956830326654 0.012987642853973603 0.0010655621833546159 0.0013836026047965369 0.0060019960818467333 -0.010619553536115952 0.00095223041094413981 -0.0052496042750841652 -0.016523210358726441 0.0023331784942244561 -0.0045391483989256276 -0.011224910003618783 0.0024455439293247145 -0.016335772999934384
leaf_weight=5288.1727553065866 1543.8885728530586 3611.9606901407242 357.68338759616017 1302.1472050994635 206.46866689436138 1685.953091353178 9665.8193243071437 7146.6483633033931 11755.124510411173 806.58880368620157 349.31320085003972 6410.1049908809364 6018.2805527187884 3608.7569899298251 4527.1177470311522 921.96629071235657 142.41579102724791 1179.6825269646943 6446.3253510594368 652.09312196075916 1256.4676899537444 328.25366642326117 10456.781986299902 1728.0507923997939 114.23464117944241 4471.1013282686472 5486.0762143209577 1672.4224309027195 946.67187032103539 177.09126387163997
leaf_count=20580 5757 12624 1764 4940 1786 9221 35364 33614 43398 2690 1381 24390 24666 23989 17698 3576 573 4841 24247 2929 4450 1142 39337 5744 500 15920 20653 6481 5038 683
internal_value=0 -0.000636687 0.00211367 -0.00125848 -0.000960991 0.00285329 -0.000885241 0.00428627 0.000103588 -0.00223414 -0.00431331 -0.000993664 0.00273402 0.0067974 0.00151027 0.00232398 -0.0124573 0.00407645 -0.00131531 0.00885672 0.000549684 0.00398881 0.000150498 -0.00215313 -0.000735051 0.00144727 -0.00228878 -0.00761599 0.00875473 -0.000414588
internal_weight=0 81587.5 15043.9 66543.5 63569 18676.2 63362.5 13388 36561 26801.5 10015.1 16786.3 14429.6 6241.38 18359.6 4713.07 614.334 6358.89 18201.4 1831.78 3791.11 10817.6 12000.7 2534.64 256.65 4799.35 12073.3 2974.57 4555.43 6587.2
internal_count=399976 307534 57189 250345 238924 92442 237138 71862 138207 98931 36745 62186 54352 38248 70562 16460 2837 25468 67645 7770 12884 41728 45094 8434 1073 17062 45726 11421 29027 25073
is_linear=0
shrinkage=0.05


Tree=238
num_leaves=31
num_cat=0
split_feature=124 158 167 228 228 232 227 152 231 23 232 227 234 227 234 233 164 230 234 3 233 232 149 227 3 226 233 231 231 227
split_gain=103.737 89.4206 79.7285 101.919 73.8895 62.2553 91.8162 74.6839 61.8391 59.2748 53.4529 108.118 131.477 82.0536 106.452 67.939 53.3252 49.2221 47.8693 47.3903 49.3788 44.0223 42.8213 42.7198 79.8161 60.0889 56.9494 74.4946 59.8258 88.8513
threshold=0.031374564394354827 -1166222.1249999998 4.3940501213073739 59.520391464233406 88.40799713134767 -1.4672073721885679 -0.024494701065123078 0.022426699288189415 1.2463098764419558 48.41711616516114 0.30034458637237554 0.015387311577796938 0.014197493903338911 0.13368050009012225 0.0028201703680679206 -0.020063804462552067 263.94650268554693 15.500000000000002 -0.022184542380273339 815683.56250000012 -0.015967056620866057 -1.6395928859710691 89.285713195800795 0.22668402642011645 309675.53125000006 -0.011426768731325863 -0.013996877707540987 3.5574604272842412 1.9522736072540285 -0.010219377465546129
decision_type=2 2 2 2 2 2 2 2 2 2 2 2 2 2 2 2 2 2 2 2 2 2 2 2 2 2 2 2 2 2
left_child=1 5 3 23 8 6 21 -7 9 -5 11 12 17 16 -15 -13 -12 22 -8 20 -16 -1 -4 26 25 -25 28 -28 -3 -30
right_child=-2 2 10 4 -6 7 18 -9 -10 -11 13 15 -14 14 19 -17 -18 -19 -20 -21 -22 -23 -24 24 -26 -27 27 -29 29 -31
leaf_value=-0.011862639328773652 0.0051144180553714469 0.0086418304916817488 0.0074684271393116609 -0.014817392222841281 0.017068357611551989 -0.0097907225423038025 -0.00049075011305282923 -0.0020631210655703363 -0.017793835601061066 0.018365488685084336 -0.013813903900467795 -0.0028995172161795841 -0.010270151378626908 -0.0099276241148144265 -0.026692296421142309 0.029449937711909454 -0.00071092792103276707 0.039414957293397355 0.017887402174508245 -0.00039597515792262871 0.009708373855854175 0.0042152258139533036 -0.0015280990939668406 -0.016585166268008822 -0.0084996080768192928 0.041628115498188734 -0.010753164685411888 0.0017640164543968172 0.0010657228811206665 -0.022197427843899508
leaf_weight=1159.4846549723297 6852.9509184584022 2094.9706550166011 5488.354125758633 277.83492560591549 209.59068640880287 6649.1409225463867 579.33243765868247 5901.9003792889416 2034.3553738091141 261.01200607884675 1561.6450152760372 215.56004593893886 1540.035497546196 1419.6516875410452 95.624347653239965 656.92105465568602 1544.3899187045172 107.30388717167079 912.24573207274079 2268.3219601269811 3625.4893455170095 672.79415690526366 1742.6331409923732 54.598310511559248 235.42490400187671 235.68689516186714 2801.468357058242 2064.667341244407 3131.8661008924246 472.36288977600634
leaf_count=8900 25221 10949 29510 2293 1502 68929 3152 38570 31124 1443 18978 1006 11207 8735 608 2932 10205 494 4512 11680 15197 4848 10432 401 1326 803 31802 16826 21604 4787
internal_value=0 -0.00144525 -3.5821e-06 -0.00292391 -0.0114794 -0.00454563 0.00153882 -0.00615696 -0.0138047 0.00125606 0.00199564 0.00466225 0.00301177 -0.000477137 0.00238264 0.0214575 -0.00729881 0.00579915 0.0107493 0.00530049 0.00877296 -0.00595901 0.00530031 -0.000777298 0.013134 0.0306791 -0.00146949 -0.00544221 0.00192252 -0.0019831
internal_weight=0 50014.7 34139.8 13873.8 2782.79 15874.9 3323.86 12551 2573.2 538.847 20265.9 9750.81 8878.33 10515.1 7409.09 872.481 3106.03 7338.29 1491.58 5989.44 3721.11 1832.28 7230.99 11091 525.71 290.285 10565.3 4866.14 5699.2 3604.23
internal_count=399976 374755 245844 124860 36362 128911 21412 107499 34860 3736 120984 55581 51643 65403 36220 3938 29183 40436 7664 27485 15805 13748 39942 88498 2530 1204 85968 48628 37340 26391
is_linear=0
shrinkage=0.05


Tree=239
num_leaves=31
num_cat=0
split_feature=215 232 223 4 4 227 232 234 232 192 230 191 230 231 129 231 228 229 226 130 44 226 226 226 228 29 226 234 230 234
split_gain=31.845 30.5071 34.0931 28.1111 31.2577 28.1778 42.2509 42.0037 36.6972 31.6406 31.1871 28.2129 44.9888 28.903 27.9374 37.8179 34.0997 42.9809 37.5705 40.0169 33.6398 33.4587 27.299 33.5731 32.7924 27.4585 26.453 24.8048 25.6686 34.8601
threshold=-2.4293370246887203 -2.8103680610656734 0.045833334326744087 1.0000000180025095e-35 16.621150016784672 -0.059868887066841119 -0.61112582683563221 -0.021494197659194466 -1.4890024065971372 0.065178308635950102 16.500000000000004 1.0000000180025095e-35 4.5000000000000009 1.9522736072540285 -0.35838966071605677 1.6195982098579409 68.822387695312514 0.86637786030769359 0.050057210028171546 0.024186651222407821 2350173.0000000005 0.044102137908339507 0.11911282315850259 0.021448242478072647 67.591178894042983 0.03709817677736283 -0.00035978603409603233 0.025875086896121505 1.5000000000000002 0.044994525611400611
decision_type=2 2 2 2 2 2 2 2 2 2 2 2 2 2 2 2 2 2 2 2 2 2 2 2 2 2 2 2 2 2
left_child=-1 2 -2 22 5 6 7 -5 -7 -8 11 12 13 -10 15 26 17 20 21 -20 -17 -19 23 24 -3 -25 -6 -16 -29 -30
right_child=1 3 -4 4 14 8 9 -9 10 -11 -12 -13 -14 -15 27 16 -18 18 19 -21 -22 -23 -24 25 -26 -27 -28 28 29 -31
leaf_value=-0.0049664283699869805 0.031757710643583591 0.0029350272597258218 -0.013170939533844178 0.0220812336634214 -0.0072530868050006778 -0.014481386680826739 -0.023505764051577574 -0.0048216460937644525 0.086772397083585751 0.030286217406880152 0.071278569032927994 -0.0036615574137241584 -0.0081624381761150853 0.022857376774404095 -0.0010540448851835704 -0.0038133500213588497 -0.0012900012065890439 0.0055524906181249065 0.0063015256381056626 0.024185643255772812 0.0060476685875961896 -0.019471370287637447 0.010500800651836796 0.0039137659385466402 0.013467844371286243 -0.0032257039302239564 0.0016882822794563373 0.0063135727803209701 0.0026831828724340496 -0.0051448667524177389
leaf_weight=2627.4198947288096 45.343187306076288 9378.2642465531826 613.81146494857967 173.47670510783792 1602.9367405232042 771.89365182071924 31.594808481633663 886.58014690503478 26.814254075288773 202.85011230409145 14.168850965797899 5046.1740256790072 82.856270205229521 51.969413708895445 24521.492134951055 2246.3036476671696 3237.2535295374691 6842.9196694381535 687.26951806619763 574.04140446707606 1406.331972990185 136.23922980204225 1003.1053285785019 1991.6998530700803 802.17298805713654 4158.9085950478911 1709.2429459914565 2495.828698284924 4861.8856266699731 2010.2416318692267
leaf_count=10958 260 40805 4627 714 9764 7341 117 8140 109 730 109 38233 353 217 124363 11365 15024 32604 2569 2002 6617 669 3405 11182 2929 15153 8157 9746 22217 9497
internal_value=0 0.000630568 -0.0100803 0.000722312 0.000207029 -0.00286072 0.00382905 -0.00041903 -0.00430551 0.023037 -0.00280135 -0.0030029 0.0175595 0.044611 0.00063428 0.00220031 0.00325967 0.00449807 0.00649925 0.0144409 -1.66763e-05 0.005064 0.00249462 0.00200285 0.00376497 -0.000913789 -0.00263891 -0.000217951 0.0019706 0.000393314
internal_weight=0 77613.7 659.155 76954.5 59620.4 7288.38 1294.5 1060.06 5993.88 234.445 5221.98 5207.81 161.64 78.7837 52332 18442.5 15130.4 11893.1 8240.47 1261.31 3652.64 6979.16 17334.2 16331 10180.4 6150.61 3312.18 33889.4 9367.96 6872.13
internal_count=399976 389018 4887 384131 310657 56063 9701 8854 46362 847 39021 38912 679 326 254594 88771 70850 55826 37844 4571 17982 33273 73474 70069 43734 26335 17921 165823 41460 31714
is_linear=0
shrinkage=0.05


Tree=240
num_leaves=31
num_cat=0
split_feature=187 3 194 167 234 234 227 138 227 232 217 226 110 123 13 227 126 225 161 232 233 161 128 231 231 31 225 227 29 230
split_gain=77.6895 69.1573 65.4899 68.7353 57.6977 69.8863 53.2179 50.2798 49.1236 44.1815 43.0465 42.8425 42.5005 39.7988 36.921 36.3684 36.3216 34.8306 35.8785 32.6282 32.1637 39.0429 37.4042 30.4092 45.0033 29.7475 29.5513 28.2549 28.2533 48.509
threshold=-1.7135000228881834 730528.00000000012 1.0000000180025095e-35 4.1586499214172372 -0.014097252395004032 -0.042189449071884148 0.22302427142858508 0.052378198131918914 0.22668402642011645 -1.4672073721885679 1.0000000180025095e-35 -0.028195554390549656 0.52234864234924328 0.42867317795753485 0.02709007449448109 -0.068882577121257768 0.0071050294209271678 0.03377263434231282 16.929173469543461 -0.70062109827995289 0.00055965055798878904 47.102497100830085 0.0056712350342422732 1.1847185492515566 1.1556199789047243 0.14042272418737414 0.017304786480963234 0.22761328518390658 0.024426026269793514 16.500000000000004
decision_type=2 2 2 2 2 2 2 2 2 2 2 2 2 2 2 2 2 2 2 2 2 2 2 2 2 2 2 2 2 2
left_child=2 4 15 8 5 -2 28 -5 11 10 -7 20 -6 19 -14 -1 -12 23 -19 26 21 -4 -22 24 -13 -21 -9 -10 29 -3
right_child=1 6 3 7 12 9 -8 13 27 -11 16 17 14 -15 -16 -17 -18 18 -20 25 22 -23 -24 -25 -26 -27 -28 -29 -30 -31
leaf_value=0.012621447070208692 0.0076455411792129202 0.011664075226365244 -0.0049440597520757773 0.0023598921873591279 0.004897006763818941 0.021492788679598487 0.020455339962662623 -0.0073853806962522446 -0.037757195532755437 -0.00197312233979201 -0.0085173538925851482 0.0016578081115327476 -0.0037764317059356522 -0.00015118492953273286 0.0084654741147194429 -0.010603240359724885 -0.022862706153030071 0.010007565452131016 -0.015636377223995041 -0.0020522899087154242 -0.014095335086135523 0.0037377006515842155 0.0011526249035542005 0.0062271604761293476 -0.026561357295868324 -0.015087957607107053 0.0030595975079082283 -0.0075288678725529959 0.0034630213104517396 -0.074975519179410838
leaf_weight=182.06939911842346 973.52054244279861 1569.0024349205196 1860.7527749352157 7140.8851605225354 6314.4412480443716 87.69952068477869 566.01208432763815 6202.4142921641469 90.358463153243065 1906.6709207184613 1081.8874452263117 2274.7296988740563 3452.318370770663 15943.598067313433 749.64673108607531 2272.410281971097 745.16214511543512 202.13884693011642 419.38433416932821 21530.470835018903 845.20230372995138 4259.1246587075293 767.33688732981682 8815.7198905460536 150.64151340723038 446.72719705849886 760.16991947218776 535.10556338354945 7966.5880831927061 16.323924466967583
leaf_count=672 3497 15676 6583 28692 28429 325 2436 22072 288 7024 3868 9291 13605 59780 2646 8291 2493 632 2796 76638 3030 16820 2903 39663 538 3443 2844 1765 33347 130
internal_value=0 0.00235118 -0.000848492 -0.00057561 0.00023154 -0.00431399 0.0055588 -0.00153711 0.00189819 -0.00736073 -0.0127256 0.00233849 0.00230407 -0.00215712 -0.00159243 -0.00888047 -0.0143681 0.00422605 -0.00729616 -0.00326223 -0.000557303 0.00109801 -0.0068395 0.00486312 -9.49041e-05 -0.00231726 -0.00624501 -0.0118958 0.00467608 0.010772
internal_weight=0 25429.3 74699.2 72244.8 15311.3 4794.94 10117.9 52024.3 20220.5 3821.42 1914.75 19595 10516.4 44883.4 4201.97 2454.48 1827.05 11862.6 621.523 28939.8 7732.42 6119.88 1612.54 11241.1 2425.37 21977.2 6962.58 625.464 9551.91 1585.33
internal_count=400217 113476 286741 277778 61887 17207 51589 193469 84309 13710 6686 82256 44680 164777 16251 8963 6361 52920 3428 104997 29336 23403 5933 49492 9829 80081 24916 2053 49153 15806
is_linear=0
shrinkage=0.05


Tree=241
num_leaves=31
num_cat=0
split_feature=158 164 233 227 231 234 227 3 234 6 6 233 110 3 226 227 233 15 233 229 233 230 227 227 17 227 226 3 231 227
split_gain=104.343 114.068 78.5466 124.085 126.323 116.393 96.4515 55.6219 54.8264 52.3149 47.2493 46.4153 45.392 70.6816 45.3564 68.2149 87.8314 45.1625 68.9501 60.0555 53.9345 50.4862 44.8691 44.6013 64.5032 41.6258 41.2712 39.8971 39.5784 39.2693
threshold=-1166222.1249999998 263.94650268554693 0.0058588914107531318 0.13368050009012225 0.99614292383193981 0.0089091816917061823 -0.08802130818367003 1965994.6250000002 0.042032595723867423 2.4111499786376958 1.5416499972343447 0.020514339208602909 0.44371925294399267 401266.59375000006 -0.019522736780345436 0.011352922767400743 -0.030856821686029431 0.056236756965518005 -0.0060898258816450826 0.97569498419761669 -0.059049820527434342 9.5000000000000018 -0.059249300509691231 0.16379171609878543 0.23953194916248324 0.16379171609878543 -0.0097577082924544794 234584.07812500003 0.88830339908599865 -0.034360896795988076
decision_type=2 2 2 2 2 2 2 2 2 2 2 2 2 2 2 2 2 2 2 2 2 2 2 2 2 2 2 2 2 2
left_child=17 2 8 4 -4 -5 11 -3 12 -8 -7 -6 -2 14 23 16 -16 18 19 20 -1 28 -19 -14 -25 -15 -12 -17 -22 -24
right_child=1 7 3 5 6 10 9 -9 -10 -11 26 -13 13 25 15 27 -18 22 -20 -21 21 -23 29 24 -26 -27 -28 -29 -30 -31
leaf_value=-0.014109150864199864 -0.00039128379280458579 0.0072918699163489467 0.012676470952472419 -0.016955654273873143 -0.012241599703610287 -0.0070627044958085257 -0.019955411881085176 -0.0012761964771379137 -0.030694753115429803 -0.0092576461686440115 -0.03686365167828521 0.025180125296799163 0.0073629869726571737 0.0027047863611898717 0.0200354646617158 0.036521927479257747 -0.0095944147655279387 0.020572488412930388 -0.011976442885489505 -0.0095366274362238199 -0.026359960747384576 0.021736161911810201 -0.017146490525514209 -0.025459966519678134 0.03181687554751389 -0.010827253470170939 0.0068889353429014977 0.016216823284962902 0.0032072228907388759 -0.0011211088907958511
leaf_weight=461.51641852036119 9812.0386103596538 8393.728739105165 599.71427711471915 751.15372620522976 123.58890944160521 785.95975107792765 1889.1036427384242 2446.199212600477 131.07607226073742 2892.8990782191977 54.620378948748112 251.44733114913106 1287.6702537816018 2241.6940035521984 498.05894297361374 373.03173256851733 502.39763772673905 229.48317008465528 3260.5688808364794 1946.7507562786341 119.42988667823374 362.95108245871961 399.35516722220927 243.51803309284151 61.585583120584488 761.29673530906439 4080.6228151079267 688.29398741945624 2163.6229299362749 8938.0405494701117
leaf_count=4577 68576 32226 4023 7125 1471 5937 35447 17208 1231 31076 458 1451 6572 13523 2132 1440 3780 946 48422 13806 1188 2282 2245 1944 178 4743 20074 2744 15266 48126
internal_value=0 0.00100281 -0.000681604 -0.00387153 -0.00904303 0.00137691 -0.0115688 0.00535835 0.00151457 -0.0134837 0.00417513 0.0128482 0.00177092 0.00495762 0.00962771 0.0145236 0.00515628 -0.00361228 -0.00630762 -0.00265059 0.00166326 0.00441429 -0.00126969 0.00329023 -0.0138986 -0.00072576 0.00631103 0.0233536 0.00166052 -0.00180651
internal_weight=0 38869.7 28029.8 11429.1 5756.75 5672.36 5157.04 10839.9 16600.7 4782 4921.2 375.036 16469.6 6657.55 3654.56 2061.78 1000.46 17881.7 8314.84 5054.27 3107.52 2646 9566.88 1592.77 305.104 3002.99 4135.24 1061.33 2283.05 9337.4
internal_count=400217 263359 213925 107062 73468 33594 69445 49434 106863 66523 26469 2922 105632 37056 18790 10096 5912 136858 85541 37119 23313 18736 51317 8694 2122 18266 20532 4184 16454 50371
is_linear=0
shrinkage=0.05


Tree=242
num_leaves=31
num_cat=0
split_feature=215 232 223 160 28 229 18 229 151 227 232 232 225 229 42 128 228 231 226 226 226 226 186 16 28 231 234 234 234 152
split_gain=34.7353 27.3814 27.8652 27.5153 31.0439 30.7247 45.5993 36.9309 35.2519 43.5804 39.9559 47.0496 44.7627 41.5112 32.0916 31.3043 41.1867 55.3082 49.7864 42.0193 34.7905 51.8556 35.9386 52.8067 35.1785 35.7752 32.6953 50.0707 36.0217 36.3807
threshold=-4.1832726001739493 -2.8103680610656734 1.0000000180025095e-35 1.8195211291313174 0.07693148031830789 0.70228666067123424 0.36663550138473516 0.86389207839965831 3.5772862434387211 0.15019556134939197 -1.5697993636131284 -1.2169907093048093 0.018838569521903995 0.83567479252815258 0.43656459450721746 -0.0023899622028693552 76.667705535888686 1.7051149606704714 -0.00035978603409603233 0.11012326180934907 0.050057210028171546 0.042183695361018188 0.81845000386238109 0.031868800520896919 0.27123330533504492 1.7805396914482119 -0.010293399915099142 -0.004272214835509657 -0.011504785157740114 -0.084622107446193681
decision_type=2 2 2 2 2 2 2 2 2 2 2 2 2 2 2 2 2 2 2 2 2 2 2 2 2 2 2 2 2 2
left_child=-1 2 -2 -3 -5 6 -6 8 9 -7 13 -12 -13 -10 -9 16 17 18 -16 -18 21 24 23 -22 25 -19 28 -28 29 -27
right_child=1 3 -4 4 5 7 -8 14 10 -11 11 12 -14 -15 15 -17 19 20 -20 -21 22 -23 -24 -25 -26 26 27 -29 -30 -31
leaf_value=-0.015306959505611277 0.036282798874329406 -0.0080903121996340095 -0.012028035811336848 0.0042838238623769198 0.009355770394652128 0.0013062278640506985 -0.0043203318926205115 -0.0046151046935849196 -0.0011604429576401981 0.025766674023402658 -0.013612028667187831 -0.0015080137950517032 -0.010332718921333963 0.011722251101687755 -0.0068653385948488858 -0.00013717332249764402 -0.0014860811939722757 0.016930452811528104 0.0038414208780248394 -0.023661853388414332 0.015740153480718215 -0.013359519313544309 0.020354935287558776 0.0017385904510681307 -0.0010783863772463578 0.013812247079724161 -0.01059286779377356 0.0036933209305776184 0.024682256711277967 0.0035692806942122057
leaf_weight=352.03907190263271 31.34126853197813 917.55099965259433 626.40455373749137 5380.4888984654099 2081.9606091976166 721.85242268815637 861.79196890443563 2587.3913243412971 1902.6175257526338 243.53068414330482 1050.4796207137406 11461.542278235778 1642.9854815453291 931.42087630182505 2340.3979295045137 25171.663284283131 2543.2676421329379 611.24794625863433 2025.3789263516665 233.20208351686597 1033.9236750006676 453.88707968965173 567.47842383012176 1931.2393005564809 2852.3449500352144 1186.7375974208117 717.98803072050214 4207.405366525054 284.66527268663049 3216.3171801790595
leaf_count=1560 168 13184 4753 44190 8585 3920 2725 12530 11235 933 6931 51558 7345 3219 13419 117703 11228 2489 8844 1613 4166 2029 1956 6859 9913 4449 4351 20790 1014 16558
internal_value=0 0.000433441 -0.00972605 0.000517856 0.000618803 0.000348163 0.00535205 0.000137487 -0.00181746 0.0074767 -0.00234559 -0.00343058 -0.00261441 0.00307352 0.000812947 0.00109738 0.00238121 0.00312361 -0.00189824 -0.00334868 0.00440849 0.00325488 0.00882703 0.0066208 0.00383156 0.00520131 0.00445552 0.00161078 0.00744448 0.00633003
internal_weight=0 79818.5 657.746 79160.8 78243.2 72862.7 2943.75 69919 17954.4 965.383 16989 14155 13104.5 2834.04 51964.5 49377.1 24205.5 21429 4365.78 2776.47 17063.2 13530.6 3532.64 2965.16 13076.7 10224.4 9613.11 4925.39 4687.72 4403.05
internal_count=400217 398657 4921 393736 380552 336362 11310 325052 85141 4853 80288 65834 58903 14454 239911 227381 109678 96837 22263 12841 74574 61593 12981 11025 59564 49651 47162 25141 22021 21007
is_linear=0
shrinkage=0.05


Tree=243
num_leaves=31
num_cat=0
split_feature=41 124 118 25 3 151 229 230 233 3 226 233 231 234 159 228 231 228 167 228 35 3 228 143 228 135 225 126 188 233
split_gain=63.3463 64.5306 66.1998 50.9905 46.9955 43.7111 33.5441 52.6915 44.6674 52.1277 45.8159 59.0945 55.4512 41.4815 39.4457 38.3263 39.8733 35.7802 34.6999 31.6211 39.0418 33.5179 29.0039 28.6369 28.3074 27.9435 28.1095 26.7067 29.2292 25.8518
threshold=1.0000000180025095e-35 0.016807639971375469 1.0000000180025095e-35 10.768170833587648 6845901.5000000009 23.159238815307621 1.0211160778999331 9.5000000000000018 -0.01175938034430146 826143.12500000012 -0.019264595583081242 -0.023357733152806755 0.88830339908599865 0.014197493903338911 13844.194824218752 34.844081878662116 1.3103861808776858 92.60852432250978 3.8996499776840214 56.234554290771491 -54.912307739257805 178267.46875000003 34.321783065795906 15.699650287628176 54.130468368530281 10.500000000000002 -0.0033749102149158712 0.027352838777005676 0.52349999547004711 -0.0055104533676058045
decision_type=2 2 2 2 2 2 2 2 2 2 2 2 2 2 2 2 2 2 2 2 2 2 2 2 2 2 2 2 2 2
left_child=-1 2 3 -2 5 6 7 8 9 10 25 12 -12 -13 29 -9 24 -8 -14 20 -18 -21 -16 -23 -17 26 -5 28 -3 -10
right_child=1 27 -4 4 -6 -7 17 15 14 -11 11 13 18 -15 22 16 19 -19 -20 21 -22 23 -24 -25 -26 -27 -28 -29 -30 -31
leaf_value=-0.035943480539827849 0.0058299569542368439 -0.0033239791397034085 -0.010868571225196386 -0.0025384022658256739 0.0075880616991171705 -0.0018242633116918221 0.0030086801373487154 -0.03901710819630793 0.0097790693313101109 0.0046649290950106755 0.012316146646544554 -0.023774886740705353 -0.00096605422512055679 0.0098674775171392736 -0.010583548917767426 -0.032917067353281385 -0.010407681669861541 -0.015502604480660313 -0.01834892677683719 -0.054817195205508401 0.0033256973607851703 -0.016639744759767167 0.00056693308164806292 -0.0018193890765290908 -0.008093818750089651 -0.0063739266740489263 0.005627156249554871 -0.0091176301721928917 0.00036666617880178932 0.0032878306871317537
leaf_weight=123.03631613403559 4826.3472215682268 13872.032173104584 1222.9026252441108 2335.650012768805 2272.4907125458121 18099.983385175467 18099.462211377919 79.881778441369534 1881.140997286886 2643.4697925522923 413.42179510742426 756.68306788057089 619.34629724919796 104.25031659752131 679.89712676405907 187.80573921650648 664.32416354864836 264.86168016865849 535.17056869715452 38.441273353993893 2341.5963683724403 527.56229517608881 4100.069704964757 852.90455048531294 295.63695078715682 1740.3592137470841 1920.633652061224 1357.3104825392365 8747.8994662985206 8307.4599239230156
leaf_count=603 19112 46529 5998 8250 13035 66301 81676 503 8882 12267 1662 2521 2253 435 2617 1044 2629 1218 1801 122 8753 2866 18178 2919 1237 6339 7433 5657 30066 36674
internal_value=0 -4.45518e-05 0.000670509 0.000859695 0.00051584 0.000277707 0.00104802 4.55157e-05 0.000947397 -0.00146085 -0.00338279 -0.00917617 -0.00339705 -0.0197011 0.00272826 -0.0046622 -0.00410307 0.0027417 -0.0090238 -0.00261347 0.000290549 -0.00876555 -0.0010191 -0.00748317 -0.017737 -0.00103625 0.00114628 -0.00230545 -0.00189668 0.00448632
internal_weight=0 99789 75811.8 74588.9 69762.5 67490 49390 31025.7 26037.6 11069 8425.51 2428.87 1567.94 860.933 14968.6 4988.15 4908.27 18364.3 1154.52 4424.83 3005.92 1418.91 4779.97 1380.47 483.443 5996.64 4256.28 23977.2 22619.9 10188.6
internal_count=399580 398977 316725 310727 291615 278580 212279 129385 109312 42961 30694 8672 5716 2956 66351 20073 19570 82894 4054 17289 11382 5907 20795 5785 2281 22022 15683 82252 76595 45556
is_linear=0
shrinkage=0.05


Tree=244
num_leaves=31
num_cat=0
split_feature=42 6 233 229 230 227 149 229 226 226 231 136 234 234 234 226 233 234 230 225 225 225 229 229 229 225 233 229 230 225
split_gain=87.6867 87.2417 100.012 81.7168 71.3121 64.7498 61.8581 63.6181 87.4597 111.021 75.5114 71.6182 67.2902 87.918 150.553 80.6995 63.718 132.449 75.6321 73.5852 76.8169 72.6636 66.727 84.7458 90.5085 70.5337 67.7487 71.5115 97.3282 68.1249
threshold=4.0247340202331552 1.9771500229835512 -0.01175938034430146 1.006424129009247 9.5000000000000018 0.22535404562950137 89.285713195800795 1.2639697194099428 0.17813075333833697 0.092050734907388701 5.7081601619720468 -5.4999999999999991 0.053421318531036384 0.041396148502826698 0.040786409750580795 0.06591398268938066 0.028944216668605808 0.029375702142715458 5.5000000000000009 0.01957789529114962 0.027380791492760185 0.02657396346330643 0.73127868771553051 0.82786986231803905 0.93156248331069957 0.00019058540055993947 -0.036969205364584916 0.94926679134368908 5.5000000000000009 0.0057607702910900125
decision_type=2 2 2 2 2 2 2 2 2 2 2 2 2 2 2 2 2 2 2 2 2 2 2 2 2 2 2 2 2 2
left_child=1 2 3 4 -1 -4 7 8 9 12 -9 -10 13 14 16 -14 17 22 -18 -20 21 -21 -3 -24 25 -25 -26 -28 -29 -30
right_child=-2 6 5 -5 -6 -7 -8 10 11 -11 -12 -13 15 -15 -16 -17 18 -19 19 20 -22 -23 23 24 26 -27 27 28 29 -31
leaf_value=0.0014517889001186073 0.01242853763278429 -0.010491131549880817 -0.0088898517624697946 -0.0075429532655830918 0.019138205639994743 0.0061510378692476537 -0.003986462103128554 -0.010514081668364466 -0.015596171615698507 0.017956219682089877 0.0034056418507351508 0.021633322440960345 0.0025892323253119435 -0.011912789292104571 0.053318001119768213 0.031641643530183526 0.0023814437657305458 0.023140823352081303 -0.015411170373910613 0.00091467061934368736 -0.023496495595402202 0.037553383265713267 0.010117080398262372 0.0013806162805863416 0.0133450403536516 -0.010525899541554039 0.015502260347063548 -0.0082317699478162403 0.0018305264909209348 0.021655281179375544
leaf_weight=5105.5311937145889 1284.2410019338131 925.78127986006439 7890.6922069601715 2409.8520705197006 641.54876642674208 786.89253023825586 6342.4133583018556 2257.7828401429579 1045.5245036687702 1162.07118200697 1713.8876268258318 147.38864680379629 557.98032928444445 1139.7937431503087 143.74936784431338 418.15553724393249 3461.3254396347329 819.71898305229843 1621.1088087623939 542.16098983027041 223.24794609844685 180.33692052587867 3553.4298335965723 2876.8826728183776 1804.181862315163 2191.2627510335296 843.38176475465298 2098.3748557940125 1838.8534203115851 566.9475703574717
leaf_count=35569 4687 6611 97947 18389 4154 4067 42362 18606 6103 4200 8617 664 2158 8615 670 1441 24347 2860 15764 3112 1600 676 17974 15791 7978 14038 3374 14490 10314 2402
internal_value=0 -0.000787397 -0.00378948 0.000185467 0.00342613 -0.00752593 0.000526121 0.00141681 0.00225229 0.00283832 -0.00450733 -0.0109963 0.00215756 0.00165134 0.00230393 0.0150347 0.0019925 0.00351822 -0.00244147 -0.00894502 0.00213865 0.0100598 0.00255499 0.00332071 0.00134438 -0.00376728 0.00496681 0.00214013 -0.000361855 0.0065024
internal_weight=0 55310.3 16834.5 8156.93 5747.08 8677.58 38475.7 32133.3 28161.7 26968.7 3971.67 1192.91 25806.7 24830.5 23690.7 976.136 23547 17518.8 6028.18 2566.85 945.746 722.498 16699.1 15773.3 12219.9 5068.15 7151.74 5347.56 4504.18 2405.8
internal_count=399580 394893 160126 58112 39723 102014 234767 192405 165182 158415 27223 6767 154215 150616 142001 3599 141331 95832 45499 21152 5388 3788 92972 86361 68387 29829 38558 30580 27206 12716
is_linear=0
shrinkage=0.05


Tree=245
num_leaves=31
num_cat=0
split_feature=158 28 3 229 230 224 129 42 3 231 129 3 234 234 232 228 161 157 233 234 6 151 226 225 227 31 228 167 13 30
split_gain=31.1361 26.6707 31.0604 29.6431 30.6417 35.5768 26.5452 28.0682 22.9122 22.7035 23.2412 21.5274 21.1707 32.0568 33.7884 41.1756 33.7145 31.2012 28.0227 34.3059 25.7699 24.8924 22.5619 24.814 30.4527 26.0254 30.7409 22.2377 21.1389 20.9945
threshold=-154703.24218749997 0.15561202168464663 143799.45312500003 1.8537479043006899 10.500000000000002 2.5000000000000004 0.99883177876472484 4.4952671527862558 7790470.2500000009 1.7051149606704714 -0.83778682351112355 630722.12500000012 0.015965082682669166 -0.010293399915099142 0.84895637631416332 73.609329223632827 91.388042449951186 0.93740385770797741 0.18833234906196597 0.016835096292197708 2.3372499942779545 4.6891937255859384 -0.0097577082924544794 0.023360386490821842 0.19604091346263888 -0.047491094097495072 52.230161666870124 4.3208498954772958 -0.052062639966607087 -0.025740688666701313
decision_type=2 2 2 2 2 2 2 2 2 2 2 2 2 2 2 2 2 2 2 2 2 2 2 2 2 2 2 2 2 2
left_child=1 3 -3 4 -1 -6 7 8 -2 -7 -11 -12 13 16 28 17 20 -16 19 21 -4 -14 -21 24 25 26 -24 -25 -15 -20
right_child=6 2 12 -5 5 9 -8 -9 -10 10 11 -13 18 14 15 -17 -18 -19 29 22 -22 -23 23 27 -26 -27 -28 -29 -30 -31
leaf_value=0.001565417529402963 -0.00081969796868397438 0.012019114029649725 -0.00043785943955377594 0.022543593207200181 -0.0070633417338148499 0.0020607132976134175 0.0053232396397397573 -0.018490914655982498 -0.010375378847446633 0.027420144370275776 0.0042443971107344707 0.015170709130600353 -0.016840151667463301 -0.011131764735906982 -0.00094578646554226815 -0.013032634698147189 -0.0037175207945160634 0.0097193212366772502 0.021133182336527563 0.011269556628286654 0.0057905733743992445 0.019777608242823513 0.021342479692149745 0.019337076982349204 -0.012484461161447163 -0.00058211075670536259 -0.0033231898003563071 0.0038291205873710495 -0.003876640823922535 -0.0085757923028443976
leaf_weight=17708.130937613547 27379.58373378031 548.14319011569023 3095.4107374586165 184.05232806876302 405.23689414933324 881.30888119898736 1660.2808162458241 232.29268716648221 642.02297802083194 210.12409860268235 878.72733827680349 925.70138723775744 52.159070789813995 1365.8383982237428 2008.4697358459234 481.85974539071321 2699.6847829334438 1041.3255238682032 63.9001789316535 602.86471465229988 3583.0699796564877 421.16935929656029 306.48204684257507 257.98820640519261 487.96751424670219 4831.4522466287017 214.88731609284878 2223.2787952423096 3789.7890996187925 857.01828007400036
leaf_count=112091 135146 2178 14457 1714 2599 5774 7540 1017 5474 954 4183 5447 171 7331 7593 1944 12126 3272 310 1808 14066 1348 922 1057 2869 16994 746 7840 16450 4159
internal_value=0 0.00121732 0.000230224 0.00256489 0.00238987 0.00681247 -0.000821064 -0.00118212 -0.00103863 0.00875421 0.0116824 0.00984977 2.56586e-06 -0.00102947 -0.00321785 0.00054974 0.000997694 0.00269572 0.00180932 0.00262494 0.00290376 0.0157425 0.00192926 0.00125263 -0.000526894 0.000563168 0.0111763 0.00544155 -0.00579868 -0.00651436
internal_weight=0 50126 28932.8 21193.3 21009.2 3301.1 29914.2 28253.9 28021.6 2895.86 2014.55 1804.43 28384.6 18065.4 8687.28 3531.66 9378.17 3049.8 10319.2 9398.25 6678.48 473.328 8924.92 8322.06 5840.79 5352.82 521.369 2481.27 5155.63 920.918
internal_count=399580 250403 117641 132762 131048 18957 149177 141637 140620 16358 10584 9630 115463 77239 36590 12809 40649 10865 38224 33755 28523 1519 32236 30428 21531 18662 1668 8897 23781 4469
is_linear=0
shrinkage=0.05


end of trees

feature_importances:
mkt_ret_60d=671
mkt_ret_5d=585
mkt_rsi14=561
cyb_rel_strength=517
hs300_ret60_z60=504
zz500_rel_strength=496
mkt_ret_20d=465
regime_days_in=365
mkt_vol_ratio=354
atr_pct=350
regime_intensity=276
ma_ratio_120=117
market_score_adj=113
total_mv=106
regime_id=99
ma_ratio_60=89
k_klen=82
natr_14=78
amplitude=73
pb=72
ma_ratio_10=64
tail_risk_5d=59
limit_up=45
channel_pos_60=44
sump_20=42
kama_dist=41
amount_ratio_20=38
k_kup=38
ma_ratio_20=36
pe=31
ma20_ma60=30
k_klow=29
pe_ttm=28
kdj_d=28
rsi_24=26
boll_width=26
wr_14=25
vol_ratio_20=25
rsi_14=24
qtlu_20=24
ma_ratio_5=23
cci_14=23
kdj_k=22
ad=22
amount_log=22
macd=21
amount_zscore_60d=21
rsv_20=18
kama_20=18
aroon_dn=16
stochrsi_d=16
amount_1d=15
ma5_ma20=14
kdj_j=14
pyr_60d=14
limit_consec=13
k_kmid=12
cmo_14=12
stochrsi_k=12
amount_5d_avg=12
range_compression=12
macd_hist=11
bias_10=11
roc_10=10
lr_slope_60=10
gap_down=10
k_kmid2=10
qtld_20=10
macd_signal=9
sumd_20=9
aroon_osc=9
apo=9
adosc=9
bias_20=8
lr_r2_60=8
k_ksft2=8
aroon_up=8
rsi_6=7
kyle_lambda_20d=7
pyr_5d=7
pyr_10d=7
industry_id=7
bias_5=6
trix=6
k_kup2=6
imax_20=6
cord_ret_vol_20=6
sumn_20=6
mfk_main_acc_ratio_60d=6
mfi_14=5
lr_slope_20=5
k_ksft=5
imin_20=5
vstd_20=5
pyr_velocity_5_30=5
mfk_inst_acc_velocity=5
roc_20=4
obv=4
cntn_20=4
amihud_illiq_5d=4
price_impact_asym=4
f1_neg8=4
mfk_main_macd_zero_dist=4
boll_pct=3
obv_diff_20=3
gap_up=3
corr_close_vol_20=3
ppo=3
upward_impact_per_amount=3
pyr_20d=3
mfk_pyramid_top_heavy=3
mf_strength=2
vol_price_match=2
k_klow2=2
imxd_20=2
cntp_20=2
amount_20d_avg=2
mid_net_5d=2
lg_net_20d=2
range_per_amount_5d=2
pyr_acc_5_20=2
pyr_velocity_5_60=2
pyr_velocity_20_60=2
f2_pos8=2
mfk_main_macd_hist=2
mfk_smart_dumb_spread=2
mf_divergence=1
rank_20=1
cntd_20=1
wvma_20=1
bop=1
sm_net_5d=1
drawdown_recovery=1
pyr_velocity_10_60=1
pyr_velocity_10_30=1

parameters:
[boosting: gbdt]
[objective: multiclass]
[metric: multi_logloss]
[tree_learner: serial]
[device_type: cpu]
[data_sample_strategy: bagging]
[data: ]
[valid: ]
[num_iterations: 300]
[learning_rate: 0.05]
[num_leaves: 31]
[num_threads: 0]
[seed: 20260606]
[deterministic: 0]
[force_col_wise: 0]
[force_row_wise: 0]
[histogram_pool_size: -1]
[max_depth: -1]
[min_data_in_leaf: 80]
[min_sum_hessian_in_leaf: 0.001]
[bagging_fraction: 0.8]
[pos_bagging_fraction: 1]
[neg_bagging_fraction: 1]
[bagging_freq: 1]
[bagging_seed: 20709]
[feature_fraction: 0.8]
[feature_fraction_bynode: 1]
[feature_fraction_seed: 9351]
[extra_trees: 0]
[extra_seed: 19915]
[early_stopping_round: 0]
[early_stopping_min_delta: 0]
[first_metric_only: 0]
[max_delta_step: 0]
[lambda_l1: 0]
[lambda_l2: 0]
[linear_lambda: 0]
[min_gain_to_split: 0]
[drop_rate: 0.1]
[max_drop: 50]
[skip_drop: 0.5]
[xgboost_dart_mode: 0]
[uniform_drop: 0]
[drop_seed: 16766]
[top_rate: 0.2]
[other_rate: 0.1]
[min_data_per_group: 100]
[max_cat_threshold: 32]
[cat_l2: 10]
[cat_smooth: 10]
[max_cat_to_onehot: 4]
[top_k: 20]
[monotone_constraints: ]
[monotone_constraints_method: basic]
[monotone_penalty: 0]
[feature_contri: ]
[forcedsplits_filename: ]
[refit_decay_rate: 0.9]
[cegb_tradeoff: 1]
[cegb_penalty_split: 0]
[cegb_penalty_feature_lazy: ]
[cegb_penalty_feature_coupled: ]
[path_smooth: 0]
[interaction_constraints: ]
[verbosity: -1]
[saved_feature_importance_type: 0]
[use_quantized_grad: 0]
[num_grad_quant_bins: 4]
[quant_train_renew_leaf: 0]
[stochastic_rounding: 1]
[linear_tree: 0]
[max_bin: 255]
[max_bin_by_feature: ]
[min_data_in_bin: 3]
[bin_construct_sample_cnt: 200000]
[data_random_seed: 4060]
[is_enable_sparse: 1]
[enable_bundle: 1]
[use_missing: 1]
[zero_as_missing: 0]
[feature_pre_filter: 1]
[pre_partition: 0]
[two_round: 0]
[header: 0]
[label_column: ]
[weight_column: ]
[group_column: ]
[ignore_column: ]
[categorical_feature: ]
[forcedbins_filename: ]
[precise_float_parser: 0]
[parser_config_file: ]
[objective_seed: 11546]
[num_class: 3]
[is_unbalance: 0]
[scale_pos_weight: 1]
[sigmoid: 1]
[boost_from_average: 1]
[reg_sqrt: 0]
[alpha: 0.9]
[fair_c: 1]
[poisson_max_delta_step: 0.7]
[tweedie_variance_power: 1.5]
[lambdarank_truncation_level: 30]
[lambdarank_norm: 1]
[label_gain: ]
[lambdarank_position_bias_regularization: 0]
[eval_at: ]
[multi_error_top_k: 1]
[auc_mu_weights: ]
[num_machines: 1]
[local_listen_port: 12400]
[time_out: 120]
[machine_list_filename: ]
[machines: ]
[gpu_platform_id: -1]
[gpu_device_id: -1]
[gpu_use_dp: 0]
[num_gpu: 1]

end of parameters

pandas_categorical:[]
