{
  "best_iter": 138,
  "auc": 0.6804119100295075,
  "base_rate": 0.3579985652797704,
  "n_train": 2755104,
  "n_test": 920040
}