{
  "best_iter": 482,
  "auc": 0.6773693102246683,
  "base_rate": 0.2786376901380896,
  "n_train": 1500000,
  "n_test": 920055,
  "n_features": 220,
  "version": "v6",
  "mfk_importance_pct": 0.43700940709672204,
  "anchor_p5": 0.04500313421543842,
  "anchor_p50": 0.4346666081852922,
  "anchor_p95": 0.8744819651140626
}