{
  "best_iter": 7,
  "ic": 0.0725665324611328,
  "rank_ic": 0.08868204191764939,
  "rank_ic_ir": 0.48911883101090176,
  "n_train": 2755104,
  "n_test": 920040,
  "n_features": 203
}