tree
version=v4
num_class=3
num_tree_per_iteration=3
label_index=0
max_feature_idx=246
objective=multiclass num_class:3
feature_names=adx winner_rate holder_pct total_mv pe pe_ttm pb market_score_adj mf_divergence mf_strength mf_consecutive ma_ratio_5 ma_ratio_10 ma_ratio_20 ma_ratio_60 ma_ratio_120 ma5_ma20 ma20_ma60 macd macd_signal macd_hist rsi_6 rsi_14 rsi_24 kdj_k kdj_d kdj_j boll_pct boll_width atr_pct bias_5 bias_10 bias_20 roc_10 roc_20 cci_14 wr_14 mfi_14 trix vol_ratio_5 vol_ratio_20 amplitude amount_ratio_20 vol_price_match obv obv_diff_20 cdl2crows cdl3blackcrows cdl3inside cdl3linestrike cdl3outside cdl3starsinsouth cdl3whitesoldiers cdlabandonedbaby cdladvanceblock cdlbelthold cdlbreakaway cdlclosingmarubozu cdlconcealbabyswall cdlcounterattack cdldarkcloudcover cdldoji cdldojistar cdldragonflydoji cdlengulfing cdleveningdojistar cdleveningstar cdlgapsidesidewhite cdlgravestonedoji cdlhammer cdlhangingman cdlharami cdlharamicross cdlhighwave cdlhikkake cdlhikkakemod cdlhomingpigeon cdlidentical3crows cdlinneck cdlinvertedhammer cdlkicking cdlkickingbylength cdlladderbottom cdllongleggeddoji cdllongline cdlmarubozu cdlmatchinglow cdlmathold cdlmorningdojistar cdlmorningstar cdlonneck cdlpiercing cdlrickshawman cdlrisefall3methods cdlseparatinglines cdlshootingstar cdlshortline cdlspinningtop cdlstalledpattern cdlsticksandwich cdltakuri cdltasukigap cdlthrusting cdltristar cdlunique3river cdlupsidegap2crows cdlxsidegap3methods lr_slope_20 lr_slope_60 lr_angle_20 channel_pos_60 lr_r2_60 break_high_20 break_high_60 break_low_20 gap_up gap_down limit_up limit_consec volume_spike_up volume_spike_dn k_kmid k_klen k_kmid2 k_kup k_kup2 k_klow k_klow2 k_ksft k_ksft2 qtlu_20 qtld_20 rank_20 rsv_20 imax_20 imin_20 imxd_20 corr_close_vol_20 cord_ret_vol_20 cntp_20 cntn_20 cntd_20 sump_20 sumn_20 sumd_20 vma_20 vstd_20 wvma_20 aroon_up aroon_dn aroon_osc kama_20 kama_dist sar_signal cmo_14 bop ppo apo ad adosc natr_14 stochrsi_k stochrsi_d ht_trendmode amount_1d amount_5d_avg amount_20d_avg amount_log amount_zscore_60d amount_breakout sm_net_5d mid_net_5d lg_net_5d elg_net_5d main_net_5d lg_net_20d elg_net_20d main_net_20d main_consec_in main_consec_out dispersion_5d elg_ratio_5d buy_sell_imb_5d upward_impact_per_amount range_per_amount_5d amihud_illiq_5d kyle_lambda_20d tail_risk_5d range_compression drawdown_recovery price_impact_asym pyr_5d pyr_10d pyr_20d pyr_60d pyr_acc_5_20 pyr_velocity_10_60 pyr_velocity_5_60 pyr_velocity_10_30 pyr_velocity_20_60 pyr_velocity_5_30 f1_neg1 f2_pos1 f1_neg5 f2_pos5 f1_neg8 f2_pos8 mfk_main_ma5 mfk_main_ma20 mfk_main_ma_diff mfk_main_cross_state mfk_main_days_in_cross mfk_main_cross_strength mfk_main_macd mfk_main_macd_hist mfk_main_macd_zero_dist mfk_smart_dumb_spread mfk_pyramid_top_heavy mfk_inst_acc_velocity mfk_main_price_sync_20d mfk_main_lead_5d mfk_main_velocity_5d mfk_main_consec_above_ma20 mfk_main_acc_ratio_60d regime_id mkt_ret_5d mkt_ret_20d mkt_ret_60d mkt_rsi14 mkt_vol_ratio regime_days_in regime_intensity hs300_ret60_z60 cyb_rel_strength zz500_rel_strength long_return_252d long_return_504d long_return_252d_decile long_return_504d_decile industry_return_252d industry_return_504d industry_return_504d_decile relative_strength_252d relative_strength_504d rs_in_decile concept_return_504d_mean industry_id
feature_infos=[-8:10] [-10:12] [-6:8] [41837.80859375:279778912] [0:12552.0087890625] [0:482542.84375] [0:2902.784423828125] [-5:2] [-12:8] [-10:10] [0:5] [-0.56090390682220459:0.52213865518569946] [-0.62630379199981689:0.93192660808563232] [-0.64742189645767212:1.6686291694641113] [-0.68623799085617065:4.4757394790649414] [-0.70568948984146118:6.6398715972900391] [-0.34481802582740784:1.2383393049240112] [-0.61978781223297119:1.4397989511489868] [-57.263980865478516:213.613525390625] [-51.035484313964844:173.92161560058594] [-20.72996711730957:52.760528564453125] [0:99.911827087402344] [0:98.814094543457031] [0:97.676734924316406] [-9.2370555648813024e-14:100] [-4.0461459459599156e-15:100] [-55.979568481445312:163.03030395507812] [-0.57897853851318359:1.58698570728302] [0:3.1142055988311768] [0:0.58009141683578491] [-0.56090390682220459:0.52213865518569946] [-0.62630379199981689:0.93192660808563232] [-0.64742189645767212:1.6686291694641113] [-66.517059326171875:393.24578857421875] [-70.501655578613281:1111.4473876953125] [-466.66665649414062:466.66665649414062] [-100:0] [-4.101335156908581e-13:100] [-3.6278765201568604:13.450927734375] [0:4.9713168144226074] [0:10.468832015991211] [0:5.190058708190918] [0:12.613114356994629] [1:4] [-63149900:379855072] [-152239136:153696064] [-100:0] none [-100:100] [-100:100] [-100:100] none [0:100] none [-100:0] [-100:100] none [-100:100] none [-100:100] [-100:0] [0:100] [-100:100] [0:100] [-100:100] [-100:0] [-100:0] [-100:100] [0:100] [0:100] [-100:0] [-100:100] [-100:100] [-100:100] [-200:200] [-200:200] [0:100] [-100:0] [-100:0] [0:100] none none [0:100] [0:100] [-100:100] [-100:100] [0:100] none [0:100] [0:100] [-100:0] [0:100] [0:100] [-100:100] [-100:100] [-100:0] [-100:100] [-100:100] [-100:0] [0:100] [0:100] [-100:100] [-100:0] [-100:100] [0:100] none [-100:100] [-16.670526504516602:49.626766204833984] [-5.7689261436462402:18.066555023193359] [-86.567161560058594:88.845619201660156] [0:1] [-93.758209228515625:0.9672209620475769] [0:1] [0:1] [0:1] [0:1] [0:1] [0:1] [0:14] [0:1] [0:1] [-0.49431818723678589:0.69606059789657593] [0:1.7444717884063721] [-1:1] [0:1.0663390159606934] [0:1] [0:0.3002878725528717] [0:1] [-0.51841908693313599:0.37928572297096252] [-1:1] [-0.53326016664505005:2.1019871234893799] [-0.90194416046142578:1.9685924053192139] [0:1] [0:1] [0:19] [0:19] [-19:19] [-0.93386578559875488:0.99755913019180298] [-0.96286129951477051:0.98013383150100708] [0:20] [0:19] [-18:20] [0:1090.0672607421875] [0:117.61630249023438] [-106.78929901123047:1010.1873168945312] [0:19828756] [0:12944919] [0:24863738] [0:100] [0:100] [-100:100] [0:1578.730712890625] [-1.1050747632980347:0.43642312288284302] [-1:1] [-98.128318786621094:97.628189086914062] [-1:1] [-34.522617340087891:80.689826965332031] [-100.99788665771484:279.188720703125] [-185669904:228875264] [-20654540:31949672] [0:58.009140014648438] [0:100] [-2.5105842426688396e-13:100] [0:1] [0:64166.30859375] [0:49777.87109375] [0:34932.890625] [0:11.069199562072754] [-2.2925000190734863:7.5053000450134277] [0:1] [-2.9596652984619141:11.678494453430176] [-2.417841911315918:9.927332878112793] [-3.4126486778259277:1.7357616424560547] [-21.292606353759766:3.6017382144927979] [-21.605827331542969:3.7652609348297119] [-7.3456234931945801:4.198758602142334] [-26.763628005981445:5.4487895965576172] [-28.913778305053711:4.8735098838806152] [0:23] [0:33] [-2:2] [-2:3] [-1.8239152268506587e-05:0.00011864445696119219] [0:0.00064699997892603278] [0:0.0010550000006332994] [0:0.00033283000811934471] [-0.71799999475479126:0.99199998378753662] [-58.727001190185547:0] [0:6.6020002365112305] [0:18.968000411987305] [-0.00017899999511428177:0.00028499998734332621] [0:20.622447967529297] [0:17.722742080688477] [0:13.791492462158203] [0:3.7115707397460938] [0:9.1493549346923828] [-0.59401983022689819:16.821254730224609] [-0.64603811502456665:19.72096061706543] [-0.5795251727104187:15.630397796630859] [-0.54915314912796021:10.079921722412109] [-0.63057374954223633:18.53010368347168] [-7.4371581077575684:0.57787632942199707] [-5.2098541259765625:16.832902908325195] [-5.3717436790466309:0.31230160593986511] [-5.2098541259765625:4.5337114334106445] [-5.3717436790466309:0.23737439513206482] [-4.5501246452331543:3.1188757419586182] [-4.3211655616760254:0.75305217504501343] [-1.4456889629364014:0.24367550015449524] [-3.4610962867736816:1.5894814729690552] [-1:1] [0:42] [-126.58267211914062:116.00704193115234] [-1.1513127088546753:0.36855795979499817] [-0.83772516250610352:0.30561631917953491] [-7.5947604179382324:7.6858024597167969] [-89.205596923828125:82.750534057617188] [0:20.622447967529297] [0:3.924785852432251] [-0.99133092164993286:0.99874788522720337] [-0.86461615562438965:0.81343948841094971] [-5.279118537902832:3.595768928527832] [0:28] [0:1] [0:5] [-0.094006642699241638:0.26975291967391968] [-0.089901730418205261:0.28140386939048767] [-0.099811241030693054:0.260579913854599] [9.3693952560424805:98.029869079589844] [0.58250290155410767:3.3435266017913818] [1:17] [0.030042635276913643:28.140386581420898] [-4.1243042945861816:5.7097206115722656] [-0.092677295207977295:0.33222582936286926] [-0.057545881718397141:0.097518295049667358] none none none none none none none none none none none [0:109]
tree_sizes=3527 3448 3458 3560 3497 3539 3567 3500 3562 3560 3530 3555 3573 3544 3582 3589 3553 3570 3570 3541 3580 3584 3551 3598 3592 3543 3577 3577 3549 3579 3575 3557 3584 3593 3550 3566 3597 3559 3592 3600 3571 3577 3595 3562 3576 3579 3549 3572 3580 3566 3593 3597 3569 3584 3583 3566 3602 3602 3564 3614 3580 3585 3605 3591 3557 3609 3580 3578 3594 3588 3567 3583 3604 3574 3592 3592 3568 3584 3615 3567 3585 3583 3572 3596 3588 3553 3578 3612 3574 3600 3602 3554 3600 3581 3575 3606 3610 3564 3597 3619 3601 3607 3602 3575 3605 3600 3590 3597 3597 3571 3593 3599 3577 3596 3621 3598 3574 3600 3563 3600 3577 3571 3610 3603 3558 3586 3608 3579 3600 3587 3577 3570 3582 3577 3608

Tree=0
num_leaves=31
num_cat=0
split_feature=142 225 14 160 234 41 231 225 231 225 232 12 29 29 29 226 15 168 110 41 168 12 226 225 29 225 230 231 225 232
split_gain=16130.5 7822.32 4563.54 3732.35 1877.58 1435.05 934.507 1061.34 872.312 929.221 869.443 810.023 653.83 651.655 621.137 357.757 355.647 306.058 290.063 276.117 257.512 226.813 309.533 237.279 207.411 198.392 194.546 280.14 275.553 181.324
threshold=28.034999847412113 0.058001475408673293 0.24843808263540271 3.8163653612136845 0.034234046936035163 0.057402798905968673 0.11882765591144563 0.0065890189725905665 0.11882765591144563 0.0065890189725905665 -3.334617972373962 0.15575372427701953 0.028638388030231002 0.056095251813530929 0.053263079375028617 0.21862838417291644 0.50685077905654918 0.34755000472068792 0.8495774269104005 0.082570802420377745 0.91065001487731945 0.12036285921931268 0.20582216233015063 0.058001475408673293 0.059414347633719451 -0.072023449465632425 10.500000000000002 0.57123330235481273 0.00082499513518996548 -0.61112582683563221
decision_type=2 2 2 2 2 2 2 2 2 2 2 2 2 2 2 2 2 2 2 2 2 2 2 2 2 2 2 2 2 2
left_child=1 3 5 6 15 13 7 -1 9 -5 -10 16 19 18 17 -3 -4 26 -2 -8 29 22 23 24 -7 -16 -12 28 -28 -14
right_child=2 4 11 8 -6 21 12 -9 10 -11 14 -13 20 -15 25 -17 -18 -19 -20 -21 -22 -23 -24 -25 -26 -27 27 -29 -30 -31
leaf_value=-0.35401728822643808 -0.2510801488415117 -0.39924953087556386 -0.30163668474876715 -0.39163935699554175 -0.24697803899097004 -0.28090804058454988 -0.22195762935812097 -0.22246347856052817 -0.33465138015116919 -0.2300972038534945 -0.24191942479558345 -0.35380845420101203 -0.22744671813710426 -0.27893769533880808 -0.33096265614799286 -0.23049611191764791 -0.32947553349833136 -0.25995498632831104 -0.27308676338368065 -0.29795341413610693 -0.24792414032582569 -0.31670904770386799 -0.25295310312985825 -0.37700768943795737 -0.30038994272360814 -0.26315440518552452 -0.39651449544029183 -0.25384782064384048 -0.23561107584109117 -0.23661425843260264
leaf_weight=318.7566841840744 6762.6774373352528 979.89127263426781 3064.7884121835232 227.12711617350578 277.22486865520477 2620.6575598716736 21794.598920315504 295.39503794908524 310.19074723124504 146.39964973926544 15878.651372075081 1522.9197606742382 10116.371541291475 4781.0906889140606 109.79973730444908 32.446730881929398 1833.6296555995941 3497.7575890719891 1923.1826328337193 120.18269118666649 3017.8055458664894 825.70440748333931 548.47953882813454 81.506187975406647 2854.0144483745098 6136.5853182375431 69.565791010856628 1923.1826328337193 43.08925861120224 11553.891506284475
leaf_count=1228 26053 3775 11807 875 1068 10096 83963 1138 1195 564 61172 5867 38973 18419 423 125 7064 13475 7409 463 11626 3181 2113 314 10995 23641 268 7409 166 44511
internal_value=-0.2518 -0.240162 -0.285199 -0.238078 -0.362269 -0.273627 -0.229468 -0.290742 -0.252421 -0.328325 -0.251407 -0.321959 -0.22866 -0.264113 -0.250474 -0.393841 -0.312058 -0.246427 -0.255953 -0.222374 -0.23424 -0.292114 -0.288788 -0.292325 -0.291064 -0.264346 -0.243785 -0.258337 -0.334971 -0.232335
internal_weight=0 76848.9 26818.7 75559.4 1289.56 20397.3 47217 614.152 28342.3 373.527 27968.8 6421.34 46602.9 13467 27658.6 1012.34 4898.42 21412.2 8685.86 21914.8 24688.1 6930.36 6104.66 5556.18 5474.67 6246.39 17914.5 2035.84 112.655 21670.3
internal_count=399376 296058 103318 291090 4968 78580 181902 2366 109188 1439 107749 24738 179536 51881 106554 3900 18871 82490 33462 84426 95110 26699 23518 21405 21091 24064 69015 7843 434 83484
is_linear=0
shrinkage=1


Tree=1
num_leaves=31
num_cat=0
split_feature=15 231 225 12 232 13 29 225 234 233 233 231 229 29 224 232 233 230 225 226 225 226 230 224 233 15 29 225 229 168
split_gain=17046.6 5910.92 6009.64 5018.51 3537.78 2820.84 2798.59 1532.07 1300.24 1346.89 1025.92 2981.06 3592.8 969.454 937.214 1501.64 950.83 1904.49 1884.07 1013.87 1040.43 908.97 844.065 3803.17 757.63 731.996 548.176 519.409 516.421 461.116
threshold=0.29337967932224279 0.11882765591144563 0.0065890189725905665 0.14120173454284671 -3.334617972373962 0.21123351901769641 0.04634519666433335 0.26017209887504583 0.072101317346096053 -0.00032215450482908631 -0.013996877707540987 0.75637748837471019 0.84628197550773632 0.038904003798961646 4.5000000000000009 -2.1506615877151485 -0.0095211863517761213 10.500000000000002 -0.018226363696157929 0.0052555834408849486 0.011082766111940147 -0.030112086795270439 11.500000000000002 4.5000000000000009 0.24723561108112338 0.50685077905654918 0.023203961551189426 0.013402638956904413 1.0528085827827456 1.3715500235557558
decision_type=2 2 2 2 2 2 2 2 2 2 2 2 2 2 2 2 2 2 2 2 2 2 2 2 2 2 2 2 2 2
left_child=1 2 26 4 13 8 10 -5 9 21 11 12 -6 -3 29 27 17 19 -19 -17 -21 -2 -13 -24 -7 -11 -1 -16 -23 -8
right_child=5 3 -4 7 6 24 14 -9 -10 25 -12 22 -14 -15 15 16 -18 18 -20 20 -22 28 23 -25 -26 -27 -28 -29 -30 -31
leaf_value=-2.362787312205108 -2.4421367961653861 -2.4380331276556739 -2.5147276092022648 -2.3747235000903659 -2.2062815279427737 -2.3161081832848094 -2.4922627602309197 -2.1386161548594647 -2.2904751743348473 -2.4578481180049123 -2.5144408349254062 -2.5050597671734964 -2.4891792572348987 -2.2376386438504414 -2.3682309597600923 -2.4729373307441658 -2.4963622334369577 -2.5193134181318664 -2.0995158587925058 -2.2240458446351532 -2.4281942513218917 -2.3088505403895123 -2.5181978825664846 -2.1602216997449548 -2.1227429198707219 -2.386793395266722 -2.1431322669272763 -2.1501796136531506 -2.4130112064604612 -2.452256987142114
leaf_weight=32.147561781108379 282.00619142502546 97.701130822300911 230.06671438366175 335.89053875207901 194.02941203117371 747.05899797379971 7152.5464859604836 86.375121511518955 218.05428026616573 1485.308877594769 21743.077773340046 7042.7185168862343 266.21842087060213 157.87770554423332 64.295123562216759 1250.7804019674659 1201.9298365563154 40.842275999486446 77.337194889783859 85.80310083925724 228.92267303913832 484.27270113676786 302.82774389535189 98.273151494562626 54.341963864862919 479.46772748976946 243.90961465239525 47.47771579772234 157.76330140978098 800.94334530085325
leaf_count=281 2465 854 2011 2936 1696 6530 62520 755 1906 12983 190055 61560 2327 1380 562 10933 10506 357 676 750 2001 4233 2647 859 475 4191 2132 415 1379 7001
internal_value=-2.48663 -2.49583 -2.326 -2.49791 -2.49969 -2.38663 -2.50085 -2.32643 -2.40821 -2.4171 -2.50883 -2.49341 -2.36992 -2.31424 -2.47925 -2.45543 -2.46239 -2.43814 -2.2446 -2.45275 -2.37254 -2.36731 -2.50104 -2.43049 -2.303 -2.44051 -2.16871 -2.27561 -2.33445 -2.48823
internal_weight=0 41782 506.124 41275.9 40853.6 3908.27 40598 422.266 3106.87 2888.82 29647.1 7904.07 460.248 255.579 10950.9 2997.39 2885.62 1683.69 118.179 1565.51 314.726 924.042 7443.82 401.101 801.401 1964.78 276.057 111.773 642.036 7953.49
internal_count=399376 365214 4424 360790 357099 34162 354865 3691 27157 25251 259144 69089 4023 2234 95721 26200 25223 14717 1033 13684 2751 8077 65066 3506 7005 17174 2413 977 5612 69521
is_linear=0
shrinkage=1


Tree=2
num_leaves=31
num_cat=0
split_feature=7 142 225 160 227 38 225 41 134 41 232 227 225 28 232 226 226 225 228 229 225 224 226 160 160 224 225 131 143 229
split_gain=14831.3 5174.39 3834.19 1269.73 696.925 615.968 415.512 356.96 345.701 321.465 319.023 2443.83 2335.13 299.174 282.306 395.503 738.324 744.068 357.93 331.066 1143.34 280.934 265.125 255.943 219.213 215.14 257.625 201.169 182.061 178.766
threshold=1.0000000180025095e-35 24.742050170898441 0.20679578930139544 3.4388256072998051 0.22535404562950137 0.78852379322052013 -0.030940170399844643 0.095331378281116499 17.500000000000004 0.03662457317113877 -0.8960944116115569 -0.033182777464389794 0.0044434329029172668 0.50178939104080211 -1.5185908079147337 -0.030112086795270439 -0.030586643144488331 0.012681240681558849 50.77893257141114 1.0874777436256411 0.0044434329029172668 4.5000000000000009 -0.052973167970776551 4.5570960044860849 2.5416887998580937 3.5000000000000004 0.11845536530017854 0.09261737018823625 38.700099945068366 0.70993450284004223
decision_type=2 2 2 2 2 2 2 2 2 2 2 2 2 2 2 2 2 2 2 2 2 2 2 2 2 2 2 2 2 2
left_child=1 3 -2 10 5 9 13 14 -8 -3 -1 12 21 -7 22 16 18 -18 19 -16 -21 -12 28 -20 -13 26 -11 -9 -5 -27
right_child=2 4 -4 7 -6 6 8 27 -10 25 11 24 -14 -15 15 -17 17 -19 23 20 -22 -23 -24 -25 -26 29 -28 -29 -30 -31
leaf_value=-1.9983468979472956 -1.7385768487325397 -1.9659606720212637 -1.9715298355728024 -1.9610728181229691 -1.9842681520130128 -1.9279736838500894 -1.9428114989965466 -1.9551465270984953 -1.829465419116397 -1.9436284228849814 -1.9188440729414029 -1.9963037820246781 -1.7568051360433747 -1.8539595355031331 -1.9752727582257685 -1.976166884292847 -1.9579578260614212 -1.7340045973393774 -1.9526098855882532 -1.9623159309098237 -1.7571814027957782 -2.001420039528552 -1.9879176235926284 -1.8887607457708055 -1.9848845963490132 -1.9253003254403882 -1.9914287846967289 -1.8879163607257585 -1.8719742366399947 -1.9651557740119103
leaf_weight=8006.7016843557358 857.88017642498016 5402.6475301980972 222.43337488174438 350.0266295671463 1701.5433329343796 312.59447586536407 4908.111191868782 316.19372141361237 68.205703139305115 6442.4695690870285 209.47609090805054 7477.2526642084122 217.03450655937195 242.4091876745224 3047.6611679792404 12149.613272666931 76.30400562286377 72.164873242378235 425.97071063518524 484.45845079421997 79.003439784049988 202.63752436637878 4954.7214217185974 248.52790510654449 9597.0283298492432 310.97481536865234 294.77821040153503 171.68401265144348 68.565627694129944 2953.5408968925476
leaf_count=44491 4767 30021 1236 1945 9455 1737 27273 1757 379 35799 1164 41549 1206 1347 16935 67512 424 401 2367 2692 439 1126 27532 1381 53328 1728 1638 954 381 16412
internal_value=-1.97034 -1.97321 -1.78654 -1.98248 -1.95349 -1.95099 -1.93668 -1.97379 -1.94126 -1.95613 -1.99006 -1.98632 -1.88954 -1.89565 -1.97473 -1.9715 -1.95872 -1.8491 -1.96252 -1.96876 -1.93355 -1.95945 -1.98469 -1.92908 -1.98989 -1.95082 -1.94572 -1.93149 -1.94648 -1.96136
internal_weight=0 70792.3 1080.31 48155 22637.3 20935.7 5531.32 22444.9 4976.32 15404.4 25710.1 17703.4 629.148 555.004 21957 16583.7 4434.09 148.469 4285.62 3611.12 563.462 412.114 5373.31 674.499 17074.3 10001.8 6737.25 487.878 418.592 3264.52
internal_count=399376 393373 6003 267584 125789 116334 30736 124720 27652 85598 142864 98373 3496 3084 122009 92151 24639 825 23814 20066 3131 2290 29858 3748 94877 55577 37437 2711 2326 18140
is_linear=0
shrinkage=1


Tree=3
num_leaves=31
num_cat=0
split_feature=142 7 14 160 41 231 227 231 227 160 160 13 7 160 226 160 168 160 168 227 229 31 233 7 110 228 224 15 160 228
split_gain=13665.4 7357.28 3549.21 3490.62 1149.26 806.489 787.07 662.012 683.517 633.423 616.526 603.091 561.229 579.205 386.714 303.882 292.884 280.675 268.619 264.148 208.751 197.258 280.619 219.224 175.447 167.692 579.247 165.441 163.926 163.558
threshold=28.034999847412113 1.0000000180025095e-35 0.23339775949716571 3.8163653612136845 0.056293085217475898 0.11882765591144563 -0.0084249521605670435 0.11882765591144563 -0.0084249521605670435 2.8638387918472294 5.1367371082305917 0.25115290284156805 1.0000000180025095e-35 5.8612205982208261 0.22355348616838458 7.594203233718873 0.24534999579191211 1.0000000180025095e-35 0.91065001487731945 0.23063293099403384 1.9950509667396548 0.12036285921931268 0.16405923664569858 1.0000000180025095e-35 0.79808348417282116 20.885622978210453 4.5000000000000009 0.093021225184202208 5.9414348602294931 20.885622978210453
decision_type=2 2 2 2 2 2 2 2 2 2 2 2 2 2 2 2 2 2 2 2 2 2 2 2 2 2 2 2 2 2
left_child=1 3 4 5 12 6 -1 8 -5 17 16 15 13 24 -3 19 29 -7 25 -4 27 22 23 28 -2 26 -11 -12 -6 -9
right_child=2 14 11 7 21 9 -8 10 -10 18 20 -13 -14 -15 -16 -17 -18 -19 -20 -21 -22 -23 -24 -25 -26 -27 -28 -29 -30 -31
leaf_value=-0.082558564230918896 0.0018856418619442067 -0.11841129784706017 -0.04115916862337702 -0.11263620536774077 -0.025468175456635329 -0.049398341503812025 0.028366431262639442 -0.022663171914964475 0.022173857615719397 0.020465712864690223 -0.0062641386045271504 -0.085070706152884881 -0.12105496036179436 -0.025620514230488958 0.0059584113297713459 -0.072627426511298165 -0.0077106999184805283 0.028889775962974592 0.0028468731086450246 -0.079245607835926185 -0.074338269427789205 -0.058790186557059892 0.0003235794802249908 -0.11682712237051124 -0.013504847657201807 0.019247850281552494 -0.1264680122116594 -0.022673500303578321 -0.042585682475238168 0.0084165653072269496
leaf_weight=364.8344966173172 6580.0323056280613 1139.4544295370579 4094.6236372888088 261.06479206681252 2646.1668198406696 115.10730981826782 284.71551960706711 434.84390860795975 146.951431453228 279.32551330327988 5582.9522113204002 1721.3330872058868 113.2604965865612 3821.1390650570393 66.130504757165909 1317.1757760941982 3863.6835573613644 21202.620857417583 3072.5222679972649 512.19350448250771 131.38734149932861 789.94155383110046 597.23750600218773 82.075204253196716 2576.9474862515926 20949.51576718688 88.271981954574585 2119.0409395992756 2966.7168416380882 15958.154666334391
leaf_count=1259 25231 3794 14966 874 9943 449 1128 1668 576 1102 21338 6030 402 14344 253 4753 14848 84069 11942 1867 477 2854 2283 276 9799 82298 320 8044 10989 61926
internal_value=0 0.0109458 -0.0300081 0.0129193 -0.0190137 0.021385 -0.0339371 -0.000851504 -0.0640829 0.0221712 6.69502e-05 -0.0590189 -0.010236 -0.00926893 -0.111589 -0.051449 0.00467333 0.0284671 0.0166683 -0.0453937 -0.0118449 -0.0352392 -0.0322825 -0.035702 -0.00244553 0.0186604 -0.0148178 -0.0107788 -0.0345157 0.00759214
internal_weight=0 76060.6 27818.8 74855 20173.5 46356.9 649.55 28498.1 408.016 45707.4 28090.1 7645.33 13091.4 12978.1 1205.58 5923.99 20256.7 21317.7 24389.6 4606.82 7833.38 7082.14 6292.2 5694.96 9156.98 21317.1 367.597 7701.99 5612.88 16393
internal_count=400102 296365 103737 292318 76121 182567 2387 109751 1450 180180 108301 27616 49776 49374 4047 21586 78442 84518 95662 16833 29859 26345 23491 21208 35030 83720 1422 29382 20932 63594
is_linear=0
shrinkage=0.05


Tree=4
num_leaves=31
num_cat=0
split_feature=14 233 231 225 230 12 15 232 228 224 122 15 232 233 187 225 131 225 29 29 29 233 231 230 224 224 233 15 228 231
split_gain=14253.1 4677.67 7635.85 4094.14 2633.96 2410.35 2172.67 1818.4 1300.46 3059.48 1258.29 1160.99 717.145 679.772 659.644 639.762 622.803 609.801 587.577 561.453 550.782 513.937 507.503 670.81 377.003 844.615 498.147 375.929 361.448 385.661
threshold=0.21478722244501117 -0.0111924079246819 0.75637748837471019 -0.012285178527235983 7.5000000000000009 0.14120173454284671 0.10252783074975015 -2.2622259855270381 22.164649009704593 4.5000000000000009 0.055766154080629356 0.47741648554801946 -3.334617972373962 0.24723561108112338 -1.0000000180025095e-35 0.013402638956904413 -0.11000365018844603 0.26017209887504583 0.042615192010998733 0.024061596952378753 0.042950876057147987 -0.01141150528565049 11.911282062530519 1.5000000000000002 2.5000000000000004 1.5000000000000002 -0.01204910362139344 -0.012519948184490202 22.164649009704593 1.559832036495209
decision_type=2 2 2 2 2 2 2 2 2 2 2 2 2 2 2 2 2 2 2 2 2 2 2 2 2 2 2 2 2 2
left_child=1 2 3 -1 20 11 8 15 9 14 18 22 -10 -7 -4 -8 -14 -12 -3 -6 -5 28 23 -2 25 -25 -26 -22 -9 -30
right_child=5 10 6 4 19 13 7 21 12 -11 17 -13 16 -15 -16 -17 -18 -19 -20 -21 27 -23 -24 24 26 -27 -28 -29 29 -31
leaf_value=-0.022144068035906791 0.013568286118137053 -0.030429462545850047 -0.014097314924324741 0.01222299253601045 0.11269494564252143 0.13481951611364715 0.078570143521273839 0.14639131145666617 0.13533069361365754 0.25074182856624588 0.0039905884997775689 0.10794435291328619 0.061056531420660365 0.2408671378801103 0.13640039821590244 0.23219431423959633 -0.01558569111043645 0.18997918386044199 -0.012440973927812012 0.24052547939218447 0.017040667397577723 0.16340699122557609 -0.00087681002762153191 0.037284661911132728 0.17287342637504216 0.1722324037332047 0.035851739315914281 0.16692602285876332 0.063989857625829261 0.0079909398824014183
leaf_weight=387.46817234158516 563.00261277705431 17044.15346339345 562.3792690038681 220.86933418363333 99.380069851875305 860.4137871414423 118.17638093233109 58.885504044592381 81.532613031566143 158.16494931280613 3503.5339245349169 1080.8178072348237 272.3090298846364 183.30675321817398 83.638262204825878 158.88645590096712 9965.6932404190302 44.63267657160759 6187.592058584094 633.18878339231014 57.836113199591637 69.119314059615135 482.0402822047472 203.20077112317085 76.491764448583126 270.03459426760674 499.37261230498552 151.19695542752743 395.67938751727343 1378.9753682538867
leaf_count=3409 4627 154157 4965 1897 708 6255 994 450 620 1056 30249 8188 2331 1159 730 1159 88447 313 54338 4110 484 527 4012 1697 581 2118 4167 1116 3373 11865
internal_value=0 -0.00892108 0.0135827 0.118612 0.165528 0.0875272 0.00134612 0.0469928 -0.00759847 0.0536431 -0.0214027 0.0658579 -0.0123709 0.153444 0.00538724 0.166669 -0.0135472 0.00633015 -0.0256384 0.223184 0.0672803 0.0295658 0.0441365 0.0575961 0.0812237 0.114288 0.0540523 0.125455 0.0245204 0.0204765
internal_weight=0 41633.3 14853.4 1549.94 1162.47 4218.68 13303.4 2179.72 11123.7 804.182 26779.9 3174.96 10319.5 1043.72 646.018 277.063 10238 3548.17 23231.7 732.569 429.902 1902.66 2094.14 1612.1 1049.1 473.235 575.864 209.033 1833.54 1774.65
internal_count=400102 367298 128241 11724 8315 32804 116517 18368 98149 6751 239057 25390 91398 7414 5695 2153 90778 30562 208495 4818 3497 16215 17202 13190 8563 3815 4748 1600 15688 15238
is_linear=0
shrinkage=0.05


Tree=5
num_leaves=31
num_cat=0
split_feature=7 29 225 234 227 225 142 227 224 225 231 29 29 228 234 228 231 228 143 230 232 229 229 23 231 227 23 230 234 41
split_gain=10928.9 4521.53 2254.22 1058.58 4701.3 957.159 813.205 519.201 454.068 484.277 476.162 439.624 429.709 326.629 298.131 853.292 343.848 271.371 323.102 268.669 263.145 249.533 240.867 227.235 212.812 204.795 233.937 192.59 191.114 186.317
threshold=1.0000000180025095e-35 0.042127778753638274 0.20679578930139544 0.016395426355302337 -0.059249300509691231 0.0044434329029172668 32.322851181030281 0.20794968307018283 3.5000000000000004 -0.016739149577915665 5.0057208538055429 0.028638388030231002 0.02984491549432278 93.429920196533217 0.015965082682669166 45.157526016235359 4.5131709575653085 42.573217391967781 29.485250473022464 1.5000000000000002 2.3588384389877324 0.73127868771553051 0.70228666067123424 55.831335067749031 4.0774438381195077 0.15536781400442126 57.265079498291023 1.5000000000000002 0.016909533180296425 0.14683198928833011
decision_type=2 2 2 2 2 2 2 2 2 2 2 2 2 2 2 2 2 2 2 2 2 2 2 2 2 2 2 2 2 2
left_child=1 3 -2 12 5 -5 13 8 9 10 -8 -6 -1 14 16 24 21 -12 -19 29 -11 -3 -10 -14 -16 26 -13 -9 -24 -18
right_child=2 6 -4 4 11 -7 7 27 22 20 17 25 23 -15 15 -17 19 18 -20 -21 -22 -23 28 -25 -26 -27 -28 -29 -30 -31
leaf_value=-0.026907308713345759 0.17202743647149296 0.031845834238191949 -0.002695631126458813 0.041427847992977038 -0.019376464454653256 0.18313703352169775 0.021535570941925875 0.029900955141579401 0.050329687565970886 0.02734457252814515 0.030514068731495449 -0.0028020766002740589 -0.016615516510615481 0.074240232414128554 0.18934166314498976 0.012346516111952902 0.032365581224813908 0.065255026493056409 0.13387967452929656 0.0064990534467866852 -0.011690209214932825 -0.0051975876824680049 0.00030422161357801693 -0.00020185238280801384 0.065414692083392609 -0.013932627191753998 0.019028916883926762 -0.019109209650613301 0.06272670584628906 0.12269604166568848
leaf_weight=10947.693762108684 1097.494530081749 476.31676331162453 221.93136860430241 171.87342709302902 5263.4986522644758 388.51718719303608 617.65158765017986 250.6294614225626 301.27642013132572 6859.5475522279739 227.09909571707249 3695.0511770248413 13489.429153963923 167.7668117582798 82.952294215559959 3010.5790011137724 812.86440181732178 419.55676774680614 290.13260065019131 2494.8602124750614 460.74882692098618 9979.4009137302637 2614.6424626260996 2499.3452820181847 59.483371421694756 2087.1453449130058 1837.3054011464119 1001.1322422474623 128.65016281604767 61.397071272134781
leaf_count=62918 4816 2625 1197 939 30249 1888 3278 1359 1594 36672 1211 20776 76235 900 413 16611 4412 2218 1502 13795 2499 55415 14123 13900 327 11649 10127 5455 683 316
internal_value=0 -0.00259971 0.142638 -0.0135562 -0.00209672 0.139674 0.0119936 0.0213368 0.0245539 0.0302699 0.0556163 -0.00826355 -0.0192754 0.00481632 0.0041303 0.0180042 0.000966097 0.0780867 0.0933099 0.0148574 0.0248877 -0.00351005 0.00789221 -0.0140498 0.137588 -0.000586823 0.00444803 -0.00929633 0.0032316 0.0387093
internal_weight=0 70696.5 1319.43 40379.9 13443.4 560.391 30316.7 13171.1 11919.3 8874.74 1554.44 12883 26936.5 17145.6 16977.9 3153.01 13824.8 936.788 709.689 3369.12 7320.3 10455.7 3044.57 15988.8 142.436 7619.5 5532.36 1251.76 2743.29 874.261
internal_count=400102 394089 6013 228681 75628 2827 165408 70594 63780 47380 8209 72801 153053 94814 93914 17351 76563 4931 3720 18523 39171 58040 16400 90135 740 42552 30903 6814 14806 4728
is_linear=0
shrinkage=0.05


Tree=6
num_leaves=31
num_cat=0
split_feature=142 7 29 14 122 29 231 227 231 227 29 29 232 12 41 7 110 25 226 231 233 7 29 232 227 227 232 226 227 110
split_gain=11879.6 6016.21 3154.22 2808.48 1158.41 717.219 540.9 502.647 469.232 425.487 424.278 356.301 355.199 322.61 310.523 301.585 290.455 277.267 276.777 252.942 236.143 256.923 220.37 211.464 1744.61 279.13 424.071 339.401 206.728 188.356
threshold=27.799750328063968 1.0000000180025095e-35 0.035919295623898513 0.26587198674678808 0.046496607363224036 0.047129338607192046 0.11882765591144563 -0.0084249521605670435 0.11882765591144563 -0.0084249521605670435 0.028158127330243591 0.054782109335064895 -3.334617972373962 0.23162608593702319 0.078080486506223692 1.0000000180025095e-35 0.72572410106658947 1.0000000180025095e-35 0.22355348616838458 0.11882765591144563 0.16405923664569858 1.0000000180025095e-35 0.064236272126436247 -0.61632698774337757 -0.01753139495849609 -0.022031335160136219 -0.13127284869551656 -0.036604972556233399 0.22302427142858508 0.84535405039787304
decision_type=2 2 2 2 2 2 2 2 2 2 2 2 2 2 2 2 2 2 2 2 2 2 2 2 2 2 2 2 2 2
left_child=1 2 6 4 11 8 7 -1 9 -4 17 15 -7 28 20 -2 -10 -8 -3 -14 21 -6 -21 -12 25 27 -27 -25 -5 -26
right_child=3 18 5 13 14 12 10 -9 16 -11 23 -13 19 -15 -16 -17 -18 -19 -20 22 -22 -23 -24 24 29 26 -28 -29 -30 -31
leaf_value=-0.066049417001474792 0.00051521059435105079 -0.10050636974796266 -0.09435598558014277 -0.047962666126888417 -0.02580527600858264 -0.07304336535562736 -0.055940048613172325 0.028027648347311675 0.010340731471058261 0.023978589160516282 0.02357554545098197 -0.019331919810850737 -0.066994884599354362 -0.08520322507092859 -0.041541143331179517 -0.1032946797279216 -0.005264194342879315 0.028390688756932403 0.0066347710258730323 -0.0033311690061336263 0.0013345532875102865 -0.097415999348101578 -0.021444997871023393 -0.0096816234504554302 0.022099082382207182 0.014502492914476132 -0.092154204701158732 -0.11466126501829116 -0.074974210977768185 0.0060747302412282557
leaf_weight=332.54559290409088 7002.7930207997561 1252.4133322834969 213.6386866569519 4688.3604683279991 6786.8953443467617 209.26451641321182 97.96029657125473 247.76996053755283 17440.077590450644 117.87640415132046 8405.3944251537323 3908.7464642822742 175.0584782063961 845.84134238958359 3827.7062140107155 70.669576674699783 3596.9168987870216 19434.223268032074 63.325722604990005 9757.513768017292 814.65502220392227 127.60782745480537 2028.0750099718571 103.65804976224899 8146.0423317700624 232.55152158439159 155.52546566724777 299.2828074991703 834.40083503723145 2366.5901589691639
leaf_count=1068 26708 3801 657 16084 24861 707 374 1012 68475 473 33917 14426 580 2736 13707 226 13973 79396 243 37328 3060 398 7631 399 32608 932 526 1037 2842 9358
internal_value=0 0.0106211 0.0125218 -0.027129 -0.0188448 0.00122449 0.0220366 -0.0258825 0.00674248 -0.0522799 0.0227452 -0.00721671 -0.00846427 -0.0564477 -0.0298947 -0.000521934 0.00767259 0.0279677 -0.0953497 -0.00733439 -0.024127 -0.0271269 -0.00644821 0.0175695 0.0131035 -0.0585062 -0.0282412 -0.0876549 -0.0520437 0.0184917
internal_weight=0 74675.7 73360 28907.7 22539.1 33538.4 39821.5 580.316 21368.5 331.515 39241.2 10982.2 12169.9 6368.6 11556.9 7073.46 21037 19532.2 1315.74 11960.6 7729.16 6914.5 11785.6 19709 11303.7 791.018 388.077 402.941 5522.76 10512.6
internal_count=399543 294495 290451 105048 83386 129824 160627 2080 83578 1130 158547 41360 46246 21662 42026 26934 82448 79770 4044 45539 28319 25259 44959 78777 44860 2894 1458 1436 18926 41966
is_linear=0
shrinkage=0.05


Tree=7
num_leaves=31
num_cat=0
split_feature=15 231 31 233 226 228 227 227 225 228 224 15 232 122 160 230 160 126 227 36 233 144 230 144 226 31 227 227 233 39
split_gain=11456.6 3708.19 2946.59 2729.63 3473.22 3328 2513.23 2300.97 2070.48 1424.84 2560.93 1316.09 1031.94 746.98 696.7 652.653 592.586 576.661 571.7 545.778 503.511 467.573 450.89 441.573 421.053 378.688 352.252 823.963 341.315 333.603
threshold=0.24891104549169543 0.11882765591144563 0.12036285921931268 -0.0111924079246819 -0.0047057049814611665 53.898300170898445 0.22535404562950137 0.17881353944540027 0.0065890189725905665 22.164649009704593 4.5000000000000009 0.47741648554801946 0.39682576060295111 0.045181367546319968 4.3121712207794198 1.5000000000000002 3.0725049972534184 0.032579896971583373 0.22535404562950137 -99.984485626220689 -0.0083623817190527899 9.7068500518798846 7.5000000000000009 16.817900657653812 -0.0047057049814611665 0.12957411259412768 0.013518193271011116 0.015387311577796938 0.06707268208265306 1.1255205273628237
decision_type=2 2 2 2 2 2 2 2 2 2 2 2 2 2 2 2 2 2 2 2 2 2 2 2 2 2 2 2 2 2
left_child=1 8 3 4 9 7 11 16 -1 10 19 12 20 -11 -5 -8 22 -4 -16 29 24 26 -6 -17 -2 -14 -15 -28 -20 -3
right_child=6 2 17 14 5 -7 15 -9 -10 13 -12 -13 25 21 18 23 -18 -19 28 -21 -22 -23 -24 -25 -26 -27 27 -29 -30 -31
leaf_value=0.16376200832164137 0.067928504521513625 0.23433524688784277 0.063925850650559529 -0.029132601857432511 -0.0031053587741727453 0.002051506938901714 0.033025691659809529 -0.02812082078140285 -0.027690969336099359 -0.021066150924711671 0.20066712530843198 0.086642535165997819 0.004026953086559747 -0.0046568448147773084 -0.013442599247608909 0.1124782746227474 0.17163509301015145 0.16835851194914708 0.02364817098096194 -0.013159447994725024 0.040311064989197398 0.066115246152512894 0.14273672025346315 0.18425955223398785 0.15677394004494954 0.068000275042037719 0.18888128447303221 -0.0023460665733719514 0.14403142861817947 0.039791330228836311
leaf_weight=471.44373346865177 328.71812480688095 36.861503757536411 468.66648842394352 17446.30422296375 95.923366658389568 1296.0645675733685 132.94942786544561 220.24217335134745 201.60698684304953 7617.0884862989187 220.59654034674168 1622.078953422606 1957.2053267806768 2240.9253366440535 6799.9369475394487 389.04802621155977 757.5946978032589 184.11657110601664 200.7496275305748 586.91997760534286 708.47174989432096 318.3841595351696 118.42348735034466 476.85523667186499 224.38058993965387 262.33125472068787 81.257220342755318 183.63423787802458 83.315615236759186 54.790059842169285
leaf_count=2396 2479 279 3479 163126 822 11450 948 1964 1888 69120 1201 10744 16068 19610 59699 2893 4804 1090 1749 5183 5663 2625 739 2910 1475 1711 717 1598 690 423
internal_value=0 -0.00994857 -0.0119561 -0.0137487 0.00401561 0.0575107 0.0636414 0.117802 0.106414 -0.00772192 0.0526721 0.049445 0.0321121 -0.0129228 -0.0237632 0.136172 0.150868 0.0933809 -0.0105394 0.00456043 0.068221 0.00904028 0.0774702 0.152008 0.103971 0.0115881 0.00178844 0.0563142 0.0589563 0.118035
internal_weight=0 39684.8 39011.8 38359 13828.7 2488.25 6102.04 1192.18 673.051 11340.5 899.168 5103.19 3481.11 10441.3 24530.3 998.853 971.942 652.783 7084 678.572 1261.57 2824.2 214.347 865.903 553.099 2219.54 2505.82 264.891 284.065 91.6516
internal_count=399543 354652 350368 345799 120535 19779 44891 8329 4284 100756 7086 38140 27396 93670 225264 6751 6365 4569 62138 5885 9617 24550 1561 5803 3954 17779 21925 2315 2439 702
is_linear=0
shrinkage=0.05


Tree=8
num_leaves=31
num_cat=0
split_feature=7 29 225 234 227 225 231 149 142 29 225 228 225 134 234 29 23 228 28 227 14 233 233 234 234 234 233 234 228 232
split_gain=8440.17 3936.17 1574.46 1095.5 4117.72 742.337 661.377 558.323 506.125 482.184 427.442 296.928 328.607 283.942 267.72 251.636 224.367 220.993 214.086 211.831 268.198 199.487 189.191 164.736 229.712 168.792 417.243 163.831 154.772 202.476
threshold=1.0000000180025095e-35 0.044143268838524825 0.20679578930139544 0.015965082682669166 -0.059249300509691231 0.0044434329029172668 1.7051149606704714 25.000000000000004 15.879650115966799 0.030443154275417331 -0.029245145618915554 35.280538558959968 -0.033661128953099244 17.500000000000004 0.050517905503511436 0.064236272126436247 56.849554061889656 86.087261199951186 0.42578943073749548 0.16069030016660693 0.1111736372113228 -0.0034854352707043286 -0.011659638956189154 0.072101317346096053 0.06970811635255815 0.016909533180296425 0.023709750734269622 -0.046986028552055352 66.089797973632827 -1.3491783142089842
decision_type=2 2 2 2 2 2 2 2 2 2 2 2 2 2 2 2 2 2 2 2 2 2 2 2 2 2 2 2 2 2
left_child=1 3 -2 9 5 -5 11 10 -6 -1 18 -3 -13 23 17 21 -11 -15 -8 20 -10 -9 -14 24 25 -12 -27 -17 29 -23
right_child=2 6 -4 4 8 -7 7 15 19 16 13 12 22 14 -16 27 -18 -19 -20 -21 -22 28 -24 -25 -26 26 -28 -29 -30 -31
leaf_value=-0.02581791515800666 0.13841385088508573 0.038941399480617311 -0.003977972268942343 0.037780031089153794 -0.016957598353370729 0.15785211104264069 0.032655867360866356 -0.0012115008647389774 -0.00020628920400786547 -0.014714489459210126 0.013630084432758106 0.044314532080209322 -0.019387103949566897 0.024634538135764657 0.12995132743084012 0.10236836378751435 0.0020821909159453498 0.098236777913287179 0.090803056517100716 -0.013253462239311882 0.023209890584448379 -0.00782664254438987 -0.00022825791950317363 -0.0077071072904506856 0.11705879251149223 0.076961474130450874 0.022760265639500607 0.020105947932510315 0.00063771892733891845 0.027326641304772199
leaf_weight=11164.435897544026 1282.8340317159891 404.41103258728981 228.75157497823238 179.67851972579956 6344.3528619408607 453.90508303046227 282.8374392837286 5132.3288737237453 4165.2840377688408 14874.581845015287 3613.1338545680046 313.40393936634064 2243.6646315902472 462.3103664368391 98.326173156499863 61.728276431560516 2294.9047667980194 130.85049806535244 359.49551257491112 1724.7038167417049 1730.998262360692 504.71878910064697 3026.9657443910837 498.6668191999197 63.019517570734024 402.23172815144062 3028.1640891581774 3104.1336316764355 1498.7182368040085 2173.9880927652121
leaf_count=66429 4794 2094 1205 962 37237 1979 1469 28260 23533 85326 19087 1665 12349 2500 481 317 12679 677 1697 9670 9340 2807 16263 2620 302 2066 15754 16273 8098 11610
internal_value=0 -0.00254622 0.116865 -0.011996 -0.000869114 0.123801 0.0122589 0.0163666 -0.00652517 -0.0177291 0.0259043 -0.00243008 -0.00542632 0.0228621 0.0535379 0.00953268 -0.0124694 0.0408711 0.0651992 0.00215966 0.0066681 0.00539171 -0.00838402 0.020073 0.0220223 0.021172 0.0291156 0.0217099 0.0135043 0.0207031
internal_weight=0 70335.9 1511.59 42932.8 14598.9 633.584 27403.1 21414.7 13965.3 28333.9 8939.04 5988.45 5584.03 8296.7 691.487 12475.6 17169.5 593.161 642.333 7620.99 5896.28 9309.75 5270.63 7605.22 7106.55 7043.53 3430.4 3165.86 4177.43 2678.71
internal_count=399543 393544 5999 247155 82721 2941 146389 114018 79780 164434 46653 32371 30277 43487 3658 67365 98005 3177 3166 42543 32873 50775 28612 39829 37209 36907 17820 16590 22515 14417
is_linear=0
shrinkage=0.05


Tree=9
num_leaves=31
num_cat=0
split_feature=122 225 160 142 225 15 227 160 15 160 227 12 233 232 227 232 225 122 232 160 225 122 228 11 33 234 23 232 227 232
split_gain=10655.5 2974.82 2892.5 2888.33 1037.16 692.564 682.163 639.986 596.205 575.249 501.703 331.549 288.178 273.792 2779.79 284.439 380.576 264.274 235.497 216.14 213.51 209.853 202.524 192.212 172.516 168.19 159.547 152.231 1422.43 487.107
threshold=0.041947631165385253 0.058001475408673293 4.0231125354766855 34.35585021972657 0.058001475408673293 0.30930076539516455 0.16194821149110797 2.9236743450164799 0.19562976062297824 4.468292474746705 0.16194821149110797 0.12036285921931268 0.16405923664569858 -0.61632698774337757 -0.01753139495849609 -0.4532077014446258 0.0044434329029172668 0.077974207699298873 -3.334617972373962 5.4782109260559091 0.26017209887504583 0.092666409909725203 51.431821823120124 0.067486923187971129 38.064037322998054 0.06970811635255815 54.945316314697273 -0.8960944116115569 -0.023329939693212506 -0.61112582683563221
decision_type=2 2 2 2 2 2 2 2 2 2 2 2 2 2 2 2 2 2 2 2 2 2 2 2 2 2 2 2 2 2
left_child=1 2 7 4 9 11 -6 27 19 17 -3 12 25 -9 15 16 -15 -2 -11 -4 -8 -20 -17 -10 -7 -5 -16 -1 29 -29
right_child=3 10 8 5 6 24 20 13 23 18 -12 -13 -14 14 26 22 -18 -19 21 -21 -22 -23 -24 -25 -26 -27 -28 28 -30 -31
leaf_value=0.033870626290390379 0.0043509606961347333 -0.08946851700288129 0.0052697015957903024 -0.027937322890289936 -0.087064977968093621 -0.047537714732890035 0.0048557406534753258 0.021296410895325749 -0.016981806197898516 -0.068243144392890281 0.002151950064960786 -0.055759108551246328 -0.0026897834265961766 0.0069663311801518371 0.021382703529587831 -0.091882676914018024 -0.094786806976459248 -0.019608913453944641 -0.012050754124663094 -0.0078474229219392538 -0.069125684131551693 -0.034386954762068572 0.0025463616619002716 -0.078832989864126762 -0.069221918637186769 -0.068416974287073606 0.0096313717751163735 0.01741266343798582 0.02797172133059549 -0.067310950208549838
leaf_weight=5803.1951002627611 8532.9452763497829 832.71489274501801 13941.451876580715 5364.7152585089207 703.4512942135334 5398.2049579322338 416.09471096098423 9837.6721446067095 3892.7157194912434 208.36841282248497 182.09100712835789 1018.1971751749516 1178.9572280943394 246.55133482813835 7943.5539023727179 662.29847261309624 146.49436381459236 1330.289728552103 9343.9113171100616 4053.6350634992123 127.3796698898077 1184.9147642254829 62.1057508289814 129.79834952950478 1104.9965314269066 269.49603891372681 4538.7242541760206 246.40041182935238 14177.616161197424 544.65102511644363
leaf_count=24536 33725 2389 54109 19082 2020 17982 1559 40305 14222 666 696 3325 4363 977 32367 2069 467 5047 34919 15048 413 4272 253 422 3441 922 17989 1035 59645 1828
internal_value=0 0.0119298 0.0132317 -0.0217214 -0.0102784 -0.0391618 -0.0545588 0.0206059 -0.00157515 -0.00759817 -0.0730287 -0.0291467 -0.0251696 0.0149424 0.0103462 -0.0652054 -0.0309587 0.00111941 -0.0156062 0.00231489 -0.012484 -0.0145645 -0.0837869 -0.0189776 -0.0512222 -0.0298735 0.0171098 0.0269961 0.0243309 -0.0409208
internal_weight=0 67241.7 66226.9 36181.9 21847.4 14334.6 1246.93 44209.3 22017.6 20600.4 1014.81 7831.37 6813.17 23437.4 13599.7 1117.45 393.046 9863.24 10737.2 17995.1 543.474 10528.8 724.404 4022.51 6503.2 5634.21 12482.3 20771.9 14968.7 791.051
internal_count=400093 268357 265272 131736 82621 49115 3992 181471 83801 78629 3085 27692 24367 94427 54122 3766 1444 38772 39857 69157 1972 39191 2322 14644 21423 20004 50356 87044 62508 2863
is_linear=0
shrinkage=0.05


Tree=10
num_leaves=31
num_cat=0
split_feature=14 233 226 228 227 227 232 228 224 29 41 13 230 227 227 29 229 36 233 29 144 31 233 230 23 21 229 227 226 228
split_gain=9962.88 3969.11 6169.58 3691.21 2096.71 1817.97 1203.19 1133.99 1956.88 1060.63 929.627 904.099 822.174 735.11 505.993 494.403 457.936 452.661 442.585 442.401 442.384 322.301 316.491 298.036 294.19 265.508 265.387 257.756 492.554 255.262
threshold=0.20405335724353793 -0.0111924079246819 -0.0047057049814611665 53.898300170898445 0.17881353944540027 0.22302427142858508 0.39682576060295111 22.164649009704593 4.5000000000000009 0.046154070645570762 0.048559159040451057 0.28302085399627691 1.5000000000000002 0.22535404562950137 0.14239784330129626 0.02923674322664738 2.8799325227737431 -99.984485626220689 0.025118764489889148 0.040705410763621337 4.8143000602722177 0.11280072852969171 -0.0024530928349122401 7.5000000000000009 47.433570861816413 1.0000000180025095e-35 1.1802346706390383 0.013518193271011116 -0.018953709863126274 57.011194229125984
decision_type=2 2 2 2 2 2 2 2 2 2 2 2 2 2 2 2 2 2 2 2 2 2 2 2 2 2 2 2 2 2
left_child=1 2 7 4 15 6 22 8 17 16 -9 14 -7 21 -8 23 25 -1 -16 -5 27 -11 -2 -4 -21 -3 -26 -12 -29 -20
right_child=5 9 3 19 -6 12 11 10 -10 13 20 -13 -14 -15 18 -17 -18 -19 29 24 -22 -23 -24 -25 26 -27 -28 28 -30 -31
leaf_value=0.10087211778456162 0.12123939846145837 0.18863165251549388 -0.0037818920186364065 -0.016979510567727726 -0.025502669441959488 0.025023636960280888 -0.0033785256346700468 -0.018789912186980125 0.16409130827812385 -0.008636624028178318 -0.0033277642525522352 0.099207387417190027 0.14519762352905871 0.073580400824182129 0.0055553858743076839 0.14539296388556719 0.067811670684126774 -0.013922581881299049 0.030175784944352337 -0.0058210791306516334 0.050071834039433438 0.070118097369128538 0.069470549058022288 0.10550928149589001 0.086566081940695705 -0.027561724504490882 -0.019407058736548279 -0.011318723932180271 0.13171276061096579 0.079877391798293798
leaf_weight=100.50621088594198 533.12194238603115 14.212159521877764 84.327731557190418 775.4924523383379 236.85874973237514 171.95078133046627 1094.6432098299265 8060.8635542690754 258.39502836763859 5872.3075464591384 1756.1435873955488 453.31460247188807 826.0859527811408 297.84925207495689 587.22117880731821 1447.2938226312399 127.14259072393179 589.92370804399252 436.61685623973608 221.86500582098961 679.14213045686483 132.85075192898512 661.6292035356164 239.66380114853382 311.6856285110116 18854.381439357996 72.895080119371414 137.09770996123552 107.29886073619127 632.67776868492365
leaf_count=697 3302 119 737 7118 2135 1192 8142 74478 1219 50977 15211 2521 4347 2325 4231 7475 837 5268 3169 1889 5272 970 4360 1247 2401 181463 610 1170 814 4397
internal_value=0 -0.00876156 0.0115433 0.0709308 0.114212 0.0635685 0.0497468 -0.00567993 0.0467161 -0.0208644 -0.0103086 0.0337803 0.124493 -0.00309151 0.0229997 0.132895 -0.0267616 0.00278814 0.0404307 0.0080378 0.0152043 -0.00689435 0.0925708 0.0770632 0.0400287 -0.0273989 0.0664795 0.0033675 0.0514772 0.0595831
internal_weight=0 40378.2 15079.5 3390.08 2008.14 5397.26 4399.22 11689.4 948.825 25298.7 10740.5 3204.47 998.037 6303.01 2751.16 1771.29 18995.7 690.43 1656.52 1381.94 2679.68 6005.16 1194.75 323.992 606.446 18868.6 384.581 2000.54 244.397 1069.29
internal_count=400093 364432 127741 23612 11594 35661 30122 104129 7184 236691 96945 22460 5539 54272 19939 9459 182419 5965 11797 12018 22467 51947 7662 1984 4900 181582 3011 17195 1984 7566
is_linear=0
shrinkage=0.05


Tree=11
num_leaves=31
num_cat=0
split_feature=225 227 142 29 227 142 234 227 29 224 225 234 227 225 227 122 122 19 234 226 225 226 231 228 226 226 234 143 234 226
split_gain=3809.01 4262.64 3613.64 756.962 570.766 588.805 507.745 1925.17 385.385 349.455 334.841 287.704 1613.23 251.749 489.36 249.536 219.997 214.905 196.577 326.656 186.167 146.78 266.313 149.302 181.805 139.699 487.122 137.364 147.444 137.196
threshold=0.058001475408673293 0.16194821149110797 21.279350280761722 0.029534983448684219 0.22535404562950137 34.35585021972657 0.016395426355302337 -0.059249300509691231 0.048136280849576003 3.5000000000000004 0.0044434329029172668 0.016395426355302337 -0.059249300509691231 -0.016739149577915665 0.146713562309742 0.033809572458267219 0.10644394531846048 0.20687115192413333 0.01564209628850222 0.0017863642424345019 0.0044434329029172668 -0.055162630975246423 5.5552501678466806 50.77893257141114 -0.017064406536519524 0.011791600380092861 0.0023294708225876097 27.361899375915531 0.011575266253203155 -0.045070454478263848
decision_type=2 2 2 2 2 2 2 2 2 2 2 2 2 2 2 2 2 2 2 2 2 2 2 2 2 2 2 2 2 2
left_child=2 -2 3 11 5 15 8 10 21 13 -8 -1 20 14 17 -4 -10 -7 29 -20 -13 22 -5 -23 -25 26 -15 -19 -29 -17
right_child=1 -3 4 6 -6 9 7 -9 16 -11 -12 12 -14 25 -16 18 -18 27 19 -21 -22 23 -24 24 -26 -27 -28 28 -30 -31
leaf_value=-0.02602793313970804 0.11691996595266957 -0.013412465684252889 -0.00182232898815283 0.081388821038608783 -0.017135859533275385 0.020737403427754576 0.040307744006363416 -0.0018871129155940082 0.0012420668183410126 0.0055583992544291265 0.13973777576425955 0.038139122496709726 -0.017630321356306718 0.021965108609973277 0.0022844545066692361 0.024323835717827862 0.058220994097446105 0.048938559922966147 0.076772752842294276 0.016839898073490098 0.13769957460808893 -0.018183433098090611 -0.0043642985981354682 0.014129703306366734 -0.011737210047254441 0.018236793540087511 0.094909071516301666 0.040652631089234267 0.10172555665179982 0.0034968139908484104
leaf_weight=9751.4067264050245 1434.9885092675686 1114.6740190386772 5905.3080347329378 107.17902360856533 1700.9567884802818 270.15484923124313 118.7659060806036 4168.3509578555822 3808.5811515599489 2825.5884622782469 294.96445649862289 62.772803485393524 5228.5130893439054 1276.0804881155491 522.88298179209232 917.27790623903275 177.29181130230427 399.35692195594311 247.19676615297794 2832.206209987402 186.31940266489983 10058.046458870173 583.14031821489334 802.46225062012672 4425.5890166461468 6018.9962691366673 278.89810459315777 128.99377815425396 422.56087411940098 5731.579374358058
leaf_count=60285 4801 5963 32876 615 9289 1332 618 23916 20915 14541 1132 332 31789 6377 2651 4836 865 1916 1238 15083 742 58914 3357 4604 25862 30326 1333 623 1872 31090
internal_value=0 0.0599406 -0.0022874 -0.0121203 0.0109797 0.0127014 -0.0066869 0.00832345 -0.0101323 0.0209612 0.111195 -0.0208772 -0.0117077 0.0256319 0.0427592 0.00628549 0.00377649 0.0600913 0.0112071 0.021651 0.11261 -0.0136024 0.00894974 -0.0146208 -0.00776685 0.0216883 0.0350482 0.0712717 0.0874422 0.00637011
internal_weight=0 2549.66 69251.4 39773.4 29478 27777.1 24544.4 4582.08 19962.3 12143.5 413.73 15229 5477.61 9317.92 1743.95 15633.6 3985.87 1221.07 9728.26 3079.4 249.092 15976.4 690.319 15286.1 5228.05 7573.97 1554.98 950.912 551.555 6648.86
internal_count=400093 10764 389329 233946 155383 146094 140798 25666 115132 60971 1750 93148 32863 46430 8394 85123 21780 5743 52247 16321 1074 93352 3972 89380 30466 38036 7710 4411 2495 35926
is_linear=0
shrinkage=0.05


Tree=12
num_leaves=31
num_cat=0
split_feature=122 7 14 29 7 29 14 29 14 231 227 122 231 29 227 29 226 227 11 117 232 227 232 227 229 29 232 231 29 232
split_gain=9461.65 2843.23 2705.82 2519.34 1356.06 1135.15 477.668 449.471 444.781 335.802 382.411 313.768 302.393 275.953 254.99 248.148 218.425 187.117 182.565 177.821 161.897 1697.64 203.494 288.214 174.819 153.504 137.739 134.18 129.706 128.448
threshold=0.040324071422219283 1.0000000180025095e-35 0.17648591101169589 0.038163827732205398 1.0000000180025095e-35 0.057838398963212974 0.148496188223362 0.028316378593444828 0.32760469615459448 0.11882765591144563 -0.0084249521605670435 0.0707090198993683 0.11882765591144563 0.052148805931210525 -0.0084249521605670435 0.040380556136369712 0.22355348616838458 0.24029045552015307 0.067486923187971129 1.0000000180025095e-35 -0.63058495521545399 -0.01753139495849609 -0.4532077014446258 -0.075891796499490724 1.0679636597633364 0.060280244797468192 -3.334617972373962 0.11882765591144563 0.018559210933744911 -3.334617972373962
decision_type=2 2 2 2 2 2 2 2 2 2 2 2 2 2 2 2 2 2 2 2 2 2 2 2 2 2 2 2 2 2
left_child=1 3 4 7 5 11 9 -1 17 10 -5 15 14 -11 -9 27 -6 25 20 -8 -14 22 23 -22 -24 -4 -17 -2 -13 -7
right_child=2 -3 8 6 16 29 19 12 -10 13 -12 28 18 -15 -16 26 -18 -19 -20 -21 21 -23 24 -25 -26 -27 -28 -29 -30 -31
leaf_value=0.026867578639941655 -0.048344573725477541 -0.080090250042427091 -0.024609794155646885 -0.083251341232408585 -0.078820300127002974 -0.068786861106567954 -0.015462846312503173 -0.072415264924465331 -0.052947248985540533 0.0074583481991498642 0.023166919817955347 -0.089208975573794008 0.022349268754516982 -0.005605521633025216 0.020973232425981529 -0.053795637741646377 -0.0070899365477193116 -0.068087479740424561 -0.069376570243907629 -0.075366898827620293 -0.080584008513575278 0.018648907247538708 -0.085792062246001791 0.0091768099499939648 0.0027183852940640737 -0.040380141634007369 -0.003868535544274162 0.0090924195190844864 -0.014585933180257332 -0.024402713293256228
leaf_weight=18041.197014793754 103.37011927366257 827.921596378088 4164.5460114181042 231.22047072649002 829.60485506057739 166.69020000100136 2899.7219525426626 176.21777901053429 4191.1012767851353 15407.548534065485 132.96383936703205 59.193047761917114 8433.5451524555683 5480.0799485743046 124.90023024380207 140.18838310241699 121.69821172952652 347.63471657037735 61.276696249842644 129.41175729036331 146.62222322821617 10932.957644075155 437.32486027479172 229.26757091283798 63.945020228624344 2451.2913049757481 9462.8681724965572 6226.4416451901197 3582.4928647279739 7380.6417320668697
leaf_count=78041 334 2287 14388 662 2297 507 10406 500 12993 60795 531 214 35599 20355 532 432 432 1066 214 401 435 45232 1308 918 264 8145 35869 25255 13269 26172
internal_value=0 0.0119639 -0.0192451 0.013175 -0.0109675 -0.00890946 0.000553347 0.0211049 -0.0400776 0.003201 -0.044398 -0.00255778 0.0160595 0.00403091 -0.0336788 0.000468658 -0.069644 -0.0323318 0.0167971 -0.0180221 0.0170579 0.0132794 -0.0536466 -0.0258359 -0.0745011 -0.030453 -0.00459739 0.00815443 -0.0157989 -0.025383
internal_weight=0 63756.1 39227.8 62928.2 28073.2 27121.9 24280.9 38647.3 11154.6 21251.8 364.184 19574.6 20606.1 20887.6 301.118 15932.9 951.303 6963.47 20304.9 3029.13 20243.7 11810.1 877.16 375.89 501.27 6615.84 9603.06 6329.81 3641.69 7547.33
internal_count=399853 258480 141373 256193 104781 102052 93150 163043 36592 82343 1193 75373 85002 81150 1032 61890 2729 23599 83970 10807 83756 48157 2925 1353 1572 22533 36301 25589 13483 26679
is_linear=0
shrinkage=0.05


Tree=13
num_leaves=31
num_cat=0
split_feature=14 233 226 228 227 227 228 226 187 15 142 187 232 227 232 225 232 187 15 228 227 168 233 233 225 108 227 227 3 131
split_gain=8511.71 3729.14 5425.72 2852.29 1652.97 1354.6 1102.29 1569.86 1015.3 905.904 873.137 582.582 571.711 471.716 448.281 662.875 570.117 439.68 418.472 383.554 370.903 360.635 347.155 320.474 315.929 288.213 275.722 429.248 469.824 265.315
threshold=0.20405335724353793 -0.0111924079246819 -0.0047057049814611665 53.898300170898445 0.17881353944540027 0.22302427142858508 22.164649009704593 -0.024013678543269631 -14.43849992752075 0.15193714201450351 23.2167501449585 -15.499499797821043 0.39682576060295111 0.22535404562950137 -1.6804370880126951 0.00044276846165303146 -1.7525333166122434 -1.0000000180025095e-35 0.15756307542324069 69.620273590087905 0.14239784330129626 0.99234998226165783 0.06707268208265306 0.025118764489889148 0.054646359756588943 0.0087153376080095785 0.013518193271011116 0.015387311577796938 322205.64062500006 -0.016730672679841515
decision_type=2 2 2 2 2 2 2 2 2 2 2 2 2 2 2 2 2 2 2 2 2 2 2 2 2 2 2 2 2 2
left_child=1 2 6 4 25 8 7 17 -2 11 26 -3 -10 -11 15 16 -13 -1 -5 21 -14 -12 24 -22 -7 -4 -8 28 -28 -18
right_child=5 9 3 18 -6 22 10 -9 12 13 19 14 20 -15 -16 -17 29 -19 -20 -21 23 -23 -24 -25 -26 -27 27 -29 -30 -31
leaf_value=-0.013965309879219718 0.075434121731671244 0.049665924227217301 0.088504729719405095 -0.0050663545510408869 -0.02551515667508359 0.10515497104233842 -0.022253040032538085 0.14206824215629688 0.063928706797530266 -0.005079261017985344 0.011509115728053375 -0.017907218418627063 -0.011180228449528713 0.050688108613200424 -0.028205365543915353 0.11078953487077159 0.19707919000303348 0.092040083412610108 0.063699935855473608 -0.030114410492909579 -0.00093695688400599576 0.060090923143641228 0.13090066956720345 0.049675670883648333 0.022371299132083366 0.12888222544820163 0.16405054888403328 -0.01446071978125147 0.013722806808754363 0.040279767341370759
leaf_weight=576.46287716180086 1701.9315452650189 259.09910321980715 670.1907019764185 1109.8348569050431 233.71468091756105 313.86148804426193 6909.3456720784307 292.80223117768764 777.58232291042805 3938.2834446877241 1963.1846522688866 1661.109872944653 876.71704591810703 419.59345019608736 18184.105492606759 120.54544255137444 41.804586485028267 117.80928149074316 276.31700523197651 432.82227118313313 500.59883594512939 474.28447833657265 618.89552918821573 833.53957962989807 182.1268857344985 1297.7226232290268 80.427668429911137 564.81722509115934 146.92109945416451 76.067536652088165
leaf_count=5216 9611 1767 3550 10001 2146 1554 65657 1232 4749 34896 16443 16098 6612 3348 178122 1163 391 762 2023 3725 3596 3602 2789 5739 1209 5946 656 5164 1336 750
internal_value=0 -0.00842016 0.0111129 0.0648266 0.100201 0.0563837 -0.00555937 0.0449719 0.0446083 -0.020398 -0.0102774 -0.0248299 0.0270528 0.00029024 -0.025791 -0.0026785 -0.0103672 0.00402248 0.00864159 0.0132602 0.0140831 0.0209622 0.105923 0.0306847 0.0747568 0.115131 -0.0190497 0.00889045 0.0669033 0.0958903
internal_weight=0 39847.3 15146.7 3587.78 2201.63 5805.25 11558.9 987.074 4690.37 24700.6 10571.8 20342.7 2988.44 4357.88 20083.6 1899.53 1778.98 694.272 1386.15 2870.29 2210.86 2437.47 1114.88 1334.14 495.988 1967.91 7701.51 792.166 227.349 117.872
internal_count=399853 363994 127459 23666 11642 35859 103793 7210 30307 236535 96583 198291 20696 38244 196524 18402 17239 5978 12024 23770 15947 20045 5552 9335 2763 9496 72813 7156 1992 1141
is_linear=0
shrinkage=0.05


Tree=14
num_leaves=31
num_cat=0
split_feature=7 29 225 233 226 225 233 227 228 226 225 225 226 29 230 225 226 228 29 233 233 225 225 14 225 228 15 227 28 6
split_gain=5674.12 3152.26 908.931 811.052 1906.93 1402.36 602.712 875.222 660.941 614.99 689.232 601.023 398.655 394.936 363.737 334.36 306.148 302.933 269.447 248.097 375.369 299.536 206.238 200.571 185.5 171.765 169.889 173.425 166.657 142.983
threshold=1.0000000180025095e-35 0.041176265105605132 0.20679578930139544 0.019478814676404003 -0.0062182345427572719 0.0044434329029172668 0.019478814676404003 0.15422817319631579 69.620273590087905 -0.0062182345427572719 -0.016739149577915665 -0.0070878711994737378 -0.045070454478263848 0.028786277398467067 1.5000000000000002 -0.0070878711994737378 -0.019571498967707154 50.77893257141114 0.030870085582137111 -0.022822888568043705 -0.022562987171113488 -0.033661128953099244 0.03377263434231282 0.14250175654888156 -0.017148353159427639 57.011194229125984 0.093021225184202208 0.16194821149110797 0.50178939104080211 0.72374999523162853
decision_type=2 2 2 2 2 2 2 2 2 2 2 2 2 2 2 2 2 2 2 2 2 2 2 2 2 2 2 2 2 2
left_child=1 3 -2 18 5 15 8 9 12 11 24 -8 14 -6 -3 -5 -10 -16 -1 -14 -21 -22 -18 -12 28 -9 -15 -28 -11 -17
right_child=2 6 -4 4 13 -7 7 25 16 10 23 -13 19 26 17 29 22 -19 -20 20 21 -23 -24 -25 -26 -27 27 -29 -30 -31
leaf_value=-0.026183465301340487 0.10160984436411534 0.04072541924598902 -0.0055275003772680357 -0.017855654294541567 -0.018514815268122983 0.11625803045976398 -0.0067780599268630788 0.013314626240007357 0.059327185010188591 0.034775089605692672 0.0088367518478478149 0.1026206431098473 -0.010590451524838739 -0.0081026342519826614 -5.4170914441345716e-05 0.15911448935023012 -0.0033802960248830861 0.058014580726326814 -0.014240925287056384 0.090860775448815267 0.034622557438710004 -0.0011432960018351954 0.062679405929666629 0.025377680082190709 0.097948606514146608 -0.0099359825307201166 0.011843676251024251 -0.014588900066377669 0.076662772508325649 0.037332113890239722
leaf_weight=8433.2167930305004 1559.2302729487419 1044.9596473425627 226.75501054525375 441.86041083931923 6827.8775278627872 524.67196010053158 172.56878092885017 1124.9521076828241 719.70021788775921 841.23705965280533 4325.2664476931095 460.75679667294025 5962.6429686695337 5500.735519438982 2281.9066676944494 25.745211333036423 503.15487293899059 249.11476895213127 10735.318849533796 118.70984110236168 629.52992084622383 8350.6801400184631 154.40862569212914 3180.1938617229462 206.92716650664806 2702.8256177157164 2764.4546581655741 800.15974932909012 330.8524297773838 377.63764362037182
leaf_count=53739 4820 5249 1185 2742 43150 1840 937 5653 3554 4158 22831 2098 32675 32176 12138 140 2731 1263 63818 618 3226 44815 750 15419 857 14085 15244 4553 1362 2027
internal_value=0 -0.00224683 0.0880073 -0.0124153 -0.00455406 0.0520485 0.00885775 0.0170881 0.0033699 0.0252082 0.0218149 0.0728116 0.000899943 -0.00943292 0.0159075 0.0121914 0.0367941 0.00566122 -0.0194951 -0.00266323 0.00253159 0.00136396 0.0121318 0.0158454 0.0543042 -0.00310282 -0.00259257 0.00591028 0.046599 0.0451047
internal_weight=0 69792.1 1785.99 36431.7 17263.1 1369.92 33360.4 13345.6 20014.8 9517.8 8884.48 633.326 18637.5 15893.2 3575.98 845.243 1377.26 2531.02 19168.5 15061.6 9098.92 8980.21 657.563 7505.46 1379.02 3827.78 9065.35 3564.61 1172.09 403.383
internal_count=399853 393848 6005 219429 101872 6749 174419 67400 107019 47662 44627 3035 99984 95123 18650 4909 7035 13401 117557 81334 48659 48041 3481 38250 6377 19738 51973 19797 5520 2167
is_linear=0
shrinkage=0.05


Tree=15
num_leaves=31
num_cat=0
split_feature=122 142 7 160 7 14 29 15 41 226 29 232 227 29 41 233 15 117 232 124 226 226 230 227 230 233 234 230 233 226
split_gain=8396.51 2481.18 2192.61 2103.91 1200.52 637.473 527.457 487.46 341.531 292.208 283.793 247.481 2189.88 246.762 235.232 202.534 196.808 173.915 173.472 164.717 161.827 171.863 189.019 141.473 117.623 328.503 806.002 116.71 122.767 287.213
threshold=0.03842658922076226 33.636548995971687 1.0000000180025095e-35 3.5919100046157841 1.0000000180025095e-35 0.27616156637668615 0.047129338607192046 0.19562976062297824 0.084364101290702834 0.22355348616838458 0.024061596952378753 -0.61632698774337757 -0.017834926024079319 0.047129338607192046 0.078080486506223692 0.14265494048595431 0.1103491708636284 1.0000000180025095e-35 -3.334617972373962 0.015627180226147178 -0.036604972556233399 0.0011882765393238517 14.500000000000002 0.22302427142858508 7.5000000000000009 -0.022330404259264466 -0.010293399915099142 9.5000000000000018 -0.030141824856400486 -0.034277250990271561
decision_type=2 2 2 2 2 2 2 2 2 2 2 2 2 2 2 2 2 2 2 2 2 2 2 2 2 2 2 2 2 2
left_child=2 4 3 10 6 14 8 13 16 -6 -1 -12 20 24 15 -3 -2 -9 -8 -20 -13 22 -22 -7 -5 26 -26 -15 29 -29
right_child=1 5 -4 7 9 23 18 17 -10 -11 11 12 -14 27 -16 -17 -18 -19 19 -21 21 -23 -24 -25 25 -27 -28 28 -30 -31
leaf_value=0.028865755899015001 0.0072319898592916685 -0.024021507523911891 -0.073239167038372174 0.011946088600548452 -0.071669968297962725 -0.041461259684728163 -0.056235910208638024 -0.011744246619191647 -0.022902108422253788 0.0013642779925475256 0.025094983367349968 0.0025041834831450692 0.020095121410566859 0.0010382182299299677 -0.036166752849404696 -0.0040105611397169855 -0.0063923745931837713 -0.068600334787832437 -0.0070644087496111929 -0.019871396106926457 -0.076756721714809836 0.013180368625055462 0.0086693139486208187 -0.061989818897630326 0.012160869766830458 0.010935171333808258 -0.078505350658612361 -0.003861234185127941 -0.0031748054014538369 -0.081621369275189232
leaf_weight=9855.4763928800821 9736.4366044253111 6107.2642144411802 740.87639102339745 10996.801071494818 865.43557140231133 4920.1532123982906 232.99045538902283 3646.7311138510704 1345.7512082606554 162.70293542742729 9122.7937640994787 104.2084057033062 12701.048989489675 6391.9006145298481 3112.2820014953613 1594.601185977459 3642.174053773284 139.65072882175446 5804.5813694447279 4424.2678331136703 764.47094988822937 67.929303422570229 70.74631504714489 1011.8569220900536 647.57815203070641 2674.819523781538 394.42157652974129 296.32694880664349 779.77313479781151 198.15850511193275
leaf_count=43996 39372 20901 2001 44676 2337 15084 679 13181 4885 570 40099 394 54751 24172 10254 5731 14003 417 21338 16003 2202 295 307 2967 2636 10871 1139 1124 2969 610
internal_value=0 -0.0167573 0.0122403 0.0133164 -0.00715324 -0.0317913 -0.00499137 0.00275025 0.00110776 -0.0601123 0.0217747 0.0187137 0.0144671 0.00555732 -0.0245662 -0.0198784 0.00352291 -0.0138412 -0.0135755 -0.0126038 -0.0564932 -0.0633005 -0.0695208 -0.0449629 0.00934707 0.00165747 -0.0221584 -0.00171632 -0.0155336 -0.0350226
internal_weight=0 42960.5 59593.7 58852.8 26214.3 16746.2 25186.2 26166.2 14724.4 1028.14 32686.7 22831.2 13708.4 22379.8 10814.1 7701.87 13378.6 3786.38 10461.8 10228.8 1007.35 903.147 835.217 5932.01 14713.6 3716.82 1042 7666.16 1274.26 494.485
internal_count=399964 154124 245840 243839 99187 54937 96280 101795 58260 2907 142044 98048 57949 88197 36886 26632 53375 13598 38020 37341 3198 2804 2509 18051 59322 14646 3775 28875 4703 1734
is_linear=0
shrinkage=0.05


Tree=16
num_leaves=31
num_cat=0
split_feature=15 231 227 12 29 227 225 41 232 228 228 224 232 227 227 224 227 228 225 229 232 225 15 230 234 226 227 21 224 225
split_gain=7401.11 2656.91 2464.76 1970.31 1748.11 1292.31 1002.86 908.274 802.516 1092.55 710.653 863.25 607.739 440.25 431.46 406.984 538.259 468.593 467.512 609.559 345.971 599.317 338.784 336.468 315.156 395.752 438.213 295.522 285.727 271.658
threshold=0.23339372873306277 0.47908110916614538 -0.021543153561651703 0.11280072852969171 0.04362894035875798 0.22535404562950137 -0.0029704321641474958 0.088203016668558135 -1.6804370880126951 48.243463516235359 20.885622978210453 4.5000000000000009 0.39682576060295111 0.013024828396737577 0.013518193271011116 3.5000000000000004 0.22535404562950137 20.885622978210453 -0.00054045068100094784 0.82569807767868053 -1.6804370880126951 0.013402638956904413 0.4335018545389176 1.5000000000000002 -0.031190510839223858 -0.036003552377223962 -0.068882577121257768 1.0000000180025095e-35 4.5000000000000009 -0.029245145618915554
decision_type=2 2 2 2 2 2 2 2 2 2 2 2 2 2 2 2 2 2 2 2 2 2 2 2 2 2 2 2 2 2
left_child=1 2 6 4 10 7 -1 12 9 14 11 -3 13 -2 24 16 -10 28 -19 -20 21 -12 -14 -7 -6 26 -26 -22 -17 -27
right_child=5 3 -4 -5 8 23 -8 -9 15 -11 20 -13 22 -15 -16 17 -18 18 19 -21 27 -23 -24 -25 25 29 -28 -29 -30 -31
leaf_value=0.10384705013073743 0.034130123156235252 -0.018768653018512813 -0.020639754882402529 0.062622315710055984 -0.016649185235363986 0.020227612232519107 -0.012383762679857026 0.063584344844368285 -0.016157372439407021 0.12271381523921494 -0.013322665264222459 0.1130313743310682 -0.0033901830557078391 0.10087572196826784 0.15154874111716973 0.023457178665799341 0.044144645474395956 -0.014615329662328931 0.094005768544508456 0.009756308029497977 0.15542058592708205 0.083512810451344538 0.034050032857511361 0.095763450596934308 -0.0066328363843620678 0.090219001007990796 0.089868484265787224 -0.026645565075548095 0.14598702477274961 -0.01193418991465528
leaf_weight=1151.9020554572344 1422.9854843690991 302.91972126811743 919.97768744826317 844.19866210222244 666.37421792000532 166.97960951179266 221.22395247220993 1878.1566856205463 6120.1003979071975 268.68092352151871 2311.6872979700565 210.61369703710079 1972.320180863142 298.96029333025217 56.114689402282238 94.291554994881153 393.87150398641825 1568.3194019496441 260.36030408740044 1224.0732710063457 22.313431553542614 171.64599999785423 871.0455969274044 1259.0536096692085 175.11318012326956 73.563477545976639 358.44196773320436 19590.018464617431 96.036907091736794 564.45330629497766
leaf_count=4624 9270 2793 8859 4985 5827 1035 2252 10598 54677 1310 23200 802 15560 1736 403 811 3059 13851 1475 10596 160 1090 5139 6311 1561 570 2846 199150 368 5046
internal_value=0 -0.00946574 0.0426906 -0.0128468 -0.014692 0.0438487 0.0851211 0.0343167 0.000802269 0.0283585 -0.0228607 0.035286 0.0222761 0.0457183 0.0149737 -0.00530582 -0.0125112 0.00916667 0.00442103 0.0245331 -0.0242121 -0.00662948 0.00807937 0.0869187 0.010804 0.0264189 0.0581967 -0.0264384 0.0852839 -0.000155904
internal_weight=0 37666.3 2293.1 35373.2 34529 7869.5 1373.13 6443.47 11919.8 2162.74 22609.2 513.533 4565.31 1721.95 1894.06 9757.05 6513.97 3243.08 3052.75 1484.43 22095.7 2483.33 2843.37 1426.03 1837.95 1171.57 533.555 19612.3 190.328 638.017
internal_count=399964 350315 15735 334580 329595 49649 6876 42303 102400 17563 227195 3595 31705 11006 16253 84837 57736 27101 25922 12071 223600 24290 20699 7346 15850 10023 4407 199310 1179 5616
is_linear=0
shrinkage=0.05


Tree=17
num_leaves=31
num_cat=0
split_feature=7 29 234 227 226 231 228 234 227 226 234 29 29 142 226 226 228 226 228 230 22 234 227 226 234 226 226 187 227 228
split_gain=4675.38 2694.97 840.225 2312.31 772.036 564.855 486.517 487.101 439.823 365.833 356.262 320.738 317.493 284.466 284.314 259.298 250.878 238.804 215.051 204.966 181.258 171.664 159.963 154.37 153.227 194.796 150.149 148.491 143.465 165.109
threshold=1.0000000180025095e-35 0.041176265105605132 0.016395426355302337 -0.059249300509691231 0.22355348616838458 1.7051149606704714 34.72050857543946 0.021706453524529937 0.15454842895269397 0.019742332398891452 -0.029844870790839192 0.030443154275417331 0.056429909542202956 14.071050167083742 -0.036604972556233399 0.17813075333833697 35.280538558959968 -0.052973167970776551 69.620273590087905 1.5000000000000002 57.576057434082038 0.050517905503511436 0.20794968307018283 0.21380081027746203 0.050517905503511436 0.13519021123647693 -0.030586643144488331 -1.0000000180025095e-35 -0.011294552125036715 93.429920196533217
decision_type=2 2 2 2 2 2 2 2 2 2 2 2 2 2 2 2 2 2 2 2 2 2 2 2 2 2 2 2 2 2
left_child=1 2 11 14 -2 16 7 10 12 18 17 -1 21 -5 -4 24 -3 19 -10 27 -13 -8 -15 -17 28 -26 -9 -7 -14 -30
right_child=4 5 3 13 -6 6 8 26 9 -11 -12 20 15 22 -16 23 -18 -19 -20 -21 -22 -23 -24 -25 25 -27 -28 -29 29 -31
leaf_value=-0.023913379620711536 0.090404882671988221 0.030596283100157991 0.030823077650739335 -0.016320318736925677 -0.0071379906270445581 0.05446067363016225 0.01251504936845365 0.037518023191787313 0.012753743824945702 -0.0064906121850345751 -0.010971178634333402 -0.014768688529207272 0.033602604714951044 0.0020617646464392804 0.10291021961951581 0.072057783640963491 -0.0068775192847706683 0.0022896439370642769 0.057572056285506767 -0.015289088108231184 0.00073075519411596704 0.043008517605819981 -0.024289116839549801 0.033257642177913681 0.081212762428763352 0.0064834685343271043 0.1375703188345325 -0.0097071459264500542 0.011399689842495151 0.073577460540224945
leaf_weight=10146.520839929581 1628.5141608119011 478.46838042140007 181.93033351004124 4533.6187779158354 231.71937902271748 616.15367095172405 8546.6549913287163 72.281148254871368 1159.248439759016 3401.0784119665623 4152.9175346642733 10911.424688920379 1501.8779021650553 6463.3557146191597 551.14732478559017 497.91904975473881 6711.751298263669 2015.1434299349785 348.00002603232861 174.68054537475109 2280.5109544545412 487.88407227396965 632.26761856675148 528.39629063010216 244.41029162704945 135.57821969687939 77.923104420304298 105.61149218678474 2438.1077323555946 111.65742866694927
leaf_count=67040 4758 2330 892 28985 1208 2922 44664 328 5988 17587 22535 66621 7301 37413 1811 2033 36126 10804 1565 904 13010 2281 3714 2457 965 631 297 514 11773 507
internal_value=0 -0.00206663 -0.0116472 -0.00110781 0.0782545 0.00805097 0.0114103 0.000324831 0.0155327 0.00259656 -0.00156956 -0.0172299 0.0199139 -0.00653709 0.0850201 0.0294353 -0.00438385 0.0118403 0.0231016 0.0333096 -0.0120893 0.0141618 -0.000286276 0.0520816 0.0241907 0.0545497 0.0894232 0.0450714 0.0213435 0.0141225
internal_weight=0 69506.5 35700.8 12362.3 1860.23 33805.7 26615.5 7214.71 19400.8 4908.33 7064.51 23338.5 14492.5 11629.2 733.078 5457.95 7190.22 2911.59 1507.25 896.446 13191.9 9034.54 7095.62 1026.32 4431.63 379.989 150.204 721.765 4051.64 2549.77
internal_count=399964 393998 219486 72815 5966 174512 136056 38304 97752 25140 37679 146671 72612 70112 2703 25667 38456 15144 7553 4340 79631 46945 41127 4490 21177 1596 625 3436 19581 12280
is_linear=0
shrinkage=0.05


Tree=18
num_leaves=31
num_cat=0
split_feature=122 142 225 29 229 29 15 15 231 230 224 29 122 225 152 232 227 227 130 231 122 29 29 229 233 226 226 228 22 232
split_gain=7599.28 2190.83 1637.67 1699.47 924.684 504.615 488.676 414.106 315.351 298.561 317.758 275.732 265.779 237.835 228.588 226.715 1871.03 215.729 199.899 199.185 193.203 188.367 182.422 179.61 158.847 133.692 136.667 154.157 129.51 118.291
threshold=0.037276059389114387 34.35585021972657 0.058001475408673293 0.035919295623898513 1.7563159465789797 0.044143268838524825 0.38386669754982 0.16347435861825946 0.11882765591144563 6.5000000000000009 4.5000000000000009 0.024471336975693706 0.074038688093423857 0.0065890189725905665 0.072252683341503157 -0.63058495521545399 -0.017834926024079319 0.16194821149110797 0.014834761619567873 0.11882765591144563 0.0087549355812370794 0.059414347633719451 0.045222163200378425 1.9950509667396548 0.15564788877964023 -0.036604972556233399 0.0011882765393238517 51.431821823120124 1.0000000180025095e-35 -3.334617972373962
decision_type=2 2 2 2 2 2 2 2 2 2 2 2 2 2 2 2 2 2 2 2 2 2 2 2 2 2 2 2 2 2
left_child=2 4 3 11 5 14 12 8 13 10 23 -1 24 -5 19 -13 25 -4 -7 -2 -9 29 -10 -6 -3 -17 27 -27 -21 -20
right_child=1 6 17 7 9 18 -8 20 22 -11 -12 15 -14 -15 -16 16 -18 -19 21 28 -22 -23 -24 -25 -26 26 -28 -29 -30 -31
leaf_value=0.027794617119379528 -0.046244084993375165 -0.02181324054202019 -0.068144604518864546 -0.068429679315731143 -0.066895651590907115 -0.021001936004155411 -0.041551327158363377 -0.074599019362156349 0.011446841922110207 0.021544643665551991 0.021026109774252996 0.024155382299429158 -0.033794505013003642 0.023873803454909425 -0.012177887379107277 0.0044662539288075637 0.019125770749772886 0.0016510829433257915 -0.045761754934639333 -0.054252340594304151 -0.0084056100186775101 -0.016622937727804744 0.0016315746564872899 -0.032622688771727186 -0.0042382379980619063 -0.069913678469454107 0.012958152014792876 0.0093977835589827419 0.0071544107772807501 -0.0013149163490471724
leaf_weight=10144.63218152523 181.03436042368412 5558.8903054445982 705.03010660409927 238.18503612279892 954.97769737243652 3655.0431976914406 5601.2551047205925 112.99183461070061 11496.221576839685 177.82122209668159 158.65176466107368 8398.5102493166924 4012.5720098763704 98.709620207548141 2128.656858548522 93.791137918829918 11810.574553892016 131.33453103899956 153.26608711481094 86.574031382799149 4520.6295427232981 3563.4639641046524 8047.6475932300091 637.42210499942303 1672.4848360866308 769.83046478033066 62.658183977007866 66.565548166632652 10465.262570902705 6427.273579955101
leaf_count=46694 556 18738 1883 645 2552 13057 16751 334 47380 710 646 37925 12800 415 8000 353 52061 511 439 314 16488 12551 30669 2114 5885 2144 278 294 43062 24109
internal_value=0 -0.0151818 0.0122631 0.0133029 -0.006754 -0.0043353 -0.0294854 0.00344107 0.00657839 -0.0401848 -0.0464535 0.0210153 -0.0234747 -0.0413849 0.00278984 0.0177715 0.013584 -0.0571846 -0.0109764 0.0057584 -0.0100198 -0.00736399 0.00740517 -0.0531765 -0.0177485 -0.0523398 -0.0582659 -0.0636016 0.00665059 -0.00235012
internal_weight=0 45434.6 56697.3 55860.9 28589.4 26660.6 16845.2 24514.4 19880.8 1928.87 1751.05 31346.6 11243.9 336.895 12861.5 21201.9 12803.4 836.365 13799 10732.9 4633.62 10144 19543.9 1592.4 7231.38 992.845 899.054 836.396 10551.8 6580.54
internal_count=400358 162284 238074 235680 108110 102088 54174 95931 79109 6022 5312 139749 37423 1060 51932 93055 55130 2394 50156 43932 16822 37099 78049 4666 24623 3069 2716 2438 43376 24548
is_linear=0
shrinkage=0.05


Tree=19
num_leaves=31
num_cat=0
split_feature=15 233 226 12 227 232 227 144 230 224 41 29 232 41 225 227 227 233 232 225 224 29 15 225 230 6 233 226 233 227
split_gain=6501.19 2841.72 3802.23 1799.02 1730.87 1239.55 919.749 784.158 664.941 1301.47 651.124 649.262 485.143 430.884 437.672 402.513 348.802 335.787 318.904 364.313 353.284 289.656 278.413 238.735 234.031 222.445 218.195 247.818 208.82 205.817
threshold=0.25458267331123358 -0.0111924079246819 -0.0047057049814611665 0.12036285921931268 -0.0079290056601166708 -0.65437415242195118 0.22535404562950137 11.067349910736086 11.500000000000002 4.5000000000000009 0.095331378281116499 0.043121710419654853 0.39682576060295111 0.044827153906226165 -0.072023449465632425 0.22535404562950137 0.013024828396737577 0.19598775357007983 -1.5969384908676145 -0.0043661852832883588 3.5000000000000004 0.033424468711018569 0.50685077905654918 -0.012163402512669562 1.5000000000000002 2.5834499597549443 -0.017188164405524727 -0.0047057049814611665 0.06707268208265306 0.013518193271011116
decision_type=2 2 2 2 2 2 2 2 2 2 2 2 2 2 2 2 2 2 2 2 2 2 2 2 2 2 2 2 2 2
left_child=1 2 7 11 23 21 10 8 13 -10 12 -3 16 14 -1 18 26 -5 19 -13 -21 -6 -14 -4 -8 -7 27 -2 -17 -15
right_child=6 3 4 17 5 25 24 -9 9 -11 -12 15 22 29 -16 28 -18 -19 -20 20 -22 -23 -24 -25 -26 -27 -28 -29 -30 -31
leaf_value=0.17450217450718486 0.037260655211561376 -0.027630433596932596 0.048193605184514411 0.031525104909981831 0.012806222203701135 -0.016344226764438297 0.022321632475889544 0.050197751566721162 -0.027803218992723894 0.11056002569254689 0.061275099388994753 -0.0022099475139153528 0.0017077312476848185 -0.0011196066931554375 -0.020084730289137299 0.016076504497840063 0.094576568158599175 0.10120964051019132 -0.016069705155968665 0.13559435517175092 0.0039539942658090585 0.10181928400120809 0.038276767816469062 0.1023328880242602 0.086391816704104341 0.023036782547267445 0.019935810545484368 0.11356772536790349 0.09854663016770876 0.04076309312970381
leaf_weight=29.021536193788052 334.94756522029638 15452.20002938807 242.01671853661537 469.13934302330017 112.90176264941692 896.62555650621653 160.93382239341736 591.82771235704422 352.90949360281229 327.83327652513981 1617.6480769217014 600.11961284279823 2018.3687946200371 2688.9474102929235 6766.4909662827849 235.51957330852747 296.24136164039373 273.74956720322371 5962.1411253884435 110.67642126977444 94.470296673476696 479.74248784780502 701.33166319131851 1283.6253918707371 1246.2218482866883 597.56248437613249 884.96377624571323 155.93545293807983 113.86744909733534 329.24331276863813
leaf_count=158 1995 165136 1118 2794 838 8391 937 4224 3448 1156 8355 5387 14966 22985 67506 1781 1542 1113 53946 837 853 2179 3697 4749 5595 5145 5640 682 696 2509
internal_value=0 -0.00849933 0.00871762 -0.0193551 0.0532668 0.0236742 0.0426771 -0.00579877 -0.00895666 0.03883 0.0341567 -0.0218751 0.0241681 -0.0122715 -0.0192537 -0.00937892 0.0453622 0.0572034 -0.0120808 0.0174531 0.0749738 0.0848618 0.0111378 0.0937446 0.0790642 -0.000594794 0.0347656 0.0615006 0.042954 0.00344922
internal_weight=0 38010.6 14698.7 23311.9 3612.47 2086.83 7416.59 11086.3 10494.4 680.743 6009.44 22569 4391.79 9813.7 6795.51 7116.79 1672.09 742.889 6767.41 805.266 205.147 592.644 2719.7 1525.64 1407.16 1494.19 1375.85 490.883 349.387 3018.19
internal_count=400358 356949 124406 232543 22420 16553 43409 101986 97762 4604 36877 228636 28522 93158 67664 63500 9859 3907 61023 7077 1690 3017 18663 5867 6532 13536 8317 2677 2477 25494
is_linear=0
shrinkage=0.05


Tree=20
num_leaves=31
num_cat=0
split_feature=7 29 234 227 225 231 228 225 224 226 29 228 143 29 225 226 230 225 225 234 234 234 225 110 227 14 227 187 227 228
split_gain=4160.66 2396.62 777.575 2077.55 623.254 473.447 447.515 382.795 328.594 390.771 302.592 269.043 268.317 255.607 251.208 241.058 332.065 228.516 228.234 219.285 272.18 208.963 339.201 176.914 158.787 193.145 158.624 156.073 148.54 148.393
threshold=1.0000000180025095e-35 0.041176265105605132 0.016395426355302337 -0.059249300509691231 0.20679578930139544 1.7051149606704714 35.280538558959968 -0.00040011579403653735 1.5000000000000002 0.060833279043436057 0.030443154275417331 59.548330307006843 27.860850334167484 0.023851885460317138 -0.018960645422339436 -0.052973167970776551 1.5000000000000002 0.11845536530017854 0.0044434329029172668 0.072101317346096053 0.031652987003326423 0.021706453524529937 0.012681240681558849 0.72223395109176647 0.15536781400442126 0.09585506841540338 0.18537236005067828 -1.0000000180025095e-35 0.0060738304164260635 37.62028884887696
decision_type=2 2 2 2 2 2 2 2 2 2 2 2 2 2 2 2 2 2 2 2 2 2 2 2 2 2 2 2 2 2
left_child=1 2 10 18 -2 14 15 8 9 -8 -1 -10 -13 -5 26 16 27 19 -4 20 29 28 -23 -12 25 -15 -3 -7 -17 -9
right_child=4 5 3 13 -6 6 7 17 11 -11 23 12 -14 24 -16 21 -18 -19 -20 -21 -22 22 -24 -25 -26 -27 -28 -29 -30 -31
leaf_value=-0.023302297759249444 0.082285680856972035 0.024421783767316831 0.030781355826464463 -0.020426535755506448 -0.0045647386006494647 0.051040959812840958 0.069934840650485816 0.036625587291133181 0.0089178155372398888 0.01813278112532565 -0.014580566294364425 0.017347720253477618 0.054701086502511966 -0.0033118291921905387 -0.0091820437025132828 -0.0083679100886277641 -0.002986413475248543 -0.024252713191479532 0.09430520246928259 -0.019356075433506266 0.024983248671673008 0.0049690895061972338 0.123064195817516 2.4237997670661412e-05 -0.014143426379604307 0.016604511495003946 -0.0069953615794410952 -0.014143970805450018 0.015859535056969031 0.0060833051544296217
leaf_weight=9807.5606468319893 1723.9561995863914 1078.1521891206503 187.24701789021492 2521.3311574906111 234.68781566619873 657.36595007777214 770.17210552096367 419.16209504008293 2964.0038862377405 690.40714299678802 10388.10000012815 1169.7037371397018 816.24715520441532 5160.6115591973066 5508.0295428335667 5531.731464907527 891.20389714837074 480.47378672659397 577.48868006467819 569.42990478873253 3130.0537880957127 228.75806821882725 82.817181915044785 2590.6423875838518 2176.4767224788666 1593.1107548475266 640.41713346540928 106.73759667575359 714.35955093801022 7765.5393848419189
leaf_count=67053 4845 5358 902 16906 1225 2993 3413 2067 15128 3420 64651 5557 3424 31535 29925 30042 4657 2550 1796 3035 14968 1079 295 15018 13060 8569 3314 525 3659 39389
internal_value=0 -0.0020189 -0.0112174 -0.00103953 0.0718791 0.00739145 0.010435 0.0146934 0.0246087 0.0454483 -0.0166741 0.0184595 0.0327004 -0.00636798 -0.00397483 0.000700151 0.0177498 0.00955274 0.0787513 0.0109195 0.0124431 -0.00360358 0.036359 -0.0116654 -0.00239872 0.00138616 0.0127143 0.0419353 -0.00559704 0.00764746
internal_weight=0 69217.3 35002.6 12216.3 1958.64 34214.8 26988.2 18775.2 6410.53 1460.58 22786.3 4949.95 1985.95 11451.5 7226.6 8212.97 1655.31 12364.7 764.736 11884.2 11314.8 6557.67 311.575 12978.7 8930.2 6753.72 1718.57 764.104 6246.09 8184.7
internal_count=400358 394288 219490 72768 6070 174798 136201 92951 30942 6833 146722 24109 8981 70070 38597 43250 8175 62009 2698 59459 56424 35075 1374 79669 53164 40104 8672 3518 33701 41456
is_linear=0
shrinkage=0.05


Tree=21
num_leaves=31
num_cat=0
split_feature=122 142 7 29 7 14 41 29 41 29 225 231 225 29 29 232 227 110 231 15 232 227 110 230 233 224 133 232 230 231
split_gain=6879.31 1989.57 1541.42 1507.11 1046.65 510.111 503.522 427.674 367.838 320.354 256.218 220.903 216.688 216.236 208.202 207.243 1548.42 190.404 177.966 160.259 141.844 196.947 138.998 124.985 234.803 321.16 121.41 110.342 119.593 133.854
threshold=0.036420628428459174 34.35585021972657 1.0000000180025095e-35 0.034388255327939994 1.0000000180025095e-35 0.31188467144966131 0.076661657541990294 0.04634519666433335 0.0076234478037804374 0.050618873909115798 0.20679578930139544 0.11882765591144563 0.0065890189725905665 0.023427709937095646 0.062097311019897468 -0.61112582683563221 -0.01753139495849609 0.77552232146263134 0.11882765591144563 0.11453822627663614 -0.26577895879745478 -0.021543153561651703 0.7829902470111848 10.500000000000002 -0.019231522455811497 4.5000000000000009 0.7125128209590913 -3.334617972373962 8.5000000000000018 0.51252290606498729
decision_type=2 2 2 2 2 2 2 2 2 2 2 2 2 2 2 2 2 2 2 2 2 2 2 2 2 2 2 2 2 2
left_child=2 4 3 13 6 14 7 18 -5 11 -6 12 -10 -1 17 -15 20 -3 -2 -20 21 -17 23 -13 25 -25 27 -9 -29 -30
right_child=1 5 -4 8 10 -7 -8 26 9 -11 -12 22 -14 15 -16 16 -18 -19 19 -21 -22 -23 -24 24 -26 -27 -28 28 29 -31
leaf_value=0.028168910248208258 -0.038840613728715466 -0.0070624803719575016 -0.063395314234694064 -0.069549260541539801 -0.062082467016675968 -0.040763249943571452 -0.02068774405588663 -0.040767733297023816 -0.062305458997090959 -0.0049321836076272763 0.0021493353973101302 0.012254540423734918 0.019692355191410917 0.024927817470182627 -0.029055022469608685 -0.046363107913663375 0.020141094111043537 -0.023830293893113062 0.0079368867114895467 -0.0043088608375950613 -0.064433549008436439 0.013627841281635841 -0.0016751158601602983 -0.00045853584215254782 0.0089099122515710668 -0.079599635836083149 -0.02264819411020965 -0.0034948666836906923 -0.06289579421133093 -0.013924361313406575
leaf_weight=8250.0693412870169 237.15710374712944 3182.2162520885468 664.75992116332054 166.12307173013687 999.66156271100044 5009.0877854526043 3958.9485640972853 235.93154957890511 214.88214272260666 6098.4720297306776 183.80269154906273 14560.139068499207 128.90054260194302 7562.573626101017 5518.3780916631222 437.41607972979546 10524.303416669369 3617.7945309877396 10546.471041887999 3578.1702948510647 443.48932315409184 199.07377523183823 2692.7431182712317 362.57226066291332 1684.8905443251133 198.30240240693092 1442.5794195383787 7300.1142226755619 156.07185842096806 1316.9579291194677
leaf_count=39253 732 10963 1776 513 2669 14499 13891 659 575 22230 622 60442 552 35341 17748 1281 47992 11697 43953 13836 1262 914 10439 1464 7032 552 5071 26763 461 4820
internal_value=0 -0.0138243 0.0122737 0.0132135 -0.00602381 -0.0273098 -0.00412833 -0.0014863 0.00461546 0.0050904 -0.0521067 0.00817079 -0.0315606 0.0214007 -0.0218392 0.0184875 0.0142903 -0.0159834 0.00411348 0.00483469 -0.0427255 -0.0275998 0.0088713 0.0105611 -0.000418042 -0.0284396 -0.00918105 -0.00702463 -0.00611719 -0.019113
internal_weight=0 47283.3 54188.7 53524 29955.9 17327.5 28772.4 24813.5 26107 25940.9 1183.46 19842.4 343.783 27416.9 12318.4 19166.9 11604.3 6800.01 14361.8 14124.6 1079.98 636.49 19498.6 16805.9 2245.77 560.875 10451.7 9009.08 8773.14 1473.03
internal_count=400002 168384 231618 229842 113477 54907 110186 96295 103799 103286 3291 81056 1127 126043 40408 86790 51449 22660 58521 57789 3457 2195 79929 69490 9048 2016 37774 32703 32044 5281
is_linear=0
shrinkage=0.05


Tree=22
num_leaves=31
num_cat=0
split_feature=14 233 226 227 187 29 229 29 142 230 224 227 227 29 230 229 168 167 227 227 3 226 122 187 187 225 226 226 229 11
split_gain=5643.4 3184.3 3751.99 1289.36 852.272 842.827 801.969 778.944 693.71 770.008 807.232 622.682 537.139 423.888 381.901 367.286 302.562 280.388 247.85 382.34 336.073 224.278 220.799 216.915 214.432 210.302 201.403 321.205 320.749 197.896
threshold=0.19875097274780276 -0.0111924079246819 -0.0047057049814611665 -0.0079290056601166708 -18.57750034332275 0.040544955059885986 1.0241429805755617 0.033563971519470222 23.2167501449585 11.500000000000002 4.5000000000000009 0.22302427142858508 0.22535404562950137 0.062097311019897468 1.5000000000000002 0.93156248331069957 0.96415001153945934 5.5386500358581552 0.013518193271011116 0.015387311577796938 389564.37500000006 0.17813075333833697 0.066826932132244124 -4.566499948501586 -1.0000000180025095e-35 -0.011521907057613133 -0.036604972556233399 -0.040118413046002381 0.94889390468597423 -0.064596392214298234
decision_type=2 2 2 2 2 2 2 2 2 2 2 2 2 2 2 2 2 2 2 2 2 2 2 2 2 2 2 2 2 2
left_child=1 2 8 25 -2 22 7 -5 9 18 -11 13 17 -6 -13 23 -10 26 24 20 -20 -15 -3 -9 -1 -4 27 -7 -29 -26
right_child=4 5 3 6 11 12 -8 15 16 10 -12 14 -14 21 -16 -17 -18 -19 19 -21 -22 -23 -24 -25 29 -27 -28 28 -30 -31
leaf_value=-0.02134325755051672 0.071877806536967168 -0.028768433781578198 0.063279640303274529 -0.012393225397438919 0.0075912491346949128 -0.019644210943781128 -0.012502282060590501 0.090232644637001314 0.0071085771457800907 -0.029160785375337991 0.099796518069922485 -0.0013749269351584308 0.041848181876186677 0.046231200897337815 0.079921551788563569 0.099633787461463938 0.04530177066316271 0.0023148065630502158 0.12342589296487441 -0.013406014458594618 0.0063721599113168289 -0.001600008531548048 0.002983382440634081 0.023490921458690556 0.074915195865195613 0.099688314082614582 -0.020287362282977471 0.10861644105551367 0.0027175564148579461 -0.017708663197523487
leaf_weight=6565.1358791589737 1708.6120874583721 13114.194349735975 656.55893732607365 385.38683453202248 2208.6412720903754 428.49867288023233 812.30891682207584 170.96621626615524 2537.5195584222674 204.65973469614983 298.12121766805649 173.96402844041586 512.07977502793074 1710.8511556535959 851.77910729497671 541.97039667516947 651.71758290380239 2773.6120386794209 116.13652742654085 547.95675956457853 129.91525019705296 286.05527217686176 571.37499053031206 422.81850032508373 113.11724272370338 1001.7877903133631 5284.0631253272295 125.72582892328501 165.79167095571756 117.64157746732235
leaf_count=66495 7186 146736 2467 3622 14640 4084 7496 1053 20565 2168 996 1090 3520 9333 3381 2388 4515 24030 824 5161 1203 1918 4860 2986 667 3592 49402 896 1544 1184
internal_value=0 -0.00779001 0.00990397 0.0515655 0.0412183 -0.0195527 0.0276097 0.0490299 -0.00483683 -0.0126201 0.0473037 0.0312045 -0.00792924 0.0226851 0.0661338 0.0698722 0.0149133 -0.0108332 -0.0165897 0.00984395 0.0616216 0.0393794 -0.0274428 0.0427076 -0.0196781 0.0852737 -0.016907 0.0079011 0.0483897 0.0276953
internal_weight=0 38249.1 15273.7 3991.8 6939.9 22975.3 2333.45 1521.14 11281.9 8092.68 502.781 5231.29 9289.77 4205.55 1025.74 1135.76 3189.24 8777.69 7589.9 794.009 246.052 1996.91 13685.6 593.785 6795.89 1658.35 6004.08 720.016 291.517 230.759
internal_count=400002 362454 127382 23604 37548 235072 17545 10049 103778 78698 3164 30362 83476 25891 4471 6427 25080 79956 75534 7188 2027 11251 151596 4039 68346 6059 55926 6524 2440 1851
is_linear=0
shrinkage=0.05


Tree=23
num_leaves=31
num_cat=0
split_feature=7 142 225 41 225 122 233 226 225 233 226 225 228 225 226 233 228 232 226 160 225 41 160 233 225 233 226 38 160 232
split_gain=3590.08 2139.07 552.124 536.143 301.939 297.732 278.84 1261.77 822.059 258.082 264.599 284.686 264.143 243.096 241.854 242.209 222.63 234.698 206.42 189.685 169.244 148.029 134.044 120.01 117.567 113.662 105.598 100.273 98.4708 98.2897
threshold=1.0000000180025095e-35 20.605950355529789 0.20679578930139544 0.031964560970664031 0.11845536530017854 0.034194845706224448 0.019478814676404003 -0.018397438339889046 -0.0070878711994737378 0.0069579517003148803 -0.011009755544364451 -0.016739149577915665 69.620273590087905 -0.017148353159427639 -0.052973167970776551 -0.0034854352707043286 61.942039489746101 0.99556085467338573 -0.045070454478263848 2.9534983634948735 -0.0070878711994737378 1.0000000180025095e-35 2.406159639358521 0.026820542290806774 -0.0096520888619124872 -0.015967056620866057 1.0000000180025095e-35 0.54287055134773265 4.1016869544982919 -0.66903001070022572
decision_type=2 2 2 2 2 2 2 2 2 2 2 2 2 2 2 2 2 2 2 2 2 2 2 2 2 2 2 2 2 2
left_child=1 3 -2 6 5 21 19 8 -8 12 20 13 18 16 -5 28 17 -12 24 -1 -11 -3 -9 -10 -7 -14 -13 -23 -16 -28
right_child=2 4 -4 14 -6 9 7 22 23 10 11 26 25 -15 15 -17 -18 -19 -20 -21 -22 27 -24 -25 -26 -27 29 -29 -30 -31
leaf_value=-0.026738759208383651 0.075497511780751078 0.058336310367459655 -0.0057997450717537126 0.019570897036763603 -0.026457386317123507 0.031291093264081041 -0.018106386822988062 -0.022550941866697202 0.086754088137105015 0.01292902297130639 0.035297421827601996 -0.015132810472891528 0.035384653587313401 0.074095067407372692 -0.017485510794638406 0.0035547948372393391 0.047704454124008797 -0.0065853707039309588 -0.0015198087754986799 -0.014648295633241186 0.058464861346846933 -0.0033403540564866984 -0.0096920722406692947 0.018662025993733591 0.0044765691610701569 -0.025229493939740666 0.025463083649265795 0.0086207340167215214 -0.0049593892955525883 0.0093272758439295507
leaf_weight=5491.4313194155693 1771.0758019387722 108.94695356488228 236.76452067494392 1164.0431482791901 651.09934851527214 834.58186656236649 332.0541029125452 3236.7730631530285 563.56554834544659 320.06002198159695 603.29401378333569 399.93093158304691 860.23104897141457 270.72410155832767 3016.795203320682 5280.6431984007359 648.4540785998106 750.69759345054626 7195.6559938639402 7926.7248984724283 562.99071681499481 6869.0124354064465 5420.8591924905777 73.102701172232628 801.20612820982933 84.98056498169899 1058.9245107769966 2352.2111862301826 3269.2186271250248 8678.6874758899212
leaf_count=39363 4850 503 1223 6088 3564 3889 2243 22768 1903 1586 2796 2132 3904 1015 19387 31413 2610 3679 37351 49543 2380 38734 34665 346 3882 473 5101 12160 18340 42111
internal_value=0 -0.0019159 0.0659109 -0.0103884 0.00725471 0.00793216 -0.0149378 -0.00844433 0.0456721 0.0109802 0.0155154 0.0136337 0.00481357 0.0296258 -0.00215311 -0.00433936 0.0236137 0.0120762 0.00212486 -0.0195964 0.0419605 0.000395321 -0.0144995 0.0789357 0.0181574 0.0299351 0.0100478 -0.00028924 -0.0109709 0.011082
internal_weight=0 68826.9 2007.84 35775.2 33051.7 32400.6 23044.5 9626.35 968.722 23070.4 13293.8 12410.7 9776.66 2273.17 12730.7 11566.7 2002.45 1353.99 8831.44 13418.2 883.051 9330.17 8657.63 636.668 1635.79 945.212 10137.5 9221.22 6286.01 9737.61
internal_count=400002 393929 6073 226059 167870 164306 150831 61925 4492 112909 63410 59444 49499 10100 75228 69140 9085 6475 45122 88906 3966 51397 57433 2249 7771 4377 49344 50894 37727 47212
is_linear=0
shrinkage=0.05


Tree=24
num_leaves=31
num_cat=0
split_feature=41 7 29 14 7 29 15 231 29 12 225 232 227 41 29 29 117 232 227 225 15 231 110 230 233 234 234 227 225 29
split_gain=6077.58 1724.96 1913.45 1440.92 678.466 631.729 458.386 335.012 254.044 243.221 237.554 235.264 1536.17 231.578 212.772 175.558 153.8 146.915 171.15 137.72 123.443 130.376 115.567 113.484 205.994 313.925 122.385 604.896 124.099 112.392
threshold=0.041668225079774864 1.0000000180025095e-35 0.035228475928306587 0.17648591101169589 1.0000000180025095e-35 0.057110311463475234 0.16347435861825946 0.11882765591144563 0.023427709937095646 0.17374691367149356 0.0065890189725905665 -0.61632698774337757 -0.01753139495849609 0.078080486506223692 0.04878541827201844 0.068142391741275801 1.0000000180025095e-35 -0.26577895879745478 -0.021543153561651703 0.20679578930139544 0.096799071878194823 0.11882765591144563 0.84535405039787304 10.500000000000002 -0.016525983810424801 -0.010293399915099142 0.016909533180296425 -0.059249300509691231 0.0044434329029172668 0.061626667156815536
decision_type=2 2 2 2 2 2 2 2 2 2 2 2 2 2 2 2 2 2 2 2 2 2 2 2 2 2 2 2 2 2
left_child=1 2 8 4 5 13 7 10 -1 15 -4 -10 17 20 23 -5 29 18 -13 -6 21 -2 -14 26 25 -25 -9 28 -28 -8
right_child=3 -3 6 9 19 -7 16 14 11 -11 -12 12 22 -15 -16 -17 -18 -19 -20 -21 -22 -23 -24 24 -26 -27 27 -29 -30 -31
leaf_value=0.027227329730496398 -0.044682372009296117 -0.059732919257991381 -0.061184570124294839 -0.022282213780099005 -0.058691161181233235 -0.019273973278520363 -0.0053160265537861686 0.012989460492414959 0.023347180917538783 -0.046539035689321356 0.022901607473645856 -0.04051305675912624 0.020843560511409759 -0.015952832100943233 -0.0014302570023108476 -0.036403995756756589 -0.058338613571302315 -0.058960822594389999 0.011103304920786185 -0.0037867158856705282 -0.0064619174089745992 0.0038562258844977576 0.0088685532274073928 -0.000704239745787861 0.0077879559042339222 -0.074908027856409029 -0.0061789856163473348 0.0084472936647356292 -0.0842569799803113 -0.022178606411166996
leaf_weight=8173.7566550523043 140.27408269047737 881.49672400951385 314.0664082467556 6652.583659812808 804.29508212208748 7982.0826215595007 5011.6002970486879 11423.209769949317 8610.5836230963469 1885.9518780112267 114.66006642580032 527.47469627857208 9508.0057013779879 2656.9818041920662 7064.9028181880713 3288.8061357736588 159.65797032415867 537.89975224435329 230.89960713684559 133.11831322312355 4907.7510109692812 10060.427459299564 2556.4714717715979 424.74649645388126 1663.9554425477982 214.51899933815002 65.721384882926941 3389.9279116988182 225.54613417387009 1230.8535458743572
leaf_count=40169 409 2372 841 20936 2161 26762 18315 48329 41128 5240 498 1539 44388 9386 26365 9647 451 1500 1078 454 18276 40015 11507 1742 7008 587 248 14053 653 4062
internal_value=0 0.00971456 0.0107108 -0.0155498 -0.00911106 -0.00758981 0.00205244 0.00512034 0.0197019 -0.0300769 -0.0386963 0.0169022 0.0127487 -0.00234007 0.00588795 -0.026954 -0.00988028 -0.0389739 -0.0247976 -0.0508944 5.38785e-05 0.00318875 0.018306 0.00885805 -0.00148032 -0.0256049 0.0104345 0.00250619 -0.0666395 -0.0086409
internal_weight=0 62330 61448.5 38512.3 26684.9 25747.5 31303.4 24901.3 30145.1 11827.3 428.726 21971.3 13360.8 17765.4 24472.5 9941.39 6402.11 1296.27 758.374 937.413 15108.5 10200.7 12064.5 17407.6 2303.22 639.265 15104.4 3681.2 291.268 6242.45
internal_count=400119 266833 264461 133286 97463 94848 123152 100324 141309 35823 1339 101140 60012 68086 98985 30583 22828 4117 2617 2615 58700 40424 55895 72620 9337 2329 63283 14954 901 22377
is_linear=0
shrinkage=0.05


Tree=25
num_leaves=31
num_cat=0
split_feature=15 233 226 228 152 227 228 232 227 224 14 144 232 224 226 227 233 227 187 187 227 227 3 230 228 227 227 226 226 227
split_gain=5161.25 2473.09 2824.82 1472.43 1219.47 992.522 764.51 756.487 729.724 718.925 652.344 618.437 373.231 403.444 497.232 344.317 363.509 310.912 295.433 293.23 286.085 509.613 321.687 275.057 252.018 305.467 243.284 221.269 215.183 211.649
threshold=0.20336668193340304 -0.0111924079246819 -0.0047057049814611665 53.898300170898445 0.092412099242210402 0.22535404562950137 22.164649009704593 0.39682576060295111 0.17881353944540027 4.5000000000000009 0.34511150419712072 7.7671499252319345 -1.6804370880126951 3.5000000000000004 -0.039080714806914323 0.013024828396737577 -0.033969070762395852 0.23063293099403384 -1.0000000180025095e-35 -15.499499797821043 0.013518193271011116 0.015387311577796938 389564.37500000006 1.5000000000000002 75.750839233398452 0.11508779227733613 0.14912125468254092 -0.028645382262766358 -0.011426768731325863 0.14239784330129626
decision_type=2 2 2 2 2 2 2 2 2 2 2 2 2 2 2 2 2 2 2 2 2 2 2 2 2 2 2 2 2 2
left_child=1 2 6 8 12 7 9 15 -4 18 24 20 13 14 -3 16 27 -6 -1 -18 -8 22 -22 -7 -9 -26 -14 -2 -25 -12
right_child=5 4 3 -5 17 23 11 10 -10 -11 29 -13 26 -15 -16 -17 19 -19 -20 -21 21 -23 -24 28 25 -27 -28 -29 -30 -31
leaf_value=-0.012995847524791243 0.033424686152146645 0.080838560547642074 0.075516352400762432 -0.0004183928870196208 0.017137250560778552 0.0090081927415406118 -0.017815701256298621 -0.007680522967279702 -0.029558218186535298 0.089760606471531931 0.015215453368326068 0.030631931016278903 -0.028751591969940371 -0.018949794014606794 -0.009025197559495917 0.078662322924274886 0.057979226734715464 0.085231665685056177 0.068966218765695697 0.012479086337169215 0.11745323726322683 -0.016191315609692714 0.012282291858158259 0.034470985619150234 -0.010191237427398367 0.056059903753588596 -0.014258412038809665 0.088011250073035799 0.079228877111997775 0.052064678789640141
leaf_weight=547.36090614646673 326.89555509388447 275.26720178872347 2208.1832145377994 1190.6962400749326 977.73920132964849 205.31697576493025 7824.8893568068743 2749.2423685267568 178.60004886239767 372.6937100738287 643.81050518900156 816.96503762900829 14015.315681003034 1202.6292368769646 349.2204564884305 544.59786607325077 467.596320271492 202.31801374256611 137.5788898691535 1458.8184368982911 149.6564484834671 522.73976062983274 141.40869730710983 335.37678522616625 319.43375178426504 382.11523143947124 3649.4913692548871 429.65169896930456 1347.475903250277 987.1643799841404
leaf_count=5125 1916 2306 8428 10933 7196 1206 78746 20789 1762 1191 3096 6128 154470 12792 3547 2713 2154 833 737 9631 950 5062 1275 1722 2493 2614 38157 1891 5725 4531
internal_value=0 -0.00953358 0.00661956 0.0449972 -0.0205441 0.0309201 -0.00643965 0.0234842 0.0676538 0.0338757 0.0114611 -0.010949 -0.0235322 -0.00201911 0.0305857 0.0424145 0.0350568 0.0288119 0.00346728 0.0235233 -0.0148813 0.0133332 0.0663578 0.0636433 -0.00085479 0.025894 -0.0257573 0.064425 0.070309 0.0375188
internal_weight=0 34762.8 14090.8 3577.48 20672 10197.5 10513.3 8309.33 2386.78 1057.63 5081.77 9455.66 19491.9 1827.12 624.488 3227.56 2682.96 1180.06 684.94 1926.41 8638.69 813.805 291.065 1888.17 3450.79 701.549 17664.8 756.547 1682.85 1630.97
internal_count=400119 339638 120337 21123 219301 60481 99214 51828 10190 7053 33523 92161 211272 18645 5853 18305 15592 8029 5862 11785 86033 7287 2225 8653 25896 5107 192627 3807 7447 7627
is_linear=0
shrinkage=0.05


Tree=26
num_leaves=31
num_cat=0
split_feature=142 225 234 227 225 228 230 29 228 227 234 227 225 29 225 122 122 224 232 225 227 228 117 225 38 3 227 228 232 234
split_gain=1980.03 1117.88 799.416 1191.74 1349.23 672.474 476.621 424.555 344.218 309.555 308.86 1543.16 299.065 291.627 256.574 215.231 202.747 180.776 168.755 162.495 156.826 149.283 135.129 126.395 120.835 111.474 104.393 137.343 217.077 142.871
threshold=15.879650115966799 0.058001475408673293 0.015965082682669166 0.15454842895269397 0.058001475408673293 45.157526016235359 1.5000000000000002 0.04485623165965081 86.087261199951186 0.15348365157842639 0.016395426355302337 -0.059249300509691231 -0.029245145618915554 0.036343559622764594 0.0044434329029172668 0.027248545549809936 0.095099452883005156 3.5000000000000004 -0.21642581373453137 -0.016739149577915665 0.18537236005067828 42.573217391967781 1.0000000180025095e-35 0.0044434329029172668 -0.20760670304298398 1253875.5625000002 0.22302427142858508 34.72050857543946 -1.1079919934272764 -0.046986028552055352
decision_type=2 2 2 2 2 2 2 2 2 2 2 2 2 2 2 2 2 2 2 2 2 2 2 2 2 2 2 2 2 2
left_child=1 10 7 4 5 14 -5 22 12 15 13 23 18 25 21 -7 -15 26 -9 -17 -8 -4 -2 -12 -10 -1 27 29 -29 -14
right_child=2 -3 3 6 -6 9 20 8 24 -11 11 -13 17 16 -16 19 -18 -19 -20 -21 -22 -23 -24 -25 -26 -27 -28 28 -30 -31
leaf_value=-0.016954688808963343 -0.0080824589106002175 0.066712312301735813 0.017556466444232265 0.013525139277521648 0.070017833711956398 -0.0009464973186249691 -0.005805661344652607 0.0065902099033148184 0.074726377570285982 0.065591306454516232 0.030576676860440744 -0.011546473694809276 0.055234840811746011 -0.0087843616498593218 0.092707689098397369 0.038702141318424053 0.042859613728219906 -0.0042389496707473948 0.036841702826893835 0.013755473245672986 -0.026841006973602911 0.064028916721821302 0.02950690130080294 0.083691927737793811 0.023692948851338342 -0.0270062351867872 -0.0099427552930246559 0.044277780140855511 0.0099254617508617391 -0.0048094015216728755
leaf_weight=7726.3507460430264 10088.729794375598 450.82035318017006 377.82095861434937 2196.8476610630751 1343.4903894364834 2448.6219348460436 1808.1524145305157 833.35682037472725 222.47884033620358 276.77962929010391 146.0384217351675 5440.0578790307045 104.23763252794743 5908.8762631118298 323.37873302400112 717.55904845893383 196.35998673737049 6379.6390535384417 1031.7510388195515 7228.8495020717382 1737.4533406198025 318.46309219300747 244.89262181520462 480.59238728880882 242.33371022343636 4289.8267452418804 814.74184431135654 510.55309660732746 4633.2247271835804 1998.2902910411358
leaf_count=54356 61586 1274 1798 10983 3632 14237 9483 4103 967 1132 683 36844 439 34962 1033 3312 855 33393 4345 35705 9620 1212 1236 1409 1071 30995 4422 2338 22349 10345
internal_value=0 -0.0112988 0.00627368 0.014203 0.0225636 0.0171106 -0.00477494 0.000780345 0.00569248 0.0134039 -0.0127528 -0.00298786 0.00448305 -0.0160219 0.0559045 0.0120144 -0.00712336 0.00204951 0.0233249 0.0160082 -0.0161136 0.0388118 -0.00719164 0.0713132 0.0481197 -0.0205431 0.00702629 0.00893421 0.0133352 -0.00183257
internal_weight=0 24638.9 45881.6 18777.4 13035 11691.5 5742.45 27104.2 16770.6 10671.8 24188.1 6066.69 16305.8 18121.4 1019.66 10395 6105.24 14440.7 1865.11 7946.41 3545.61 696.284 10333.6 626.631 464.813 12016.2 8061.05 7246.31 5143.78 2102.53
internal_count=400119 161378 238741 92147 62061 58429 30086 146594 83772 54386 160104 38936 81734 121168 4043 53254 35817 73286 8448 39017 19103 3010 62822 2092 2038 85351 39893 35471 24687 10784
is_linear=0
shrinkage=0.05


Tree=27
num_leaves=31
num_cat=0
split_feature=122 29 7 14 7 29 14 229 29 12 231 233 230 41 29 29 232 227 36 29 225 232 110 232 227 234 228 110 42 228
split_gain=5428.47 1448.58 1342.56 1289.07 699.418 674.314 292.326 266.709 262.295 241.373 230.212 452.001 373.685 187.944 174.65 160.214 149.071 1151.9 141.443 137.834 116.633 107.244 101.45 98.9522 682.15 160.675 113.775 98.1865 97.0787 95.7745
threshold=0.039583455771207816 0.036063905805349357 1.0000000180025095e-35 0.17648591101169589 1.0000000180025095e-35 0.056095251813530929 0.12930155545473102 1.8537479043006899 0.026486494578421119 0.17374691367149356 0.64598518610000621 -0.012939637526869772 7.5000000000000009 0.078080486506223692 0.063668899238109603 0.052425134927034385 -0.63058495521545399 -0.016072324477136132 -1.2972505688667295 0.040380556136369712 0.20679578930139544 -0.057415185496211045 0.28680388629436498 -0.8960944116115569 -0.023329939693212506 -0.0041331155225634566 22.164649009704593 0.72223395109176647 0.44227302074432379 46.203847885131843
decision_type=2 2 2 2 2 2 2 2 2 2 2 2 2 2 2 2 2 2 2 2 2 2 2 2 2 2 2 2 2 2
left_child=1 2 8 4 5 13 7 10 23 14 11 12 -3 19 -5 -12 -10 29 -8 -2 -6 22 -7 -1 25 -25 -26 -21 -15 -18
right_child=3 6 -4 9 20 21 18 -9 16 -11 15 -13 -14 28 -16 -17 17 -19 -20 27 -22 -23 -24 24 26 -27 -28 -29 -30 -31
leaf_value=0.032263322024674149 0.0062920919683159453 0.0059813890401775767 -0.056882436310537243 -0.018616671460856521 -0.055199909732275981 -0.014210346159262106 -0.0086872504644665335 -0.056748859153196607 0.020715526866182582 -0.043466448662013338 0.0080993576515972551 0.011507815525211563 -0.062960242552885973 -0.080120963077840071 -0.031725321363266466 -0.0024318768856919511 -0.044271531324306231 0.016987209694447409 -0.054154083011345361 -0.00018976007450742874 -0.0057238796054976983 -0.010702540343247514 -0.027667042166747549 -0.00037150844992735101 -0.038230836040746313 -0.054419866986811186 0.025904900334584247 -0.011779200957906031 -0.01230688755829022 -0.010124518800163126
leaf_weight=3110.6689441651106 6788.5562495291233 302.13591925799847 594.96154436469078 6105.3566530793905 882.53309857845306 2489.5061815083027 3889.5499267727137 180.14692303538322 7103.535982504487 1895.009903550148 16451.843551442027 918.09215793013573 562.46704775094986 53.90357780456543 4352.2586679160595 4627.2005442529917 868.74005994200706 9677.2024976611137 178.92277255654335 7800.9758187234402 137.70176132023335 3545.0543419122696 3202.1431865990162 239.42894715070724 69.704304575920105 323.02081568539143 8681.144969239831 2386.664716899395 2519.5554274767637 268.90713661909103
leaf_count=16009 28669 1137 1624 19166 2400 8574 13713 517 34410 5208 68458 3848 1539 178 12679 16995 2527 44957 507 29506 469 11897 10355 885 206 1056 44143 8548 8853 1109
internal_value=0 0.0101069 0.0175008 -0.0134663 -0.00783791 -0.006396 0.00166925 0.00385094 0.0189594 -0.0270475 0.00432845 -0.0129246 -0.0388686 -0.00113587 -0.0240722 0.00578758 0.0150884 0.0113923 -0.0106868 0.0007729 -0.0485221 -0.0175292 -0.0217811 0.0245423 0.0219634 -0.031412 0.025394 -0.00290483 -0.0137273 -0.0362002
internal_weight=0 58047.7 30937.3 42159.2 29806.6 28786.4 27110.4 23041.9 30342.4 12352.6 22861.7 1782.7 864.603 19549.7 10457.6 21079 17918.4 10814.8 4068.47 16976.2 1020.23 9236.7 5691.65 12424 9313.3 562.45 8750.85 10187.6 2573.46 1137.65
internal_count=400142 253640 146926 146502 109449 106580 106714 92494 145302 37053 91977 6524 2676 75754 31845 85453 83003 48593 14220 66723 2869 30826 18929 62299 46290 1941 44349 38054 9031 3636
is_linear=0
shrinkage=0.05


Tree=28
num_leaves=31
num_cat=0
split_feature=15 233 226 228 152 227 228 227 224 122 131 160 233 224 227 227 228 3 33 187 227 226 230 233 228 226 234 142 25 6
split_gain=4530.81 2367.33 2534.67 1252.3 1150.71 801.814 700.001 651.072 608.082 597.691 542.874 350.544 315.66 325.73 292.111 469.903 288.297 285.368 265.775 258.23 239.396 244.321 232.975 206.183 208.763 202.905 580.975 201.704 199.961 182.11
threshold=0.20336668193340304 -0.0111924079246819 -0.0047057049814611665 53.898300170898445 0.094645645469427123 0.22535404562950137 22.164649009704593 0.17881353944540027 4.5000000000000009 0.059973254799842841 -0.094254650175571428 4.0544958114624032 -0.0024530928349122401 2.5000000000000004 0.013518193271011116 0.015387311577796938 69.620273590087905 386099.96875000006 38.064037322998054 -1.0000000180025095e-35 0.15822489559650424 0.0011882765393238517 1.5000000000000002 -0.00099835934815928318 69.620273590087905 -0.036604972556233399 -0.0059268265031278125 19.608600616455082 1.0000000180025095e-35 3.1777499914169316
decision_type=2 2 2 2 2 2 2 2 2 2 2 2 2 2 2 2 2 2 2 2 2 2 2 2 2 2 2 2 2 2
left_child=1 2 6 7 11 9 8 -4 19 12 16 28 13 -2 27 17 -8 -16 23 -1 21 -6 -7 24 -11 26 -13 -12 -3 -5
right_child=5 4 3 29 20 22 10 -9 -10 18 14 25 -14 -15 15 -17 -18 -19 -20 -21 -22 -23 -24 -25 -26 -27 -28 -29 -30 -31
leaf_value=-0.01158727197663301 -0.007105319497656146 0.10053935684058464 0.069760967929357043 -0.012470571253345174 0.067209939693965437 0.0073775374562545463 0.047867638495616385 -0.029964446566024278 0.082765042726292037 0.053600214207984442 -0.022705441137168103 0.07814130417077271 -0.00097167864680622817 0.051056729246741664 0.10949862810536977 -0.014804236133406798 -0.027531298278723183 0.013264077614928505 0.061172941841583228 0.064015679027419822 0.053091766024077718 -0.009597186393362123 0.062841817469198979 0.021070087023348057 -0.01909373289384898 -0.01707235055632576 -0.017664807563946557 -0.0057295624389629568 -0.028472995100596567 0.031097637882529658
leaf_weight=543.10254317522049 368.71224354952574 30.109107568860054 2295.8692265599966 840.06982421129942 132.4510213509202 211.89075781404972 566.91689950972795 176.22847727686167 383.34551894664764 1020.8599649295211 5115.6068226918578 223.20577110350132 2914.4103042259812 693.48001657426357 160.14651208370924 515.49699558317661 163.29836889356375 148.43412847816944 754.77658338844776 142.60142739117146 533.19326441735029 474.2966888025403 1778.279183998704 2656.4701388701797 109.34190451353788 6078.6282245144248 543.65085262060165 2659.4902384653687 12157.896540574729 335.68976660817862
leaf_count=5149 2616 231 8421 8051 942 1221 3898 1785 1171 5039 55452 1541 21776 3469 939 5076 1370 1322 2989 729 2687 3761 7491 15238 612 58810 5405 24089 146040 2822
internal_value=0 -0.00917285 0.00658766 0.0424481 -0.0201465 0.0283629 -0.00599246 0.0626518 0.0323308 0.0216868 -0.0103839 -0.023069 0.00753285 0.0308673 -0.0138986 0.0144078 0.0310061 0.0632077 0.0340804 0.00413539 0.0286491 0.00716956 0.0569366 0.0286802 0.0465674 -0.0140148 0.0102211 -0.0168988 -0.0281543 -3.1462e-05
internal_weight=0 34219.7 14046.3 3647.86 20173.4 10508.2 10398.4 2472.1 1069.05 8518.05 9329.39 19033.5 3976.6 1062.19 8599.17 824.078 730.215 308.581 4541.45 685.704 1139.94 606.748 1990.17 3786.67 1130.2 6845.48 766.857 7775.1 12188 1175.76
internal_count=400142 339691 120274 21079 219417 60451 99195 10206 7049 51739 92146 212027 27861 6085 86878 7337 5268 2261 23878 5878 7390 4703 8712 20889 5651 65756 6946 79541 146271 10873
is_linear=0
shrinkage=0.05


Tree=29
num_leaves=31
num_cat=0
split_feature=142 225 225 227 231 41 233 227 225 160 233 227 232 227 143 224 231 41 233 231 225 233 229 30 229 232 227 160 231 232
split_gain=1797.43 976.01 622.136 1468.17 457.125 364.023 272.795 1177.38 660.714 267.298 250.758 242.355 303.051 180.754 172.657 186.029 224.809 166.587 163.793 148.463 259.981 237.645 136.346 134.538 131.71 130.87 456.373 130.515 129.954 118.279
threshold=15.879650115966799 0.058001475408673293 0.058001475408673293 0.16194821149110797 1.7051149606704714 0.031964560970664031 0.019478814676404003 -0.059868887066841119 -0.0070878711994737378 3.6343536376953129 -0.012939637526869772 0.20794968307018283 -1.355474531650543 0.19604091346263888 24.758000373840336 2.5000000000000004 1.935372591018677 0.088203016668558135 0.06707268208265306 5.1245656013488778 -0.022150758653879162 -0.025332218967378136 0.82306972146034252 0.057765420526266105 1.1704706549644472 -0.79598388075828541 -0.033182777464389794 2.3427710533142094 5.3542072772979745 -0.58987626433372486
decision_type=2 2 2 2 2 2 2 2 2 2 2 2 2 2 2 2 2 2 2 2 2 2 2 2 2 2 2 2 2 2
left_child=1 6 4 -4 10 23 9 8 -8 -1 -2 12 28 29 -14 19 22 -11 -13 21 -21 -16 -17 25 -10 -6 -27 -9 -7 -12
right_child=2 -3 3 -5 5 11 7 27 24 17 13 18 14 -15 15 16 -18 -19 -20 20 -22 -23 -24 -25 -26 26 -28 -29 -30 -31
leaf_value=-0.021836630836915057 -0.017285898931056826 0.061987874638717723 0.064996086050288282 -0.012558230615647308 -0.010598067879042352 -0.0027386615663445909 -0.015571046103872633 -0.020893751499886665 0.077208890352960829 -0.0097545190182865126 -0.0067757241718506556 0.0057057591151364285 0.010350913663836713 -0.015631245036255816 0.02276987457098158 0.07129416559448308 0.0045867125771981649 0.033899602149558027 -0.028001531630313894 0.051871219730769497 0.01216651134054662 0.059102835736773933 0.019146630735022211 0.050106241985974659 0.025187462027792724 0.072665574036666153 -3.7957685123118959e-05 -0.0074605053896633425 0.027276466578406551 0.010079439118102093
leaf_weight=9275.5455619841814 3034.4540150091052 448.07306191325188 1358.8611250519753 1107.6927390396595 2779.7140192091465 3990.3409192413092 346.23194429278374 2915.4604880511761 638.07916444540024 5317.3974694162607 1514.7141690850258 810.63134250044823 10154.912199117243 1393.1635401844978 1113.2026910036802 214.11191199719906 2546.5643434375525 227.90591531991959 648.89872342348099 502.10933250188828 2304.6134725660086 755.49824316799641 302.35206435620785 128.87245194613934 150.34054784476757 222.2350202947855 7511.0358974486589 4760.8701183199883 396.44812743365765 3326.9142933338881
leaf_count=68031 17787 1261 3643 5948 16923 21065 2425 21834 2231 31849 8718 4124 50971 7723 5080 781 12018 988 3587 1812 10394 2998 1466 575 681 704 43529 31807 1785 17404
internal_value=0 -0.0111166 0.00573716 0.0301676 0.00435668 0.00701344 -0.0125027 -0.00553542 0.0420049 -0.0166448 -0.00549775 0.0104581 0.0117511 0.000239505 0.0146384 0.0202648 0.0106869 -0.00796038 -0.00928031 0.0265396 0.0192695 0.0374589 0.0407656 -0.000670799 0.0672891 -0.00129324 0.00205136 -0.0125624 -2.60986e-05 0.00480626
internal_weight=0 24079.9 46117.3 2466.55 43650.8 34381.5 23631.8 8810.98 1134.65 14820.8 9269.25 23739.7 22280.2 6234.79 17893.4 7738.45 3063.03 5545.3 1459.53 4675.42 2806.72 1868.7 516.464 10641.9 788.42 10513 7733.27 7676.33 4386.79 4841.63
internal_count=400142 161107 239035 9591 229444 177812 159846 58978 5337 100868 51632 116081 108370 33845 85520 34549 14265 32837 7711 20284 12206 8078 2247 61731 2912 61156 44233 53641 22850 26122
is_linear=0
shrinkage=0.05


Tree=30
num_leaves=31
num_cat=0
split_feature=122 142 29 7 7 14 29 41 7 29 29 29 41 27 225 232 227 231 15 231 225 226 110 230 228 231 130 124 146 232
split_gain=4896.19 1447 1061.66 886.768 763.576 442.118 324.461 275.818 212.759 218.318 198.339 198.263 195.475 185.185 159.805 156.498 1062.51 141.891 131.698 128.677 158.538 126.256 114.706 122.657 161.762 130.279 103.133 90.4112 90.2346 84.4955
threshold=0.035172622650861747 30.306900024414066 0.034388255327939994 1.0000000180025095e-35 1.0000000180025095e-35 0.27616156637668615 0.048338605090975768 0.0076234478037804374 1.0000000180025095e-35 0.052425134927034385 0.024061596952378753 0.061626667156815536 0.078080486506223692 1.0148473978042605 0.20679578930139544 -0.63058495521545399 -0.01753139495849609 0.11882765591144563 0.09863887727260591 0.11882765591144563 0.0065890189725905665 0.13519021123647693 0.78672158718109142 10.500000000000002 34.844081878662116 0.57123330235481273 -0.24364424496889112 0.015627180226147178 2036.1662597656252 -3.334617972373962
decision_type=2 2 2 2 2 2 2 2 2 2 2 2 2 2 2 2 2 2 2 2 2 2 2 2 2 2 2 2 2 2
left_child=2 4 3 10 6 11 12 -4 9 19 -1 13 17 21 -6 -12 -17 -2 -19 20 -9 -3 23 -21 -25 -26 -7 29 -14 -8
right_child=1 5 7 -5 14 26 27 8 -10 -11 15 -13 28 -15 -16 16 -18 18 -20 22 -22 -23 -24 24 25 -27 -28 -29 -30 -31
leaf_value=0.026014401951511043 -0.031167884767886136 -0.011420816961776747 -0.058450495582349063 -0.05506986257620481 -0.052787284093115977 -0.0536344017409979 -0.040433752878417446 -0.051791196496314335 -0.053276977616869739 -0.0051095931589317913 0.022705354233528038 -0.022633688911999059 -0.071831973234183985 -0.026277658141486856 0.010704493191282465 -0.03611495011655471 0.018031638513300762 0.0075250379730800177 -0.0026703089416177331 0.010833804178152339 0.019285471730794129 0.0036489848988033474 -0.0023762557872421299 -0.066164546083958858 -0.042567243857216379 0.0045410415865181214 -0.029380764489629868 -0.015253317460716856 -0.0117386481072919 -0.0040050718070495398
leaf_weight=8297.7426973134279 280.96883416175842 6027.7243257910013 176.41872973740101 402.94540470838547 901.49377858638763 471.89078271389008 164.17551475763321 200.28506168723106 159.38126274943352 4586.9984730780125 6365.3030106425285 6251.9459364712238 65.07273930311203 1671.6227661669254 111.34604190289974 1004.4924028813839 9240.3403930515051 11349.709081873298 4393.6965328007936 14066.276624634862 128.97714306414127 1806.4088778793812 2506.4766290783882 93.604047626256943 158.67588838934898 1955.0641548186541 6160.1666649281979 3710.5527544170618 1560.87131921947 5230.6233523339033
leaf_count=43373 863 20210 520 1121 2504 1269 444 544 441 16511 32318 19614 210 5107 381 3139 44934 48568 17213 60159 574 6420 9724 252 505 8321 17432 12945 5585 18886
internal_value=0 -0.0108186 0.0113649 0.0185114 -0.00319285 -0.0202763 -0.00157967 0.00383816 0.0042988 0.00468605 0.0197017 -0.0157181 0.00237505 -0.0111697 -0.0458073 0.0165482 0.0127226 0.00405116 0.0046797 0.00703739 -0.0239494 -0.00794599 0.00758066 0.00911424 -0.00184368 0.00100468 -0.0311065 -0.00924572 -0.0141437 -0.00511368
internal_weight=0 50158.3 49343 25310.8 27768.5 22389.8 26755.7 24032.2 23855.7 23696.4 24907.9 15757.7 17650.3 9505.76 1012.84 16610.1 10244.8 16024.4 15743.4 19109.4 329.262 7834.13 18780.1 16273.6 2207.34 2113.74 6632.06 9105.35 1625.94 5394.8
internal_count=400087 177651 222436 124885 107599 70052 104714 97551 97031 96590 123764 51351 72439 31737 2885 80391 48073 66644 65781 80079 1118 26630 78961 69237 9078 8826 18701 32275 5795 19330
is_linear=0
shrinkage=0.05


Tree=31
num_leaves=31
num_cat=0
split_feature=122 233 226 228 13 15 228 224 15 233 231 232 232 224 226 144 29 18 29 126 233 28 18 233 20 233 29 15 233 232
split_gain=4139.6 1818.04 2499.69 1079.24 1004.96 955.104 715.924 692.12 444.162 419.265 408.928 366.165 283.964 355.774 319.703 228.604 218.646 224.274 195.401 191.396 177.154 176.49 175.552 174.344 173.951 170.557 168.673 152.764 149.912 142.303
threshold=0.05474520847201348 -0.0111924079246819 -0.0047057049814611665 53.898300170898445 0.17351508885622027 0.20336668193340304 22.164649009704593 3.5000000000000004 0.27249130606651312 -0.006994677707552909 1.8967823982238772 0.80940857529640209 -1.6804370880126951 3.5000000000000004 -0.039080714806914323 -1.4383000135421751 0.040380556136369712 0.01571979466825724 0.037742491811513908 0.029180013574659828 -0.091426715254783616 1.0000000180025095e-35 0.37164500355720526 -0.023357733152806755 0.01497011259198189 -0.041967427358031266 0.026829695329070095 0.33657918870449072 0.028944216668605808 0.30034458637237554
decision_type=2 2 2 2 2 2 2 2 2 2 2 2 2 2 2 2 2 2 2 2 2 2 2 2 2 2 2 2 2 2
left_child=1 2 6 11 8 12 7 -1 9 10 29 25 13 14 24 -12 -8 -18 -5 28 -9 -11 -14 -20 -3 -4 -27 -7 -6 -2
right_child=4 5 3 18 19 27 16 20 -10 21 15 -13 22 -15 -16 -17 17 -19 23 -21 -22 -23 -24 -25 -26 26 -28 -29 -30 -31
leaf_value=-0.02283190782932663 0.055690720215250546 0.040616382533312664 0.021346940196690142 -0.019341412663940544 0.060366316511310442 -0.0031132555646072664 -0.022526313485471405 -0.026147601478845112 0.032248754453572573 0.12148415495078074 -0.0045729685874204944 -0.029527426671050724 -0.028747167630081893 -0.021730252371551143 -0.0080834750647719271 0.028724074675496709 -0.012953178951186245 0.013551882615983203 -0.0077785681366656159 0.066414943860067174 0.084101925860851842 -0.004939403529539998 -0.013924394849328996 0.041499361457349615 0.12808457676581217 0.035473801121110891 0.074597207885626293 0.019168587712575055 0.030464881464248708 0.0067173054371730588
leaf_weight=298.05353953689337 865.32624009251595 184.83337028324604 212.76803438365459 560.36039993166924 614.93531803786755 2023.7458420693874 3840.2367538884282 39.835467256605625 2918.0774456262589 27.843808114528656 1255.2752598375082 109.79132344573736 12518.387951351702 1013.667331777513 293.75941125303507 874.6591755002737 3006.0710365846753 1086.6002633273602 319.29773055762053 1061.2127314954996 427.03556564450264 3233.2535118758678 2376.7464946135879 409.92693500220776 82.085114941000938 327.64558696001768 1730.8139029070735 1240.9119348153472 1316.7218918055296 179.017842695117
leaf_count=3055 4721 1537 898 5901 2511 16102 44186 388 14771 174 10399 1167 150499 11620 3134 5993 29063 8065 2614 3869 1358 27948 25506 2612 602 1416 5834 6900 5918 1326
internal_value=0 -0.00993011 0.00509971 0.039701 0.0241374 -0.0193501 -0.00950252 0.0366935 0.0160682 0.00873124 0.0216668 0.0596538 -0.0242475 -0.00405295 0.0279064 0.00910049 -0.0139569 -0.00591611 0.00286128 0.0493558 0.074695 -0.00385998 -0.026382 0.0199226 0.0675154 0.0639648 0.0683699 0.00535618 0.0399839 0.0472959
internal_weight=0 32102.6 12368.4 3670.6 12346.3 19734.1 8697.83 764.925 9353.45 6435.38 3174.28 2381.02 16469.5 1574.35 560.678 2129.93 7932.91 4092.67 1289.59 2992.87 466.871 3261.1 14895.1 729.225 266.918 2271.23 2058.46 3264.66 1931.66 1044.34
internal_count=400087 322457 106557 20442 77630 215900 86115 4801 65332 50561 22439 9315 192898 16893 5273 16392 81314 37128 11127 12298 1746 28122 176005 5226 2139 8148 7250 23002 8429 6047
is_linear=0
shrinkage=0.05


Tree=32
num_leaves=31
num_cat=0
split_feature=7 142 227 234 225 226 234 29 233 233 225 227 225 231 228 41 233 227 233 227 29 229 143 14 234 228 228 18 29 225
split_gain=2385.04 1487.31 393.845 390.039 366.346 330.608 495.285 325.965 368.616 770.6 511.388 311.337 366.672 250.149 307.583 232.353 222.276 178.84 165.385 154.371 150.186 146.102 143.557 116.052 115.889 333.605 107.849 100.895 99.8477 99.2464
threshold=1.0000000180025095e-35 17.586099624633793 0.22302427142858508 0.011575266253203155 0.20679578930139544 -0.013139597140252588 0.016909533180296425 0.025416889227926735 0.019478814676404003 0.022259982302784923 -0.0070878711994737378 0.14847379177808764 -0.016739149577915665 4.5131709575653085 86.087261199951186 0.10325614735484125 0.0098218708299100416 0.15393447130918506 0.041261924430727966 -0.033182777464389794 0.041176265105605132 1.0909022688865664 25.022749900817875 0.11339144781231882 0.013049344532191755 38.664297103881843 86.087261199951186 -0.026963560841977593 0.057110311463475234 -0.012367889750748871
decision_type=2 2 2 2 2 2 2 2 2 2 2 2 2 2 2 2 2 2 2 2 2 2 2 2 2 2 2 2 2 2
left_child=1 7 3 13 -2 6 -5 24 15 10 -10 12 22 14 17 20 -13 -3 -14 29 -9 -8 -7 -20 -1 -26 -22 -16 -21 -15
right_child=4 2 -4 5 -6 11 21 8 9 -11 -12 16 18 19 27 -17 -18 -19 23 28 26 -23 -24 -25 25 -27 -28 -29 -30 -31
leaf_value=-0.025471281995668844 0.061539806175196159 -0.0051906608120625879 -0.01448360277404105 -0.0063476222030366741 -0.0048393615601841295 0.020114994429214984 0.06982692498419632 -0.016177279141344023 -0.0043636842951793068 -0.0044827951632528777 0.073392796187061682 0.031621248582532131 -0.001579454051349806 0.012246170877792303 0.053111100965692465 0.039910998577381181 -0.0057769671175244347 0.010370340223054603 0.0067873646920538436 0.00070295825731972982 -0.0057828789112930636 0.03282668231257143 0.046871719151659129 0.020013263504155637 0.052392715349624079 -0.016654543304357193 0.079297061180662293 0.0091962892183767662 0.016658298633585106 0.051668379562822601
leaf_weight=3931.7645260691643 1771.7017770111561 13373.756796129048 2547.3699608594179 534.05167554318905 235.4857762157917 1043.6471903473139 572.63141030073166 9345.6334339827299 331.50764809548855 5246.2342902421951 583.89846839010715 441.29359462857246 2503.2848754972219 287.79738990217447 321.91707821190357 214.25783629715443 3986.3166617155075 2142.1733754128218 3266.6054069697857 2214.5415941923857 4482.5615940988064 499.5529996752739 964.65729124844074 3369.4225333034992 185.56561405956745 3053.9404861330986 37.560158848762512 220.30131815373898 1759.6827375739813 358.55454790592194
leaf_count=31354 4743 73799 14410 2884 1210 4973 1965 66071 2254 34150 1963 1968 13040 1465 1459 875 20344 10537 17862 11682 25639 2191 3538 15258 698 23205 175 1026 7734 1615
internal_value=0 -0.00155194 0.00454676 0.00582719 0.0537521 0.0113947 0.0329925 -0.0105416 -0.00729633 0.00290338 0.0452339 0.00916741 0.0136226 0.00120124 -0.00174866 -0.0117599 -0.00204954 -0.00304226 0.00937171 0.0114532 -0.0125583 0.0525877 0.0329672 0.0135028 -0.0197018 -0.0126994 -0.0050759 0.0352687 0.00776757 0.0341151
internal_weight=0 67820.5 40407.6 37860.2 2007.19 17181.5 1606.24 27412.9 20241.7 6161.64 915.406 15575.2 11147.6 20678.7 16058.1 14080 4427.61 15515.9 9139.31 4620.58 13865.8 1072.18 2008.3 6636.03 7171.27 3239.51 4520.12 542.218 3974.22 646.352
internal_count=400087 394134 207750 193340 5953 84023 7040 186384 131127 38367 4217 76983 54671 109317 86821 92760 22312 84336 46160 22496 91885 4156 8511 33120 55257 23903 25814 2485 19416 3080
is_linear=0
shrinkage=0.05


Tree=33
num_leaves=31
num_cat=0
split_feature=122 142 29 7 7 41 29 15 227 7 29 232 227 232 228 230 233 226 36 29 117 142 226 110 110 227 225 29 226 18
split_gain=4530.59 1156.44 1047.39 867.046 615.427 424.944 250.061 246.874 217.723 215.951 181.488 182.095 837.32 222.246 185.946 159.266 216.269 399.703 143.162 142.582 132.693 125.549 109.275 107.914 107.097 105.83 103.806 98.7564 93.325 89.3573
threshold=0.036420628428459174 27.799750328063968 0.034388255327939994 1.0000000180025095e-35 1.0000000180025095e-35 0.06280976161360742 0.048338605090975768 0.16347435861825946 0.22535404562950137 1.0000000180025095e-35 0.021709657274186615 -0.8960944116115569 -0.023329939693212506 -0.61112582683563221 22.164649009704593 9.5000000000000018 -0.030141824856400486 -0.034277250990271561 -1.0000000180025095e-35 0.055396439507603652 1.0000000180025095e-35 50.909299850463874 -0.036604972556233399 0.7903268337249757 0.8495774269104005 -0.076281689107418046 0.20679578930139544 0.044682925567030914 0.19763496518135074 0.077513530850410475
decision_type=2 2 2 2 2 2 2 2 2 2 2 2 2 2 2 2 2 2 2 2 2 2 2 2 2 2 2 2 2 2
left_child=2 4 3 10 6 19 18 9 21 15 -1 -12 13 25 -14 27 17 -17 23 24 -9 28 -15 -2 -3 -13 -6 -4 -7 -16
right_child=1 5 7 -5 26 8 -8 20 -10 -11 11 12 14 22 29 16 -18 -19 -20 -21 -22 -23 -24 -25 -26 -27 -28 -29 -30 -31
leaf_value=0.027100056264225576 0.0055349030784531059 -0.00047059970152338949 0.011216359638587718 -0.052864095847174913 -0.050473082391159309 -0.020142306836168956 -0.0088516892644072767 -0.0053774885371660102 -0.043772932947935793 -0.051491075443087668 0.023732121689226712 -0.03580924382521293 -0.048667560389869476 0.0072585668603006156 0.021367977629165095 0.0060028170502410966 0.0051137072406544238 -0.052605835053397221 -0.030749415259317445 -0.016811963254826152 -0.050877781527598837 -0.028842282941013948 -0.049533814693529812 -0.004677479045304446 -0.014447236479530348 0.030442318627530579 0.013341854329459621 0.0034422734359822165 -0.00081473799360070546 0.012612410360886596
leaf_weight=5375.1492362618446 11243.731150791049 3505.1728645116091 10439.673128709197 427.31994864344597 759.42836421728134 6197.7665372341871 7258.3480994403362 4507.0172669887543 1339.0110827088356 163.67375826835632 6268.4820141494274 88.363388553261757 106.44224837422371 96.486325979232788 6976.6556067764759 630.25723403692245 2428.9772000461817 540.2852425724268 317.55481895804405 6324.3491317927837 166.14223265647888 4627.0775903761387 693.35518854856491 3359.7858035415411 2250.6501961350441 189.64547349512577 69.563616216182709 6711.3493200093508 694.56782722473145 5004.3447224795818
leaf_count=29136 47290 12553 46356 1218 2163 19188 25765 16316 3730 463 32992 384 293 328 35756 2583 10414 1578 1159 19928 457 13156 1888 13361 7290 1002 251 26101 2301 24491
internal_value=0 -0.0109049 0.0105224 0.0177521 -0.00282063 -0.0183635 -0.00123969 0.00339474 -0.0246897 0.0057163 0.018969 0.0167188 0.013377 -0.0290632 0.0171263 0.00616753 -0.00339427 -0.0210491 0.00246316 -0.0116298 -0.00699514 -0.0224715 -0.0425961 0.00318537 -0.00593576 0.00938467 -0.0451181 0.00817429 -0.0181946 0.0177109
internal_weight=0 47947 50813.6 25226.2 23008.4 24938.6 22179.4 25587.4 12858.4 20914.2 24798.9 19423.8 13155.3 1067.85 12087.4 20750.5 3599.52 1170.54 14921.1 12080.2 4673.16 11519.4 789.842 14603.5 5755.82 278.009 828.992 17151 6892.33 11981
internal_count=399891 168135 231756 127488 89989 78146 87575 104268 38375 87495 126270 97134 64142 3602 60540 87032 14575 4161 61810 39771 16773 34645 2216 60651 19843 1386 2414 72457 21489 60247
is_linear=0
shrinkage=0.05


Tree=34
num_leaves=31
num_cat=0
split_feature=122 29 13 224 224 230 232 234 232 230 232 15 15 232 228 230 232 232 232 232 116 232 187 228 234 11 232 228 228 230
split_gain=3688.65 1418.38 849.657 727.113 621.21 606.918 1110.13 670.148 510.412 491.992 749.897 406.59 397.519 397.199 341.277 321.097 393.153 294.54 241.519 227.449 191.927 185.602 160.589 160.058 153.666 147.127 146.115 139.978 231.426 125.869
threshold=0.053750369697809226 0.042290693148970611 0.17351508885622027 4.5000000000000009 4.5000000000000009 7.5000000000000009 -0.4532077014446258 0.0054795045871287593 -2.1506615877151485 7.5000000000000009 -0.4532077014446258 0.21955354511737826 0.2791458815336228 0.24266439676284793 51.431821823120124 2.5000000000000004 -1.6804370880126951 -1.7816337943077085 -0.48024469614028925 -1.3652731180191038 1.0000000180025095e-35 0.30034458637237554 -25.803999900817868 38.664297103881843 0.072101317346096053 0.12467047199606897 -1.9118109345436094 32.958612442016609 35.280538558959968 1.5000000000000002
decision_type=2 2 2 2 2 2 2 2 2 2 2 2 2 2 2 2 2 2 2 2 2 2 2 2 2 2 2 2 2 2
left_child=1 3 12 25 11 17 -7 -8 -6 21 -11 19 13 15 -12 -2 -17 23 -18 20 26 -10 -4 -5 -15 -1 -3 -28 -29 -14
right_child=2 4 22 5 8 6 7 -9 9 10 14 -13 29 24 -16 16 18 -19 -20 -21 -22 -23 -24 -25 -26 -27 27 28 -30 -31
leaf_value=-0.025673860817797402 0.002446971821231804 -0.022952769592844053 0.064437357672019593 -0.021206608458045506 0.069388621494332656 -0.026059637142245653 0.059142161909484396 -0.030223975071167433 0.006232441180140171 -0.0073446213309214152 0.083981947698442555 0.012636081200065701 0.013451072566363699 -0.0095381425581108296 -0.03008583536974619 0.065270874306089563 0.0019250911116030101 -0.022834074283636145 0.040081354990561646 -0.017146435587813896 0.07438058375991928 -0.030805176271051823 0.038189551934313976 0.036734082417473141 0.044487920267421793 0.052186816217429113 -0.00033219045602284774 0.084718177209830825 -0.0058853820635883817 0.036346398444242117
leaf_weight=12521.938938423991 1866.1761836707592 456.31964149326086 773.03654155135155 179.33048500865698 455.94151083379984 968.11806699633598 1178.7619054466486 255.19684991240501 1907.5973368957639 509.45326719433069 634.93777447938919 2500.9952866062522 830.96152052283287 2564.6980118900537 73.124245256185532 597.11709013581276 978.16781143844128 3145.374474145472 719.98395488411188 4437.7211086526513 93.672338210046291 411.15427914261818 2367.1171512082219 355.43472864478827 138.73687528818846 60.968499794602394 742.54374109953642 146.172158844769 136.1046107262373 2162.5201952233911
leaf_count=155887 14867 4495 2583 2177 1656 12209 3583 3284 15683 4870 2024 15747 4341 21704 703 3419 8182 37221 4413 43837 623 3625 9900 2134 851 248 6860 1135 1360 10270
internal_value=0 -0.00970513 0.022001 -0.0184355 0.00332512 -0.00424113 0.0153087 0.043238 0.0195987 0.0131791 0.0389166 -0.00430597 0.0147863 0.00815622 0.0722017 0.01785 0.0303735 -0.0170016 0.0181026 -0.0113532 0.00497161 -0.000334961 0.0446512 0.017304 -0.00676559 -0.0252966 0.000581947 0.0110612 0.0410321 0.0299909
internal_weight=0 31170.9 12998.5 18665.1 12505.7 6082.22 2402.08 1433.96 3992.21 3536.27 1217.52 8513.53 9858.36 6864.88 708.062 4161.45 2295.27 3680.14 1698.15 6012.53 1574.81 2318.75 3140.15 534.765 2703.43 12582.9 1481.14 1024.82 282.277 2993.48
internal_count=399891 319361 80530 216743 102618 60608 19076 6867 28561 26905 7597 74057 68047 53436 2727 30881 16014 41532 12595 58310 14473 19308 12483 4311 22555 156135 13850 9355 2495 14611
is_linear=0
shrinkage=0.05


Tree=35
num_leaves=31
num_cat=0
split_feature=7 29 234 228 232 232 227 225 224 234 227 226 229 143 234 18 224 3 228 229 226 226 227 225 231 234 110 133 187 227
split_gain=2129.94 1345.98 484.7 600.801 528.772 385.812 389.784 344.568 324.444 392.738 297.068 284.654 267.051 214.529 199.361 172.769 149.189 146.962 145.909 228.302 171.5 150.888 144.085 183.265 130.761 119.432 111.343 106.475 95.0199 90.1685
threshold=1.0000000180025095e-35 0.037035921588540084 0.0079615630675107258 38.664297103881843 -0.8960944116115569 -1.4672073721885679 0.22302427142858508 0.20679578930139544 3.5000000000000004 0.016909533180296425 -0.068882577121257768 -0.052973167970776551 0.73127868771553051 30.857749938964847 0.023264077492058281 0.077513530850410475 4.5000000000000009 1210705.0625000002 59.548330307006843 1.0185583233833315 0.018057025037705902 0.17813075333833697 0.15536781400442126 -0.016739149577915665 5.0057208538055429 0.031429702416062362 0.65834549069404613 0.79719296097755443 -0.15949999541044232 0.20794968307018283
decision_type=2 2 2 2 2 2 2 2 2 2 2 2 2 2 2 2 2 2 2 2 2 2 2 2 2 2 2 2 2 2
left_child=1 2 17 4 -4 11 8 -2 10 12 -7 28 -10 22 -6 -5 -11 26 19 -15 -20 -22 23 -12 -21 -25 -1 -24 -3 -17
right_child=7 5 3 15 14 6 -8 -9 9 16 13 -13 -14 18 -16 29 -18 -19 20 24 21 -23 27 25 -26 -27 -28 -29 -30 -31
leaf_value=-0.017043335649835078 0.058518383888442882 0.031917109180598695 -0.017076233957479595 -0.013471676920099322 0.063096987018285922 0.063077474919892379 -0.013162676937820856 -0.0059827024314193919 0.02539599841861101 0.083993360778213483 0.024607620870953608 -0.00967440242049886 -0.0050994438683361577 0.0047217783497875906 0.0081127019030375076 0.00087078200960144362 0.025120608157669012 -0.025033140610558058 0.048520143278860645 0.013863251552470977 0.0079329368953647561 0.039937406550738346 -0.0069144867274543763 0.0041083571601698383 0.056153994985317084 0.015075284648193098 -0.0036274277540960399 0.01122842525319786 -0.013973805075745777 -0.024383723817081877
leaf_weight=6124.7448581233621 1763.36666482687 592.46145525574684 438.5066015124321 5764.4701953604817 684.74769377708435 268.83929117023945 2431.2475204616785 234.59918366372585 785.01054638624191 149.76722557842731 1820.3252208679914 6654.160722002387 8397.5710885897279 2520.6385316103697 217.12993271648884 4897.8263143524528 382.27808319032192 4342.5420144274831 721.11478248238564 342.9442185908556 1046.7187707126141 568.18791818618774 2577.2232654094696 7937.5851743072271 391.3657012283802 3612.252816721797 2068.983844332397 1178.4411294162273 139.32358129322529 380.93011750280857
leaf_count=45753 4748 2656 3368 42088 2236 940 13656 1208 3536 468 8196 37563 46938 11770 1008 31660 1726 33518 2788 1595 4690 2151 13722 40498 1350 17018 14389 5433 690 2531
internal_value=0 -0.00143944 -0.0106662 -0.00365012 0.0279614 0.00396845 0.00615233 0.0509447 0.00758839 -7.24995e-05 0.0108262 -0.00641925 -0.00249242 0.0102078 0.0498593 -0.007487 0.0416929 -0.0175968 0.0187118 0.011869 0.0282464 0.0191934 0.00743158 0.00986226 0.036403 0.0075383 -0.0136557 -0.00122166 0.02318 -0.000951655
internal_weight=0 67437.3 24919.9 12383.6 1340.38 42517.5 35131.5 1997.97 32700.3 9714.63 22985.6 7385.95 9182.58 22716.8 901.878 11043.2 532.045 12536.3 5590.97 3254.95 2336.02 1614.91 17125.8 13370.2 734.31 11549.8 8193.73 3755.66 731.785 5278.76
internal_count=399891 393935 176551 82891 6612 217384 176475 5956 162819 52668 110151 40909 50474 109211 3244 76279 2194 93660 24344 14715 9629 6841 84867 65712 2945 57516 60142 19155 3346 34191
is_linear=0
shrinkage=0.05


Tree=36
num_leaves=31
num_cat=0
split_feature=122 14 29 7 7 29 41 7 29 152 29 29 232 227 29 110 28 110 231 225 231 232 227 232 228 110 232 225 228 231
split_gain=4075.38 1075.27 920.638 714.254 698.531 590.516 258.134 210.328 201.524 200.306 177.831 158.047 170.986 954.128 141.872 135.394 133.626 99.3557 97.0389 118.186 95.8292 93.6463 118.083 92.2505 91.1176 87.5379 87.5077 86.8007 82.7542 78.6936
threshold=0.035172622650861747 0.17264860123395923 0.033141361549496658 1.0000000180025095e-35 1.0000000180025095e-35 0.057110311463475234 0.0076234478037804374 1.0000000180025095e-35 0.046731688082218177 0.13240289688110354 0.040544955059885986 0.0208831150084734 -0.61112582683563221 -0.01753139495849609 0.056429909542202956 0.69292631745338451 1.0000000180025095e-35 0.86207386851310741 0.11882765591144563 0.0065890189725905665 0.11882765591144563 -0.26577895879745478 -0.021543153561651703 -0.057415185496211045 35.857694625854499 0.79808348417282116 -0.13127284869551656 0.20679578930139544 15.02768135070801 0.11882765591144563
decision_type=2 2 2 2 2 2 2 2 2 2 2 2 2 2 2 2 2 2 2 2 2 2 2 2 2 2 2 2 2 2
left_child=2 3 4 5 11 10 -4 8 18 14 16 -1 -13 21 -3 28 -2 20 19 -8 -18 22 -14 26 -25 -20 29 -5 -12 -7
right_child=1 9 6 27 -6 23 7 -9 -10 -11 15 12 13 -15 -16 -17 17 -19 25 -21 -22 -23 -24 24 -26 -27 -28 -29 -30 -31
leaf_value=0.027644717672521475 -0.052185930573627907 -0.011244999953900967 -0.055224027208639476 -0.049353659540421341 -0.050864464706626228 -0.06363315635241977 -0.045987379799674967 -0.049389904678768526 -0.0015590327936325105 -0.031287441519389676 -0.035434345862995181 0.023425114770948014 -0.032322926760901143 0.01824140084257599 -0.023329709110174138 -0.011386699366386019 -0.03212401859648701 -0.003911163369923666 0.0098937272134312134 0.019200875576202179 0.0087152701593316614 -0.047798306042252686 0.01349853622522668 0.0081569851191601647 -0.012093653823663715 -0.0006959050328901507 -0.063188310443471049 -0.0057813608208533039 -0.00020361326320019583 -0.016891823389510882
leaf_weight=4395.4607432931662 101.6561564207077 4378.1321103125811 182.08141705393791 1006.8620266616344 361.89037531614304 91.465186953544617 178.38024905323982 179.64153873920441 8169.3561036139727 3943.2277481853962 169.26114559173584 6507.2913077175617 464.16319370269775 9646.2393885999918 5454.18711617589 4085.0432539880276 146.26739725470543 2238.2887443304062 14602.198210835457 113.94156858325005 8002.8534253239632 458.92723003029823 201.69860754907131 677.61649489402771 3081.682766571641 2252.5729740262032 107.24923902750015 128.9356677532196 10935.810785934329 5814.5480313152075
leaf_count=24638 345 13917 534 2917 1061 245 500 522 30380 10942 574 35431 1328 50384 15768 14342 441 9105 65560 540 35661 1296 1029 2284 10069 9109 295 432 41273 19021
internal_value=0 -0.0098603 0.0105317 -0.00537738 0.0180291 -0.00412695 0.00409776 0.00452141 0.00490396 -0.0217668 -0.000146052 0.0191794 0.0170259 0.0131598 -0.0179486 -0.00360363 0.00486116 0.00541945 0.00798311 -0.0205782 0.00798225 -0.0304203 -0.018443 -0.0145875 -0.00844346 0.00847847 -0.0184285 -0.0444073 -0.000740593 -0.0176157
internal_weight=0 50363.1 47713.8 36587.5 22035.7 35451.7 25678.2 25496.1 25316.4 13775.5 25679.2 21673.8 17278.3 10771 9832.32 15190.1 10489.1 10387.4 17147.1 292.322 8149.12 1124.79 665.862 9772.56 3759.3 16854.8 6013.26 1135.8 11105.1 5906.01
internal_count=399943 177631 222312 137004 115167 133655 107145 106611 106089 40627 101741 114106 89468 54037 29685 56189 45552 45207 75709 1040 36102 3653 2357 31914 12353 74669 19561 3349 41847 19266
is_linear=0
shrinkage=0.05


Tree=37
num_leaves=31
num_cat=0
split_feature=122 231 227 228 108 232 29 234 187 229 232 227 227 17 5 229 15 226 232 227 228 232 18 232 187 230 227 228 232 227
split_gain=3380.44 1312.72 852.128 784.008 724.774 763.62 640.989 607.661 537.902 515.603 403.929 363.648 352.422 339.557 303.647 299.31 274.978 253.959 242.123 260.212 246.892 217.221 196.663 194.969 187.425 184.984 171.663 144.602 149.243 253.88
threshold=0.052817946299910552 1.7051149606704714 0.22535404562950137 20.885622978210453 0.0039467907045036563 -0.097113747149705873 0.040380556136369712 0.0056552800815552482 -13.56949996948242 0.9569443166255952 0.24266439676284793 0.22668402642011645 0.22535404562950137 0.014658864121884109 1.0000000180025095e-35 1.2639697194099428 0.29337967932224279 -0.0047057049814611665 -1.2383719086647031 -0.017081287689507004 29.317652702331547 -1.8199365735054014 0.42655520141124731 0.30034458637237554 -25.803999900817868 2.5000000000000004 -0.028905277140438553 49.35626411437989 -0.4532077014446258 -0.012897634413093327
decision_type=2 2 2 2 2 2 2 2 2 2 2 2 2 2 2 2 2 2 2 2 2 2 2 2 2 2 2 2 2 2
left_child=1 4 8 9 21 7 -5 17 23 -3 13 -7 18 -10 -13 -14 -12 -6 19 -8 -21 -1 -20 -2 -25 -15 -19 28 -23 -30
right_child=2 3 -4 6 5 11 12 -9 10 -11 16 14 15 25 -16 -17 -18 26 22 20 -22 27 -24 24 -26 -27 -28 -29 29 -31
leaf_value=0.038803988615402754 0.048419796053630261 -0.019930182028545913 0.054527285756210568 -0.025663165278454483 0.0061749280358859779 -0.015159271421038224 -0.0088478864936927405 -0.0099683638402601419 0.004288770630619821 0.06549737396837961 -0.013914159629980169 0.079784379543517733 0.058277220589728201 0.014412150024678834 0.0084396085366485827 -0.019657760668740743 0.014325016974944902 0.015386238870093586 -0.022511883525316703 -0.0052847355346828453 0.047554876280643678 -0.014851205450007138 -0.0039420603955687954 0.053967078218244625 0.015960447505760745 0.041095474787789459 0.06507422397314308 -0.023522369997187306 0.043027538485407385 -0.02330427870617003
leaf_weight=212.92353777587414 1246.7306681126356 280.33049432933331 1597.2541880235076 11795.770970717072 260.06562945991755 1492.6123429834843 1888.0285103991628 493.51490560173988 2308.4673981517553 477.46367552876472 2319.8963880240917 202.01329120248556 351.20369340479374 1084.236410446465 569.77573223412037 189.76060532778502 1371.799613468349 196.84338715672493 4093.2908983379602 400.29979091882706 493.74101044982672 929.38899680972099 2187.8106542080641 403.05166561901569 1661.7511208504438 1619.9941751211882 1486.5378550365567 1671.600147806108 368.3429854363203 237.11316595226526
leaf_count=1026 5751 3010 6053 153143 2530 15169 18326 4901 18849 1682 20418 1270 1651 6938 4638 1258 7219 1099 41476 3859 3189 11052 17785 1390 8128 8755 5227 19937 1159 3055
internal_value=0 -0.00978237 0.0202162 -0.016085 0.00741466 0.0201536 -0.0178549 0.0395781 0.0156553 0.0338952 0.00913019 -0.000751071 -0.00826477 0.0183736 0.0271139 0.030939 -0.00342075 0.0521598 -0.0106048 0.00167474 0.0238964 -0.0101004 -0.0160437 0.0328066 0.0233794 0.030397 0.059264 -0.0133479 -0.00226694 0.0170502
internal_weight=0 30278.4 13613.2 22157.7 8120.73 4701.36 21399.9 2436.96 12015.9 757.794 8704.39 2264.4 9604.14 5012.7 771.789 540.964 3691.7 1943.45 9063.17 2782.07 894.041 3419.37 6281.1 3311.53 2064.8 2704.23 1683.38 3206.45 1534.85 605.456
internal_count=399943 316442 83501 245379 71063 34834 240687 13757 77448 4692 62179 21077 87544 34542 5908 2909 27637 8856 84635 25374 7048 36229 59261 15269 9518 15693 6326 35203 15266 4214
is_linear=0
shrinkage=0.05


Tree=38
num_leaves=31
num_cat=0
split_feature=41 233 234 226 228 226 225 229 226 229 225 229 29 29 226 234 230 228 234 231 14 229 38 230 226 233 233 225 234 225
split_gain=1299.11 746.783 411.273 902.691 394.257 384.477 410.433 375.796 1310.07 340.468 254.658 260.35 235.955 231.196 196.101 189.932 176.652 175.491 165.333 161.748 157.119 143.495 135.982 134.515 109.172 108.213 219.341 159.26 110.691 104.305
threshold=0.028043938800692562 0.012774136383086445 0.016395426355302337 -0.023411664180457589 69.620273590087905 -0.0097577082924544794 -0.0070878711994737378 1.7563159465789797 0.20582216233015063 1.7563159465789797 -0.015287211164832113 0.86637786030769359 0.028473923914134506 0.044310614466667182 -0.045070454478263848 0.072101317346096053 1.5000000000000002 50.77893257141114 0.031429702416062362 1.7262096405029299 0.099416777491569533 1.0909022688865664 0.38118104636669164 12.500000000000002 -0.036604972556233399 -0.022822888568043705 -0.022562987171113488 -0.033661128953099244 -0.012104724068194626 -0.022021045908331868
decision_type=2 2 2 2 2 2 2 2 2 2 2 2 2 2 2 2 2 2 2 2 2 2 2 2 2 2 2 2 2 2
left_child=2 4 12 24 13 6 -3 10 -9 22 11 29 -1 23 16 18 -15 -18 20 -6 -12 -8 -5 -2 -4 28 -27 -28 -16 -7
right_child=1 5 3 9 19 7 21 8 -10 -11 15 -13 -14 14 25 -17 17 -19 -20 -21 -22 -23 -24 -25 -26 26 27 -29 -30 -31
leaf_value=-0.023068484315557115 -0.011189417416751505 -0.011178587329275042 0.011681341602417392 -0.010923262159549849 -0.012668013447596826 -0.02249407404171869 0.062351346602666072 0.056183599470943292 -0.020724003008747847 0.054719001342358534 -0.0029007599631991274 0.030231115618308619 -0.0098534360480178503 0.028743963693977827 -0.0037982029563399149 -0.01553042633481088 -0.001623764721172035 0.045083872824483673 0.014350841459291861 0.031555654606921661 0.0093056486124511936 0.025489428455357288 0.0058589522570282361 0.018659862381900746 0.065927236434140446 0.070066981886225399 0.026319016013594904 -0.0019184488610739299 -0.022375213485185393 0.011969566317782163
leaf_weight=5127.9697293564677 7654.958084397018 359.71297407150269 112.35939782112837 5513.9587542340159 249.82965910434723 362.42454685270786 778.10099993646145 1529.8695467114449 867.83792971074581 228.83870872855186 5564.1428531706333 2124.880312666297 9896.7961057722569 1046.2653805464506 3304.2238621562719 1067.9488752931356 1830.4480047821999 225.92439988255501 4471.7920240983367 1199.3647425174713 5010.0549489930272 399.59055748581886 1545.3299636915326 397.01188365370035 531.46934589743614 116.14559212327003 550.13877457380295 5407.5813769549131 1058.8143868371844 556.8896319270134
leaf_count=43528 50909 2169 563 39370 1471 1886 2788 4161 4805 636 32513 9055 65314 4320 17419 5724 9000 922 21629 5246 23052 1774 8518 2574 1467 485 2438 27545 6045 2617
internal_value=0 0.0050547 -0.00950117 -0.000290441 -0.00131401 0.0114089 0.0355664 0.00968597 0.0283473 -0.00530377 0.00735044 0.0206133 -0.0143637 -0.00300848 0.000981477 0.00484486 0.0120179 0.00350779 0.00629108 0.0239318 0.00288264 0.0498441 -0.00724951 -0.00971766 0.0564604 -0.00229938 0.00201567 0.000689012 -0.00830644 -0.00161716
internal_weight=0 46134 22956.7 7931.96 23040.7 23093.2 1537.4 21555.8 2397.71 7288.13 19158.1 3044.19 15024.8 21591.5 13539.5 16113.9 3102.64 2056.37 15046 1449.19 10574.2 1177.69 7059.29 8051.97 643.829 10436.9 6073.87 5957.72 4363.04 919.314
internal_count=399943 240547 159396 50554 128374 112173 6731 105442 8966 48524 96476 13558 108842 121657 68174 82918 14242 9922 77194 6717 55565 4562 47888 53483 2030 53932 30468 29983 23464 4503
is_linear=0
shrinkage=0.05


Tree=39
num_leaves=31
num_cat=0
split_feature=122 122 29 7 7 29 41 142 7 29 15 232 227 225 233 6 227 227 231 225 110 142 133 29 110 194 232 16 29 130
split_gain=3657.58 950.915 883.864 596.506 552.917 503.989 247.228 235.73 226.717 220.543 193.445 130.278 914.111 134.279 144.313 119.635 101.143 97.5698 95.7203 104.381 92.8962 92.7496 88.6424 86.6876 85.5029 77.6422 74.4713 74.345 73.1311 73.2535
threshold=0.035172622650861747 0.063561860471963896 0.031731739640235908 1.0000000180025095e-35 1.0000000180025095e-35 0.045961961150169379 1.0000000180025095e-35 39.43284988403321 1.0000000180025095e-35 0.045222163200378425 0.26638706028461462 -0.61112582683563221 -0.01753139495849609 0.0044434329029172668 -0.0065713836811482898 2.0012500286102299 0.23063293099403384 0.22535404562950137 0.11882765591144563 0.0065890189725905665 0.79808348417282116 8.493199825286867 0.68992587924003612 0.06315751746296884 0.7073231339454652 1.0000000180025095e-35 -3.334617972373962 -0.00084314687410369505 0.062097311019897468 0.04404843412339688
decision_type=2 2 2 2 2 2 2 2 2 2 2 2 2 2 2 2 2 2 2 2 2 2 2 2 2 2 2 2 2 2
left_child=2 4 3 11 5 15 -4 16 9 18 22 -1 13 14 27 -2 25 -9 19 -8 -20 -14 23 26 -17 -3 -7 -13 29 -11
right_child=1 7 6 -5 -6 10 8 17 -10 28 -12 12 21 -15 -16 24 -18 -19 20 -21 -22 -23 -24 -25 -26 -27 -28 -29 -30 -31
leaf_value=0.025257183014364561 0.0090726234107215142 -0.031556930162773486 -0.053590698281768746 -0.049294387380875604 -0.04476954237625682 -0.034769809159234714 -0.042934532862253481 -0.022883019269134448 -0.047395594479341628 -0.0048051028889787711 -0.018221751585634407 -0.043058708606827256 0.029548664802244714 -0.050755374795008017 0.013003406964388406 0.0040101122108395105 -0.032701931147183318 -0.040671678802169903 0.010360800664877089 0.018151859669982718 -0.00011968988111879609 0.018604581882815087 -0.014706188978914583 -0.011083979376478313 -0.0062405465140281842 -0.010681361622592075 -0.00043479195243205241 -0.0070020110151421721 -0.010702903760045731 0.0050039116379869547
leaf_weight=6447.1149762421846 6036.5045096129179 470.60469749569893 182.6448470801115 320.54154881834984 820.15413218736649 161.3233235180378 184.08621227741241 7514.3244036287069 206.69790798425674 3223.4998464435339 4239.7714553177357 355.68451242148876 2492.6727157384157 340.24264824390411 321.72492635250092 5017.0749602764845 619.48454332351685 858.96408098936081 15182.455412358046 112.77157221734524 2456.427171677351 8667.9547812640667 2361.6156896203756 3085.382312759757 3421.7555128782988 8320.1683567017317 7499.7302856892347 239.03990857303143 1611.9633405655622 4647.50609177351
leaf_count=36736 26040 1516 528 970 2452 434 526 21536 620 12024 12689 1014 14512 936 1595 21747 1859 2342 70482 555 10239 47317 7980 10149 13217 28275 27251 707 5635 18047
internal_value=0 -0.0093027 0.0100858 0.0183414 -0.00423487 -0.00319021 0.00439013 -0.0186052 0.00477347 0.00516675 -0.00893799 0.0194906 0.0164966 -0.0239316 -0.013973 0.00369818 -0.013175 -0.0247078 0.0084274 -0.0197288 0.00890127 0.0210489 -0.00593518 -0.00400768 -0.000146299 -0.0117989 -0.0011578 -0.0285663 -0.00100034 0.000986718
internal_weight=0 50426.9 46993 19185 32643.3 31823.2 27808.1 17783.5 27625.4 27418.7 17347.8 18864.4 12417.3 1256.69 916.449 14475.3 9410.26 8373.29 17935.7 296.858 17638.9 11160.6 13108.1 10746.4 8438.83 8790.77 7661.05 594.724 9482.97 7871.01
internal_count=399930 177487 222443 103787 121959 119507 118656 55528 118128 117508 58503 102817 66081 4252 3316 61004 31650 23878 81802 1081 80721 61829 45814 37834 34964 29791 27685 1721 35706 30071
is_linear=0
shrinkage=0.05


Tree=40
num_leaves=31
num_cat=0
split_feature=29 152 130 233 231 231 233 15 232 227 228 230 228 227 226 224 228 232 230 227 233 15 226 233 232 224 227 228 124 35
split_gain=3052.44 971.972 959.284 1184.45 1233.77 864.352 771.312 363.99 331.13 291.459 302.161 325.479 324.697 279.616 271.132 261.022 436.596 449.442 258.343 252.628 264.561 252.246 238.074 236.77 204.258 206.755 195.394 193.299 186.013 185.237
threshold=0.045570960268378265 0.088408850133419051 -0.11660680174827574 -0.013996877707540987 0.75637748837471019 1.7051149606704714 -0.012939637526869772 0.38386669754982 0.037819230929017074 0.013518193271011116 34.72050857543946 9.5000000000000018 32.958612442016609 0.22668402642011645 -0.0047057049814611665 4.5000000000000009 25.799981117248539 -1.6216628551483152 7.5000000000000009 0.15536781400442126 0.066189184784889235 0.11453822627663614 -0.018953709863126274 -0.021505065262317654 -1.6804370880126951 3.5000000000000004 -0.036407448351383202 57.368129730224616 0.019955871626734737 -1.0000000180025095e-35
decision_type=2 2 2 2 2 2 2 2 2 2 2 2 2 2 2 2 2 2 2 2 2 2 2 2 2 2 2 2 2 2
left_child=2 5 -1 4 18 6 14 8 9 10 11 12 28 27 -2 -6 -17 22 -4 -10 -21 24 -18 -11 25 29 -14 -8 -7 -5
right_child=1 -3 3 21 15 7 13 -9 19 23 -12 -13 26 -15 -16 16 17 -19 -20 20 -22 -23 -24 -25 -26 -27 -28 -29 -30 -31
leaf_value=0.035495790347759675 0.020973298876768517 0.032997429606592701 0.0057293515833560307 0.0017205803050950267 -0.019545681784843217 -0.0081352649732442106 -0.01152412762917579 0.02401303696697471 -0.02231843452835057 -0.0087428434547923775 -0.014940633235708572 0.073669482357453006 0.006828864092068428 0.040157222318375756 0.059808285992739789 0.058388501555042896 -0.022029080432788502 -0.015737876797660137 0.053524408602875662 -0.018513283441853236 0.025908213253229548 -0.010781739256808903 0.050258277109760101 0.068409127993390967 -0.028716058399421065 -0.023281772917024778 0.081684793206194803 0.033672720614344287 0.022366393709096821 0.076209411046051556
leaf_weight=986.52419087290764 646.74992004036903 4952.2469314485788 376.09747266769409 373.68892379850149 2921.0872312635183 1821.2170834951103 1407.0492081567645 1381.2743773758411 2865.4820729494095 147.62642548233271 1808.057442098856 193.10314998030663 147.7701378762722 456.89611043035984 1473.2183753922582 302.32859247922897 150.57032532989979 2142.6741333827376 1138.8711282759905 662.05663035809994 678.87627299129963 3306.3905310183764 467.69555800408125 304.67396951466799 10452.714049674571 783.71580063551664 212.59672575443983 284.37880777567625 688.92537127435207 107.46232542395592
leaf_count=3889 4456 22779 2936 4409 34082 15710 11279 6492 26202 1030 16250 833 1336 2363 5479 853 1733 24814 3365 5340 5061 33932 2883 1589 140771 10241 1522 2167 5091 1043
internal_value=0 0.0137627 -0.0127635 -0.0148773 0.0013518 0.00748768 0.0265642 2.55648e-05 -0.00345103 0.0048332 0.00126856 0.0108348 0.00660779 0.00545005 0.0479607 -0.00885218 0.00134497 -0.00490141 0.0416591 -0.0139362 0.00397606 -0.0229782 0.0326537 0.0432275 -0.0264197 -0.00744244 0.0509898 -0.00392521 0.000236119 0.0183572
internal_weight=0 20132.2 23509.8 22523.3 7499.32 15180 4268.29 10911.7 9530.39 5323.97 4871.67 3063.61 2870.51 2148.32 2119.97 5984.36 3063.27 2760.94 1514.97 4206.41 1340.93 15024 618.266 452.3 11717.6 1264.87 360.367 1691.43 2510.14 481.151
internal_count=399930 134979 264951 261062 70666 112200 25744 86456 79964 43361 40742 24492 23659 15809 9935 64365 30283 29430 6301 36603 10401 190396 4616 2619 156464 15693 2858 13446 20801 5452
is_linear=0
shrinkage=0.05


Tree=41
num_leaves=31
num_cat=0
split_feature=7 29 232 227 233 226 234 231 226 225 233 29 234 226 227 234 225 230 234 224 227 233 230 228 225 228 230 227 233 19
split_gain=1752.44 1094.71 403.059 400.163 373.8 297.483 560.481 283.898 277.946 272.324 263.667 220.801 179.535 468.833 338.869 301.014 222.51 214.918 196.859 145.209 140.133 121.918 121.431 115.994 109.481 106.387 121.597 191.621 105.819 100.486
threshold=1.0000000180025095e-35 0.034251561388373382 -1.4672073721885679 0.22302427142858508 -0.0012795063666999338 -0.02959382068365812 0.0079615630675107258 1.4151450991630556 -0.052973167970776551 0.20679578930139544 -0.012939637526869772 0.024674479849636558 0.011575266253203155 0.014776284340769054 0.14912125468254092 0.016909533180296425 -0.016739149577915665 13.500000000000002 0.023264077492058281 2.5000000000000004 -0.017081287689507004 0.025819339789450172 1.5000000000000002 50.77893257141114 -0.0088806366547942144 86.087261199951186 6.5000000000000009 -0.022031335160136219 0.032048104330897338 -0.57004949450492848
decision_type=2 2 2 2 2 2 2 2 2 2 2 2 2 2 2 2 2 2 2 2 2 2 2 2 2 2 2 2 2 2
left_child=1 4 8 7 -1 6 -6 10 -3 -2 -4 -7 17 15 16 -14 -15 19 -17 20 23 -16 -5 24 -9 26 -21 -28 -18 -25
right_child=9 2 3 22 5 11 -8 12 -10 -11 -12 -13 13 14 21 18 28 -19 -20 25 -22 -23 -24 29 -26 -27 27 -29 -30 -31
leaf_value=-0.021504290859020357 0.053612936047025564 0.020798638543622669 -0.018427907878961303 0.011724314616829719 -0.022785134034856613 -0.018291276757723601 0.04336959669080484 0.023084926747734241 -0.010285690020408599 -0.0038536762236653548 0.0039657597972923876 -0.0039588136057766097 -0.0070918816547273309 0.02922054771731919 0.029851837597083205 0.074644035317424515 -0.01104008963357031 0.036005338726255692 0.034220342787019242 -0.0048840047732764784 0.0053390048633408342 -0.006914895270277408 -0.01823981430833431 0.086878968221325514 -0.016124034754361413 0.034574963108978313 0.029855111239913121 -0.0051436291997136886 0.011661413934100005 0.030917615377712766
leaf_weight=6030.9936984926462 1733.0870431661606 797.87894470244646 2006.1845490187407 397.88509446382523 545.5396803021431 4137.9661468043923 775.01139604300261 597.97809919714928 7287.922471858561 233.98894988000393 3812.2140139341354 7664.572393797338 330.73408572375774 1879.217744037509 242.21438200771809 419.97332602739334 552.89549235999584 527.8138640075922 1064.7493180334568 6513.2117440551519 5928.0248628556728 3262.4356533288956 2250.9083149135113 97.728302732110023 253.51630288362503 205.3810175806284 709.94401778280735 870.79023886471987 7173.1490424126387 447.7082616686821
leaf_count=49128 4788 3640 12160 1965 4507 34938 2993 2875 42669 1223 19811 53886 1748 7437 997 1202 2751 2511 4290 36593 29970 16620 13302 458 1487 926 3834 4782 34370 2069
internal_value=0 -0.00110615 0.00295332 0.00503315 -0.0112008 -0.00646567 0.0160401 0.00638081 -0.0072184 0.0467771 -0.00375558 -0.00898377 0.00827857 0.012232 0.00893431 0.0360455 0.01379 0.0046254 0.0456547 0.00356534 0.00869615 -0.00437386 -0.0137388 0.0229426 0.0114112 -0.0009631 -0.00186487 0.0105751 0.0100368 0.0409445
internal_weight=0 66784.5 47630.5 39544.7 19154.1 13123.1 1320.55 36895.9 8085.8 1967.08 5818.4 11802.5 31077.5 14925.4 13109.9 1815.46 9605.26 16152.1 1484.72 15624.3 7324.96 3504.65 2648.79 1396.93 851.494 8299.33 8093.95 1580.73 7726.04 545.437
internal_count=399930 393919 248467 202158 145452 96324 7500 186891 46309 6011 31971 88824 154920 69415 62175 7240 44558 85505 5492 82994 36859 17617 15267 6889 4362 46135 45209 8616 37121 2527
is_linear=0
shrinkage=0.05


Tree=42
num_leaves=31
num_cat=0
split_feature=122 122 29 225 29 225 227 41 152 229 29 152 29 231 29 232 227 229 231 233 227 110 232 124 110 29 126 225 232 225
split_gain=3289.11 879.699 803.27 491.5 363.125 365.518 236.87 223.332 213.449 201.442 194.398 181.083 154.744 131.613 119.994 136.256 569.166 158.963 118.272 290.543 155.52 115.959 101.704 94.4461 93.0142 84.2751 75.9786 72.6919 68.7265 176.709
threshold=0.035172622650861747 0.063561860471963896 0.031731739640235908 0.058001475408673293 0.054782109335064895 0.058001475408673293 0.16194821149110797 0.0076234478037804374 0.12297126650810243 1.8537479043006899 0.053836140781641013 0.058517953380942352 0.059832982718944556 0.11882765591144563 0.020298494957387451 -0.8960944116115569 -0.023329939693212506 0.92330175638198864 0.75637748837471019 -0.012939637526869772 -0.0059374631382524959 0.79413151741027843 -0.61112582683563221 0.016307966783642772 0.79808348417282116 0.078864764422178282 0.045460905879735954 0.0065890189725905665 -2.2622259855270381 0.013402638956904413
decision_type=2 2 2 2 2 2 2 2 2 2 2 2 2 2 2 2 2 2 2 2 2 2 2 2 2 2 2 2 2 2
left_child=2 4 3 14 5 11 -7 -4 12 10 18 13 -3 27 -1 -16 17 -17 19 20 -9 28 -19 -15 25 -6 -10 -2 29 -20
right_child=1 8 7 -5 24 6 -8 9 26 -11 -12 -13 -14 23 15 16 -18 22 21 -21 -22 -23 -24 -25 -26 -27 -28 -29 -30 -31
leaf_value=0.026937778535980578 -0.044580708726411802 -0.0098500286762164754 -0.049112331066657217 -0.043910347180932278 -0.0074934544952964203 -0.045381383042424887 0.0074687724832755405 -0.042269233314751208 -0.024535549976890655 -0.045404433581584795 -0.0052100731398137699 -0.0075625266967268984 -0.020662436149137663 0.0064429976838796203 0.023981665388618668 -0.048072618445613696 0.017120270114641775 0.031302117672259253 0.024648154125184646 0.010956039280111587 0.0051075532389330052 -0.001574371905858792 -0.020763605061402391 -0.0019286863178638654 -0.022830265761588135 -0.021088211394924096 -0.043257023711339729 0.018374327488285058 0.0097330087201658033 -0.044303290964268167
leaf_weight=3607.9878543615341 213.26447695493698 7609.1436159014702 194.53601534664631 318.22585797309875 7022.7594618946314 713.5775103867054 301.62636734545231 567.39819645881653 3791.1110028326511 199.54407984018326 3970.6004065871239 4778.7719379067421 5855.5921577364206 11746.50721603632 4528.7309453338385 408.87101934850216 9353.6604867428541 135.28299382328987 175.07933396100998 1184.657978117466 249.33731785416603 2829.707783550024 305.83468887209892 4723.7994214147329 1607.4541559815407 1360.8856087327003 632.33244237303734 58.411423563957214 18095.571098804474 198.01339736580849
leaf_count=21543 580 25933 567 1024 23209 2197 1137 1610 10566 625 14161 17035 17355 49211 26588 1243 51652 798 845 5399 1055 11487 892 19225 4703 4198 1731 236 82394 609
internal_value=0 -0.00877641 0.00967921 0.0176964 -0.00387844 -0.000360853 -0.0296791 0.0042719 -0.0176827 0.00464996 0.00501622 0.00102218 -0.0145522 0.00347257 0.0187654 0.0167639 0.0135605 -0.0256134 0.00675892 -0.00486202 -0.0278058 0.00785093 -0.00479597 0.00404194 -0.0118127 -0.00970024 -0.0272118 -0.0310451 0.00929505 -0.0119468
internal_weight=0 50415.2 46323 18658.6 32527.1 22536 1015.2 27664.4 17888.2 27469.9 27270.4 21520.8 13464.7 16742 18340.4 14732.4 10203.6 849.989 23299.8 2001.39 816.736 21298.4 441.118 16470.3 9991.1 8383.65 4423.44 271.676 18468.7 373.093
internal_count=399808 177316 222492 103740 121731 89621 3334 118752 55585 118185 117560 86287 43288 69252 102716 81173 54585 2933 103399 8064 2665 95335 1690 68436 32110 27407 12297 816 83848 1454
is_linear=0
shrinkage=0.05


Tree=43
num_leaves=31
num_cat=0
split_feature=122 233 226 227 15 187 232 229 227 230 224 230 233 232 224 227 233 227 225 116 226 233 225 234 6 233 227 232 15 6
split_gain=2712.55 1395.29 1686.67 837.666 565.839 501.527 450.345 392.854 389.283 341.573 456.195 340.609 297.4 284.283 298.54 282.887 293.214 268.358 240.734 234.448 232.268 217.557 275.161 200.888 211.779 168.297 165.926 158.603 154.812 150.197
threshold=0.047871008515357978 -0.0111924079246819 -0.0047057049814611665 0.22535404562950137 0.16347435861825946 -14.951499938964842 0.24266439676284793 1.0856314301490786 0.011352922767400743 11.500000000000002 4.5000000000000009 2.5000000000000004 -0.032456668093800538 -1.6804370880126951 3.5000000000000004 0.13368050009012225 0.025118764489889148 0.22535404562950137 -0.0043661852832883588 1.0000000180025095e-35 -0.018953709863126274 -0.023511325009167191 -0.012163402512669562 0.0092408866621553915 2.4244500398635869 0.06707268208265306 0.17166101187467578 0.30034458637237554 -0.0070247289258986703 2.4244500398635869
decision_type=2 2 2 2 2 2 2 2 2 2 2 2 2 2 2 2 2 2 2 2 2 2 2 2 2 2 2 2 2 2
left_child=1 2 9 5 13 27 8 21 11 19 -11 -7 28 14 18 -8 -17 -6 -3 -1 -10 22 -4 -18 -25 -5 -22 -2 -13 -23
right_child=3 4 7 25 17 6 15 -9 20 10 -12 12 -14 -15 -16 16 23 -19 -20 -21 26 29 -24 24 -26 -27 -28 -29 -30 -31
leaf_value=-0.014525267784328952 0.044924222690172357 -0.008124087352278252 -0.00049709920498747521 0.032961075227352053 -0.0075755133241263073 -0.0033260888829967313 -0.019665388933703426 -0.021702730802913097 -0.026443179348904118 -0.025538503655441247 0.062014984590299617 0.010324651295467443 0.008197513502295915 -0.026758347851039196 -0.020866687863559767 -0.016480298698309737 -0.018493506582105076 0.030078187784020695 0.059977612382094328 0.045903182864369729 0.069954598189710102 -0.0036046332001376021 0.052965997370037245 -0.0050249471973554637 0.036138580295176616 0.062937721005553948 0.0073482247368735114 0.021027408049538815 0.047729978990168967 0.037513960605880907
leaf_weight=6498.88470081985 1097.1354332342744 250.297916457057 274.36992068588734 996.31605604290962 2913.2300498634577 2462.2670814581215 1928.2245453223586 301.37900287657976 91.783434309065342 253.05498553812504 361.05859738588333 371.45135641098022 1916.5885219573975 11495.89978165552 855.05462153255939 1021.0350848138332 330.95558481663465 564.96044651418924 269.47515013068914 164.57528687268496 563.41328806430101 440.06351234018803 1959.3171854838729 436.35229347646236 1100.5271923691034 883.35762506723404 130.3092365860939 1891.2199045494199 1083.4636859223247 448.36426625400782
leaf_count=73460 4565 2854 1675 4358 24807 19346 15918 3115 770 2966 1002 2682 14423 156725 10928 7204 2435 3077 2077 1172 2693 4000 6791 3603 7523 2717 792 8027 5056 3047
internal_value=0 -0.0101657 0.00387051 0.0156533 -0.019353 0.0115622 0.00679641 0.0328126 0.0152606 -0.00974433 0.0259372 0.0108112 0.021136 -0.0241886 -0.00270079 -0.00483444 0.00506473 -0.00145944 0.0271831 -0.0130328 0.048305 0.038075 0.046399 0.0168421 0.0244514 0.0470487 0.0581946 0.0298008 0.0381801 0.0171468
internal_weight=0 27050 10701.1 16304.4 16348.9 14424.7 11436.4 3423.49 6619.28 7277.57 614.114 5833.77 3371.5 12870.7 1374.83 4817.09 2888.87 3478.19 519.773 6663.46 785.506 3122.11 2233.69 1867.84 1536.88 1879.67 693.723 2988.36 1454.92 888.428
internal_count=399808 297696 97228 102112 200468 95037 82445 18628 45762 78600 3968 41507 22161 172584 15859 36683 20765 27884 4931 74632 4255 15513 8466 13561 11126 7075 3485 12592 7738 7047
is_linear=0
shrinkage=0.05


Tree=44
num_leaves=31
num_cat=0
split_feature=7 142 227 232 234 226 225 233 226 225 226 232 29 232 228 143 142 228 3 227 128 234 230 234 14 143 225 229 229 224
split_gain=1563.2 993.393 317.985 295.626 258.13 410.652 252.442 236.626 776.129 366.28 224.042 220.871 208.576 204.558 149.73 152.157 117.13 116.981 112.051 107.55 106.508 100.383 97.5188 97.4371 92.6823 88.5239 87.5515 86.8768 86.0522 142.247
threshold=1.0000000180025095e-35 15.879650115966799 0.22302427142858508 0.24266439676284793 0.016909533180296425 -0.023411664180457589 0.20679578930139544 0.019478814676404003 -0.018397438339889046 -0.0070878711994737378 -0.050970114767551415 -0.43770533800125117 0.042783686891198165 1.7843698859214785 58.594717025756843 31.636650085449222 10.123000144958498 73.035350799560561 671232.96875000012 0.14217160642147067 -0.057096343487501137 0.040349336341023452 1.5000000000000002 0.0058956164866685876 0.083814743906259551 25.457600593566898 0.0044434329029172668 1.1704706549644472 1.0338609814643862 2.5000000000000004
decision_type=2 2 2 2 2 2 2 2 2 2 2 2 2 2 2 2 2 2 2 2 2 2 2 2 2 2 2 2 2 2
left_child=1 7 3 4 10 26 -2 12 9 -9 -3 21 18 14 28 24 -10 -12 -1 -15 -14 -7 -4 -24 -16 -19 -6 -11 -5 -30
right_child=6 2 22 13 5 11 -8 8 16 27 17 -13 20 19 15 -17 -18 25 -20 -21 -22 -23 23 -25 -26 -27 -28 -29 29 -31
leaf_value=-0.011988962206864087 0.051102666425491342 0.014826041968314625 0.0077127845797224266 0.0048846244426933296 0.019194557605050441 0.024063946321061364 -0.0045538301889409731 -0.011574652153429095 -0.018176286651199004 0.059768212311879933 -0.0057532237390614596 -0.011792404306638081 0.032848882725826214 0.0058646855305473861 0.0051206640373630957 0.031867815977177812 -0.0046318492795298762 -0.00095934725658162318 -0.022329159264667279 -0.0085366360262318728 -0.0048232725027287501 0.0051405089375349032 -0.0048970547765756845 -0.026432726686016768 0.01820483611679781 0.031730613934929153 0.065856603132114194 0.019331010197212034 0.046010545625929822 0.007181492973418125
leaf_weight=5112.4117896109819 1707.2254883944988 1628.1054268181324 443.92548134922981 7219.7508872970939 138.51890920102596 1203.1262101978064 231.34574089944363 311.44762403517962 2484.2179521620274 679.46005117893219 14342.834209986031 1298.957171946764 201.29782983660698 3229.6607525274158 2195.1210248544812 1346.5695666670799 4465.3382323309779 470.11170158535242 5374.0341377854347 2165.7867503836751 2761.2629830539227 1678.5481065511703 864.8714791610837 1337.4422274380922 3529.9143490865827 370.16176375746727 366.50127902626991 165.10047724843025 353.93912206590176 707.0532488822937
leaf_count=39685 4801 7555 2246 35680 545 5716 1206 2421 20588 2224 82193 6745 897 16620 12504 5136 33176 2732 44675 11101 15758 8488 4990 8303 15739 1618 1040 685 1201 3540
internal_value=0 -0.00108858 0.00314774 0.00420097 9.17972e-05 0.0104698 0.0444607 -0.0099114 -0.00316324 0.0347721 -0.00280079 0.00532521 -0.0139784 0.00845849 0.0114017 0.016745 -0.0094735 -0.00469094 -0.017288 8.38506e-05 -0.00226355 0.0130412 -0.0136661 -0.0179754 0.013188 0.0134414 0.053058 0.0518633 0.00683857 0.0201346
internal_weight=0 66445.5 44890.9 42244.7 21496.9 4685.65 1938.57 21554.6 8105.56 1156.01 16811.2 4180.63 13449 20747.8 15352.3 7071.6 6949.56 15183.1 10486.4 5395.45 2962.56 2881.67 2646.24 2202.31 5725.04 840.273 505.02 844.561 8280.74 1060.99
internal_count=399808 393801 233692 218153 116632 22534 6007 160109 59094 5330 94098 20949 101015 101521 73800 33379 53764 86543 84360 27721 16655 14204 15539 13293 28243 4350 1585 2909 40421 4741
is_linear=0
shrinkage=0.05


Tree=45
num_leaves=31
num_cat=0
split_feature=122 142 29 225 41 225 30 29 133 231 29 6 225 227 29 227 230 233 227 230 233 226 29 233 233 226 225 154 30 233
split_gain=3015.77 798.859 734.205 417.746 385.721 369.795 211.186 184.917 176.054 160.087 156.813 142.473 139.029 107.95 107.496 102.335 94.4163 115.018 237.018 92.2101 136.085 226.755 88.4267 86.8563 83.0494 184.747 237.448 73.9692 72.1641 72.2691
threshold=0.034582599997520454 23.711400032043461 0.031731739640235908 0.058001475408673293 0.086180068552494063 0.058001475408673293 0.063753858208656325 0.060280244797468192 0.70086297392845165 0.11882765591144563 0.049916375428438194 3.443699955940247 0.058001475408673293 0.23063293099403384 0.020298494957387451 0.16194821149110797 6.5000000000000009 -0.022702819667756554 -0.017081287689507004 9.5000000000000018 -0.019231522455811497 -0.034277250990271561 0.039928933605551727 0.14265494048595431 0.0046676232013851413 -0.02938740327954292 0.0044434329029172668 -0.97815078496932972 0.12467047199606897 0.15564788877964023
decision_type=2 2 2 2 2 2 2 2 2 2 2 2 2 2 2 2 2 2 2 2 2 2 2 2 2 2 2 2 2 2
left_child=2 5 3 14 7 9 10 8 23 -2 12 22 19 -6 -1 -7 24 18 -18 27 21 -21 -11 -3 -16 26 -26 -4 29 -10
right_child=1 4 6 -5 13 15 -8 -9 28 11 -12 -13 -14 -15 16 -17 17 -19 -20 20 -22 -23 -24 -25 25 -27 -28 -29 -30 -31
leaf_value=0.02621158011401184 -0.033082063576229732 -0.0033085962392040238 0.011741162557441474 -0.041668700480048018 -0.020885742304354214 -0.044641761864526536 -0.043287915466830834 -0.01568578195304687 -0.012167392263616626 0.0085040828157750253 -0.0026593183459064939 -0.0053800824235351779 -0.033010954932807833 -0.040709550102074082 0.024547619202968374 0.01082012733718059 -0.029577126116916576 0.014292874151270446 0.023798351273376959 0.010498800044978406 0.0057297713026268461 -0.038331668262957835 0.00043604620690082052 0.011107060090003623 0.016950024028069312 0.018849217486281 -0.03959499014283225 0.0050436536970008749 -0.037420087057737958 0.00232416581136617
leaf_weight=3507.0178858339787 338.34569709002972 5273.0430981367826 9254.0981206297874 294.53753447532654 6841.194784745574 577.55323266983032 230.9912171959877 8921.4371399730444 7472.0142122656107 6545.293587371707 5635.2393556237221 5248.208879083395 217.48044900596142 763.36235105991364 4180.660915106535 97.16403192281723 473.77433474361897 3723.2650394290686 370.74720279872417 435.13184939324856 2712.541305154562 524.10966514050961 7058.7039426863194 1303.1180872321129 424.43774442374706 4753.5309116095304 330.02107489109039 7434.4445025771856 256.48731973767281 972.27219714224339
leaf_count=21652 1020 18614 43665 983 19745 1859 676 26939 24857 30174 20559 20904 747 2116 24731 384 1443 21488 2179 1979 12409 1747 26894 4811 2377 27159 1030 32965 713 3254
internal_value=0 -0.00813936 0.00961838 0.0173901 -0.013053 -0.000272888 0.00431125 -0.00996618 -0.00662604 0.00100626 0.0047307 0.00161805 0.00675446 -0.0228757 0.0183694 -0.0366549 0.0164402 0.0105142 -0.00614515 0.00717922 5.61193e-06 -0.0161812 0.00431782 -0.00045202 0.0192341 0.0152011 -0.00778432 0.00875754 -0.0112924 -0.0104988
internal_weight=0 51668.2 44502 18058 31802.9 19865.3 26444 24198.4 15276.9 19190.6 26213 18852.2 20577.8 7604.56 17763.5 674.717 14256.4 4567.79 844.522 20360.3 3671.78 959.242 13604 6576.16 9688.65 5507.99 754.459 16688.5 8700.77 8444.29
internal_count=400073 182284 217789 103042 101049 81235 114747 79188 52249 78992 114071 77972 93512 21861 102059 2243 80407 25110 3622 92765 16135 3726 57068 23425 55297 30566 3407 76630 28824 28111
is_linear=0
shrinkage=0.05


Tree=46
num_leaves=31
num_cat=0
split_feature=29 168 231 233 231 33 233 15 228 228 232 228 168 224 15 228 224 39 23 230 25 15 18 232 228 232 232 224 33 126
split_gain=2603.93 896.21 839.531 788.336 905.257 741.266 711.964 543.997 330.181 310.329 331.782 235.613 232.315 223.321 217.815 212.531 226.668 194.915 189.983 189.622 174.123 163.351 160.747 153.519 304.225 148.122 146.456 145.382 145.086 144.732
threshold=0.042456883937120445 1.7560999989509585 1.7051149606704714 -0.013996877707540987 0.75637748837471019 19.128833770751957 -0.012939637526869772 0.29337967932224279 53.581571578979499 20.885622978210453 -1.2383719086647031 42.342876434326179 -0.31145000457763666 3.5000000000000004 0.21104180812835696 22.164649009704593 4.5000000000000009 1.2220846414566042 48.444780349731452 7.5000000000000009 1.0000000180025095e-35 0.1103491708636284 0.33311036229133612 -1.5185908079147337 32.958612442016609 -1.6804370880126951 -1.4672073721885679 3.5000000000000004 38.064037322998054 0.025246893055737022
decision_type=2 2 2 2 2 2 2 2 2 2 2 2 2 2 2 2 2 2 2 2 2 2 2 2 2 2 2 2 2 2
left_child=3 2 6 4 19 20 8 9 -2 13 12 -8 -11 -4 -13 16 -6 -15 -10 -1 -5 25 -12 24 -17 27 -3 -22 -28 -7
right_child=1 26 7 5 15 29 11 -9 18 10 22 14 -14 17 -16 23 -18 -19 -20 -21 21 -23 -24 -25 -26 -27 28 -29 -30 -31
leaf_value=0.0026483902403715833 0.055339591301227425 0.062130920578259689 -0.017242234609898641 0.081640196091400219 -0.014366640914951405 0.0059254265370034809 -0.025690474850688007 0.016897310527563617 -0.010199164101435579 -0.0046544597567352878 -0.020428767403876585 -0.004273155078583093 0.022457925459096605 0.076548521597309682 0.026879725098242005 -0.027986387995381681 0.051879769472363772 0.0043549716748909227 0.034911078822617854 0.046594899514928199 0.014386975933505342 -0.012920752787683874 -0.0044269041731524487 -0.018495209198607563 0.024709254362031242 -0.029345016702237981 0.023352661910369537 -0.024015874132854619 0.046370647692733302 0.04878492866535461
leaf_weight=319.81856846809387 1642.9367805868387 374.37532348185778 175.30621942877769 38.892977975308895 243.24878313392401 422.10570960864425 504.17197183519602 3548.1990692764521 357.90683680027723 2275.4553252086043 4091.442264970392 1065.9235948324203 1210.3754382058978 257.42901819199324 1184.7019668370485 467.69504736363888 275.21638017892838 146.81744043529034 670.9433207064867 1055.7170371413231 397.10176463425159 2504.1639879085124 2546.0833002626896 3291.7734263837337 660.9923442080617 8781.1075737774372 2664.7923328690231 649.59961292520165 921.26729509234428 369.31635928153992
leaf_count=2596 6043 1800 1609 243 2624 2219 4058 17212 3011 20439 40512 10136 9100 1016 6032 6001 764 956 3422 3057 4698 28282 21612 40885 5857 129106 13410 9224 2931 1218
internal_value=0 0.0106715 0.0063038 -0.0140192 0.000504085 -0.0209866 0.0230402 -6.9141e-05 0.0414301 -0.00569381 -0.00773092 0.00520444 0.0047597 0.0298895 0.0121253 -0.00948688 0.0207989 0.0503287 0.0192185 0.0363771 -0.0239878 -0.0243209 -0.0142906 -0.013039 0.00287372 -0.0272257 0.0323727 -0.00944645 0.029266 0.0259258
internal_weight=0 23638.1 19677.7 19476.7 6314.46 13162.3 5426.58 14251.1 2671.79 10702.9 10123.4 2754.8 3485.83 579.553 2250.63 4938.93 518.465 404.246 1028.85 1375.54 12370.9 12332 6637.53 4420.46 1128.69 9827.81 3960.43 1046.7 3586.06 791.422
internal_count=400073 163299 145158 236774 61784 174990 32702 112456 12476 95244 91663 20226 29539 3581 16168 56131 3388 1972 6433 5653 171553 171310 62124 52743 11858 143028 18141 13922 16341 3437
is_linear=0
shrinkage=0.05


Tree=47
num_leaves=31
num_cat=0
split_feature=7 142 231 225 160 228 225 226 226 225 228 231 225 225 231 3 225 14 229 227 228 17 226 228 231 227 226 122 227 225
split_gain=1426.91 864.085 331.979 247.745 235.752 178.584 215.31 212.056 170.815 154.634 164.339 149.239 163.058 126.126 122.569 119.895 89.897 127.209 89.2582 144.781 127.381 88.3922 80.3373 142.014 78.3998 76.8771 76.1009 73.3291 72.3919 76.7435
threshold=1.0000000180025095e-35 12.996550083160402 1.7051149606704714 0.20679578930139544 4.468292474746705 35.280538558959968 -0.00040011579403653735 -0.027352460660040375 -0.055162630975246423 -0.033661128953099244 36.941593170166023 1.8432740569114687 -0.026410164311528202 0.11845536530017854 5.5552501678466806 1274509.7500000002 0.11845536530017854 0.1111736372113228 1.1617913842201235 0.22535404562950137 73.609329223632827 -0.087859533727169023 -0.047540908679366105 27.810050964355472 2.280220746994019 0.22535404562950137 0.0011882765393238517 0.11014599353075029 0.20794968307018283 -0.014302461873739956
decision_type=2 2 2 2 2 2 2 2 2 2 2 2 2 2 2 2 2 2 2 2 2 2 2 2 2 2 2 2 2 2
left_child=1 8 9 -2 16 22 7 21 14 -3 -11 -9 -13 18 -1 -10 17 -4 19 -8 -20 -7 23 -6 -24 -19 -12 -16 29 -14
right_child=3 2 4 -5 5 6 13 11 15 10 26 12 28 -15 27 -17 -18 25 20 -21 -22 -23 24 -25 -26 -27 -28 -29 -30 -31
leaf_value=0.053171576106515461 0.049608152308017808 0.020139474522117576 -0.0019769736876869941 -0.0055311123505682952 0.021407478942586239 0.066057665790005132 0.005545990814292117 0.037609198274439565 -0.010133442589563987 0.013997930896021922 -0.01374012367434985 0.030282147077997087 0.018612588077204322 -0.02300162528721841 -0.0057804005622342294 -0.020362747146384978 -0.03035960826093367 0.010491163109208121 0.021085994104511931 -0.024729807990659783 0.0002140999804557813 0.030595626728551491 0.020289567485146456 -0.0044311472964142116 -0.0058393071399382955 -0.012883916965074578 -0.0046766669916647871 0.043142922368822841 -0.028302219423671143 0.002405622844086297
leaf_weight=141.15542544424534 1670.7534972429276 539.20402605831623 14499.684417665005 232.00347203016281 1030.0398174077272 244.81952737271786 6706.2883675545454 582.40867075324059 9136.3220080658793 828.12022549659014 4674.9106628671288 855.14638769626617 1060.4972530156374 365.51197485625744 518.06387876719236 4172.8031654283404 244.07508534193039 3537.396733507514 2093.3936554044485 419.58199822902679 1123.2323710173368 622.60209882259369 310.33295388519764 1099.3379299491644 3832.6410442963243 390.58591740578413 4589.9451933205128 89.880437046289444 147.72684723138809 2346.8420835882425
leaf_count=663 4795 2753 94811 1207 4294 991 30577 2304 70337 4070 29215 3030 4158 2025 3362 35638 1538 17685 8762 2493 4988 2512 1406 5353 19908 2439 26992 314 729 10724
internal_value=0 -0.00103164 0.00193437 0.042885 0.00395341 0.00736024 0.0100806 0.0177855 -0.0120331 -0.00594876 -0.00734249 0.013821 0.0106795 0.00586395 0.0111982 -0.0133406 -0.000214034 0.000185245 0.00688408 0.00376331 0.0137976 0.0406044 0.0001747 0.00806772 -0.0038821 0.00816682 -0.00924995 0.00145258 0.00596423 0.00744986
internal_weight=0 66202.6 52144.3 1902.76 41512.1 22840.4 16568.1 5860.04 14058.2 10632.2 10093 4992.62 4410.21 10708 749.1 13309.1 18671.7 18427.7 10342.5 7125.87 3216.63 867.422 6272.35 2129.38 4142.97 3927.98 9264.86 607.944 3555.07 3407.34
internal_count=400073 394071 283757 6002 220727 104254 73293 24448 110314 63030 60277 20945 18641 48845 4339 105975 116473 114935 46820 33070 13750 3503 30961 9647 21314 20124 56207 3676 15611 14882
is_linear=0
shrinkage=0.05


Tree=48
num_leaves=31
num_cat=0
split_feature=122 15 29 7 7 41 29 41 29 225 110 15 12 232 228 232 229 230 15 230 231 232 230 231 133 29 231 223 231 232
split_gain=2687.56 796.222 609.485 553.038 432.245 401.062 288.558 174.445 154.564 129.713 118.199 104.247 99.0589 94.2117 296.116 104.486 92.4851 86.4898 84.5063 100.395 192.65 190.506 84.1473 188.632 81.7967 86.5308 80.0305 75.9602 71.4321 71.8632
threshold=0.033033207058906562 0.26638706028461462 0.034806007519364364 1.0000000180025095e-35 1.0000000180025095e-35 0.078080486506223692 0.047923941165208823 0.0076234478037804374 0.024061596952378753 0.20679578930139544 0.71842771768569957 0.54159119725227367 0.17374691367149356 -0.61632698774337757 28.266542434692386 -0.60294023156166066 1.8537479043006899 1.5000000000000002 0.12978354096412661 7.5000000000000009 0.75637748837471019 -0.4532077014446258 7.5000000000000009 1.0605680942535403 0.68295070528984081 0.070599492639303221 0.11882765591144563 1.0000000180025095e-35 0.11882765591144563 -3.334617972373962
decision_type=2 2 2 2 2 2 2 2 2 2 2 2 2 2 2 2 2 2 2 2 2 2 2 2 2 2 2 2 2 2
left_child=2 3 4 5 8 6 10 -4 -1 -5 26 17 27 -10 -15 -16 18 -3 19 -9 21 -21 -17 -24 25 28 -2 -7 -8 -30
right_child=1 11 7 9 -6 12 24 16 13 -11 -12 -13 -14 14 15 22 -18 -19 -20 20 -22 -23 23 -25 -26 -27 -28 -29 29 -31
leaf_value=0.022531611572609949 -0.026140430643451895 -0.0073618881415822819 -0.046750204666745815 -0.042966230731324218 -0.045155837942100062 -0.033918637480363792 -0.038636260399646287 0.0082597189313132237 0.018588649494008312 -0.0080799931871071515 -0.002373261760059895 -0.025875400465675165 -0.040553697619221084 -0.045341710131394965 -0.023236945077130221 0.016151609026345822 -0.045194350178206631 -0.018425386647677684 -0.002012883094616552 0.016680211968860898 0.0037477070096819803 -0.04479353122878614 -0.027464492269727803 0.010587206807950063 -0.013675701703482972 -0.01310015185421769 0.0064224422057975183 -0.011603038288068662 -0.030839848430468733 -0.0011892147790893669
leaf_weight=6836.8535845279694 191.48811037838459 2387.0007018893957 172.48657733201981 1085.4639590680599 289.62396961450577 411.73105497658253 133.31481048464775 10948.457897946239 5439.7537533044815 353.13206015527248 6330.7147691547871 3330.8808829784393 353.24200931191444 233.34316372871399 208.4884987026453 5620.8955622166395 96.012698441743851 6795.9311245977879 4481.2560217678547 177.78593702614307 3200.9859710633755 432.90898165106773 374.35182596743107 2505.6176162660122 2791.9516694545746 2248.5319553911686 12915.514506965876 5165.7563677579165 208.63155433535576 9961.6865656673908
leaf_count=42751 596 7075 494 3517 974 1245 396 48733 32057 1067 25391 9040 974 686 741 30763 314 19840 16925 840 13962 1298 1160 13722 9105 7206 57475 16522 560 35162
internal_value=0 -0.00722308 0.00970947 -0.00393515 0.0155141 -0.00285857 -0.000809343 0.00331003 0.0163422 -0.0344027 0.00323696 -0.018298 -0.0148766 0.0134 0.0102439 0.0117331 0.00375656 -0.0155496 0.00400082 0.00582661 -0.00116213 -0.0268973 0.0125908 0.00564107 -0.00593514 -0.00421343 0.00594671 -0.0132504 -0.0022741 -0.00179746
internal_weight=0 54665 41018.8 42151.2 21508.9 40712.6 34781.8 19509.9 21219.3 1438.6 19437.7 12513.8 5930.73 14382.5 8942.7 8709.35 19337.4 9182.93 19241.4 14760.1 3811.68 610.695 8500.87 2879.97 15344.1 12552.2 13107 5577.49 10303.6 10170.3
internal_count=400591 195171 205420 159216 122854 154632 135891 82566 121880 4584 83462 35955 18741 79129 47072 46386 82072 26915 81758 64833 16100 2138 45645 14882 52429 43324 58071 17767 36118 35722
is_linear=0
shrinkage=0.05


Tree=49
num_leaves=31
num_cat=0
split_feature=29 152 231 233 231 233 33 228 29 227 232 227 227 226 228 232 110 3 228 227 227 233 226 224 224 187 228 225 230 22
split_gain=2337.24 893.731 784.34 716.557 750.736 706.791 702.959 335.595 298.14 254.908 263.579 264.465 244.009 215.074 205.926 213.545 215.176 205.401 205.378 204.626 220.733 215.834 244.1 201.586 191.934 198.763 191.783 172.092 168.889 158.776
threshold=0.041643368080258376 0.076458606868982329 1.7051149606704714 -0.013996877707540987 0.75637748837471019 -0.012939637526869772 19.128833770751957 53.581571578979499 0.070599492639303221 0.22535404562950137 0.53191789984703075 0.14239784330129626 0.22668402642011645 0.0017863642424345019 20.885622978210453 -1.2383719086647031 0.6023375689983369 281601.56250000006 22.164649009704593 -0.036407448351383202 -0.034230951219797127 0.00055965055798878904 -0.018953709863126274 4.5000000000000009 4.5000000000000009 -1.0000000180025095e-35 67.130718231201186 -0.012285178527235983 7.5000000000000009 1.0000000180025095e-35
decision_type=2 2 2 2 2 2 2 2 2 2 2 2 2 2 2 2 2 2 2 2 2 2 2 2 2 2 2 2 2 2
left_child=3 2 5 4 28 7 29 27 14 10 26 -12 -7 -13 24 19 -17 -14 23 -16 -21 22 -22 -6 25 -4 -3 -2 -1 -5
right_child=1 9 8 6 18 12 -8 -9 -10 -11 11 13 17 -15 15 16 -18 -19 -20 20 21 -23 -24 -25 -26 -27 -28 -29 -30 -31
leaf_value=0.00056603725312477334 -0.0082863522531836636 0.039391164102830029 -0.01702520579704532 0.067485906963249562 -0.014994777479342573 -0.007674056832009237 0.026116330939444706 0.014118597656557055 0.013325054960935962 0.044198965827451309 -0.006885601883428666 -0.0077913785046997827 0.090405545445466251 0.031527122083426708 -0.014810215407073347 -0.022183495600538769 -0.0041131185986452686 0.014415649391693049 -0.013099909309001062 0.073133930731617114 -0.0068691741655684951 0.053962170248733538 0.046501230849123693 0.048177839059214224 0.072322742669898854 0.071816552061843494 0.0049557250291628894 0.055328798774690574 0.043095917622060068 -0.024430492848705496
leaf_weight=302.85144374519587 113.92836277931929 1950.6674721613526 263.13653196394444 47.175009921193123 225.03820097446442 1928.7394818589091 742.97427283599973 960.49894170463085 2213.3119859546423 1334.657581590116 1301.4024881571531 454.87544653564692 113.08465690910816 1477.591842263937 1136.8753226473927 3474.3834241330624 3132.8639124147594 416.26288126409054 4117.8613405376673 136.32196117937565 1423.6224112659693 218.82723654061556 252.196573138237 287.76329511404037 147.67265644669533 82.756233528256416 510.05808487534523 1590.1529058814049 1018.3027794957161 11523.58441445604
leaf_count=2502 899 8906 2363 291 2492 16578 3173 6395 13569 4540 7525 2485 583 7014 11109 36610 25147 2234 50580 991 13183 1247 1191 795 404 340 2792 5328 2931 166394
internal_value=0 0.00945944 0.00344149 -0.0141434 0.000101133 0.0199156 -0.0210285 0.0377538 -0.00331957 0.0245313 0.0199217 0.0105382 0.000578874 0.0222721 -0.00690716 -0.0084982 -0.0136153 0.0306494 -0.00938401 0.00217471 0.0116824 0.00726085 0.00116262 0.0204551 0.0246034 0.00423054 0.0322534 0.0510757 0.0333467 -0.0240557
internal_weight=0 24633.9 17604.6 18265.6 5951.82 5122.67 12313.7 2664.58 12482 7029.25 5694.6 3233.87 2458.09 1932.47 10268.7 9775.09 6607.25 529.348 4630.66 3167.84 2030.97 1894.65 1675.82 512.801 493.565 345.893 2460.73 1704.08 1321.15 11570.8
internal_count=400591 171433 138171 229158 59300 32017 169858 12622 106154 33262 28722 17024 19395 9499 92585 89478 61757 2817 53867 27721 16612 15621 14374 3287 3107 2703 11698 6227 5433 166685
is_linear=0
shrinkage=0.05


Tree=50
num_leaves=31
num_cat=0
split_feature=7 142 231 232 227 225 41 226 233 233 226 225 29 225 233 226 233 226 225 226 228 225 17 225 230 231 227 30 226 233
split_gain=1319.45 766.774 325.17 229.604 298.706 218.915 211.763 207.101 200.481 188.388 525.567 252.939 148.286 147.716 132.778 120.189 118.483 292.609 237.313 186.827 318.644 136.992 126.263 115.353 111.163 108.819 103.801 74.562 74.3716 133.605
threshold=1.0000000180025095e-35 13.270199775695803 1.4151450991630556 -1.355474531650543 0.15454842895269397 0.20679578930139544 0.028043938800692562 0.037254445254802711 -0.012939637526869772 0.019478814676404003 -0.018397438339889046 -0.0070878711994737378 0.046731688082218177 0.030408769845962528 -0.059049820527434342 -0.0070805761497467748 -0.0012795063666999338 0.014776284340769054 -0.015287211164832113 -0.028645382262766358 50.77893257141114 -0.0070878711994737378 -0.082845401018857942 -0.023775535635650154 11.500000000000002 2.0688686370849614 0.18789839744567874 0.057765420526266105 -0.028645382262766358 0.019478814676404003
decision_type=2 2 2 2 2 2 2 2 2 2 2 2 2 2 2 2 2 2 2 2 2 2 2 2 2 2 2 2 2 2
left_child=1 9 8 14 6 -2 27 13 -3 12 11 -11 -1 25 -4 -10 19 21 -19 20 -8 -18 -22 -21 -16 -6 -9 28 29 -5
right_child=5 2 3 4 7 -7 16 26 15 10 -12 -13 -14 -15 24 -17 17 18 -20 23 22 -23 -24 -25 -26 -27 -28 -29 -30 -31
leaf_value=-0.017956251562360553 0.047948988474657138 -0.018176417316506578 0.01463801242789786 0.0012585960670643279 -0.020185675017301102 -0.0037068242614417173 0.0010617838396570715 -0.0053615572236946057 -0.015131078385571553 -0.011859259391457952 -0.010441526485968418 0.048487180494215125 0.0016706688483366179 0.024274346432466853 -0.0082549784346129928 0.0022904717068862315 0.012824460625044968 0.025937720568044789 0.0075202444144232498 0.026528941342938452 0.059461548807679933 0.043839667452785738 0.022538738381596632 -0.011411146558299695 0.015579919220852688 0.0046116070323723645 -0.02231184622914311 0.049054465850723705 -0.0024732100030360957 0.035680821821782505
leaf_weight=7810.5891500338912 1653.4085106551647 2719.6224056258798 841.99192073941231 1097.7876969128847 539.79379045963287 234.15204602479935 2335.1295046955347 2726.4620195254683 1279.7974534779787 239.59696239978075 4674.096060551703 630.78325793147087 1097.5921360254288 804.32476258277893 6303.1533717513084 4371.90592353791 542.0264183357358 2076.2690282836556 11097.95413441211 224.06679790467024 332.54074915498495 1037.5216230005026 762.32923287153244 1892.1976489573717 530.34766302257776 2452.5775970667601 1350.6386294588447 78.572160832583904 5783.2456187009811 379.28732255101204
leaf_count=66156 4854 17834 3864 6811 3099 1219 11529 14562 8106 1978 39060 2167 5877 3460 37434 23896 2604 8019 53417 1188 1343 3818 3188 11075 3080 12863 8063 308 38185 1534
internal_value=0 -0.000856173 0.00199689 0.00374506 0.00543994 0.0415411 0.00788749 -0.00315155 -0.00702206 -0.0110344 -0.0037986 0.0318751 -0.015538 0.00525159 -0.00409674 -0.00165454 0.010519 0.012861 0.0104229 0.0042888 0.011497 0.0331967 0.0337532 -0.00739411 -0.00640515 0.000138426 -0.0109768 0.000608551 8.42626e-05 0.0100976
internal_weight=0 66012.2 51559.5 43188.2 35512.7 1887.56 27638.9 7873.8 8371.33 14452.7 5544.48 870.38 8908.18 3796.7 7675.49 5651.7 20300 14753.8 13174.2 5546.26 3430 1579.55 1094.87 2116.26 6833.5 2992.37 4077.1 7338.89 7260.32 1477.08
internal_count=400591 394518 279280 229444 185066 6073 143019 42047 49836 115238 43205 4145 72033 19422 44378 32002 96181 67858 61436 28323 16060 6422 4531 12263 40514 15962 22625 46838 46530 8345
is_linear=0
shrinkage=0.05


Tree=51
num_leaves=31
num_cat=0
split_feature=41 14 7 29 29 7 41 6 130 229 29 232 227 15 231 230 232 124 225 29 11 230 231 18 227 3 164 13 230 226
split_gain=2389.21 736.369 583.176 564.395 444.388 275.557 203.622 167.717 155.528 127.04 117.124 109.844 626.12 109.394 110.772 189.295 187.566 107.79 106.41 89.814 78.7813 78.028 83.0597 77.6378 72.6678 72.2043 66.3032 62.5282 60.2201 58.4035
threshold=0.031964560970664031 0.16169476509094241 1.0000000180025095e-35 0.031297357752919204 0.056095251813530929 1.0000000180025095e-35 1.0000000180025095e-35 1.9492500424385073 -0.19052462279796598 1.8537479043006899 0.064236272126436247 -0.61112582683563221 -0.01753139495849609 0.11867519468069078 0.75637748837471019 7.5000000000000009 -0.4532077014446258 0.018970463424921039 0.0044434329029172668 0.070599492639303221 -0.0020078640663996335 7.5000000000000009 0.17189450562000277 0.025151003152132038 0.23063293099403384 844933.15625000012 1.0000000180025095e-35 -0.0088145616464316828 1.5000000000000002 0.19763496518135074
decision_type=2 2 2 2 2 2 2 2 2 2 2 2 2 2 2 2 2 2 2 2 2 2 2 2 2 2 2 2 2 2
left_child=3 2 4 5 7 11 -5 25 -3 13 20 -1 18 14 15 -8 -17 21 -13 -6 -10 27 -23 -14 29 -2 -19 -9 -26 -22
right_child=1 8 -4 6 19 -7 9 17 10 -11 -12 12 23 -15 -16 16 -18 26 -20 -21 24 22 -24 -25 28 -27 -28 -29 -30 -31
leaf_value=0.023676819077450176 0.0040324491294661995 -0.034459001593560877 -0.038745304420007377 -0.047828793695739544 -0.0071993259907817469 -0.044177067694962324 0.013216162444781585 0.0075846087109858479 -0.0017913351881566108 -0.043907562076382946 -0.020322595689568596 -0.011481550587438234 0.023628145825513151 -0.0011128729764314583 0.0084444980082398809 0.015268905757059852 -0.040932909815983035 -0.064230339216104299 -0.046460841894039519 -0.016698571389230012 -0.013531652297839572 -0.04192392369249922 -0.0040653885438989082 0.014472277209379172 0.0017907368920180248 0.013687255286786354 -0.007147646468784301 -0.00038942538542884297 -0.032645100294203228 -0.00076576013668208794
leaf_weight=5156.7448878586292 7698.0486200451851 1029.0558074116707 1105.8214437067509 183.38925868272781 7259.5413311123848 181.94985845685005 642.09833553433418 4318.6646260768175 1859.4318449497223 131.60046841204166 5265.9055070877075 787.72937873005867 4539.9243369102478 5038.4080921858549 15787.442637264729 211.19660525023937 499.71028316020966 51.392805397510529 300.30680325627327 3786.0399064421654 5598.7721769064665 151.81140670180321 3172.2199006527662 4725.1197192817926 153.42527732253075 2587.3585127294064 5004.6531655788422 5707.4667885750532 735.95331229269505 1066.619063809514
leaf_count=33046 32649 2830 3745 527 23830 639 3043 18232 5820 443 14623 2947 28904 19924 74235 1074 1522 156 858 11730 16893 431 13130 28342 485 11673 19173 23023 2107 3309
internal_value=0 -0.00646856 -0.00293013 0.00971911 -0.00193345 0.016997 0.00464201 0.00134727 -0.0156683 0.00507331 -0.0143511 0.0177147 0.014745 0.00536394 0.00726779 -0.00646249 -0.0242364 -0.00151039 -0.0211361 -0.0104553 -0.0110109 0.000844328 -0.00579442 0.0189587 -0.0132801 0.00646118 -0.00772787 0.00304532 -0.0267046 -0.0114888
internal_weight=0 56552.2 40843 38185.6 39737.2 15691.8 22493.8 28691.6 15709.2 22310.5 14680.1 15509.8 10353.1 22178.9 17140.4 1353.01 710.907 18406.2 1088.04 11045.6 9414.2 13350.2 3324.03 9265.04 7554.77 10285.4 5056.05 10026.1 889.379 6665.39
internal_count=399343 203839 157772 195504 154027 94736 100768 118467 46067 100241 43237 94097 61051 99798 79874 5639 2596 74145 3805 35560 28614 54816 13561 57246 22794 44322 19329 41255 2592 20202
is_linear=0
shrinkage=0.05


Tree=52
num_leaves=31
num_cat=0
split_feature=29 152 231 231 126 225 230 29 230 229 229 227 234 15 232 234 227 227 122 232 232 230 234 227 15 232 227 110 231 168
split_gain=2136.79 869.838 768.855 577.36 473.84 468.578 358.891 308.461 293.543 309.953 245.718 222.204 215.363 218.837 213.524 212.105 205.346 194.328 167.34 167.114 164.5 164.417 163.132 160.757 131.429 133.378 175.087 131.375 126.165 124.796
threshold=0.040231125429272659 0.082748256623744978 1.7051149606704714 0.64598518610000621 0.035882331430912025 -0.014009668957442043 2.5000000000000004 0.058612205088138587 7.5000000000000009 1.0054739117622378 0.99319401383399974 0.22535404562950137 -0.0080315615050494654 0.1165565922856331 -1.4080848693847654 -0.010293399915099142 -0.020462618209421631 -0.018703006207942959 0.11984331533312799 -1.5185908079147337 -1.2383719086647031 1.5000000000000002 0.015965082682669166 0.013518193271011116 0.54159119725227367 0.037819230929017074 0.15454842895269397 0.36153273284435278 1.1556199789047243 -0.011049999855458735
decision_type=2 2 2 2 2 2 2 2 2 2 2 2 2 2 2 2 2 2 2 2 2 2 2 2 2 2 2 2 2 2
left_child=3 2 5 8 12 -2 28 20 -1 -10 22 14 15 -14 -3 19 -12 -17 -16 -5 23 -13 -8 29 25 27 -27 -9 -7 -4
right_child=1 11 7 4 -6 6 10 24 9 -11 16 21 13 -15 18 17 -18 -19 -20 -21 -22 -23 -24 -25 -26 26 -28 -29 -30 -31
leaf_value=-0.016736914736593202 -0.0063962298843882716 0.049842290289542311 -0.00877640677461833 -0.0012385203425516692 0.045665970470480315 -0.027683173128581363 0.050377480390791762 0.00040469629830563059 0.046113226787314235 -0.0034266605724058681 0.037504223977039203 -2.9336311307150117e-05 -0.027270241637599391 -0.0087821725248256443 0.010886811543102559 -0.022186646950966331 -0.00018772512116660959 0.037602440207835 0.032360303875465062 -0.022918061635531398 -0.013976947543290354 0.049312044595470922 0.014463592006025056 0.03962229069714767 0.028468707313015835 -0.017704817978621574 0.013989408701789333 0.023411206539139924 0.019604660496087459 0.01743199537379065
leaf_weight=636.13311308249831 1404.5662540495396 516.458620198071 2040.5453849583864 1445.7688976153731 285.56357080116868 358.71976979076862 1733.2547144964337 1339.2743441350758 733.14594826102257 554.56951296329498 668.89370819926262 198.25935440510511 7821.424787145108 2012.4022019691765 3765.5569373033941 205.73450193554163 785.92185868322849 400.39539677277207 1195.2428372725844 2307.7886562123895 5821.3434962145984 1137.6195562854409 386.74787912517786 242.3007153943181 596.3642441034317 1232.5909196734428 674.02905430644751 1156.2117121294141 232.45705769956112 584.26782837510109
leaf_count=7630 10646 2180 20640 17767 1223 3064 7175 10322 2122 5409 3305 915 121041 21755 20010 3105 6434 1829 4349 32539 58364 3529 2907 1253 2309 10008 4182 6836 1743 4752
internal_value=0 0.00835064 0.0029183 -0.0146836 -0.018103 0.0185784 0.0269987 -0.00345536 0.011051 0.0247783 0.0329666 0.0237053 -0.019386 -0.0234868 0.0192459 -0.0101359 0.0171422 0.0173086 0.0160606 -0.0145677 -0.00914867 0.0419892 0.0438258 0.000654598 0.00644087 0.0034567 -0.00650026 0.0110641 -0.00908909 -0.00294257
internal_weight=0 26070.6 19257.5 16402.9 14479.1 5570.56 4165.99 13686.9 1923.85 1287.72 3574.82 6813.14 14193.5 9833.83 5477.26 4359.69 1454.82 606.13 4960.8 3753.56 8688.46 1335.88 2120 2867.11 4998.47 4402.11 1906.62 2495.49 591.177 2624.81
internal_count=399343 184923 153940 214420 199259 35274 24628 118666 15161 7531 19821 30983 198036 142796 26539 55240 9739 4934 24359 50306 85009 4444 10082 26645 33657 31348 14190 17158 4807 25392
is_linear=0
shrinkage=0.05


Tree=53
num_leaves=31
num_cat=0
split_feature=7 142 227 234 228 234 227 226 226 227 3 231 228 227 227 227 230 227 228 230 234 231 227 134 38 38 228 228 226 234
split_gain=1173.85 704.404 269.293 250.19 252.613 226.675 631.518 215.567 199.933 170.105 150.394 148.652 194.949 146.063 160.059 139.896 127.938 120.557 118.14 97.4451 97.2973 94.3847 144.278 93.1741 124.008 90.4733 89.9519 87.1437 87.1216 85.1071
threshold=1.0000000180025095e-35 15.879650115966799 0.22302427142858508 0.011575266253203155 33.599060058593757 0.016395426355302337 -0.059249300509691231 0.22355348616838458 -0.052973167970776551 0.15454842895269397 1296318.3750000002 4.5131709575653085 86.087261199951186 0.038397464901208885 0.011352922767400743 0.15393447130918506 1.5000000000000002 -0.033182777464389794 33.599060058593757 1.5000000000000002 0.014421898871660234 5.3298807144165048 -0.075891796499490724 17.500000000000004 0.43544854223728185 -0.20263914018869397 34.167350769042976 25.91130352020264 0.050930259749293334 0.0058956164866685876
decision_type=2 2 2 2 2 2 2 2 2 2 2 2 2 2 2 2 2 2 2 2 2 2 2 2 2 2 2 2 2 2
left_child=1 5 3 11 -5 8 -7 -2 18 13 26 12 15 14 20 -3 -11 -13 27 -4 -6 22 -22 -15 -25 -14 -10 -1 -24 -21
right_child=7 2 19 4 9 6 -8 -9 10 16 -12 17 25 23 -16 -17 -18 -19 -20 29 21 -23 28 24 -26 -27 -28 -29 -30 -31
leaf_value=0.0089475087935823178 0.046304622146827935 -0.0048437152567829891 0.0080824390377417024 0.065167981523049909 -0.0095151492186909825 0.045634430550378399 -0.0062293789279127655 -0.0050314384506016923 -0.017414511644542472 0.0078449236402582511 -0.022000617589619346 0.025034084787913326 0.041300738678097075 0.012781888659132767 -0.015845486552222038 0.0082391188945525728 -0.0089520015606433436 0.0042452604124448385 -0.014913937884509915 -0.0052913848128430391 0.057249765049486194 -0.0075984698773608837 0.0091322403902888774 0.010676742242329134 0.055534383827954073 0.0039381656875355471 -0.0071374980164092498 0.047261831789283434 0.043330303598871925 -0.025670022058020492
leaf_weight=764.63215828686953 1597.9492669403553 14968.452476799488 451.45570762455463 190.28197294473648 734.87310291081667 673.21264286339283 4580.3369204699993 234.50266541540623 3060.9837334603071 2117.2835890427232 3748.1250388920307 823.91765259206295 364.76534556597471 7608.4772048592567 863.59569825977087 2366.3791669011116 2440.2049328163266 4541.0255656465888 441.96970142424107 855.99863980710506 176.0379504263401 647.20214401930571 3541.2699300348759 309.66173399239779 306.6294833868742 291.51722086966038 6994.5824448615313 184.14778435230255 196.57345267385244 1276.1365458145738
leaf_count=4265 4817 86465 2239 528 4403 2071 36972 1221 23407 9805 33580 3690 1481 34945 4434 11394 12873 21730 3327 4981 499 3462 17429 1549 1014 1280 55379 818 914 8371
internal_value=0 -0.000839201 0.00265275 0.00360578 0.00784504 -0.0085362 0.000416675 0.039735 -0.0116317 0.0072692 -0.0134522 0.000133196 -0.00204506 0.00993627 0.00411413 -0.00305778 -0.00114861 0.00743789 0.00643768 -0.0130203 0.00736888 0.0100892 0.013014 0.0142965 0.0329952 0.0247045 -0.0102659 0.0163839 0.0109307 -0.0174885
internal_weight=0 65519.7 45071.7 42488.1 19132.1 20448 5253.55 1832.45 15194.4 18941.8 13803.7 23356.1 17991.1 14384.3 6159.55 17334.8 4557.49 5364.94 1390.75 2583.59 5295.96 4561.08 3913.88 8224.77 616.291 656.283 10055.6 948.78 3737.84 2132.14
internal_count=399343 393305 233486 217895 91855 159819 39043 6038 120776 91327 112366 126040 100620 68649 31141 97859 22678 25420 8410 15591 26707 22304 18842 37508 2563 2761 78786 5083 18343 13352
is_linear=0
shrinkage=0.05


Tree=54
num_leaves=31
num_cat=0
split_feature=122 29 41 7 7 29 117 7 29 110 12 110 29 234 223 230 226 230 231 225 234 228 225 234 228 29 234 231 225 224
split_gain=2128.32 653.604 557.956 383.049 326.573 364.865 176.301 171.051 174.974 132.643 105.75 103.684 103.347 94.0922 91.1932 87.1536 110.363 82.1854 175.35 108.996 90.7555 280.528 203.396 80.8859 281.25 79.0877 68.762 67.9564 69.7743 64.592
threshold=0.036638611927628524 0.03116224613040686 0.078080486506223692 1.0000000180025095e-35 1.0000000180025095e-35 0.052700353786349304 1.0000000180025095e-35 1.0000000180025095e-35 0.049916375428438194 0.82162016630172741 0.17374691367149356 0.77552232146263134 0.0208831150084734 -0.011276395060122011 1.0000000180025095e-35 6.5000000000000009 -0.018806041218340393 7.5000000000000009 0.51252290606498729 -0.0029704321641474958 0.014099156949669124 47.923368453979499 0.0044434329029172668 0.016395426355302337 42.573217391967781 0.073536794632673277 -0.0029581186827272172 0.11882765591144563 0.0065890189725905665 4.5000000000000009
decision_type=2 2 2 2 2 2 2 2 2 2 2 2 2 2 2 2 2 2 2 2 2 2 2 2 2 2 2 2 2 2
left_child=1 3 4 12 5 9 7 8 17 27 14 25 -1 -14 -4 23 -17 20 19 -19 -3 22 -22 -15 -25 -7 29 28 -2 -18
right_child=2 6 10 -5 -6 11 -8 -9 -10 -11 -12 -13 13 15 -16 16 26 18 -20 -21 21 -23 -24 24 -26 -27 -28 -29 -30 -31
leaf_value=0.024102428772169351 -0.03946494130132807 0.010427544005643446 -0.03030445705496242 -0.04311810912089678 -0.035091570277074102 -0.0048865733996060375 -0.042482014940432813 -0.041393505866012849 -0.0030972983643837325 -0.0058527717247494199 -0.028165830967133505 -0.017297119915940583 0.022810861085609969 0.021110691640798061 -0.013338102398230993 -0.035551073666343753 0.018756847124732731 -0.04109493038843378 0.003619865727249906 0.012510957132949247 0.0026539478553591189 0.0066250687767465209 -0.054861117327445454 -0.032922871510202061 0.015139762760166887 -0.014489447384190782 0.010325261403057595 0.0035405101463827277 0.02423295883144732 -0.027441815220696504
leaf_weight=3678.1155832856894 174.3789099752903 11300.511953473091 870.51892805099487 271.80338403582573 839.46290934085846 8569.9760350584984 208.46723611652851 209.18743571639061 6737.4310077726841 5627.1142280250788 1769.24593141675 3345.4470972418785 2711.4597434550524 3321.5064852535725 8780.7853049635887 154.53652299940586 109.79308313131332 370.57816568017006 5437.7747259140015 127.43476319313049 278.90712662041187 4882.1921107321978 342.45538035035133 341.4402189552784 2804.389277651906 2859.5263801813126 2819.1107294410467 15046.572472929955 57.059258982539177 243.35802766680717
leaf_count=24630 490 55209 2482 995 2895 28260 601 745 24500 19997 4878 9610 17392 21309 26490 524 697 1126 25031 655 1219 22338 955 1027 16700 8597 16982 62761 226 688
internal_value=0 0.00774349 -0.00728259 0.0157463 -0.00426611 -0.00354086 0.00333838 0.00366014 0.00397987 0.000709835 -0.0169284 -0.00955518 0.0167349 0.014568 -0.0148684 0.012286 0.00570978 0.00607672 0.00101915 -0.0273779 0.00786323 0.00259788 -0.0290447 0.0156689 0.00992317 -0.0072891 0.0077198 0.00312694 -0.0237607 -0.0130789
internal_weight=0 46350.5 47940.1 16455.5 36519.5 35680.1 29894.9 29686.5 29477.3 20905.1 11420.6 14774.9 16183.7 12505.6 9651.3 9794.13 3326.8 22739.9 5935.79 498.013 16804.1 5503.55 621.363 6467.34 3145.83 11429.5 3172.26 15278 231.438 353.151
internal_count=400009 233323 166686 100944 132836 129941 132379 131778 131033 83474 33850 46467 99949 75319 28972 57927 18891 106533 26812 1781 79721 24512 2174 39036 17727 36857 18367 63477 716 1385
is_linear=0
shrinkage=0.05


Tree=55
num_leaves=31
num_cat=0
split_feature=29 168 233 227 224 233 226 234 33 15 230 228 228 229 162 230 228 32 187 187 227 227 228 149 225 15 165 233 29 225
split_gain=1936.22 765.959 646.865 578.069 780.14 801.746 551.784 545.764 506.945 399.368 394.737 278.275 259.562 254.283 214.339 214.176 204.315 264.737 181.699 177.759 170.953 165.611 268.079 152.453 145.735 165.64 145.255 142.188 138.03 131.43
threshold=0.040380556136369712 2.0852500200271611 -0.013996877707540987 0.22535404562950137 4.5000000000000009 -0.006994677707552909 -0.0047057049814611665 -0.033350853249430649 19.128833770751957 0.33657918870449072 7.5000000000000009 79.006359100341811 53.898300170898445 1.1887750029563906 12.528515338897707 11.500000000000002 34.934530258178718 0.0075462178792804488 -1.0000000180025095e-35 -1.3445000052452085 -0.016803984530270096 0.14847379177808764 81.669120788574233 39.285715103149421 0.011082766111940147 0.012014687992632391 655.94290161132824 0.025118764489889148 1.0000000180025095e-35 -0.0097732064314186556
decision_type=2 2 2 2 2 2 2 2 2 2 2 2 2 2 2 2 2 2 2 2 2 2 2 2 2 2 2 2 2 2
left_child=2 3 6 4 9 7 15 24 28 16 11 14 -8 19 -9 -1 17 18 -2 -5 29 -18 27 -17 -6 -26 -24 -23 -4 -16
right_child=1 -3 8 13 5 -7 12 10 -10 -11 -12 -13 -14 -15 20 23 21 -19 -20 -21 -22 22 26 -25 25 -27 -28 -29 -30 -31
leaf_value=-0.015789057257696918 -0.0099779165142788832 0.029102341585048631 0.060728764125107249 0.046562811635638184 -0.026222697824896252 -0.011182040794062762 0.034449312425122454 0.0093726189162816696 0.022233297306267635 0.011634960725767163 0.062314149645231347 -0.029860891105394444 -0.0064938811806321984 -0.00093569815203000002 0.041681686331193457 -0.016873704721294222 -0.019692637954098948 0.027178697325180752 0.04176457912813903 0.00038067323266489418 0.04865880587041909 -0.026462976198519395 0.038292389802254329 0.049618676491947518 -0.0029344070858570315 0.068935700223376015 0.1643093688876201 0.0030388379589356986 -0.024213918598370174 -0.0047801879904561199
leaf_weight=3131.6966118253767 2773.5870434753597 3658.1655043251812 48.051347989588976 1335.3144743442535 502.6639861613512 2036.9436454772949 1296.0927080586553 903.40653876960278 634.78344245254993 2756.6697921901941 950.72478368878365 211.67612463235855 551.93871623277664 520.35846619307995 284.59954927861691 138.29026279598475 4931.1333146877587 710.59641440957785 180.72270537912846 246.88959202170372 1359.6914133951068 642.4517155662179 115.94801203906536 228.87927504628897 378.24592165648937 101.73163022100925 28.484932936728001 1121.1723199151456 10180.414209354669 327.20415891706944
leaf_count=42135 26229 15867 287 5378 4344 17561 4634 5481 2676 12914 2598 1867 6392 2673 1050 1536 49607 5345 1027 1373 6346 6052 980 668 3328 635 217 9966 157976 2867
internal_value=0 0.00788843 -0.0141167 0.00442709 0.00184437 0.015275 0.000120062 0.0260105 -0.0211241 -0.00530293 0.034144 0.025467 0.0222211 0.0293847 0.0295407 -0.0115533 -0.00974806 -0.000222032 -0.0068127 0.0393565 0.0387825 -0.0148528 -0.00234472 0.0245751 -0.00740676 0.0122985 0.0631453 -0.00770806 -0.0238149 0.016833
internal_weight=0 26078.4 16210.1 22420.2 20317.7 7056.89 5346.9 5019.94 10863.2 13260.8 4037.3 3086.58 1848.03 2102.56 2874.9 3498.87 10504.1 3664.91 2954.31 1582.2 1971.5 6839.19 1908.06 367.17 982.642 479.978 144.433 1763.62 10228.5 611.804
internal_count=400009 183705 216304 167838 158414 46077 55365 28516 160939 112337 20209 17611 11026 9424 15744 44339 99423 32601 27256 6751 10263 66822 17215 2204 8307 3963 1197 16018 158263 3917
is_linear=0
shrinkage=0.05


Tree=56
num_leaves=31
num_cat=0
split_feature=7 160 232 227 233 226 225 233 228 226 234 226 227 228 225 226 234 225 160 228 232 234 233 228 230 233 234 234 143 227
split_gain=1063.71 598.017 309.214 302.257 288.468 238.435 206.903 201.123 373.305 321.088 338.745 254.463 230.593 227.583 220.174 195.421 357.944 166.436 152.341 141.001 115.715 113.234 107.749 101.305 89.3121 89.256 83.4392 85.0962 79.6153 76.1793
threshold=1.0000000180025095e-35 3.3141360282897954 -1.5185908079147337 0.22302427142858508 -0.00099835934815928318 -0.052973167970776551 0.20679578930139544 -0.00297881884034723 69.620273590087905 -0.013139597140252588 0.0079615630675107258 -0.038447357714176171 0.14847379177808764 50.77893257141114 -0.016739149577915665 -0.02959382068365812 0.0079615630675107258 -0.023775535635650154 2.4471335411071782 34.844081878662116 -0.8960944116115569 0.0013204683200456204 0.041261924430727966 73.319728851318374 1.5000000000000002 0.022766257636249069 -0.031190510839223858 -0.035849630832672112 25.022749900817875 0.1456660404801369
decision_type=2 2 2 2 2 2 2 2 2 2 2 2 2 2 2 2 2 2 2 2 2 2 2 2 2 2 2 2 2 2
left_child=1 4 5 7 -1 -3 -2 8 11 10 19 13 14 26 28 16 -6 -13 -17 -9 -12 -14 -16 -24 -5 -22 27 -4 -11 -20
right_child=6 2 3 24 15 -7 -8 9 -10 12 20 17 21 -15 22 18 -18 -19 29 -21 25 -23 23 -25 -26 -27 -28 -29 -30 -31
leaf_value=-0.019570200332493591 0.045156162540168764 0.017581843287323314 -0.011664644065282954 0.0079824006475458561 -0.023466780432541783 -0.010599098098490405 -0.0048679549543045536 -0.011448845411671181 0.020930169019225231 0.013079017280717706 0.0120248511825756 0.010768101428403183 0.01341534598531597 0.03471422319143886 0.00036565347093444386 -0.015462386303162127 0.035680003198655441 -0.012009710656731402 0.00049429057532876584 0.016190131214027358 0.059339471086493338 -0.0065374073171686701 0.012869093672717109 0.00079385954126800844 -0.017053631895268637 0.031302489330936364 -0.0058677942116056904 0.016068622970485537 0.031319481206245926 -0.012486681400409632
leaf_weight=4778.9456976801157 1533.8410853743553 845.05989722907543 357.13468857109547 425.85008250176907 394.24252459406853 6713.6120216324925 238.89766392111778 625.44405600428581 1775.027901366353 1237.0555069670081 301.63977555930614 914.75267985463142 829.31678774952888 604.0124002546072 5922.0415481775999 3514.1717393174767 728.40305532515049 6505.0567505434155 4905.9990524798632 1759.8042730987072 635.85825192928314 4986.9779816269875 5733.1968870088458 2491.851974144578 2178.6360371932387 512.79471182823181 1826.3333009183407 1226.5419104620814 1158.4275522828102 1468.5310964882374
leaf_count=44692 4758 3769 1926 2040 3750 41313 1237 3684 7768 5423 1536 4638 3804 2700 31707 33822 2779 39910 37188 8813 1984 25530 26642 12112 13738 1786 10138 5940 3848 11034
internal_value=0 -0.000838 0.0018615 0.00353669 -0.00931184 -0.00744847 0.0384148 0.00462709 -0.000403351 0.00716376 0.0205294 -0.00371524 0.00487096 0.00642604 0.00788181 -0.00485969 0.0149093 -0.00920154 -0.00710402 0.00894282 0.0395854 -0.00369244 0.00550817 0.00921079 -0.0129601 0.0468229 0.00141537 0.0098145 0.0218999 -0.0024962
internal_weight=0 65356.7 49566.4 42007.8 15790.3 7558.67 1772.74 39403.3 13208.9 26194.4 3835.54 11433.8 22358.9 4014.02 16542.6 11011.3 1122.65 7419.81 9888.7 2385.25 1450.29 5816.29 14147.1 8225.05 2604.49 1148.65 3410.01 1583.68 2395.48 6374.53
internal_count=400009 394014 260749 215667 133265 45082 5995 199889 73020 126869 17803 65252 109066 20704 79732 88573 6529 44548 82044 12497 5306 29334 70461 38754 15778 3770 18004 7866 9271 48222
is_linear=0
shrinkage=0.05


Tree=57
num_leaves=31
num_cat=0
split_feature=122 122 7 160 160 7 41 6 227 194 110 230 233 234 15 7 164 133 230 233 226 160 230 233 224 234 228 234 5 227
split_gain=1967.76 646.197 467.56 433.102 363.871 187.733 187.537 176.238 154.604 132.336 109.617 92.8057 113.886 187.681 91.4554 96.0274 87.5707 84.4541 82.126 111.774 194.887 73.2354 71.6993 89.244 95.7015 88.4707 123.995 246.762 70.5616 63.5418
threshold=0.030199374072253708 0.063561860471963896 1.0000000180025095e-35 2.9992444515228276 5.4152033329010019 1.0000000180025095e-35 0.0076234478037804374 1.9122499823570254 0.22535404562950137 1.0000000180025095e-35 0.77190312743186962 7.5000000000000009 -0.022330404259264466 -0.010293399915099142 0.12978354096412661 1.0000000180025095e-35 383.23269653320318 0.73138514161109935 9.5000000000000018 -0.030141824856400486 -0.034277250990271561 7.0599493980407724 9.5000000000000018 -0.030141824856400486 4.5000000000000009 0.0023294708225876097 38.664297103881843 0.016909533180296425 1.0000000180025095e-35 0.13368050009012225
decision_type=2 2 2 2 2 2 2 2 2 2 2 2 2 2 2 2 2 2 2 2 2 2 2 2 2 2 2 2 2 2
left_child=3 2 4 5 7 22 -5 28 9 -3 11 -9 13 -13 15 18 29 21 -8 20 -20 -6 25 24 -24 -1 27 -27 -2 -11
right_child=1 8 -4 6 17 -7 14 10 -10 16 -12 12 -14 -15 -16 -17 -18 -19 19 -21 -22 -23 23 -25 -26 26 -28 -29 -30 -31
leaf_value=0.025102207883843815 9.4328658562523656e-05 -0.026987004004810519 -0.03855145306705151 -0.042547976969329521 -0.0038139300868712481 -0.042643019656858995 0.0093071900479334054 0.0040005173121152645 -0.028318255534926312 -0.0096687279638885838 -0.0067945568741774017 0.0014255710406490796 -0.00041198896938035562 -0.046933534719782004 -0.0010901432600778571 -0.040626145330928738 -0.014605352527291494 -0.017738333772855691 0.007321093693781297 0.0066746131212233953 -0.038362889191738053 -0.013071738442215198 0.022168306661277615 0.014299407605712433 -0.027526993638880073 0.019097902296158657 0.018376471639346342 -0.039236189030125594 0.0096569762353167568 0.00028550567991336169
leaf_weight=4141.083490639925 2597.3090591132641 1328.1126747727394 855.43153415620327 202.99827569723129 7184.1244633495808 130.78625056147575 13640.157677233219 9654.2126421779394 1558.5665426552296 6012.5327931642532 5684.5106373727322 412.3721469938755 2454.8948196917772 390.74380394816399 3957.9496151804924 103.60714346170425 7080.9463078230619 2027.1475878357887 496.74685768783092 2063.1549077779055 440.4396410882473 3040.2308552265167 147.07746112346649 2219.6539358943701 283.84458395838737 474.92921975255013 5109.6575279980898 293.21547096967697 7498.1967941522598 2186.0831373184919
leaf_count=27986 10991 3841 3130 598 24024 501 66887 41792 4479 19573 21089 1712 10932 1114 15836 388 20864 5988 2277 10217 1417 9339 1004 14866 801 3159 33208 868 34179 6968
internal_value=0 -0.005388 -0.00196623 0.00971136 -0.00120186 0.0169546 0.0052763 0.00187823 -0.0132612 -0.0118482 -0.00100902 0.00153803 -0.00575889 -0.0221028 0.00574526 0.007361 -0.0105323 -0.00841522 0.00765978 0.000170299 -0.0141485 -0.00656676 0.0175698 0.0102569 -0.0105656 0.0195045 0.0155607 -0.00316933 0.00719676 -0.00701453
internal_weight=0 59965.4 41799.2 33705.3 40943.7 12800.2 20905.1 28692.2 18166.2 16607.7 18596.7 12912.2 3258.01 803.116 20702.1 16744.1 15279.6 12251.5 16640.5 3000.34 937.186 10224.4 12669.5 2650.58 430.922 10018.9 5877.8 768.145 10095.5 8198.62
internal_count=400028 220015 164290 180013 161160 82393 97620 121809 55725 51246 76639 55550 13758 2826 97022 81186 47405 39351 80798 13911 3694 33363 81892 16671 1805 65221 37235 4027 45170 26541
is_linear=0
shrinkage=0.05


Tree=58
num_leaves=31
num_cat=0
split_feature=29 227 224 31 231 187 232 108 29 232 227 232 227 232 164 14 227 15 22 232 226 229 5 131 11 229 229 226 29 226
split_gain=1785.82 641.302 573.056 560.578 545.664 473.396 456.532 387.448 302.953 279.21 284.335 203.033 333.974 199.131 191.055 190.043 167.535 164.618 145.233 137.764 123.419 176.936 144.071 119.204 118.557 114.889 125.295 114.101 113.394 112.629
threshold=0.042290693148970611 0.22535404562950137 4.5000000000000009 0.080280140042305007 0.64598518610000621 -16.817500114440914 0.30034458637237554 -0.00029494303453247989 0.068142391741275801 -1.6804370880126951 -0.016155138611793515 -0.4532077014446258 -0.0099242157302796823 -1.3652731180191038 306.67764282226568 0.3650719821453095 0.013518193271011116 0.1103491708636284 1.0000000180025095e-35 -1.9212649464607237 0.059302615001797683 1.2639697194099428 6.1042501926422128 -0.12792219966650006 -0.022065671160817143 0.82306972146034252 0.85096094012260448 -0.0047057049814611665 0.030870085582137111 -0.018953709863126274
decision_type=2 2 2 2 2 2 2 2 2 2 2 2 2 2 2 2 2 2 2 2 2 2 2 2 2 2 2 2 2 2
left_child=4 2 3 8 11 -6 7 16 13 10 -7 -1 27 19 -15 -8 23 18 -11 -2 21 22 -3 -4 -9 -21 -27 -13 -12 -18
right_child=1 20 6 -5 5 9 15 24 -10 17 28 12 -14 14 -16 -17 29 -19 -20 25 -22 -23 -24 -25 -26 26 -28 -29 -30 -31
leaf_value=-0.01493110583568477 -0.017275655063530734 0.05514720792719105 0.036748663251023224 0.019013904401409494 0.025577914483082664 -0.018664117250070191 -0.024341786659060411 0.01943260077481411 0.0095214899708345423 0.059973255479477419 -0.0057171217549741105 -0.03216523168747544 -0.017200810647540834 -0.019489250326643188 -0.0015615017132179529 0.037224454147285209 -0.021995453675777828 -0.0091498726248007613 -0.023531670736542939 -0.021847574805149924 0.05105094115210447 -0.0027335775512251966 0.022366446731961899 -0.0055958449907803319 0.036928759811153948 0.05924291253244645 0.011748377705278713 0.038244203858250406 0.031869644812112088 0.062472589951319768
leaf_weight=551.16401025652885 552.76870691776276 516.18646442145109 185.46281445026398 3006.8907103016973 660.69655932486057 972.97618800401688 819.22611904144287 1511.2140589430928 2676.848011624068 52.332332883030176 293.16337627544999 60.776954229921103 430.24677576124668 4651.0770361050963 2183.8836104869843 147.98765261471272 50.486673086881638 2648.7372775413096 10351.505334790796 215.01417758315802 639.29431577771902 425.86343428492546 955.8618676289916 1600.36759262532 2694.783320620656 158.63586259633303 1114.0808816850185 1080.250087171793 635.93486266955733 180.7629111930728
leaf_count=7092 5278 2020 953 12592 2392 13970 6761 7489 16251 324 3641 868 5604 46951 17283 543 413 30080 162209 2092 1991 2098 4024 14388 12519 1089 9363 3070 5911 769
internal_value=0 0.00826186 0.00548681 -0.000216778 -0.0126074 -0.0158405 0.0170357 0.0220026 -0.00522223 -0.0176704 0.000226713 0.0111797 0.0203388 -0.00966896 -0.013761 -0.0149219 0.00398713 -0.0202784 -0.0231116 0.00403809 0.0320502 0.02565 0.0338613 -0.00119827 0.0306424 0.0119572 0.0176683 0.0344938 0.0200097 0.0440314
internal_weight=0 24286.7 21749.5 14559.2 17737.8 15615.3 7190.29 6223.08 11552.3 14954.6 1902.07 2122.44 1571.27 8875.46 6834.96 967.214 2017.08 13052.6 10403.8 2040.5 2537.21 1897.91 1472.05 1785.83 4206 1487.73 1272.72 1141.03 929.098 231.25
internal_count=400028 164867 154734 110899 235161 218527 43835 36531 98307 216135 23522 16634 9542 82056 64234 7304 16523 192613 162533 17822 10133 8142 6044 15341 20008 12544 10452 3938 9552 1182
is_linear=0
shrinkage=0.05


Tree=59
num_leaves=31
num_cat=0
split_feature=234 226 227 225 29 41 229 231 228 3 225 233 233 233 226 233 230 122 226 234 234 232 227 230 29 227 184 232 154 19
split_gain=726.354 757.474 643.633 750.702 547.021 222.787 214.399 204.503 235.207 202.151 168.748 144.709 140.966 115.424 152.295 99.0218 101.858 97.9424 85.5188 84.0863 123.867 77.1652 75.2668 122.93 73.8041 70.8427 69.504 68.8579 68.4024 68.046
threshold=0.015965082682669166 -0.0097577082924544794 0.14627803117036822 0.058001475408673293 0.044143268838524825 0.022693015635013584 1.0909022688865664 4.5131709575653085 86.087261199951186 1253875.5625000002 -0.016739149577915665 -0.0034854352707043286 0.0051696279551833877 -0.006994677707552909 -0.013472215272486208 0.032048104330897338 6.5000000000000009 0.022847567684948448 -0.054350275546312325 -0.010293399915099142 -0.011504785157740114 -0.63058495521545399 0.16194821149110797 1.5000000000000002 0.028316378593444828 0.038397464901208885 8.5000001490698213e-06 -1.4672073721885679 -0.74053367972373951 0.11619339883327486
decision_type=2 2 2 2 2 2 2 2 2 2 2 2 2 2 2 2 2 2 2 2 2 2 2 2 2 2 2 2 2 2
left_child=4 6 3 5 9 -3 -2 8 13 11 -7 27 -4 14 19 -12 21 -13 26 20 -6 29 28 -24 -11 -23 -19 -1 -14 -17
right_child=1 2 12 -5 7 10 -8 -9 -10 24 15 17 22 -15 -16 16 -18 18 -20 -21 -22 25 23 -25 -26 -27 -28 -29 -30 -31
leaf_value=-0.018625379850296046 0.049285199159802201 -0.004690598433801838 0.016529566630431907 0.043747334951770689 -3.2605802098602134e-05 0.026048866685829106 0.016565415403585703 0.0097477355694704677 0.032096504591367765 -0.024659975129096613 -0.0094766087778814598 -0.009104610673654423 -0.015476011285753372 0.0026792116368343187 -0.016511182347831648 0.0057711651243233485 0.01655406777050759 0.063151641802185521 0.0012295506478078139 -0.014166756767266465 0.048657931432839641 -0.0088571606118159965 0.00010658470376899098 -0.019111366156833322 -0.012950647067590941 0.0059097495043070256 0.008081507491099359 -0.0082588293676160354 0.0015800719727916937 0.026201668709530935
leaf_weight=2256.8882023319602 1228.0488910377026 3313.4068456590176 564.27654200792313 1509.7223354279995 4144.873733446002 1443.9161468967795 845.26104235649109 6037.8143788725138 512.24529221653938 2213.3316207453609 772.07495260238647 2742.7535773813725 820.46363838016987 6255.224916934967 2534.9647365286946 1025.9334889873862 3035.2162078693509 102.29883497953415 4600.5082307085395 1070.4287865757942 134.86881776154041 1216.573050968349 1152.8463697209954 2991.0147401839495 3433.0500966906548 2443.4209176450968 130.23873697221279 5519.1980419531465 2073.2010251507163 676.15729262679815
leaf_count=18198 3642 26182 2418 4825 21711 6076 3603 26133 1823 23184 4152 23453 5686 30331 15252 5577 14768 507 31085 5992 502 6290 6119 18245 25151 12942 672 42322 10322 2865
internal_value=0 0.00699838 0.00439328 0.010258 -0.00376596 0.00662763 0.0359458 0.00200397 -0.00118696 -0.00945129 0.0101611 -0.00647606 -0.00751584 -0.00239268 -0.00641618 0.00765924 0.00923476 -0.00155789 0.00272487 -0.00163307 0.00150179 0.00509166 -0.00944383 -0.0137648 -0.0175406 0.00100126 0.0323082 -0.0112676 -0.00325597 0.0138872
internal_weight=0 25111.5 23038.2 15436.4 41688.7 13926.7 2073.31 20690.4 14652.6 20998.3 10613.3 15351.9 7601.8 14140.4 7885.14 9169.38 8397.3 7575.8 4833.05 5350.17 4279.74 5362.08 7037.53 4143.86 5646.38 3659.99 232.538 7776.09 2893.66 1702.09
internal_count=400028 133712 126467 83677 266316 78852 7245 101744 75611 164572 52670 116237 42790 73788 43457 46594 42442 55717 32264 28205 22213 27674 40372 24364 48335 19232 1179 60520 16008 8442
is_linear=0
shrinkage=0.05


Tree=60
num_leaves=31
num_cat=0
split_feature=41 41 29 7 29 7 41 6 227 211 229 206 6 110 29 29 229 230 230 228 228 30 148 230 41 3 187 165 228 231
split_gain=1800.26 601.715 428.589 425.349 311.821 186.241 176.671 158.933 133.788 126.428 97.8086 93.181 92.5849 89.555 80.8058 76.6564 65.7 63.6052 62.9942 65.0493 61.3664 72.1536 58.4886 55.466 55.0702 50.5677 48.5922 47.0508 46.7293 48.7743
threshold=0.030888515524566177 0.061319481581449516 0.029992444440722469 1.0000000180025095e-35 0.056095251813530929 1.0000000180025095e-35 0.0076234478037804374 2.2880500555038457 0.22535404562950137 1.0000000180025095e-35 1.8537479043006899 -0.018035650253295895 3.0141500234603886 0.77190312743186962 0.020298494957387451 0.048338605090975768 1.3025960922241213 9.5000000000000018 9.5000000000000018 24.623007774353031 37.995595932006843 -0.018612455576658245 1.0000000180025095e-35 11.500000000000002 0.023148902691900734 1054214.8125000002 -17.645499229431149 280.16110229492193 24.623007774353031 0.57123330235481273
decision_type=2 2 2 2 2 2 2 2 2 2 2 2 2 2 2 2 2 2 2 2 2 2 2 2 2 2 2 2 2 2
left_child=2 3 5 4 7 14 -4 16 9 -3 12 -11 24 18 -1 -13 22 -16 -9 -20 23 -22 -2 -6 -8 -24 -10 -17 -19 -30
right_child=1 8 6 -5 20 -7 10 13 26 11 -12 15 -14 -15 17 27 -18 28 19 -21 21 -23 25 -25 -26 -27 -28 -29 29 -31
leaf_value=0.02416538291770802 0.012210880220892967 -0.025765221572187864 -0.041710398964227409 -0.038831257957660174 -0.0017479862490064326 -0.041895884759679744 0.011390665111210299 0.0024607423039705398 -0.039129995008017622 -0.016633102911937182 -0.041251099533589547 -0.0023574442011512504 0.00094624555854090533 -0.0075444594020930957 0.016751262075741583 -0.0072052024828552679 0.017187534553868036 -0.0356119979238377 -0.053522204236177186 -0.0059359516655374247 -0.0057012083394489179 -0.015988963211988328 0.0011637698178001206 -0.041873589714322694 0.0050977273107087459 0.010076789099061782 -0.020493380917516357 -0.014792661621663462 -0.013754028896597421 0.011052584142256572
leaf_weight=2974.8155575618148 2086.1848200708628 1387.4794325232506 202.37980012595654 759.41172090172768 3091.7938794344664 135.83614493906498 6162.8429011553526 8791.4976731687784 500.40705725550652 4048.0940493345261 112.62192776799202 4153.5889563113451 7427.4832198470831 4711.4549734890461 7697.9595535993576 4448.695450052619 1138.0545770674944 63.605701565742493 75.11284339427948 1636.091656550765 3150.0025873482227 3713.6507100909948 7772.7262378036976 88.59167355298996 7975.8851465582848 2001.0207451581955 1161.8237166553736 3778.7319638878107 226.12493760883808 1601.7451937496662
leaf_count=21206 9681 4008 597 2898 10413 545 30767 37346 1459 11660 426 14850 33764 17130 50253 13830 5244 179 208 6930 9779 11389 33221 255 37153 9090 3350 10916 1019 10539
internal_value=0 -0.0053604 0.00903015 -0.00177721 -0.00104166 0.0163365 0.00478945 0.00165178 -0.0125375 -0.0112718 0.00522354 -0.0100477 0.00546624 -0.00181697 0.0169661 -0.00789459 0.00571196 0.0147327 0.000752344 -0.00802474 -0.00860713 -0.0112675 0.00461079 -0.00286571 0.00784072 0.00298857 -0.0261038 -0.01069 0.00651775 0.00798377
internal_weight=0 58494.4 34581.3 39015.6 38256.2 12700.1 21881.2 28212.1 19478.8 17816.6 21678.8 16429.1 21566.2 15214.2 12564.3 12381 12998 9589.44 10502.7 1711.2 10044 6863.65 11859.9 3180.39 14138.7 9773.75 1662.23 8227.43 1891.48 1827.87
internal_count=400105 213657 186448 153584 150686 83741 102707 118850 60073 55264 102110 51256 101684 61614 83196 39596 57236 61990 44484 7138 31836 21168 51992 10668 67920 42311 4809 24746 11737 11558
is_linear=0
shrinkage=0.05


Tree=61
num_leaves=31
num_cat=0
split_feature=29 152 233 226 233 226 15 229 130 19 126 228 226 234 228 228 233 234 225 30 139 228 224 233 36 15 228 233 233 234
split_gain=1645.71 707.521 606.641 900.381 536.668 424.91 375.659 353.176 343.144 285.901 180.291 168.567 163.586 368.148 161.618 145.7 153.81 162.791 206.236 127.997 124.058 117.479 115.086 109.456 159.998 104.248 100.733 148.313 292.207 111.652
threshold=0.038020007312297828 0.076458606868982329 -0.0111924079246819 -0.0047057049814611665 -0.020705744624137875 -0.0047057049814611665 0.28640078008174902 1.0856314301490786 -0.090365506708621965 0.029159339144825939 0.029180013574659828 22.164649009704593 -0.036604972556233399 -0.0059268265031278125 53.898300170898445 66.630981445312514 -0.0024530928349122401 0.072101317346096053 0.0059500080533325681 -0.020108340308070179 2.5000000000000004 22.164649009704593 4.5000000000000009 -0.059049820527434342 -99.984485626220689 0.10055524110794069 69.620273590087905 -0.050984976813197129 -0.052350873127579682 -0.033350853249430649
decision_type=2 2 2 2 2 2 2 2 2 2 2 2 2 2 2 2 2 2 2 2 2 2 2 2 2 2 2 2 2 2
left_child=4 2 3 9 5 11 12 19 -6 23 15 22 13 -4 -7 16 -3 18 -18 -5 -10 -11 -1 24 -2 -22 27 28 -25 -29
right_child=1 10 6 7 8 14 -8 -9 20 21 -12 -13 -14 -15 -16 -17 17 -19 -20 -21 25 -23 -24 26 -26 -27 -28 29 -30 -31
leaf_value=-0.019449330574408317 0.045647824230453882 0.033843478836018868 0.053654394073695558 0.025676100167430167 0.015725037260214365 0.031435837786013603 0.0098635411979693388 -0.018778759238002631 0.050020643294798411 0.045326145323420733 0.034233026143024974 -0.016940571349025484 -0.014918121792808603 -0.015147094761299698 -0.013937573044303396 0.0040376373726603411 0.022087965093607619 0.034477439743776622 -0.0074497107859656563 0.048068649650693358 -0.02720592196772538 0.010549167685908023 0.0404893663316961 0.00091497580031039321 -0.023661552133378925 -0.013352637637319795 -0.031368446011501995 -0.020583041484491544 0.081408247144154566 0.0022963758005893745
leaf_weight=121.18967041000724 89.274699859321117 1400.8556072860956 293.23046382516623 1073.0680096000433 576.53782177716494 1096.1068145036697 2465.9117209464312 293.90989730507135 56.115211814641953 276.54811807721853 1506.6819616854191 2139.6281816400588 7187.3565909080207 577.06450704485178 239.06162214279175 2059.3083918616176 1196.2525281459093 732.1908461228013 1167.8937855511904 1574.5933006480336 7109.1515964306891 1992.220607355237 236.11170276999474 392.26336013525724 1237.2205778211355 1678.6777034178376 269.14674583077431 762.32837248593569 158.22858541458845 1774.3328764513135
leaf_count=1444 404 5733 1760 4388 2798 3667 12517 2412 341 1300 5337 31864 77875 6723 3059 11173 5856 2899 6489 5968 124358 13233 654 3806 12572 23027 3149 7719 782 16798
internal_value=0 0.0060961 0.00114353 0.0100326 -0.0152326 0.000543183 -0.00721305 0.0332209 -0.0216499 0.000220464 0.0186365 -0.0116317 -0.0124391 0.00803435 0.0233117 0.0150524 0.0200961 0.0138765 0.00749628 0.0389932 -0.0240864 0.0147883 0.0201593 -0.00683749 -0.0189969 -0.0245596 -0.00203176 0.000525896 0.0240513 -0.00457945
internal_weight=0 28479.9 20416.7 9893.14 13252.6 3832.1 10523.6 2941.57 9420.48 6951.56 8063.18 2496.93 8057.65 870.295 1335.17 6556.5 4497.19 3096.34 2364.15 2647.66 8843.94 2268.77 357.301 4682.8 1326.5 8787.83 3356.3 3087.15 550.492 2536.66
internal_count=400105 208893 171406 72531 191212 40688 98875 12768 150524 59763 37487 33962 86358 8483 6726 32150 20977 15244 12345 10356 147726 14533 2098 45230 12976 147385 32254 29105 4588 24517
is_linear=0
shrinkage=0.05


Tree=62
num_leaves=31
num_cat=0
split_feature=7 142 227 234 226 227 232 225 225 225 226 226 234 227 233 227 232 234 227 230 142 234 229 232 143 228 230 160 229 233
split_gain=901.4 522.904 236.914 259.637 463.577 222.524 185.92 174.114 171.226 153.477 201.806 144.294 185.68 386.592 130.504 126.875 182.294 116.72 114.776 148.587 100.409 95.8881 91.766 88.096 86.5747 85.5044 84.1448 82.0128 80.7252 80.4575
threshold=1.0000000180025095e-35 13.270199775695803 0.22302427142858508 0.015965082682669166 0.0017863642424345019 0.14847379177808764 0.24266439676284793 -0.00054045068100094784 0.20679578930139544 -0.0046901833266019812 -0.05077246576547622 -0.052973167970776551 0.016395426355302337 -0.059249300509691231 0.0098218708299100416 0.038397464901208885 -0.30824622511863703 0.023264077492058281 -0.01972157601267099 3.5000000000000004 43.499050140380866 -0.032319288700819009 0.78721421957016002 -1.6804370880126951 23.935750007629398 33.599060058593757 2.5000000000000004 3.4945732355117802 0.79885405302047741 0.06707268208265306
decision_type=2 2 2 2 2 2 2 2 2 2 2 2 2 2 2 2 2 2 2 2 2 2 2 2 2 2 2 2 2 2
left_child=1 11 3 6 17 15 7 9 -2 10 28 25 23 -14 -7 16 -6 -5 -11 26 22 -12 -8 -13 -19 -1 -20 -25 -3 -4
right_child=8 2 29 4 5 14 20 -9 -10 18 21 12 13 -15 -16 -17 -18 24 19 -21 -22 -23 -24 27 -26 -27 -28 -29 -30 -31
leaf_value=0.017471303813126154 0.042809455675429417 -0.012778950417601329 -0.0076340134271253718 0.052728980219099969 0.0076294732177785958 0.018335653312200911 0.01065901721108152 -0.0090055918168681741 -0.0034826429706251226 -0.0045257289993338827 0.0055376727054242195 -0.024102558723464843 0.040792531130281126 -0.0075806629653546419 -0.0076941886010039248 0.012617285442314644 -0.01485397419328628 0.0050930507496384945 0.016088330335079431 0.038761872356671175 0.014861260806514676 -0.0081613276704436237 -0.00076237294812888246 -0.015459755236114979 0.034719152390429074 -0.016226174252522645 -0.01722397875445902 -0.003711779716890953 0.017362821416442482 -0.027583531852910154
leaf_weight=749.29635731130838 1460.1314997375011 259.45258529484272 2053.9741842746735 516.85236576199532 3744.8614579513669 547.39079274237156 2520.4922220036387 7619.4262819215655 231.41238725185394 714.54440113157034 1589.9513469412923 1892.9410545304418 479.1303278952837 2993.9229294806719 4001.9658711478114 7231.4859169498086 1187.4035423547029 391.88570833951235 743.10919823497534 619.84532033652067 2126.5444027930498 6498.1401095464826 5818.5374726578593 4993.1675083786249 665.11943587660789 251.41326870024204 254.48247354477644 2114.7698805704713 1544.2687869295478 670.35823882371187
leaf_count=4047 4812 1486 12555 1444 18930 2257 12611 47521 1205 4473 8877 16601 1472 26524 21241 34902 6619 1759 3867 3200 7861 41254 32912 49961 2259 2109 1571 14495 6571 4709
internal_value=0 -0.000496444 0.00180514 0.0026095 0.00731459 0.00487164 -0.00022934 -0.0030733 0.0364764 0.000624456 -0.00209582 -0.00926234 -0.0107278 -0.000907266 -0.00456221 0.00839999 0.00221676 0.0332567 0.0121634 0.0195362 0.00516295 -0.00546839 0.00268977 -0.0145172 0.0237352 0.00900532 0.00759047 -0.0119645 0.0130271 -0.0125429
internal_weight=0 64794.7 51320.1 48595.8 18287 16713.1 30308.8 19843.2 1691.54 12223.8 9891.81 13474.6 12473.9 3473.05 4549.36 12163.8 4932.27 1573.86 2331.98 1617.44 10465.6 8088.09 8339.03 9000.88 1057.01 1000.71 997.592 7107.94 1803.72 2724.33
internal_count=400105 394088 278879 261615 89411 83949 172204 118820 6017 71299 58188 115209 109053 27996 23498 60451 25549 5462 13111 8638 53384 50131 45523 81057 4018 6156 5438 64456 8057 17264
is_linear=0
shrinkage=0.05


Tree=63
num_leaves=31
num_cat=0
split_feature=41 122 29 7 6 7 41 227 15 232 227 142 234 29 7 229 18 148 36 231 229 142 13 231 233 232 227 5 5 229
split_gain=1628.13 506.946 431.987 351.747 271.248 186.96 183.379 140.614 125.263 102.542 328.097 100.874 99.484 99.4404 95.5582 83.9842 73.2005 72.671 62.2359 63.1929 85.1618 59.1379 57.7935 57.3083 78.47 56.5314 54.5051 53.9161 68.9596 51.0188
threshold=0.031964560970664031 0.063561860471963896 0.029992444440722469 1.0000000180025095e-35 2.533849954605103 1.0000000180025095e-35 1.0000000180025095e-35 0.22535404562950137 0.09863887727260591 -0.8960944116115569 -0.023329939693212506 50.909299850463874 -0.0041331155225634566 0.042950876057147987 1.0000000180025095e-35 1.2714250683784487 0.020539226010441784 1.0000000180025095e-35 -1.2972505688667295 19.763497352600101 1.8537479043006899 20.476500511169437 -0.01091004256159067 0.64598518610000621 -0.012939637526869772 -2.1506615877151485 -0.0059374631382524959 1.0000000180025095e-35 21.056099891662601 1.9950509667396548
decision_type=2 2 2 2 2 2 2 2 2 2 2 2 2 2 2 2 2 2 2 2 2 2 2 2 2 2 2 2 2 2
left_child=2 3 5 4 15 9 -4 11 -6 -1 12 18 -11 14 -8 17 -12 -2 19 20 21 -3 23 24 26 -10 -15 -19 -29 -17
right_child=1 7 6 -5 8 -7 13 -9 25 10 16 -13 -14 22 -16 29 -18 27 -20 -21 -22 -23 -24 -25 -26 -27 -28 28 -30 -31
leaf_value=0.023931639665891978 0.0093744878065356498 7.3353751558665359e-05 -0.045083408320315099 -0.036060839235141577 -0.0013043313912222926 -0.041223633646883945 0.0075109843774055357 -0.026727699466824701 -0.030022016894920341 0.0061447250066391391 0.02113580640674801 -0.017076784817355653 -0.031986858459783322 -0.04538999809921393 -0.040213081345082433 0.015573560557796951 0.011853492169970368 -0.0047696582037953014 -0.021586844521209403 0.0070512958459702782 -0.029871360196065941 -0.0094330733567197511 -0.0045258096879533336 0.0054714348798782864 0.0066894351781008532 -0.008570486824492695 0.014676545884003973 0.0092293764611936242 -0.00025838021847586116 -0.021703897553838541
leaf_weight=3290.8527891784906 2756.3900639265776 2062.6539691537619 186.83681447803974 745.62261039018631 9706.6846246570349 142.59864369034767 14533.238192349672 1525.4855594784021 316.9556138664484 267.52725002169609 4196.0201816111803 4695.7354317307472 474.31591764092445 187.983508259058 105.65228702127934 1662.030711248517 4301.0208124294877 3597.6986156255007 835.7425796687603 704.72489780187607 442.97364833950996 7908.1725541502237 3520.2305127382278 4700.0425814390182 255.76194894313812 9900.9940596520901 47.262210607528687 2669.675037920475 6776.5054377615452 97.151580214500427
leaf_count=24061 12022 7670 545 2942 39655 600 75237 4411 940 1204 29660 12938 1474 558 431 7220 28372 13721 2506 2323 1427 24285 13453 19199 1064 32655 190 11930 27217 340
internal_value=0 -0.00532378 0.00826197 -0.00205539 -0.00137896 0.0157049 0.00425471 -0.0121984 -0.00537188 0.0163528 0.0136532 -0.0108672 -0.0182357 0.00464949 0.00716655 0.00315179 0.0164373 0.00199797 -0.00842805 -0.00743894 -0.00841953 -0.00746649 0.000419693 0.00377341 -0.0124805 -0.0092359 -0.0333223 0.000439189 0.00242305 0.0135149
internal_weight=0 56405.2 36209.3 38229.7 37484.1 12672.3 23537 18175.5 19924.6 12529.7 9238.88 16650 741.843 23350.2 14638.9 17559.5 8497.04 15800.3 11954.3 11118.5 10413.8 9970.83 8711.28 5191.05 491.008 10217.9 235.246 13043.9 9446.18 1759.18
internal_count=400250 204202 196048 148642 145700 85371 110677 55560 73250 84771 60710 51149 2678 110132 75668 72450 58032 64890 38211 35705 33382 31955 34464 21011 1812 33595 748 52868 39147 7560
is_linear=0
shrinkage=0.05


Tree=64
num_leaves=31
num_cat=0
split_feature=29 152 231 233 233 230 13 227 228 15 232 168 228 227 227 233 227 233 226 227 224 39 3 230 228 187 232 227 228 6
split_gain=1525.39 601.272 583.176 579.422 556.262 454.859 410.261 280.727 256.014 257.635 321.943 255.942 253.879 226.687 237.95 229.607 218.059 294.431 203.336 196.155 194.452 179.4 165.052 164.824 150.184 137.71 132.83 160.073 231.768 163.051
threshold=0.040231125429272659 0.090421758592128768 1.7051149606704714 -0.020705744624137875 -0.012939637526869772 7.5000000000000009 0.12644983083009723 -0.017081287689507004 20.885622978210453 0.38386669754982 -1.2383719086647031 0.42745000123977667 53.581571578979499 -0.036407448351383202 -0.034230951219797127 0.00055965055798878904 0.15536781400442126 0.066189184784889235 -0.018953709863126274 0.22668402642011645 3.5000000000000004 1.2610576152801516 281601.56250000006 4.5000000000000009 57.368129730224616 -23.057999610900875 -1.6804370880126951 0.14912125468254092 81.669120788574233 3.3304499387741093
decision_type=2 2 2 2 2 2 2 2 2 2 2 2 2 2 2 2 2 2 2 2 2 2 2 2 2 2 2 2 2 2
left_child=3 2 4 5 12 -1 26 -7 20 10 11 13 -2 -10 -15 18 -12 -18 -16 24 -4 -22 -21 -19 -6 -3 -5 -28 -29 -30
right_child=1 25 8 6 19 7 -8 -9 9 -11 16 -13 -14 14 15 -17 17 23 -20 22 21 -23 -24 -25 -26 -27 27 28 29 -31
leaf_value=-0.010017303218446969 0.041647041053614282 0.034864110652525766 -0.015184967229831207 -0.0042512305980942112 -0.013533190787103034 0.033655200906085113 0.014415938255483332 -0.01916490861893352 -0.018908048016158419 0.01436333412441182 -0.017946363438397176 0.032947998319854135 0.011814804415923769 0.065077022836052212 -0.0096921213091835899 0.049361299350017582 -0.018869575450491519 0.046656955361149277 0.035347135727102838 0.072334388742811284 0.064778315852481019 0.0023908071568927397 0.010698917312259007 0.004926258154284718 0.020762574102566433 0.016425758426558516 -0.027802594723358682 -0.018515365006175573 0.0029791632803949112 0.084807714372955159
leaf_weight=2869.0971858389676 1912.2305722087622 1260.0703742206097 201.88161765038967 908.3625070899725 1792.6441024877131 1281.860720295459 817.61182101070881 312.96747919917107 1185.4646491631866 1587.4877691343427 5804.9550346769392 652.98701348900795 1137.3505687564611 169.36353712528944 1563.8184222318232 241.31221975386143 947.89324644953012 366.38204602524638 298.41409175843 138.68120791763067 328.01076874881983 177.63234578818083 501.03843452036381 668.08181817829609 388.37240377813578 5157.383167963475 6977.9450590759516 1591.3617930077016 172.47703656554222 94.084748398512602
leaf_count=38353 6783 3784 1902 13765 15901 4098 3956 4666 12122 6813 60587 4236 7220 1125 14832 1331 8139 2206 1288 648 1246 1099 2510 5815 3121 22954 121594 23964 2831 1361
internal_value=0 0.00672437 0.00246342 -0.0132206 0.0157184 0.00188235 -0.0196037 0.0232898 -0.00301865 -0.00455673 -0.007081 0.00423809 0.030521 -0.00118272 0.00806215 0.00347169 -0.013057 0.00126066 -0.00247479 -0.000285243 0.0262989 0.0428616 0.0240605 0.0197063 -0.00742616 0.0200461 -0.0224582 -0.02433 -0.0112877 0.0318611
internal_weight=0 26481.5 20064 15025.8 5870.32 4463.93 10561.8 1594.83 14193.7 13486.2 11898.7 4111.36 3049.58 3458.37 2272.91 2103.54 7787.31 1982.36 1862.23 2820.74 707.525 505.643 639.72 1034.46 2181.02 6417.45 9744.23 8835.87 1857.92 266.562
internal_count=400250 185662 158924 214588 36183 47117 167471 8764 122741 118494 111681 34934 14003 30698 18576 17451 76747 16160 16120 22180 4247 2345 3158 8021 19022 26738 163515 149750 28156 4192
is_linear=0
shrinkage=0.05


Tree=65
num_leaves=31
num_cat=0
split_feature=7 142 227 234 227 225 232 231 234 228 232 227 233 225 122 227 225 14 228 225 225 227 227 233 234 229 233 234 227 187
split_gain=815.784 469.15 219.19 241.71 354.494 168.337 166.372 168.644 139.904 298.903 185.082 137.879 224.951 135.404 115.534 99.8679 88.6023 85.9222 111.445 81.9729 164.21 105.765 138.164 88.6079 87.5669 81.3098 77.0921 68.9219 77.0748 82.0406
threshold=1.0000000180025095e-35 12.912350177764894 0.22302427142858508 0.015965082682669166 -0.059249300509691231 0.20679578930139544 0.24266439676284793 5.0970113277435312 0.0079615630675107258 38.664297103881843 -0.8960944116115569 0.15454842895269397 0.0098218708299100416 -0.016739149577915665 0.074038688093423857 0.15348365157842639 0.0044434329029172668 0.099416777491569533 93.429920196533217 -0.00054045068100094784 -0.0046901833266019812 -0.01972157601267099 -0.016730034723877903 -0.006994677707552909 -0.032319288700819009 0.8855293095111848 0.06707268208265306 0.013172405306249859 -0.033182777464389794 -0.41249999403953547
decision_type=2 2 2 2 2 2 2 2 2 2 2 2 2 2 2 2 2 2 2 2 2 2 2 2 2 2 2 2 2 2
left_child=1 8 3 6 16 -2 7 19 14 10 -10 13 -13 -6 -1 -15 -5 18 -8 20 24 -22 -23 -21 25 -3 -4 28 29 -9
right_child=5 2 26 4 11 -7 17 27 9 -11 -12 12 -14 15 -16 -17 -18 -19 -20 23 21 22 -24 -25 -26 -27 -28 -29 -30 -31
leaf_value=-0.01467360973295033 0.041645967206687624 -0.020894730184863534 -0.0075699113301281526 0.012858074088020916 0.020843894467556849 -0.0045855993573828292 -0.001344327077086205 0.032567601156610497 -0.013577527784870612 -0.0083830392932973726 0.038810665475609019 0.020102316196901778 -0.0082187050634803076 0.0050971739933902485 0.016616416249203698 0.031479519189064456 0.051193885556144604 0.0096779701957876614 0.024447610394577074 -0.013128570433578263 -0.0061409406672912961 0.040203522472813814 0.0078206434612806998 -0.00192392358807339 -0.0077648181117892017 0.0099218451394921699 -0.027286325275776804 -0.014487174080056897 0.0050346919292994967 -0.011696386289169637
leaf_weight=7411.9836645498872 1408.3734647035599 253.26123967766762 2052.4405119270086 209.14422629773617 1744.8139985352755 228.89983594417572 5476.4916852340102 652.1513260230422 232.43832951784134 3871.3653936386108 613.77565228939056 881.47775311022997 3427.3489089906216 11457.48481618613 307.24029908329248 370.29969239234924 539.56231635808945 4702.8641794994473 453.50857646018267 4485.673444531858 735.88562847673893 452.3456776663661 1211.7379195168614 2908.6005989313126 6638.819659024477 1382.4986699745059 653.69100310653448 252.16707317531109 1138.4182064756751 124.69694583117962
leaf_count=67535 4792 1523 12658 778 7037 1197 32360 2668 2153 35607 2058 3506 18583 58574 1392 1212 1510 20144 1947 29553 4664 2216 6645 17373 42789 7638 4710 1667 5170 591
internal_value=0 -0.000555325 0.00152372 0.00228125 0.00677876 0.0351825 -0.000433087 -0.00309386 -0.00928245 -0.00249889 0.0244207 0.00536745 -0.00242494 0.00784127 -0.0134282 0.00592314 0.0404851 0.00463085 0.000628163 -0.00467474 -0.00187181 0.00964322 0.0166232 -0.00872113 -0.00521164 0.00515058 -0.0123326 0.0100852 0.0133204 0.0254625
internal_weight=0 64642.2 52205.4 49499.3 18630.1 1637.27 30869.1 20236.3 12436.8 4717.58 846.214 17881.4 4308.83 13572.6 7719.22 11827.8 748.707 10632.9 5930 18068.8 10674.5 2399.97 1664.08 7394.27 8274.58 1635.76 2706.13 2167.43 1915.27 776.848
internal_count=400250 394261 285516 268148 91200 5989 176948 122497 108745 39818 4211 88912 22089 66823 68927 59786 2288 54451 34307 112401 65475 13525 8861 46926 51950 9161 17368 10096 8429 3259
is_linear=0
shrinkage=0.05


Tree=66
num_leaves=31
num_cat=0
split_feature=122 29 15 7 41 7 6 30 225 7 232 228 122 29 29 3 6 15 12 130 230 225 5 231 232 118 233 194 29 228
split_gain=1530.43 437.991 423.743 260.656 225.409 199.395 191.221 148.002 136.843 114.209 105.883 264.603 103.725 98.2882 82.0337 76.4825 74.4683 73.3123 54.1337 52.6898 67.2585 54.2872 52.0229 51.2241 96.8013 49.8437 52.0589 47.7291 47.7158 47.0001
threshold=0.033614115789532668 0.029534983448684219 0.2791458815336228 1.0000000180025095e-35 0.088203016668558135 1.0000000180025095e-35 1.9247500300407412 0.057765420526266105 0.20679578930139544 1.0000000180025095e-35 -0.8960944116115569 28.266542434692386 0.022847567684948448 0.056095251813530929 0.019979468546807769 588691.62500000012 1.9882499575614931 0.7116275727748872 0.19556972384452823 0.046240078285336501 9.5000000000000018 -0.072023449465632425 30.377750396728519 1.935372591018677 -1.7816337943077085 1.5000000000000002 -0.010964763816446064 0.083452597260475173 0.04634519666433335 24.623007774353031
decision_type=2 2 2 2 2 2 2 2 2 2 2 2 2 2 2 2 2 2 2 2 2 2 2 2 2 2 2 2 2 2
left_child=1 5 3 4 6 10 15 9 -5 12 -1 -12 -3 19 -13 23 -14 25 27 22 21 -21 -8 24 -2 26 -4 -6 -18 -22
right_child=2 7 17 8 18 -7 13 -9 -10 -11 11 14 16 -15 -16 -17 28 -19 -20 20 29 -23 -24 -25 -26 -27 -28 -29 -30 -31
leaf_value=0.024081861446715744 -0.035954149119867836 0.0090299912162629514 -0.018596307608275027 -0.037040302602290347 -0.029682103858182946 -0.040647855300989869 0.00018627772052698895 -0.03336215448934176 -0.00020640532256888014 -0.038544071530523159 -0.033373324961138394 0.023389070899785577 0.0066892890794908863 -0.0082778585803792212 0.012150494806411352 0.010317511676015793 0.0025125706143561488 -0.023659588404302601 -0.037477481776885146 -0.04026540781414728 -0.053811676245386013 0.0053239568228102335 -0.0064846081965287562 0.0039705583008043561 -0.0014213335785326271 -0.033140085698564282 -0.0097498236188575324 -0.010250892546609864 -0.0042391365064445826 -0.0076663106455941085
leaf_weight=3126.4365005642176 229.63493402302265 8842.6419711261988 2125.8707159161568 843.43767890334129 344.65185670554638 156.45344924926758 5497.9499035924673 262.48234489560127 359.68895569443703 154.13737733662128 292.59026661515236 2168.6629298627377 6352.5562729239464 7589.9324174970388 6461.6906852573156 3631.9463425278664 6742.3020774573088 1644.3838778436184 217.09171366691589 66.204209759831429 59.912704437971115 4778.6220320463181 6239.210701584816 5414.3564937710762 1745.3680724054575 278.17906451225281 7637.9376835823059 3804.9458685517311 4276.7044145315886 698.56711140275002
leaf_count=23583 730 44868 5932 3405 993 690 21970 813 1060 656 957 16352 30512 24215 42612 15921 33040 4488 633 213 167 19923 24240 21924 7241 809 21806 11624 16016 2842
internal_value=0 0.00759226 -0.00546245 -0.00309524 -0.0024109 0.0154354 -0.00110797 0.00399747 -0.0260284 0.00436937 0.0161636 0.0133892 0.00462169 -0.00353252 0.0149746 0.0043764 0.00237774 -0.0138731 -0.0131381 -0.00145548 0.0025335 0.00470098 -0.00335982 0.00145627 -0.00543649 -0.0122706 -0.011676 -0.0118648 -0.000107907 -0.0113114
internal_weight=0 38836.7 53207.9 41521.5 40318.4 12205.8 35951.7 26630.8 1203.13 26368.3 12049.4 8922.94 26214.2 24930.4 8630.35 11021.3 17371.6 11686.4 4366.69 17340.5 5603.31 4844.83 11737.2 7389.36 1975 10042 9763.81 4149.6 11019 758.48
internal_count=400235 210099 190136 157101 152636 84194 139386 125905 4465 125092 83504 59921 124436 93570 58964 45816 79568 33035 13250 69355 23145 20136 46210 29895 7971 28547 27738 12617 49056 3009
is_linear=0
shrinkage=0.05


Tree=67
num_leaves=31
num_cat=0
split_feature=160 233 130 226 134 231 233 15 160 230 226 230 226 234 234 226 227 229 35 122 42 227 229 160 227 160 234 226 231 233
split_gain=1408.1 655.474 702.085 643.126 385.744 344.963 284.675 218.932 216.14 213.928 186.473 176.749 172.357 345.709 168.003 163.341 160.132 143.711 125.687 119.042 114.273 111.887 187.136 108.901 126.588 103.61 103.123 118.308 110.775 110.017
threshold=4.7722492218017587 -0.013996877707540987 -0.090365506708621965 -0.0047057049814611665 2.5000000000000004 1.7051149606704714 -0.012939637526869772 0.11453822627663614 7.1508860588073739 11.500000000000002 -0.024013678543269631 9.5000000000000018 -0.036604972556233399 -0.0083646681159734709 0.027315219864249233 -0.0047057049814611665 0.17881353944540027 1.0241429805755617 -1.5674791336059568 0.044249165803194053 3.1844462156295781 0.11508779227733613 0.95194616913795482 3.0725049972534184 -0.0079290056601166708 6.1626665592193612 0.072101317346096053 0.17813075333833697 8.9845814704895037 -0.059049820527434342
decision_type=2 2 2 2 2 2 2 2 2 2 2 2 2 2 2 2 2 2 2 2 2 2 2 2 2 2 2 2 2 2
left_child=1 3 16 9 20 6 15 12 26 19 -11 14 13 18 -8 -6 -3 23 -4 -1 25 -9 -23 24 -5 -2 27 28 29 -7
right_child=4 2 7 17 5 8 11 21 -10 10 -12 -13 -14 -15 -16 -17 -18 -19 -20 -21 -22 22 -24 -25 -26 -27 -28 -29 -30 -31
leaf_value=-0.016051397354591976 0.011493627566746184 0.0063088469156435236 0.016798454038529 0.031188525736996566 0.0092971291624823777 -0.022221159779840981 -0.012035495974830243 -0.018316791296821459 0.01232236186323105 -0.021959133132272199 0.044909424373127033 0.030922729072547117 -0.025625949184526098 -0.021812746165129709 0.029882197234160964 0.039960025986166964 0.042017650884298728 0.0054471944865021561 0.082613383656655132 0.0021830884655810482 0.03898588868629696 -0.013796811726979564 0.017861122791176059 0.039472045790174437 -0.017199230202363629 0.026758156319356033 0.021824398904973653 -0.02680699594624595 0.030566537908698038 -0.0024938172051047038
leaf_weight=3305.2010445520282 2681.6619265340269 1042.3080352917314 224.77086750045419 360.3579620718956 630.26962113380432 818.39868170768023 1267.7456538230181 1561.9871260374784 2552.7359884306788 152.11045775189996 331.41354975104332 467.09892569482327 8331.8496640846133 883.66701498255134 294.57783098518848 1396.9706315845251 449.28454603999853 805.86626576632261 107.10762875899673 1227.4625607132912 740.94798170030117 1092.4288342520595 815.09645369276404 1201.602550983429 216.29113304615021 1898.7981885559857 350.87878829240799 619.43749812990427 224.7812672406435 5180.1178741678596
leaf_count=47904 13449 4977 2538 1057 3642 7972 8760 18496 14041 2204 914 2840 143803 14976 1839 4598 1326 5504 866 10651 2496 11394 7553 5349 2660 7290 1787 5825 1379 42145
internal_value=0 -0.00919654 -0.0154277 0.00269836 0.00933169 0.00492257 0.0171745 -0.019151 -0.000176995 -0.00774095 0.0238734 0.00393642 -0.0230599 -0.00547152 -0.00413187 0.0304269 0.0170647 0.0229627 0.038039 -0.0111134 0.0207684 -0.00839429 -0.000269195 0.0309004 0.0130391 0.0178214 -0.00461253 -0.00596816 -0.00389396 -0.00518529
internal_weight=0 22108.8 14508.5 7600.31 19124.4 13803 4056.66 13016.9 9746.35 5016.19 483.524 2029.42 9547.4 1215.55 1562.32 2027.24 1491.59 2584.12 331.878 4532.66 5321.41 3469.51 1907.53 1778.25 576.649 4580.46 7193.61 6842.74 6223.3 5998.52
internal_count=400235 282172 205929 76243 118063 94828 21679 199626 73149 61673 3118 13439 162183 18380 10599 8240 6303 14570 3404 58555 23235 37443 18947 9066 3717 20739 59108 57321 51496 50117
is_linear=0
shrinkage=0.05


Tree=68
num_leaves=31
num_cat=0
split_feature=7 122 233 228 226 225 225 234 234 234 226 29 226 234 228 226 231 229 29 225 226 4 29 226 25 234 226 231 223 228
split_gain=744.506 429.525 270.156 262.281 203.701 196.452 167.118 133.578 138.709 133.407 312.226 103.184 101.658 369.587 244.319 138.44 94.9291 92.1546 91.6437 85.9188 84.2758 76.6848 83.2023 82.9423 75.4852 78.5251 72.5659 76.2329 71.706 78.1139
threshold=1.0000000180025095e-35 0.022847567684948448 -0.00297881884034723 69.620273590087905 -0.045070454478263848 0.11845536530017854 0.20679578930139544 0.072101317346096053 0.06970811635255815 0.016395426355302337 -0.023411664180457589 0.039777569472789771 -0.013697971124202011 0.0079615630675107258 34.167350769042976 0.17813075333833697 1.7262096405029299 1.0909022688865664 0.028638388030231002 -0.0096520888619124872 -0.0063703679479658595 4.6167500019073495 0.057110311463475234 0.21380081027746203 34.156877517700202 -0.032319288700819009 0.064910467714071288 0.41141727566719061 1.0000000180025095e-35 34.72050857543946
decision_type=2 2 2 2 2 2 2 2 2 2 2 2 2 2 2 2 2 2 2 2 2 2 2 2 2 2 2 2 2 2
left_child=1 9 3 4 19 7 -2 8 12 18 -11 -6 13 14 -4 20 -5 -15 -1 -3 -14 -17 -23 -24 25 28 27 -22 29 -13
right_child=6 2 5 16 11 -7 -8 -9 -10 10 -12 24 15 17 -16 21 -18 -19 -20 -21 26 22 23 -25 -26 -27 -28 -29 -30 -31
leaf_value=-0.019396140324476233 0.040519977937006811 0.0096914693331405493 -0.01660219406544499 -0.011810147689013395 -0.014531833116590162 -0.024626359208464389 -0.005548689340978726 -0.010343415389766169 0.035742000616999274 0.039686961511509425 -0.0062053466079418293 0.015148447158894433 -0.013646119999301185 0.037447355800964727 0.011659005530985471 0.029773522329551799 0.019571763680725995 0.012414214498433889 -0.0083931679482216262 -0.0040913501777973434 -0.010596366724030254 0.001928940849459428 0.036286908289057583 0.0072599405724709729 -0.000847894726454475 -0.013600975759677681 -0.0040504370367617764 0.0050441010098104984 -0.0014795971293645347 0.14505717777380681
leaf_weight=3175.4802548326552 1376.8642612397671 2819.6839281544089 1168.2566658630967 284.06160593777895 4098.7442630007863 573.96527153253555 229.69907180964947 1374.4318720400333 376.85950852930546 407.765410579741 4068.5609944313765 34.725868403911591 784.80568251758814 1250.7541807517409 2214.1021791771054 609.18806798756123 1588.9096385240555 520.6947453096509 4683.7375143915415 1887.6892670020461 817.7036155089736 1375.6147316917777 465.80037271976471 521.77481865882874 5066.5868413224816 3411.8326565772295 3057.1704073175788 16494.858351610601 1211.5812897458673 17.354512482881546
leaf_count=36033 4843 14036 8200 1866 34666 3653 1205 7649 1186 1300 32929 181 5312 4396 11585 2265 6508 2109 35330 10584 4691 6137 1420 1901 27815 20583 16632 88180 6945 95
internal_value=0 -0.000526194 0.0014627 -0.00301966 -0.00482031 0.00435883 0.0339333 0.00489494 0.00560113 -0.00891467 -0.00202484 -0.0078761 0.0052132 0.0115876 0.00189767 0.00385156 0.0148123 0.0300892 -0.0128389 0.00416446 0.00243185 0.0139557 0.00987817 0.0209508 -0.00507586 -0.00965747 0.0030513 0.00430537 0.000989812 0.0584374
internal_weight=0 64362.7 52027.2 20421.2 18548.2 31606 1606.56 31032 29657.6 12335.5 4476.33 13840.8 29280.7 5153.81 3382.36 24126.9 1872.97 1771.45 7859.22 4707.37 21154.5 2972.38 2363.19 987.575 9742.08 4675.49 20369.7 17312.6 1263.66 52.0804
internal_count=400235 394187 288595 123279 114905 165316 6048 161663 154014 105592 34229 90285 152828 26290 19785 126538 8374 6505 71363 24620 114815 11723 9458 3321 55619 27804 109503 92871 7221 276
is_linear=0
shrinkage=0.05


Tree=69
num_leaves=31
num_cat=0
split_feature=122 41 29 29 7 110 7 11 7 6 6 232 227 229 227 225 152 5 122 5 21 232 5 226 231 29 230 232 234 225
split_gain=1355.18 376.337 373.508 257.364 269.698 160.573 158.25 147.82 118.145 109.913 97.4857 93.8982 249.416 108.582 78.6958 78.5947 73.6862 69.5401 66.2764 65.9568 62.3539 59.7626 56.4448 52.3855 51.9219 51.6023 51.0964 54.6154 58.7879 47.189
threshold=0.033614115789532668 0.088203016668558135 0.028316378593444828 0.059414347633719451 1.0000000180025095e-35 0.86207386851310741 1.0000000180025095e-35 0.063753858208656325 1.0000000180025095e-35 2.4244500398635869 1.9492500424385073 -0.8960944116115569 -0.016730034723877903 0.92330175638198864 0.23063293099403384 0.20679578930139544 0.016420551575720314 4.7643499374389657 0.022847567684948448 4.7643499374389657 45.667638778686531 -0.61112582683563221 17.574850082397464 0.20582216233015063 0.11882765591144563 0.04654082469642163 4.5000000000000009 -0.71826806664466847 0.040349336341023452 0.0065890189725905665
decision_type=2 2 2 2 2 2 2 2 2 2 2 2 2 2 2 2 2 2 2 2 2 2 2 2 2 2 2 2 2 2
left_child=2 3 6 4 5 10 11 8 9 17 19 -1 13 -13 -3 -6 -14 -4 -11 -2 26 -15 -19 -22 29 -7 27 -5 -29 -12
right_child=1 14 7 20 15 25 -8 -9 -10 18 24 12 16 21 -16 -17 -18 22 -20 -21 23 -23 -24 -25 -26 -27 -28 28 -30 -31
leaf_value=0.024274365716985619 -0.0009534945746540555 -0.013235956370920225 0.0014633803579555112 -0.0085703617154336328 -0.036046635956597538 -0.0038215143189823234 -0.040407620102810009 -0.035107379093945158 -0.037788721022286059 0.0066849592185121058 -0.038637156810796797 -0.026499665931921171 0.021264572512233206 0.025845629166484554 -0.030394895515944556 -7.6277461683301129e-06 0.010389866792496573 0.015943258932734693 -0.00091696839962614846 0.0087033339216953717 -0.014549930101424578 -0.0054968505430128779 0.0076968511767823893 0.0014136775243232752 -0.0002799084047212675 -0.012943808657051629 -0.011539538477257293 0.0066570147061954816 -0.029640932469524175 0.012072012998817907
leaf_weight=2580.9201242923737 2476.2189868614078 7763.1384980082512 3273.9652745574713 1593.5425078719854 692.19263541698456 4452.6784064471722 125.78443779051304 236.55473408102989 163.51434859633446 4230.4963384345174 163.02269771695137 472.63838396966457 4022.9896340593696 223.58868017792702 731.13873726129532 193.59290078282356 2542.0097583681345 2766.8201786130667 8896.9051018431783 6184.0548655688763 5550.3461223095655 475.62009669095278 8299.8358104750514 566.35116177797318 16221.03134059906 2378.2628157436848 2294.276269197464 1646.0456914156675 119.6574270427227 63.846084758639336
leaf_count=20318 10076 22547 15710 5121 2972 16582 583 716 731 21555 497 1616 30494 1757 2164 594 17839 15100 39734 27436 16118 2047 41743 1681 64310 6928 7145 5147 332 260
internal_value=0 -0.00506717 0.00727168 -0.0032299 -0.000955372 -0.00020061 0.0153363 0.00424947 0.0045864 0.00483866 0.00164856 0.0160159 0.0132609 -0.00798772 -0.0147129 -0.0281701 0.0170538 0.00786478 0.00153286 0.00594217 -0.00957311 0.00452565 0.00975857 -0.0130718 -0.000612138 -0.00699754 -0.00578774 -0.00185942 0.00419719 -0.0243664
internal_weight=0 53089.4 38311.6 44595.1 32824.9 31939.1 10443.6 27868.1 27631.5 27468 25108.2 10317.8 7736.85 1171.85 8494.28 885.786 6565 14340.6 13127.4 8660.27 11770.2 699.209 11066.7 6116.7 16447.9 6830.94 5653.52 3359.25 1765.7 226.869
internal_count=399853 189910 209943 165199 129655 126089 74654 135289 134573 133842 102579 74071 53753 5420 24711 3566 48333 72553 61289 37512 35544 3804 56843 17799 65067 23510 17745 10600 5479 757
is_linear=0
shrinkage=0.05


Tree=70
num_leaves=31
num_cat=0
split_feature=160 227 29 42 234 234 234 230 234 230 126 187 6 35 234 227 227 17 230 227 227 185 35 227 227 230 22 230 234 234
split_gain=1258 607.743 471.782 315.178 262.214 314.416 215.385 260.153 240.426 202.435 198.032 196.287 181.25 179.413 163.706 210.267 469.562 159.966 188.892 128.672 178.771 126.134 124.383 123.169 225.038 117.8 115.994 109.899 96.305 156.884
threshold=3.5919100046157841 0.22535404562950137 0.061626667156815536 2.2943482398986821 -0.003978683613240718 -0.0049553371500223866 -0.003978683613240718 9.5000000000000018 -0.010293399915099142 1.5000000000000002 0.030175370164215568 -2.596499919891357 2.6005500555038457 88.803264617919936 -0.033350853249430649 0.16889240592718127 0.013518193271011116 -0.0077680591493844977 9.5000000000000018 0.14912125468254092 0.17336053401231769 9.5000000754907901e-08 -7.5873358249664298 0.038397464901208885 0.015387311577796938 3.5000000000000004 1.0000000180025095e-35 2.5000000000000004 0.024203575216233734 0.050517905503511436
decision_type=2 2 2 2 2 2 2 2 2 2 2 2 2 2 2 2 2 2 2 2 2 2 2 2 2 2 2 2 2 2
left_child=6 2 3 4 5 14 7 26 -9 -3 -8 -11 -6 -4 22 16 17 -16 -19 23 21 25 -2 24 -14 28 -1 -26 -21 -30
right_child=1 9 13 -5 12 -7 10 8 -10 11 -12 -13 19 -15 15 -17 -18 18 -20 20 -22 -23 -24 -25 27 -27 -28 -29 29 -31
leaf_value=0.096907701128159829 -0.020849438080186924 -0.011251554328839375 0.0083707450906993809 0.015719102081777681 -0.018713002830926209 0.043588419504599685 -0.022677124907184921 -0.023868163567690372 0.034963881277651078 0.037407646803001703 0.028908718955787272 0.0058073457793744619 -0.0069926944751603215 0.026604991423661552 -0.0071792897718983908 -0.026671435932680454 0.048682009676878718 0.0038423397514610845 0.039645193618302654 0.030592942438051857 -0.01552037404263417 0.0018958454922956864 0.010374086838816521 -0.019897307347149458 0.088274695209090481 0.016195112029161029 -0.014001403938569452 0.018193111567466357 0.12587338806413156 -0.012158724484334492
leaf_weight=23.75805477425456 1354.9267119914293 333.7528485134244 6189.6437974497676 2193.230494171381 3710.5913859158754 433.59320896118879 6390.2847896441817 243.35870191827416 606.3137289583683 2094.8817870058119 191.62230968847871 642.02210749313235 2202.459027107805 1724.9759746864438 2497.4336853846908 515.05623680353165 594.28748080134392 1798.1888248547912 463.32156839966774 107.56356341019273 509.39906977117062 445.40561527758837 417.16360241919756 1577.7667967155576 88.386015851050615 270.54617327451706 3049.9955958873034 152.38757010549307 94.121094547212124 26.347967099398375
leaf_count=147 14964 1832 36125 11058 42208 1470 114052 4394 1939 7801 946 3691 21575 6509 27386 5031 2375 14184 2093 852 4582 3978 3598 15645 599 2213 46351 1358 677 220
internal_value=0 0.00441954 0.00205291 -0.00213464 -0.00440345 0.00216989 -0.0156478 -0.00637487 0.0181135 0.0255117 -0.0211753 0.0299949 -0.0101817 0.0123449 -0.000180622 0.00384128 0.00677703 0.00154402 0.0111774 -0.00439908 0.00835124 0.021233 -0.0134992 -0.00900766 -0.00197544 0.0385078 -0.0131442 0.0439195 0.0649805 0.0956842
internal_weight=0 30437.5 27366.8 19452.2 17258.9 8073.97 10505.3 3923.43 849.672 3070.66 6581.91 2736.9 9184.97 7914.62 7640.38 5868.29 5353.23 4758.94 2261.51 5474.38 1453.38 943.984 1772.09 4021 2443.23 498.579 3073.75 240.774 228.033 120.469
internal_count=399853 232024 218700 176066 165008 71101 167829 52831 6333 13324 114998 11492 93907 42634 69631 51069 46038 43663 16277 51699 12522 7940 18562 39177 23532 3962 46498 1957 1749 897
is_linear=0
shrinkage=0.05


Tree=71
num_leaves=31
num_cat=0
split_feature=7 142 233 227 228 234 226 228 232 226 226 230 228 227 232 226 230 228 231 17 231 17 229 233 227 122 15 226 151 129
split_gain=648.304 390.728 228.966 286.533 227.304 205.593 197.811 208.405 178.273 492.547 160.963 127.748 120.817 111.666 198.549 162.949 105.4 103.496 103.87 102.019 96.6362 95.829 90.9112 86.5404 135.379 83.1813 80.1732 80.1162 76.6015 72.4798
threshold=1.0000000180025095e-35 10.796749591827394 -0.00297881884034723 0.15771578997373584 69.620273590087905 0.012814752757549288 -0.040774438530206673 50.77893257141114 -1.1503158211708067 -0.013139597140252588 0.22355348616838458 1.5000000000000002 69.069770812988295 -0.050510147586464875 -0.61112582683563221 -0.055162630975246423 1.5000000000000002 39.999382019042976 1.0998837351799013 -0.084490235894918428 1.7262096405029299 -0.087859533727169023 0.88367760181427013 0.049704665318131454 0.1456660404801369 0.045181367546319968 -0.10310816764831542 -0.045070454478263848 2.5449461936950688 -0.65505099296569813
decision_type=2 2 2 2 2 2 2 2 2 2 2 2 2 2 2 2 2 2 2 2 2 2 2 2 2 2 2 2 2 2
left_child=1 13 4 8 6 28 7 11 17 26 -2 27 23 14 15 -1 -7 -4 -19 -9 -6 -20 -14 -11 29 -8 -10 -3 -5 -25
right_child=10 2 3 5 20 16 25 19 9 12 -12 -13 22 -15 -16 -17 -18 18 21 -21 -22 -23 -24 24 -26 -27 -28 -29 -30 -31
leaf_value=0.027847333777629681 0.039342264037012672 0.017458781863473206 -0.013549703998171223 0.068785605711342943 -0.012831335121002901 -0.00023377563547477681 -0.012075265445331487 0.058183227457839909 0.048674862993942053 0.0034132148515222424 -0.0056362296087933625 -0.0050928480076089201 -0.0148019381536795 -0.014304248265515017 0.037644147554924817 -0.015692279316436231 -0.017488644506413714 -0.014789119848188892 0.026468301693227489 0.015598264799019212 0.016478830509622049 0.0018157532985708415 0.0021184585006819253 0.025262004155443725 0.0016218650897272171 -0.0037672209940133221 0.025587752819676603 -0.023677427632149639 0.003653334710214571 0.012243436137029674
leaf_weight=264.25326620787382 1297.6059437692165 1124.8447004035115 1621.2672021016479 45.853973045945168 331.55427172780037 1247.7101795077324 7271.903596110642 207.1527056619525 523.13107971847057 6287.3725716248155 234.92069651186466 4092.7618491351604 907.40194608271122 5940.3113704770803 293.27700480818748 1150.4507735669613 3044.750174857676 691.49123871326447 508.37074166536331 438.01591289788485 1852.3265314102173 1755.2070297002792 6343.4610542878509 1393.012730024755 2607.6467092111707 5143.9473046734929 1337.3500883132219 132.28121642768383 2909.089660577476 4598.301841430366
leaf_count=1381 4733 4768 11286 218 2336 6619 54302 872 1737 36846 1237 24137 5496 57999 897 11392 19320 4742 2789 2046 8220 10415 35326 6127 13270 28240 4873 993 14838 22398
internal_value=0 -0.000459504 0.000978231 0.00339348 -0.00322271 -0.00548586 -0.00503185 0.0024266 0.0056456 0.00737025 0.0324475 -0.00081076 0.00529361 -0.0110647 0.000202413 -0.00755949 -0.0124731 -0.00339824 0.00217125 0.0292716 0.012029 0.0073524 9.72506e-07 0.00787156 0.0111314 -0.0086332 0.0320794 0.0131302 0.00466404 0.0152703
internal_weight=0 64064.5 56416.2 35821.4 20594.8 7247.4 18410.9 5995.06 28574 23997.7 1532.53 5349.89 22137.2 7648.29 1707.98 1414.7 4292.46 4576.34 2955.07 645.169 2183.88 2263.58 7250.86 14886.3 8598.96 12415.9 1860.48 1257.13 2954.94 5991.31
internal_count=399853 393883 322214 196300 125914 40995 115358 32816 155305 126073 5970 29898 119463 71669 13670 12773 25939 29232 17946 2918 10556 13204 40822 78641 41795 82542 6610 5761 15056 28525
is_linear=0
shrinkage=0.05


Tree=72
num_leaves=31
num_cat=0
split_feature=29 7 110 29 29 110 226 25 232 227 124 229 29 130 227 130 230 232 227 130 232 29 149 1 229 224 226 228 233 232
split_gain=1217.93 479.247 382.777 329.207 290.081 181.613 135.383 122.454 113.856 253.366 93.3935 87.3313 84.8693 77.6937 75.2228 74.8406 73.4207 117.754 280.485 70.8573 70.3638 68.4653 67.9641 64.3649 63.0043 65.2186 71.961 97.6657 88.049 60.4519
threshold=0.040544955059885986 1.0000000180025095e-35 0.77190312743186962 0.02923674322664738 0.064236272126436247 0.86207386851310741 0.22355348616838458 1.0000000180025095e-35 -0.8960944116115569 -0.023329939693212506 0.014563706237822773 0.92330175638198864 0.020298494957387451 -0.14444065839052198 0.16157494485378268 0.075306620448827757 7.5000000000000009 -0.4532077014446258 -0.012618958950042723 -0.16376772522926328 -2.2622259855270381 0.060280244797468192 96.428569793701186 -1.0000000180025095e-35 1.8537479043006899 4.5000000000000009 -0.0049821182619780293 53.300489425659187 -0.012939637526869772 1.7330768108367922
decision_type=2 2 2 2 2 2 2 2 2 2 2 2 2 2 2 2 2 2 2 2 2 2 2 2 2 2 2 2 2 2
left_child=1 3 4 7 10 14 -3 -1 -9 11 15 -10 -11 -4 16 29 -5 -18 -19 -7 22 -15 -12 -14 25 -17 -27 28 -28 -2
right_child=2 6 13 5 -6 19 -8 8 9 12 20 -13 23 21 -16 24 17 18 -20 -21 -22 -23 -24 -25 -26 26 27 -29 -30 -31
leaf_value=-0.038059006175393095 -0.0019559611426606702 -0.037041359052323204 -0.022721214556528424 0.0070458123600961268 -0.0099270977499039334 -0.031458468851628549 0.0036115754496221192 0.022537616943575759 -0.030657206040141344 0.022743431758401177 -0.041538026917379588 0.001608836483818479 0.0049724529157237404 -0.0082597003939795018 0.015303483795026092 0.0098326046410482874 0.010356755518479661 -0.03319574342449718 0.0027091514730753774 -0.0035275356053639222 -0.0030544130149178319 -0.016119540590919079 0.0028100079169851898 0.015101591056514839 -0.033612701995225557 0.0066526493794450692 -0.032385148011837804 0.013440434559624804 0.00082285501967413141 0.008790567900588615
leaf_weight=111.97766555845737 9595.3818296939135 783.52561637759209 1482.5138146281242 13273.617370784283 9453.6577017009258 240.39317290484905 277.26672619581223 3267.7220113426447 419.20900836586952 2203.1968971937895 235.32164399325848 419.62990661710501 2451.4661513566971 9129.7158030122519 2044.4518667012453 4983.7170639187098 1634.1816553622484 730.73857560753822 2127.6664760261774 4096.0640383437276 8858.5517700761557 3977.8456312417984 136.50548852980137 4353.6530633866787 99.968113929033279 1834.8086885362864 479.3917434066534 336.01274062693119 342.01703092455864 1515.2727492004633
leaf_count=385 37400 3630 4245 70920 28722 699 834 25379 1300 17693 703 1711 15138 28812 10885 20452 9138 2495 10781 16679 32209 10985 505 30236 293 7633 1389 1364 1304 5827
internal_value=0 0.00672471 -0.00499111 0.00766534 -0.00234015 0.00419225 -0.0264156 0.0140059 0.0144504 0.0117667 0.000183851 -0.0145161 0.0142141 -0.0118721 0.00622101 0.00217201 0.00517584 -0.000349113 -0.00646978 -0.0050759 -0.0039488 -0.010645 -0.0252569 0.0114527 0.00583482 0.00632924 0.000494198 -0.00926852 -0.018558 -0.000490348
internal_weight=0 38434.8 52460.7 37374 37870.6 24147.1 1060.79 13226.9 13114.9 9847.16 28416.9 838.839 9008.32 14590.1 19810.7 19186.6 17766.2 4492.59 2858.41 4336.46 9230.38 13107.6 371.827 6805.12 8075.92 7975.95 2992.23 1157.42 821.409 11110.7
internal_count=399746 217903 181843 213439 137801 121597 4464 91842 91457 66078 109079 3011 63067 44042 104219 75662 93334 22414 13276 17378 33417 39797 1208 45374 32435 32142 11690 4057 2693 43227
is_linear=0
shrinkage=0.05


Tree=73
num_leaves=31
num_cat=0
split_feature=160 168 231 233 233 226 230 15 228 232 224 225 228 168 228 15 19 234 228 39 234 126 232 22 234 228 234 225 232 233
split_gain=1191.97 529.349 597.859 547.237 386.813 325.699 318.097 309.578 296.865 332.711 218.531 215.837 208.321 200.621 185.928 191.688 184.873 167.517 152.148 144.42 127.292 125.404 129.529 124.472 123.999 114.113 200.614 127.01 138.951 113.037
threshold=3.5919100046157841 1.7560999989509585 1.7051149606704714 -0.012939637526869772 -0.020705744624137875 -0.0047057049814611665 7.5000000000000009 0.29337967932224279 20.885622978210453 -1.2383719086647031 3.5000000000000004 0.00044276846165303146 88.40799713134767 -0.28724999725818628 42.342876434326179 0.18512663245201114 0.2814092636108399 -0.010293399915099142 53.898300170898445 1.2610576152801516 0.072101317346096053 0.035882331430912025 -1.4080848693847654 1.0000000180025095e-35 -0.0039419513195753089 32.958612442016609 -0.0061779536772519341 -0.013352007139474152 -1.5969384908676145 0.064911253750324263
decision_type=2 2 2 2 2 2 2 2 2 2 2 2 2 2 2 2 2 2 2 2 2 2 2 2 2 2 2 2 2 2
left_child=4 2 3 5 6 -2 -1 8 10 13 -4 -11 23 25 -5 -16 -13 -8 -7 -12 -9 22 -3 -6 -15 -10 27 -27 -29 -18
right_child=1 21 7 14 12 18 17 20 9 11 19 16 -14 24 15 -17 29 -19 -20 -21 -22 -23 -24 -25 -26 26 -28 28 -30 -31
leaf_value=-0.013205799147412376 0.0044358092889060143 0.038763504632492327 -0.018187894296237028 -0.026798711750108617 0.052055833603172501 0.044304235109404656 -0.019561631892357413 0.005092525208168254 -0.01319287133764485 -0.025182748840299973 0.058241687583222096 -0.016298843341372434 0.012735644360057155 0.026389019434796032 -0.009208671423370958 0.016659909462929726 -0.0087732685210884682 0.02888226641933312 0.017765432267429753 0.0028645577655770234 0.031090816010077189 0.035169625872533986 0.012039163827664907 -0.024322018898418535 -0.0042701169956926325 -0.014377137496422252 -0.020779626554053757 0.065072031236453873 0.014365768372837769 0.014254631235451396
leaf_weight=1874.3461571894586 1139.1602808758616 510.99419824033976 225.75184958428144 576.484474029392 53.768064949661493 1835.5799489468336 219.01071622595191 3468.0490611791611 1862.3458123542368 3147.4959060400724 365.54685312509537 3178.3261263854802 415.89073396846652 1045.8766119331121 1369.5642110109329 1500.9533194005489 1066.4617543257773 963.61263367533684 765.19650707393885 173.67128115147352 544.77281142026186 934.07009141147137 4023.6736705675721 6744.5583530664444 481.67647996172309 180.5075497366488 424.84441963210702 218.54258797317743 353.88830891624093 1065.1705432161689
leaf_count=28433 8286 2384 2343 5439 291 5168 3744 16377 19705 36997 1353 37996 4037 7371 15602 7621 9992 2743 4467 1071 1714 3124 19446 128603 4464 2145 5383 1331 2675 9441
internal_value=0 0.00439656 0.00131303 0.013485 -0.0153002 0.0267307 -0.000394223 -0.00360073 -0.00715745 -0.00893531 0.0231141 -0.014808 -0.0216164 0.00193857 -0.000886324 0.00431765 -0.00865841 0.0199109 0.036496 0.0404058 0.008622 0.018487 0.0150506 -0.0237179 0.0167214 -0.00548927 0.00669189 0.0221927 0.0337244 0.00273371
internal_weight=0 30458.6 24989.9 7186.94 10271.2 3739.94 3056.97 17802.9 13790.1 13025.1 764.97 8457.45 7214.22 4567.68 3447 2870.52 5309.96 1182.62 2600.78 539.218 4012.82 5468.74 4534.67 6798.33 1527.55 3040.13 1177.78 752.938 572.431 2131.63
internal_count=399746 231895 206941 46583 167851 17921 34920 160358 142267 137500 4767 94426 132931 43074 28662 23223 57429 6487 9635 2424 18091 24954 21830 128894 11835 31239 11534 6151 4006 19433
is_linear=0
shrinkage=0.05


Tree=74
num_leaves=31
num_cat=0
split_feature=234 226 227 225 160 234 3 225 231 228 230 232 229 230 227 143 157 232 227 143 38 227 20 230 160 6 234 227 129 234
split_gain=426.015 499.256 456.947 510.182 380.784 184.111 180.107 159.185 132.277 163.609 101.48 100.469 96.1797 95.9632 142.239 83.9925 76.1845 75.8463 110.173 72.567 67.2383 64.8469 64.6595 63.807 62.8504 55.756 54.1985 88.1468 67.2572 65.3307
threshold=0.015965082682669166 -0.0097577082924544794 0.14627803117036822 0.058001475408673293 4.2950878143310556 0.023264077492058281 1231390.8125000002 -0.016739149577915665 4.5131709575653085 86.087261199951186 7.5000000000000009 -1.355474531650543 0.73127868771553051 1.5000000000000002 0.18537236005067828 23.935750007629398 0.14374999701976779 -0.63058495521545399 0.038397464901208885 27.860850334167484 -0.22807936370372769 -0.030098189599812027 -0.067555040121078477 13.500000000000002 2.8316378593444829 1.8999499678611758 0.012814752757549288 -0.033182777464389794 -0.99910312891006459 0.011575266253203155
decision_type=2 2 2 2 2 2 2 2 2 2 2 2 2 2 2 2 2 2 2 2 2 2 2 2 2 2 2 2 2 2
left_child=4 5 3 7 6 -2 11 19 9 12 16 21 -6 -4 -15 -7 -9 -18 -19 25 -11 -1 23 -14 -8 -3 27 28 -10 -29
right_child=1 2 13 -5 8 15 24 10 26 20 -12 -13 22 14 -16 -17 17 18 -20 -21 -22 -23 -24 -25 -26 -27 -28 29 -30 -31
leaf_value=-0.0071888258370802751 0.046650507547456574 -0.0015149235749575697 0.0015032736168032654 0.038775675365191331 0.014414510454906625 0.0023438104125530854 -0.023006062044673915 -0.0055660377982401426 -0.011396649659221235 0.041109249726682291 0.010410138922010526 -0.0023124782524488806 -0.0080504149543706698 -0.0050193612234957817 -0.023122399067335736 0.028002547409004253 0.014478218431192222 -0.011244337033942864 0.0065490299254538477 0.036451898699634631 0.0061552652319961749 -0.021008337697743747 -2.5411894934341299e-05 0.019192778727788823 -0.011603992579060465 0.021343782661673753 -0.012104252712482767 0.0039741879545894237 0.027682224204453668 0.020493419329957463
leaf_weight=2477.7456324845552 852.80957213044167 407.91518164426088 2378.1499366760254 1263.5131617635489 862.05783902108669 568.81974510103464 1972.7161333374679 3159.6827657297254 126.59773364663124 313.43203796446323 3806.4204029068351 9762.7212749123573 5369.4992016479373 3471.1677476391196 1578.4932560920715 726.0304180085659 1349.1736798658967 1290.3912385031581 2670.0765238255262 482.58409966528416 245.22566467523575 1291.2604047656059 8424.5981768295169 223.88940098881721 3120.2007529959083 770.93246629089117 327.50140282511711 4487.2465562820435 844.97521831095219 690.63788199424744
leaf_count=21407 2436 2350 12301 4784 3668 2548 23545 22573 551 1068 21111 76423 30015 19694 10869 2390 6691 6737 14051 1428 847 11553 44520 1079 24228 3646 1705 19849 3287 2392
internal_value=0 0.00557276 0.00338616 0.00835293 -0.00274934 0.0286116 -0.00800588 0.00559487 0.00171783 -0.000798201 0.00362902 -0.00498941 -0.00179553 -0.00677812 -0.0106783 0.0167308 0.000581337 0.00423954 0.000751633 0.0201199 0.025766 -0.0119234 -0.00279239 -0.00695994 -0.0160205 0.013434 0.00771512 0.00877064 0.0225902 0.00617756
internal_weight=0 24776.2 22628.5 15200.7 40540.3 2147.66 18624.6 13937.2 21915.7 15438.7 12275.7 13531.7 14880 7427.81 5049.66 1294.85 8469.32 5309.64 3960.47 1661.43 558.658 3769.01 14018 5593.39 5092.92 1178.85 6476.96 6149.46 971.573 5177.88
internal_count=399746 133609 126235 83371 266137 7374 157156 78587 108981 81197 71163 109383 79282 42864 30563 4938 50052 27479 20788 7424 1915 32960 75614 31094 47773 5996 27784 26079 3838 22241
is_linear=0
shrinkage=0.05


Tree=75
num_leaves=31
num_cat=0
split_feature=122 41 7 29 6 41 29 227 223 7 5 232 227 142 5 5 230 152 224 232 36 226 5 225 230 23 232 233 226 228
split_gain=1067.28 380.858 296.384 262.403 244.87 134.037 118.096 114.642 111.577 90.2822 88.3545 78.8767 271.339 70.5183 65.6016 63.4753 63.2169 77.4573 62.8755 115.144 62.4517 65.395 61.5605 59.4167 55.0317 54.2936 62.1578 48.3359 48.1266 118.348
threshold=0.029187166132032875 0.061319481581449516 1.0000000180025095e-35 0.029534983448684219 2.2174500226974492 1.0000000180025095e-35 0.054782109335064895 0.22535404562950137 1.0000000180025095e-35 1.0000000180025095e-35 4.7643499374389657 -0.61112582683563221 -0.016072324477136132 8.493199825286867 21.594699859619144 1.0000000180025095e-35 7.5000000000000009 0.019926144741475586 4.5000000000000009 -0.46521766483783716 -1.2972505688667295 0.19763496518135074 27.06614971160889 0.0044434329029172668 1.5000000000000002 47.433570861816413 -2.2622259855270381 0.05060634762048722 0.092050734907388701 81.669120788574233
decision_type=2 2 2 2 2 2 2 2 2 2 2 2 2 2 2 2 2 2 2 2 2 2 2 2 2 2 2 2 2 2
left_child=3 2 4 9 10 -5 16 8 -3 11 -2 -1 23 -14 -12 -7 17 -6 -18 -20 21 25 -17 -13 -9 -10 -27 -15 -19 -30
right_child=1 7 -4 5 6 15 -8 24 20 -11 14 12 13 27 -16 22 18 28 19 -21 -22 -23 -24 -25 -26 26 -28 -29 29 -31
leaf_value=0.021145976294177887 -0.0017271998608086089 -0.022096502918743013 -0.034573345824912942 -0.038362432411495312 0.0045780423646132112 -0.00057922119747524827 -0.0084234132327322409 0.00038874164571257939 -0.0011600382926392372 -0.038825549261830433 0.011781570361410774 -0.0068997138319828238 0.024443146796068429 0.016094473826124028 0.0038273212825482694 0.010669234796355703 -0.0022153144076937649 -0.002158514270416639 -0.0016383966367933178 -0.030340620392693127 -0.018558518658724408 0.0034006500591446062 0.0038265563046851604 -0.036974982452799503 -0.026134299671015056 -0.03026948755063151 -0.0084196077729113156 0.0055506498838621748 0.00020236220146701742 -0.053861752791194629
leaf_weight=3168.8961374238133 4467.5157863199711 1381.4743244200945 652.12386122345924 182.61021947860718 6180.5242952182889 4379.7908372431993 8621.3029181659222 227.83725921809673 2687.0024519860744 79.739341825246811 3947.7178259715438 651.46731632947922 1578.5073132887483 2958.8043491244316 7548.704249240458 5152.8081559836864 2955.7306246086955 5412.9186716675758 746.82417820394039 656.65985087305307 1147.4583766311407 1513.9491865932941 9077.1512442827225 219.57062758505344 1380.99871763587 335.54318463802338 10864.010819271207 1718.1458150669932 279.34761090576649 158.74749870598316
leaf_count=25867 18084 3981 3083 545 27924 20926 27166 637 9252 409 19450 2739 13229 22113 32803 27328 12079 20987 3512 2333 3384 4642 44393 691 4122 974 33251 12225 1001 613
internal_value=0 -0.00383347 -0.00113047 0.00778981 -0.000598239 0.00426602 -0.00368617 -0.00959244 -0.00844516 0.0141724 0.00423989 0.0145829 0.0116645 0.0153052 0.0065587 0.00468431 -0.00119445 0.000674639 -0.00635319 -0.0150675 -0.0073055 -0.00646706 0.00630436 -0.0144811 -0.0223782 -0.00754287 -0.00907424 0.012221 -0.00344859 -0.0193882
internal_weight=0 61166.4 41628.1 29167.5 40976 18792.4 25012.1 19538.3 17929.4 10375.1 15963.9 10295.4 7126.5 6255.46 11496.4 18609.8 16390.8 12031.5 4359.21 1403.48 16548 15400.5 14230 871.038 1608.84 13886.6 11199.6 4676.95 5851.01 438.095
internal_count=399743 229278 169035 170465 165952 93192 95615 60243 55484 77273 70337 76864 50997 47567 52253 92647 68449 50525 17924 5845 51503 48119 71721 3430 4759 43477 34225 34338 22601 1614
is_linear=0
shrinkage=0.05


Tree=76
num_leaves=31
num_cat=0
split_feature=29 227 232 227 15 231 231 168 126 228 227 228 234 230 234 224 15 234 26 230 230 230 187 229 234 232 229 228 231 230
split_gain=1112.05 468.126 504.451 620.494 420.225 415.993 350.68 323.918 262.284 256.079 228.709 417.775 244.292 189.328 185.55 185.245 183.59 182.444 176.414 168.756 164.612 153.853 152.947 137.106 132.595 139.516 123.398 119.603 116.289 121.601
threshold=0.039479350671172149 0.22535404562950137 0.24266439676284793 0.013024828396737577 0.41515477001667028 1.3103861808776858 0.64598518610000621 0.42745000123977667 0.035882331430912025 20.885622978210453 0.13368050009012225 81.669120788574233 0.0092408866621553915 7.5000000000000009 -0.0080315615050494654 3.5000000000000004 0.1103491708636284 0.01678968966007233 10.080029487609865 1.5000000000000002 7.5000000000000009 1.5000000000000002 -1.9434999823570249 1.0054739117622378 -0.010293399915099142 -1.4672073721885679 0.98815491795539867 32.958612442016609 7.4772830009460458 7.5000000000000009
decision_type=2 2 2 2 2 2 2 2 2 2 2 2 2 2 2 2 2 2 2 2 2 2 2 2 2 2 2 2 2 2
left_child=6 2 3 5 10 13 20 9 14 15 -4 12 -12 -2 24 -7 -16 -9 -5 -3 -1 -14 -21 -22 25 27 -26 -8 29 -23
right_child=1 19 4 18 -6 7 8 17 -10 -11 11 -13 21 -15 16 -17 -18 -19 -20 22 23 28 -24 -25 26 -27 -28 -29 -30 -31
leaf_value=-0.014838901786080223 0.010384876388129842 -0.009743232559203981 -0.022011671644664506 0.010532034751795271 0.011739780836591067 -0.01966021166564581 -0.012348363034850545 0.020699545040126534 0.033830479457638812 -0.0095654524923331624 -0.027859228336870868 0.047382656713843771 -0.019128118060229852 0.034861887405155549 -0.025533847167883122 0.042428360959394049 -0.0073869675576661064 -0.0072550096589949044 0.047145893490322721 0.034243516985154362 0.032841896647685415 0.010802118726235987 0.0025071191338412804 -0.0017838379540741256 0.02810921521365425 -0.020637182102218442 -0.028771791767642725 0.018624745255849815 -0.004243189725477995 0.056143701477313436
leaf_weight=521.21323488280177 1916.8607944622636 325.31523995473981 3185.7105901017785 448.93698500841856 2516.5861078873277 167.41428830474615 716.38505955785513 2222.5159445367754 261.357960190624 5958.8870797045529 1186.580115120858 358.74454851448536 771.25251805409789 1343.8940942361951 5853.3988394886255 425.37331162393093 1829.3332457877696 791.53314374014735 1231.340678486973 2094.1658948212862 708.32596349716187 643.60712066292763 463.69238220527768 479.36711493507028 422.43926884606481 1755.8202183507383 123.14300593361259 551.72812778130174 967.7196231149137 191.97880952805281
leaf_count=7315 10676 1647 32199 2522 9533 1736 11050 12380 1119 59375 11501 2167 6863 6415 115823 1806 22291 4487 5453 7504 2031 5374 2443 5242 2570 30100 2230 6993 7156 1742
internal_value=0 0.00512626 0.00286867 0.00879297 -0.00588115 0.00505022 -0.0125492 -0.000207038 -0.0156863 -0.00644766 -0.0119511 -0.00417173 -0.00908909 0.0204729 -0.0168364 0.0248934 -0.0212129 0.0133583 0.0373634 0.0241763 0.00858644 -0.000438174 0.0284903 0.0188665 -0.00741674 -0.01151 0.0152706 0.00112735 0.00755529 0.0212195
internal_weight=0 27212.1 24328.9 14506.8 9822.18 12826.5 13222.5 9565.72 11513.6 6551.67 7305.59 4119.88 3761.14 3260.75 11252.2 592.788 7682.73 3014.05 1680.28 2883.17 1708.91 2574.56 2557.86 1187.69 3569.52 3023.93 545.582 1268.11 1803.31 835.586
internal_count=399743 192979 181385 104850 76535 96875 206764 79784 192176 62917 67002 34803 32636 17091 191057 3542 138114 16867 7975 11594 14588 21135 9947 7273 52943 48143 4800 18043 14272 7116
is_linear=0
shrinkage=0.05


Tree=77
num_leaves=31
num_cat=0
split_feature=7 233 29 228 29 229 226 226 228 234 226 234 228 224 229 226 234 234 228 234 161 154 229 19 3 229 233 234 234 144
split_gain=573.159 306.439 315.655 221.74 204.597 147.469 143.858 131.289 124.7 165.485 108.949 380.149 253.606 104.989 103.863 102.222 93.6276 92.6715 126.786 101.794 79.8329 78.4069 72.2758 72.1095 69.9849 69.7442 68.1612 87.0602 80.9519 65.0582
threshold=1.0000000180025095e-35 -0.00297881884034723 0.037605574354529388 69.620273590087905 0.024674479849636558 1.8995674848556521 -0.013472215272486208 0.22355348616838458 50.77893257141114 -0.029844870790839192 -0.013697971124202011 0.0079615630675107258 34.167350769042976 1.5000000000000002 1.0909022688865664 0.0035102182300761346 0.014421898871660234 0.072101317346096053 69.069770812988295 0.06970811635255815 47.943136215209968 -1.4625490903854368 0.84419053792953502 -0.28333140909671778 940976.03125000012 0.87970107793807995 0.04264096915721894 0.053421318531036384 0.029375702142715458 -8.6935000419616681
decision_type=2 2 2 2 2 2 2 2 2 2 2 2 2 2 2 2 2 2 2 2 2 2 2 2 2 2 2 2 2 2
left_child=1 2 24 6 -3 10 8 -2 9 20 11 12 -6 23 25 -12 -8 18 19 21 -4 -17 -20 -10 -1 -13 28 -28 -23 -5
right_child=7 4 3 29 5 -7 16 -9 13 -11 15 14 -14 -15 -16 17 -18 -19 22 -21 -22 26 -24 -25 -26 -27 27 -29 -30 -31
leaf_value=-0.0098718061590883938 0.037996509526861733 -0.0091107620687854284 0.010343812366495956 0.035425218570772805 -0.01598907457521534 -0.022467061185693631 -0.015011905633603091 -0.0035806760503139974 0.053774841141237852 -0.0075826094587326271 -0.0067644956948236107 0.024125901758939878 0.010342538183542305 -0.0011287650683510164 0.0083457867404592295 6.5486850443449356e-06 0.0089842569802167146 -0.0085821046969930467 -0.014208761681945389 0.032301802752641363 -0.0026531901336571849 0.0072191584527503162 0.0010113047869190189 0.016937065082863474 -0.020524550840259365 0.045401226725049287 0.012693098823479305 -0.0057851791204579471 -0.0080241839528672979 0.010919437078191851
leaf_weight=3814.9815754964948 1228.3311887085438 3471.5163842067122 2783.9991883262992 332.47436544299126 1411.1644407361746 534.85932546854019 3120.475138425827 224.58586163818836 209.58375678956509 6040.8569205626845 2585.7131432071328 834.01424111425877 2597.694346062839 488.68558046966791 531.9102446809411 3784.460188485682 467.38519489765167 1467.3459475114942 862.73638059198856 385.71680323034525 2052.6161819845438 3496.79539578408 8134.5546732768416 362.81842352449894 2587.4694280922413 715.8311607837677 7179.79864513129 699.54249747097492 1159.8771147280931 1460.853173814714
leaf_count=35411 4817 37117 13609 1299 10825 3575 20689 1192 825 35335 16640 3374 14399 2938 2198 24354 2108 8514 5177 1211 10736 19410 44183 1388 27158 2079 33497 3504 6114 6067
internal_value=0 -0.000191307 -0.00469069 -0.00118396 0.00248688 0.00359351 -0.00310668 0.0315697 -0.00046827 -0.00206429 0.00398235 0.0100751 0.00107351 0.0158929 0.0274096 0.00273527 -0.011886 0.00363931 0.004337 0.00691408 0.004828 0.00631407 -0.000448124 0.0304251 -0.014177 0.0339524 0.00821822 0.0110526 0.00342237 0.0154627
internal_weight=0 63575.7 23722.2 17319.7 39853.5 36382 15526.4 1452.92 11938.6 10877.5 35847.2 6090.61 4008.86 1061.09 2081.76 29756.5 3587.86 27170.8 25703.5 16706.2 4836.62 16320.5 8997.29 572.402 6402.45 1549.85 12536 7879.34 4656.67 1793.33
internal_count=399743 393734 157563 94994 236171 199054 87628 6009 64831 59680 195479 32875 25224 5151 7651 162604 22797 145964 137450 88090 24345 86879 49360 2213 62569 5453 62525 37001 25524 7366
is_linear=0
shrinkage=0.05


Tree=78
num_leaves=31
num_cat=0
split_feature=122 29 29 152 229 122 230 233 234 125 227 230 225 29 225 234 228 154 154 4 228 187 4 226 233 231 33 29 12 225
split_gain=1055.38 341.11 263.056 256.553 144.459 127.797 118.155 156.958 286.922 104.562 100.584 110.583 84.9052 83.0829 74.3083 67.2693 119.247 64.249 62.2581 61.9011 60.319 59.0026 57.6749 56.483 50.2266 99.1526 62.8061 62.4628 49.5303 48.1694
threshold=0.029348215088248256 0.064236272126436247 0.028158127330243591 0.057571366429328925 1.7563159465789797 0.0076263113878667363 7.5000000000000009 -0.016525983810424801 -0.010293399915099142 0.015649490989744667 -0.068882577121257768 6.5000000000000009 -0.017757077701389786 0.034527780488133437 0.058001475408673293 0.021706453524529937 47.923368453979499 0.44893495738506323 -7.8282713890075675 1.0000000180025095e-35 50.464500427246101 -1.8914999961853025 17.566650390625004 0.031369566917419441 0.15564788877964023 8.9845814704895037 33.760215759277351 0.046731688082218177 0.12036285921931268 0.021300354041159156
decision_type=2 2 2 2 2 2 2 2 2 2 2 2 2 2 2 2 2 2 2 2 2 2 2 2 2 2 2 2 2 2
left_child=2 3 14 4 6 -4 12 8 -8 28 -6 -12 18 -14 21 23 -17 -3 -2 -7 -9 -1 -21 29 25 27 -26 -11 -5 -15
right_child=1 17 5 9 10 19 7 20 -10 24 11 -13 13 15 -16 16 -18 -19 -20 22 -22 -23 -24 -25 26 -27 -28 -29 -30 -31
leaf_value=0.011399500131844971 0.014225788768728299 -0.006992540658918793 -0.035016569672974729 -0.0095950731035377348 0.019302520010883062 -0.00052787270999850777 -0.00041422875448353358 0.006696603278492916 -0.035037721298086306 -0.0017712136849725143 -0.032219312772128139 0.013255175160238407 0.0082200356037199825 -0.00091617299956610115 -0.036849777873009887 -0.031587074929107971 -0.0029300665437256793 -0.014353407623951545 0.0032878933036292139 0.013103511157319432 -0.0039017547532727566 0.019609340579616927 0.0051374810604898789 0.0094074301263384827 0.0052625303437626864 -0.028791388745371238 -0.021703963765533626 -0.0095142749428698825 -0.023885668287093167 0.012005846653347056
leaf_weight=4415.7962267249823 2523.1372570097446 5159.9566615074873 200.31541620194912 1213.7242549806833 157.55354578047991 3910.1127163022757 1467.2026463523507 2344.6379054188728 1010.4419016763568 5111.0363036319613 739.19974806904793 163.20492619276047 3613.0638734474778 9519.0748890042305 68.399554297327995 413.83839295804501 2955.981823310256 6967.3210047930479 2685.8341785147786 2733.2768852263689 3141.0093901008368 4338.7883494272828 13469.018623396754 1918.2885004431009 1734.6510242074728 487.34097512066364 246.61767116189003 5311.0859005451202 1211.6071791499853 780.31041167676449
leaf_count=33067 11481 16049 617 4074 830 19123 6167 10414 3130 18946 3215 713 20178 38515 370 1240 11109 19548 10865 15621 13481 34727 68580 7647 5688 1770 718 15650 3542 3198
internal_value=0 -0.00371746 0.00785401 -0.00185068 0.000604387 0.00472285 0.0011991 -0.00408947 -0.0145345 -0.00720974 -0.0175592 -0.023995 0.00292443 0.00138848 0.0150627 -0.000195018 -0.00644936 -0.0112215 0.00858602 0.00511865 0.000628123 0.0154683 0.00648133 0.00153002 -0.00541777 -0.00674782 0.00190589 -0.00571706 -0.0167341 6.28356e-05
internal_weight=0 60876.1 29135.7 48748.8 33432.8 20312.7 32372.8 7963.29 2477.64 15316.1 1059.96 902.405 24409.5 19200.6 8822.98 15587.5 3369.82 12127.3 5208.97 20112.4 5485.65 8754.58 16202.3 12217.7 12890.7 10909.5 1981.27 10422.1 2425.33 10299.4
internal_count=400273 228168 172105 192571 142183 103941 137425 33192 9297 50388 4758 3928 104233 81887 68164 61709 12349 35597 22346 103324 23895 67794 84201 49360 42772 36366 6406 34596 7616 41713
is_linear=0
shrinkage=0.05


Tree=79
num_leaves=31
num_cat=0
split_feature=29 233 130 226 152 231 233 227 228 232 224 228 228 228 232 227 226 6 233 224 228 233 227 29 20 232 227 227 227 233
split_gain=1022.03 558.925 555.3 517.085 307.853 249.107 229.371 186.669 299.511 259.677 179.005 175.389 174.785 163.359 161.992 219.636 146.116 141.155 133.49 131.865 125.954 150.256 124.123 122.975 117.91 109.537 139.577 125.059 173.599 120.057
threshold=0.047722492367029197 -0.013996877707540987 -0.090365506708621965 -0.0047057049814611665 0.047620741650462158 1.7051149606704714 -0.012939637526869772 0.14912125468254092 81.669120788574233 -1.6804370880126951 3.5000000000000004 22.164649009704593 53.581571578979499 53.898300170898445 1.6067849397659304 0.15117330104112628 0.04256462678313256 2.4866499900817876 0.24723561108112338 4.5000000000000009 20.885622978210453 -0.064104568213224397 0.22535404562950137 0.068142391741275801 0.012929650023579599 -1.2383719086647031 0.15536781400442126 -0.036407448351383202 -0.034230951219797127 0.066189184784889235
decision_type=2 2 2 2 2 2 2 2 2 2 2 2 2 2 2 2 2 2 2 2 2 2 2 2 2 2 2 2 2 2
left_child=1 3 18 11 5 6 12 9 22 10 24 19 -2 -5 23 -16 -17 -10 -3 -1 -7 -22 -9 -6 -4 27 -27 -23 -29 -28
right_child=4 2 7 13 14 20 -8 8 17 -11 -12 -13 -14 -15 15 16 -18 -19 -20 -21 21 25 -24 -25 -26 26 29 28 -30 -31
leaf_value=-0.0069532813897610459 0.035727370030318728 0.0056241299238086115 0.0066646651971801925 0.029045887654626536 0.014414108249155944 0.020910692037822136 -0.0010655242216240238 -0.020659177926505387 -0.0047260978298266998 -0.024779481647272346 -0.016925443847118134 -0.01086475149918298 0.0042070313488000522 0.0018523558608447817 -0.015085574152266069 -0.019185355181007176 0.024480204232086859 0.058629559813371618 0.040249119337163811 0.039358383159169369 -0.028084257893695692 -0.010568867749572899 0.0039207708747361443 0.030139696734934624 0.058540106292292837 -0.014422569523267379 -0.0076067689923981375 0.062856017484611656 0.0079651511139259678 0.024406637713566662
leaf_weight=288.81096570938826 1243.9760832190514 1123.3399865031242 368.3219773247838 1778.8469940759242 4261.4506651125848 507.77783914655447 1593.3962460309267 1700.6948239430785 140.96230996400118 8046.4855618737638 669.20231579989195 4161.0339035764337 680.33938620984554 800.9313905313611 944.55946615338326 233.69648277759552 1063.1739446818829 233.62007582187653 370.06411515176296 328.57073855400085 634.47093438357115 838.08619365096092 735.82039245963097 1755.2810231745243 155.90473236516118 2622.6131694428623 679.03989551216364 158.23840738832951 1605.433787509799 514.95668742060661
leaf_count=3377 4117 5151 4736 6140 20357 2866 11240 25681 2292 144688 11250 57445 3717 8489 5981 1207 4198 2745 1143 919 6325 7301 6809 6406 1365 24088 4721 852 11529 3138
internal_value=0 -0.00852871 -0.014555 0.00256408 0.00742041 0.00197341 0.0129654 -0.018119 -0.00683688 -0.0215514 0.000213566 -0.00717492 0.0245834 0.0206032 0.0147276 0.00325415 0.0166117 0.0347876 0.0142042 0.0176938 -0.00314079 -0.0048724 -0.0132361 0.0190018 0.0220924 -0.00257785 -0.00797089 0.00533337 0.01289 0.00620024
internal_weight=0 20902.6 13544.4 7358.19 19336.5 11078.3 3517.71 12051 2811.1 9239.91 1193.43 4778.42 1924.32 2579.78 8258.16 2241.43 1296.87 374.582 1493.4 617.382 7560.62 7052.84 2436.52 6016.73 524.227 6418.37 3816.61 2601.76 1763.67 1194
internal_count=400273 282230 205860 76370 118043 79894 19074 199566 37527 162039 17351 61741 7834 14629 38149 11386 5405 5037 6294 4296 60820 57954 32490 26763 6101 51629 31947 19682 12381 7859
is_linear=0
shrinkage=0.05


Tree=80
num_leaves=31
num_cat=0
split_feature=7 142 231 232 229 233 225 225 234 227 232 234 234 230 234 226 234 224 226 230 229 233 143 234 230 20 225 232 151 143
split_gain=527.86 309.078 189.697 164.867 179.22 149.127 141.157 118.695 118.572 96.2727 178.686 90.1618 131.43 94.3123 115.05 353.17 133.782 85.6949 79.888 76.944 75.0897 74.9539 74.1143 70.6477 64.6163 64.0141 63.5864 62.0951 62.0465 60.0941
threshold=1.0000000180025095e-35 10.796749591827394 1.4151450991630556 -1.5185908079147337 1.6979064345359804 -0.012939637526869772 -0.029245145618915554 0.20679578930139544 -0.038932284340262406 -0.050510147586464875 -0.8960944116115569 0.072101317346096053 0.06970811635255815 13.500000000000002 0.016395426355302337 0.014776284340769054 0.023264077492058281 4.5000000000000009 -0.0070805761497467748 7.5000000000000009 0.73127868771553051 -0.042233658954501145 21.443449974060062 0.027315219864249233 6.5000000000000009 -0.039418017491698258 0.0049089442472904929 -1.5969384908676145 2.1438125371932988 24.625849723815922
decision_type=2 2 2 2 2 2 2 2 2 2 2 2 2 2 2 2 2 2 2 2 2 2 2 2 2 2 2 2 2 2
left_child=1 9 5 8 6 -3 -5 -2 -4 10 21 12 13 14 20 16 -16 -12 -7 -17 -8 -1 -18 -20 -10 -22 -15 -11 -21 -27
right_child=7 2 3 4 -6 18 11 -9 24 27 17 -13 -14 26 15 19 22 -19 23 28 25 -23 -24 -25 -26 29 -28 -29 -30 -31
leaf_value=0.01026122517079861 0.03698292046125165 -0.015285488580790664 0.010739930095932181 0.0159601993617547 -0.019499681927643397 -0.01229168046320344 0.011756752883750244 -0.0026540479454759303 -0.010163988357509725 -0.023550073400347801 0.035312137484288804 -0.0090054483602664045 0.032208335535045401 0.027844045631497633 0.044786665309691165 0.00083285211844607004 0.0018988922136500331 -0.022622147085535685 0.0040671964238975329 0.083062636804161316 -0.0050663550658039515 -0.01797202436625361 0.025552995382773027 -0.014323668696808681 0.010422946140509542 -0.0010062102424768292 0.007588393435742565 -0.010386910267247508 0.0087112503275610965 0.0066250451117171524
leaf_weight=328.66462326794863 1190.9247456490993 2764.8038052432239 955.03378161787987 2296.1196800544858 833.76591052114964 1289.6450449377298 1303.575151450932 224.47340160608292 4635.7726026698947 1119.7821384333074 408.44613264501095 1456.2787795737386 399.32173536717892 609.1083941757679 617.22741290926933 10140.118511639535 521.00042635202408 75.652441367506981 4136.857754714787 28.277517572045326 5649.9335138089955 825.56729828193784 908.79029285907745 597.63609143346548 415.29826800525188 8214.7176547758281 1064.672088958323 4481.8607505708933 3638.3080545291305 3760.8117774873972
leaf_count=2562 4839 21311 4487 9788 5346 9193 6688 1193 31428 11285 1369 8502 1249 2985 1784 55106 2440 823 23901 143 32128 8907 3054 3269 2567 55807 6025 46447 17971 17676
internal_value=0 -0.000176253 0.0010756 0.00232542 0.00344744 -0.0056717 0.00391859 0.0306967 -0.00541654 -0.00990011 0.000761184 0.00319692 0.00367907 0.00336658 0.0028087 0.00595087 0.0253321 0.0262585 -0.00125941 0.00307736 0.000177033 -0.00993268 0.0169337 0.00174571 -0.00847133 -0.000679401 0.0149597 -0.0130183 0.00928466 0.00139032
internal_weight=0 63477 56237.1 47448.1 41442 8788.94 40608.3 1415.4 6006.1 7239.97 1638.33 38312.1 36855.9 36456.5 34782.8 15853.7 2047.02 484.099 6024.14 13806.7 18929 1154.23 1429.79 4734.49 5051.07 17625.5 1673.78 5601.64 3666.59 11975.5
internal_count=400273 394241 322848 265174 226692 57674 221346 6032 38482 71393 13661 211558 203056 201807 192797 80498 7278 2192 36363 73220 112299 11469 5494 27170 33995 105611 9010 57732 18114 73483
is_linear=0
shrinkage=0.05


Tree=81
num_leaves=31
num_cat=0
split_feature=160 122 7 160 122 130 225 231 12 160 7 30 117 41 124 160 225 233 160 24 20 226 19 228 233 228 226 228 226 151
split_gain=904.953 358.888 284.13 159.59 150.092 141.876 105.094 94.4941 89.4534 90.1566 87.21 81.1642 79.3636 76.3911 75.478 70.3461 69.9405 61.6838 62.407 60.3303 58.8234 52.2929 48.2499 47.6314 65.7456 79.3351 88.0667 62.2665 64.3528 43.7661
threshold=3.5082142353057866 0.059278849512338645 1.0000000180025095e-35 6.4236273765563974 0.021606968715786937 0.04404843412339688 0.20679578930139544 0.11882765591144563 0.17374691367149356 7.4688293933868417 1.0000000180025095e-35 0.067486923187971129 1.0000000180025095e-35 0.076661657541990294 0.010700512677431108 1.9979468584060671 0.0065890189725905665 0.15564788877964023 4.468292474746705 26.848639488220218 0.021579952910542492 0.19763496518135074 0.37560267746448522 44.976861953735359 -0.018290904350578781 53.581571578979499 -0.0047057049814611665 20.885622978210453 -0.024013678543269631 2.4283665418624882
decision_type=2 2 2 2 2 2 2 2 2 2 2 2 2 2 2 2 2 2 2 2 2 2 2 2 2 2 2 2 2 2
left_child=2 3 4 5 11 10 -4 16 9 19 12 15 17 22 -9 -1 -7 18 -2 -3 29 -21 -6 27 25 26 -25 28 -16 -19
right_child=1 8 6 -5 13 7 -8 14 -10 -11 -12 -13 -14 -15 23 -17 -18 20 -20 21 -22 -23 -24 24 -26 -27 -28 -29 -30 -31
leaf_value=0.022503810017639472 0.00013420806891206824 0.0013806243292959653 -0.035435906806033417 -0.0084580996665447761 0.0075687302368649557 -0.035585187851004098 0.0093973443675124824 0.0068784209749773216 -0.019650730888056793 -0.014891136633584975 -0.033595335911396691 -0.06794029641425807 -0.029718915959210265 -0.011268819552698275 -0.0023241620031240933 0.011956893021222636 0.019542685329394779 -0.049343000953093005 -0.00559240074997518 -0.0084482826645205147 0.012460086393524077 0.0029928728326106789 -0.0025212334561941015 -0.007902034217618743 0.00044208054828902082 0.0020992818910340583 -0.047338865600285315 0.0062158116399667306 -0.049551700898740079 -0.0011446663844375126
leaf_weight=1987.7889657542109 10288.489325046539 2345.3105641454458 500.98699298501015 5734.4439361691475 12128.285014748573 250.34906078875065 176.85666723549366 10762.907655209303 1722.4323319196701 3513.7430422306061 219.2687933743 30.229938693344593 253.45739839971066 627.22511188685894 249.88105887174606 7725.3447977304459 74.701941937208176 49.77702921628952 8849.6699406355619 10819.787375658751 1421.8054582625628 1100.2800739109516 1313.1121664717793 287.91424724459648 2114.5054980069399 386.0941349864006 278.49166834354401 3210.6736158430576 101.40001088380814 875.51153309643269
leaf_count=17225 46161 7871 2700 17842 73635 890 550 47852 5018 9864 1070 102 745 2165 1047 55103 352 188 30552 33312 5280 3488 6541 1256 8559 1531 793 14065 307 3439
internal_value=0 -0.0030978 0.00818201 -0.000661376 0.00909068 0.000465529 -0.0237384 0.00379419 -0.00877101 -0.00771699 -0.00222022 0.0138607 -0.00190375 0.00578713 0.0042934 0.0141153 -0.0229159 -0.00157562 -0.00251383 -0.0059499 0.00607453 -0.00739221 0.00658303 9.62971e-05 -0.00447123 -0.0153785 -0.0272924 0.00402915 -0.0159568 -0.00373755
internal_weight=0 64910.9 24489.8 45409.3 23812 39674.9 677.844 17716.9 19501.6 17779.1 21958 9743.36 21738.7 14068.6 17391.9 9713.13 325.051 21485.3 19138.2 14265.4 2347.09 11920.1 13441.4 6628.96 3067.01 952.5 566.406 3561.95 351.281 925.289
internal_count=399503 241482 158021 181929 154771 164087 3250 76652 59553 54535 87435 72430 86365 82341 75410 72328 1242 85620 76713 44671 8907 36800 80176 27558 12139 3580 2049 15419 1354 3627
is_linear=0
shrinkage=0.05


Tree=82
num_leaves=31
num_cat=0
split_feature=15 233 226 227 12 226 227 233 228 227 228 14 131 229 227 225 227 228 230 227 225 227 227 228 18 224 39 226 230 226
split_gain=941.827 898.422 573.922 286.255 269.312 273.525 318.148 264.969 254.758 248.069 229.432 227.184 197.972 193.034 193.42 167.586 160.394 177.585 159.276 158.76 156.198 153.938 198.549 150.611 147.084 145.842 152.296 130.851 117.863 117.132
threshold=0.15193714201450351 -0.010964763816446064 -0.0047057049814611665 0.22535404562950137 0.10051162913441659 -0.036604972556233399 -0.016155138611793515 -0.0024530928349122401 53.898300170898445 0.19339322298765185 22.164649009704593 0.34511150419712072 -0.076891187578439699 1.1016665101051333 0.15117330104112628 0.0051666451618075379 0.14912125468254092 81.669120788574233 1.5000000000000002 0.17881353944540027 0.11845536530017854 0.013518193271011116 0.015387311577796938 69.620273590087905 0.24369394034147265 3.5000000000000004 1.2829490303993227 -0.0047057049814611665 10.500000000000002 0.0072700628079473981
decision_type=2 2 2 2 2 2 2 2 2 2 2 2 2 2 2 2 2 2 2 2 2 2 2 2 2 2 2 2 2 2
left_child=1 2 10 7 5 6 -3 9 19 27 25 13 23 -9 29 -8 -7 28 -5 -4 -16 -14 -23 -12 -19 -1 -27 -2 -18 -15
right_child=3 4 8 18 -6 16 15 11 -10 -11 12 -13 21 14 20 -17 17 24 -20 -21 -22 22 -24 -25 -26 26 -28 -29 -30 -31
leaf_value=-0.01276075910281009 0.012124781729571307 -0.017732217493563737 0.03111901142640687 -0.010885134140455038 0.014074353105241903 -0.023914548380617299 0.044693878834581903 -0.0097718238811945503 -0.0018997570790248025 -0.020664249045359805 0.023413997687254114 0.013735557273865322 -0.012894113779727344 0.045947821577402126 0.052419937446840537 -0.03153696007179773 -0.019317997287777687 0.00075778183545303565 0.027218860527282007 -0.030378912070681025 0.00066814970349229755 0.037540145309138975 -0.016200245863899135 -0.029555564590096835 0.077641223477959778 0.044185700478497784 -0.0029145212366718711 0.031849987675131447 0.015836499227717165 -0.0061610736603778561
leaf_weight=288.91031435132027 1841.1554067321122 734.99622052162886 2399.0583915226161 307.07119756191969 688.88113395124674 8288.6544243209064 458.49471117183566 4455.7060362845659 956.35882798954844 396.54645831137896 778.25637924298644 2503.8727601543069 5841.3662029094994 118.27264042943716 375.42493396997452 85.549019560217857 1566.0157341808081 164.46858762577176 2566.0333057530224 109.74529134109616 238.38221088796854 362.89621608704329 326.51394965872169 162.15953930839896 100.04901199042797 526.08198047429323 254.72556079924107 1547.3730298876762 281.24848096817732 1222.8994718641043
leaf_count=3501 9262 12565 7696 1555 3410 146025 3423 34082 10003 2655 5038 8513 76731 761 2409 1438 23135 2804 9868 1450 926 2197 3942 1714 1256 1902 1544 5817 4097 9784
internal_value=0 -0.00684748 0.00289565 0.00889412 -0.0163052 -0.0180971 0.0037222 0.00566976 0.0200584 0.0167535 -0.0040675 0.000963675 -0.00716837 -0.00402474 0.00907377 0.0327068 -0.0207804 -0.00847897 0.0231464 0.0284288 0.0323213 -0.0102569 0.012088 0.0142803 0.0298376 0.0175899 0.02882 0.0211323 -0.0139657 -0.0015658
internal_weight=0 24374.4 12006.1 15572.7 12368.4 11679.5 1279.04 12699.6 3465.16 3785.07 8540.91 8914.56 7471.19 6410.69 1954.98 544.044 10400.4 2111.78 2873.1 2508.8 613.807 6530.78 689.41 940.416 264.518 1069.72 780.808 3388.53 1847.26 1341.17
internal_count=399503 313871 115718 85632 198153 194743 17426 74209 19149 17734 96569 56475 89622 47962 13880 4861 177317 31292 11423 9146 3335 82870 6139 6752 4060 6947 3446 15079 27232 10545
is_linear=0
shrinkage=0.05


Tree=83
num_leaves=31
num_cat=0
split_feature=7 142 233 227 228 232 226 225 226 228 225 225 15 231 226 232 227 17 128 230 129 228 228 225 3 29 6 225 33 3
split_gain=480.427 269.829 186.834 239.903 171.083 146.711 399.964 183.558 142.843 126.767 116.155 90.1848 84.8825 83.7352 83.0973 98.6124 82.0092 78.6676 76.2095 68.2496 66.6048 65.1052 63.0487 56.9371 56.9059 56.5075 56.305 53.7268 76.8708 53.6785
threshold=1.0000000180025095e-35 10.796749591827394 -0.00297881884034723 0.15822489559650424 69.620273590087905 -1.1503158211708067 -0.013139597140252588 -0.016739149577915665 -0.045070454478263848 57.011194229125984 0.20679578930139544 -0.0096520888619124872 -0.10310816764831542 1.7262096405029299 -0.052973167970776551 -1.5969384908676145 -0.033182777464389794 -0.086219634860753999 -0.025453911162912842 10.500000000000002 -0.99910312891006459 69.069770812988295 36.941593170166023 0.012681240681558849 523554.76562500006 0.019979468546807769 1.6432500481605532 0.021533626131713394 22.188727378845218 127240.58593750001
decision_type=2 2 2 2 2 2 2 2 2 2 2 2 2 2 2 2 2 2 2 2 2 2 2 2 2 2 2 2 2 2
left_child=1 14 4 5 8 17 12 26 11 19 -2 16 -7 -6 -1 -16 20 22 -10 -5 -3 29 -4 -14 -15 -17 -8 -11 -29 -9
right_child=10 2 3 9 13 6 7 21 18 27 -12 -13 23 24 15 25 -18 -19 -20 -21 -22 -23 -24 -25 -26 -27 -28 28 -30 -31
leaf_value=0.0083969286443225481 0.036399742153171703 -0.016489656381848912 -0.01296934310391902 0.0045329526691815459 -0.013156169420873991 0.045678825461938244 0.0038036218368755498 0.071733468180038742 -0.00077873710541918537 -0.018041451349263785 -0.0028631550786636928 -0.0042455609413831544 0.018109861406154403 0.022668823624256471 -0.023926822087870919 -0.017134703138088448 0.0026850516722366092 -0.0066197107277023125 -0.0092723784716142992 -0.017723548821265551 0.02671521943351976 -0.00069438548182358705 0.016748314165946975 0.048169901407541287 0.0052802963852937035 -0.0051313826290346658 0.020808588365413834 -0.00044747323588020371 -0.023835986597904833 0.0051350990450606121
leaf_weight=602.95283732563257 1132.6096488386393 100.42214798182249 236.20231450349092 2931.5570787861943 325.35912288725376 533.39306122809649 631.26426151394844 30.328882269561291 3592.6101679727435 1709.7505793198943 225.9496975839138 2096.0735291987658 1175.5460454598069 978.95488157123327 1203.4947861991823 1298.7088967971504 1457.3183808103204 3517.5589065253735 9969.9374230504036 390.31085945665836 798.465835519135 7077.8720875680447 730.32886896282434 181.90320479869843 905.92702431231737 4001.5577307641506 2126.8450692370534 1502.7531784847379 458.50419985502958 12611.191732391715
leaf_count=3847 4776 473 1695 14544 2374 1766 2869 121 20879 11148 1207 12467 4308 4054 12796 16230 6829 23153 71035 2410 3522 40716 4199 536 4139 38530 8012 9076 2910 68882
internal_value=0 -0.00018167 0.000981659 0.00314966 -0.00286074 0.00516343 0.00669287 0.00483498 -0.00447151 -0.00515908 0.0298697 0.00329926 0.0287787 0.010268 -0.00936007 -0.0110063 0.0100111 -0.0031482 -0.00702248 0.00191787 0.0218884 0.00314515 0.00948587 0.022138 0.0143114 -0.00807252 0.0169166 -0.011563 -0.00591526 0.00529488
internal_weight=0 63177.1 56070.4 35845.3 20225.1 28852.4 24368.3 22477.5 18014.8 6992.88 1358.56 4452.28 1890.84 2210.24 7106.71 6503.76 2356.21 4484.09 13562.5 3321.87 898.888 19719.4 966.531 1357.45 1884.88 5300.27 2758.11 3671.01 1961.26 12641.5
internal_count=399503 393520 322117 196345 125772 156257 127210 120600 115205 40088 5983 23291 6610 10567 71403 67556 10824 29047 91914 16954 3995 109719 5894 4844 8193 54760 10881 23134 11986 69003
is_linear=0
shrinkage=0.05


Tree=84
num_leaves=31
num_cat=0
split_feature=41 29 36 29 225 41 227 131 29 124 36 231 5 5 194 133 234 229 234 234 233 3 29 226 228 225 142 230 230 225
split_gain=867.801 314.17 241.238 197.515 132.287 115.656 110.41 97.9013 95.572 87.9385 84.389 75.637 74.4663 74.815 73.1412 72.4977 54.6871 53.7816 51.9307 48.8028 59.9059 48.2203 45.7511 45.5173 44.3435 82.8058 50.6984 43.6958 42.2272 56.2801
threshold=0.028043938800692562 0.059022014960646636 -45.453132629394524 0.026486494578421119 0.037039635702967651 1.0000000180025095e-35 0.15536781400442126 -0.23981471359729764 0.043121710419654853 0.016667557880282406 -1.0000000180025095e-35 0.11882765591144563 1.0000000180025095e-35 21.417500495910648 1.0000000180025095e-35 0.6565985679626466 0.017777269706130031 1.9215429425239565 0.0023294708225876097 -0.034047760069370263 0.11938235536217691 1296318.3750000002 0.078864764422178282 0.23819749057292941 38.664297103881843 0.0044434329029172668 7.4152500629425058 9.5000000000000018 3.5000000000000004 0.023182467557489875
decision_type=2 2 2 2 2 2 2 2 2 2 2 2 2 2 2 2 2 2 2 2 2 2 2 2 2 2 2 2 2 2
left_child=3 2 9 18 8 -5 16 -8 10 11 -4 -2 -7 -14 -3 22 -6 -11 27 -13 21 -21 28 -17 25 -20 -26 -1 -16 -30
right_child=1 14 4 5 6 12 7 -9 -10 17 -12 19 13 -15 15 23 -18 -19 24 20 -22 -23 -24 -25 26 -27 -28 -29 29 -31
leaf_value=0.024053904104159834 -0.021689952722256059 -0.017919659205345242 0.0014003252268879906 -0.034674372355265 0.0058252470635409004 -0.00038261941967810109 -0.026824762943581049 -0.0006987746970092564 -0.0066609027266231304 -0.0020082118465765113 -0.017505688630344896 0.011750334019448791 0.012929947712114226 0.0049589941718325538 -8.6341389882701772e-05 -0.013818624062009089 -0.03166169339195888 -0.035186841248349685 0.013089830069657853 0.0010522812808451717 0.011742748641695973 0.0091493214841814382 -0.011337969025601382 0.0090051598429091457 0.02370132480018404 -0.034655348498796826 0.010230099030127391 0.0068608487034373588 -0.0096418525768425904 0.0094853064265564904
leaf_weight=1984.6244711503386 272.3171983063221 1998.4093584567308 9554.9478713199496 181.15272828936577 108.74929658323526 4233.0638771206141 481.5048947930336 1404.5417842790484 9931.8008461296558 5551.3146605268121 629.09707357734442 2235.9765835851431 4050.1407669186592 10776.793252527714 4191.9381626695395 4680.5130787491798 923.22527834773064 124.88746000826359 249.28936255723238 10206.183124959469 2046.1262840405107 2242.7843939810991 2457.3849193900824 229.1387528181076 906.89065073430538 142.84899617731571 3038.3752809613943 454.10781072825193 3286.7447098642588 435.55095887184143
leaf_count=17479 966 5840 43723 553 406 21536 1504 4985 31868 22598 2095 10680 24418 57380 13196 13120 4421 445 1960 45431 8894 10847 7166 647 8283 434 24409 2852 10250 1433
internal_value=0 -0.00318098 -0.00101002 0.00767385 -0.00461419 0.00508853 -0.014563 -0.0073687 -0.00317101 0.00265045 0.000232448 0.00444934 0.00546645 0.00713635 -0.00892426 -0.00774788 -0.0277113 -0.00273821 0.015015 0.00487478 0.00381418 0.00251103 -0.0053784 -0.0127534 0.0117328 -0.00430289 0.0133267 0.0208524 -0.00352794 -0.00740376
internal_weight=0 62993.1 45713.5 26017.3 23033.9 19241.2 2918.02 1886.05 20115.8 22679.6 10184 17003.4 19060 14826.9 17279.7 15281.3 1031.97 5676.2 6776.14 16731.1 14495.1 12449 10371.6 4909.65 4337.4 392.138 3945.27 2438.73 7914.23 3722.3
internal_count=399819 240515 188863 159304 89002 103887 11316 6489 77686 99861 45818 76818 103334 81798 51652 45812 4827 23043 55417 75852 65172 56278 32045 13767 35086 2394 32692 20331 24879 11683
is_linear=0
shrinkage=0.05


Tree=85
num_leaves=31
num_cat=0
split_feature=29 227 232 227 14 231 233 168 233 228 230 164 227 228 230 224 26 152 228 230 228 187 227 228 232 228 228 230 227 232
split_gain=911.258 444.21 533.655 630.4 442.738 417.587 322.74 301.898 258.97 256.745 198.371 194.908 203.633 408.279 181.63 172.331 170.391 169.949 163.05 158.197 155.962 148.407 136.143 134.189 160.667 127.499 304.211 230.741 178.224 118.143
threshold=0.03536918759346009 0.22535404562950137 0.24266439676284793 0.013024828396737577 0.24843808263540271 1.3103861808776858 -0.022938567213714119 0.7357500195503236 -0.015399398747831581 20.885622978210453 7.5000000000000009 150.25519561767581 0.13368050009012225 76.667705535888686 7.5000000000000009 3.5000000000000004 13.7427134513855 0.026603534817695621 88.40799713134767 1.5000000000000002 45.113010406494148 -1.3445000052452085 0.14239784330129626 57.011194229125984 1.3153427839279177 34.72050857543946 32.958612442016609 2.5000000000000004 -0.036407448351383202 -0.88818004727363575
decision_type=2 2 2 2 2 2 2 2 2 2 2 2 2 2 2 2 2 2 2 2 2 2 2 2 2 2 2 2 2 2
left_child=6 2 3 5 11 8 10 9 14 15 -1 -4 -13 23 17 -7 -5 -2 -8 -3 -9 -21 -6 -14 -25 26 27 -11 -28 -10
right_child=1 19 4 16 22 7 18 20 29 25 -12 12 13 -15 -16 -17 -18 -19 -20 21 -22 -23 -24 24 -26 -27 28 -29 -30 -31
leaf_value=-0.01171861752272679 0.0062137618904794861 -0.010793528892072945 -0.024248550631451038 0.012140881047990154 -0.0056362693277549301 -0.016637646373004408 -0.022761264671942436 0.02396859429167944 0.018211987865780432 -0.020533912940399735 0.016354150412629831 -0.020261943479337061 -0.020071735026499032 0.045607491023212599 0.043273071393784758 0.03731705728056435 0.044177060076657171 0.044700827438971358 0.010441017829021433 0.029211657034772555 -8.5737959761936913e-05 -0.0055200526313360122 0.0138751844555193 0.034241366103058078 -0.010453313579835104 -0.015694467468137799 -0.0058149149044891104 0.0071833803433997969 0.051984551619771328 -0.012616177544179076
leaf_weight=1479.8509008921683 1132.5647971071303 348.14520358294249 3030.5707407109439 609.32874954119325 1437.986507922411 206.94832106307149 6039.4486552551389 1458.5162194762379 511.81271883845329 1773.3154617901891 1094.8553296476603 1774.4975132159889 1027.2363159358501 439.8108429312706 1016.8270124495029 519.50461282581091 1301.7811892852187 384.11469826847315 393.87951392307878 2487.9212590940297 1252.5890185981989 350.95646727457643 2363.4818781763315 327.47290124371648 520.9364497102797 3738.9233771320432 210.35632260888815 1302.2917173169553 364.42116428539157 791.21491406485438
leaf_count=24113 5999 1919 38372 3459 6473 2306 127505 8221 4651 19159 5837 18886 9660 3086 2887 2178 6198 1557 3997 9665 7016 2101 9113 2806 4895 43030 2497 12845 2714 6674
internal_value=0 0.00334602 0.00129786 0.00695233 -0.00728301 0.003432 -0.0147412 -0.00159078 0.0176065 -0.00641645 0.000218907 -0.0146385 -0.00751767 0.00224917 0.0269227 0.0219467 0.0339628 0.015961 -0.0207285 0.0210169 0.012855 0.0249179 0.00649456 -0.0079177 0.00679814 -0.00920487 -0.00255786 -0.00879769 0.0308312 -0.000507265
internal_weight=0 30683.5 27496.5 16574.5 10922 14663.4 9008.03 10826.9 3836.53 8115.76 2574.71 7120.52 4089.95 2315.46 2533.51 726.453 1911.11 1516.68 6433.33 3187.02 2711.11 2838.88 3801.47 1875.65 848.409 7389.31 3650.38 3075.61 574.777 1303.03
internal_count=399819 238367 224682 131391 93291 121734 161452 99966 21768 84729 29950 77705 39333 20447 10443 4484 9657 7556 131502 13685 15237 11766 15586 17361 7701 80245 37215 32004 5211 11325
is_linear=0
shrinkage=0.05


Tree=86
num_leaves=31
num_cat=0
split_feature=7 232 227 122 226 226 233 228 228 226 228 227 234 142 227 228 227 17 3 126 14 3 230 234 234 234 227 3 230 226
split_gain=442.34 236.036 193.272 199.516 174.823 111.832 106.795 166.488 159.822 116.76 153.314 110.147 97.704 95.2857 92.5912 212.79 86.3083 81.4848 79.5089 67.1912 62.9831 60.2253 58.0136 66.3785 55.8137 77.0446 133.543 68.3811 68.1293 55.7878
threshold=1.0000000180025095e-35 -1.5185908079147337 0.22302427142858508 0.023152980953454975 -0.052973167970776551 0.22355348616838458 -0.00297881884034723 69.620273590087905 69.069770812988295 -0.038447357714176171 50.77893257141114 0.18537236005067828 0.029375702142715458 13.712299823760988 -0.08802130818367003 28.266542434692386 -0.075891796499490724 -0.084490235894918428 1173663.2500000002 0.011035804636776449 -0.13717987388372418 1137416.6875000002 1.5000000000000002 0.0058956164866685876 0.012596924323588611 -0.012914447113871573 -0.023329939693212506 94084.015625000015 4.5000000000000009 -0.030112086795270439
decision_type=2 2 2 2 2 2 2 2 2 2 2 2 2 2 2 2 2 2 2 2 2 2 2 2 2 2 2 2 2 2
left_child=1 4 3 18 19 -2 7 9 11 10 -5 14 -13 -6 -8 -16 -17 -12 29 -1 -9 24 -4 -24 25 26 -11 28 -28 -3
right_child=5 2 22 6 13 -7 8 20 -10 21 17 12 -14 -15 15 16 -18 -19 -20 -21 -22 -23 23 -25 -26 -27 27 -29 -30 -31
leaf_value=0.0022779902409215728 0.035762600683987303 0.007872622831133342 0.0039009499715196468 -7.2202713875914976e-05 -0.018622242633229012 -0.0028065576878549521 -0.011594329029953207 0.05159450928062586 -0.001020719236881342 0.020673220943114422 0.051489070951722331 0.0043908464982401986 -0.017817530246619296 -0.0065842343447548891 0.039967918484274341 0.038219122174488501 0.0078546338564805824 0.013746190859309441 -0.011293782556967826 0.029596597329057533 0.011385363384185904 -0.015967352062284692 -0.0060228720259538123 -0.02309017803210112 0.009096813151068665 -0.012666319212219968 0.12082806562320612 -0.0072396026774460432 -0.011245831160192673 -0.003682659813285655
leaf_weight=625.99061792343855 1092.6918383091688 1272.2702792435884 487.6460923999548 3370.8826368004084 2394.3285629972816 226.98501585423946 549.65620259195566 103.31788617372513 7872.3157915994525 591.05458573251963 218.04790170490742 1444.3393309339881 753.66394653171301 5244.3988807275891 546.19869194924831 237.27714014053345 17069.270759172738 415.50808523595333 3024.1751656122506 351.44242724776268 1697.4213489815593 1356.5567410439253 1071.8615067005157 1215.971868917346 688.45787974447012 2384.4212185554206 20.977126836776733 2185.384487234056 18.267112001776695 5835.0487552843988
leaf_count=3435 4791 8941 2436 18507 24212 1214 3952 371 41739 3863 895 6712 4173 33939 1811 673 83341 1898 31206 1367 6984 10196 7404 9787 3538 17596 123 13907 109 50699
internal_value=0 -0.000120418 0.0010968 0.00178744 -0.00780981 0.0291287 0.0033224 -0.00042306 0.0050391 -0.00268255 0.00416921 0.00735482 -0.00322409 -0.0103575 0.00861838 0.0092407 0.00827094 0.026736 -0.00450346 0.0121006 0.0136924 -0.00646957 -0.0117567 -0.0150941 -0.00428155 -0.00605275 -0.000452152 -0.00606489 0.0593513 -0.00161417
internal_weight=0 63046.2 54430 51654.5 8616.16 1319.68 41523 13050.3 28472.7 11249.6 4004.44 20600.4 2198 7638.73 18402.4 17852.7 17306.5 633.556 10131.5 977.433 1800.74 7245.12 2775.48 2287.83 5888.56 5200.1 2815.68 2224.63 39.2442 7107.32
internal_count=399819 393814 330861 311234 62953 6005 220388 77987 142401 70632 21300 100662 10885 58151 89777 85825 84014 2793 90846 4802 7355 49332 19627 17191 39136 35598 18002 14139 232 59640
is_linear=0
shrinkage=0.05


Tree=87
num_leaves=31
num_cat=0
split_feature=29 29 133 7 36 29 230 12 5 5 13 233 226 226 21 227 229 231 230 233 130 230 232 38 17 226 7 29 224 233
split_gain=796.282 326.943 274.073 240.442 127.421 131.306 102.76 96.7044 94.4954 90.2934 83.0939 79.0987 102.494 81.5032 71.1432 62.2941 67.5087 59.9561 57.8784 91.842 57.4646 63.3843 56.9601 54.645 54.0388 52.512 67.3829 52.1634 49.6084 114.664
threshold=0.034806007519364364 0.062097311019897468 0.69730335474014293 1.0000000180025095e-35 -1.0000000180025095e-35 0.023427709937095646 9.5000000000000018 0.23162608593702319 4.7643499374389657 31.247349739074711 0.12644983083009723 0.00018395919323666024 -0.02938740327954292 -0.030586643144488331 48.46045112609864 0.16111160069704059 1.8537479043006899 0.11882765591144563 9.5000000000000018 1.0000000180025095e-35 0.078636553138494505 10.500000000000002 -2.2622259855270381 -0.027886965312063691 -0.012096701655536888 -0.026939586736261841 1.0000000180025095e-35 0.080541547387838378 2.5000000000000004 -0.030141824856400486
decision_type=2 2 2 2 2 2 2 2 2 2 2 2 2 2 2 2 2 2 2 2 2 2 2 2 2 2 2 2 2 2
left_child=3 2 8 4 5 -1 11 24 18 -10 -5 -7 13 -13 27 16 17 -11 -2 -20 22 -22 -19 -14 25 -4 -27 -3 -8 -30
right_child=1 14 7 10 -6 6 28 -9 9 15 -12 12 23 -15 -16 -17 -18 20 19 -21 21 -23 -24 -25 -26 26 -28 -29 29 -31
leaf_value=0.01653937782195386 -0.00086816969755407723 -0.0033765117042573803 -0.0093997554308446595 -0.035463797447374962 -0.017622759465804504 0.013692381282894637 0.011512381288163712 -0.024110969772858606 0.0074578209917128121 -0.028017703124137119 0.004441951984095787 -0.002842428762921163 0.014874214360128118 -0.042477305424632933 -0.013013252919477894 0.00855795059951708 -0.038176974562212633 -0.031889718444097569 -0.025894530583683562 -4.2025479343910978e-05 0.0069689548454763654 -0.012207290429127085 -0.0015818538790529427 0.0054126601182798648 -0.0067581923551089888 0.0045172318964157056 -0.02601763342777191 -0.01229977863549564 -0.031540947597890882 0.00011884096918969458
leaf_weight=4829.4212320670485 7338.9834108948708 5393.4246729016304 1203.1573839187622 420.99580532312393 450.26217537373304 5601.4725144356489 660.92475508898497 697.09974852204323 8820.5125697255135 187.9019420593977 189.01608777046204 911.47900900244713 2134.8556610941887 151.22560435533524 7108.2643929719925 2331.2918928861618 116.84574401378632 158.33487725257874 640.30271691083908 741.22627389431 4023.8534267693758 482.60011130571365 7414.5251149237156 5351.1330002769828 13075.858641013503 3165.7973185926676 191.61025211215019 2352.0091533660889 326.51296931505203 2304.3299771025777
leaf_count=40600 30305 17177 4534 2493 1902 38471 4204 2164 39647 727 654 4874 14839 546 20238 9374 401 492 2462 3116 17314 1913 31097 31451 43726 12827 876 6891 1053 14276
internal_value=0 -0.00287905 -0.000964096 0.00787924 0.00871092 0.00924331 0.00722313 -0.00584563 0.00181041 0.00345772 -0.0230987 0.00907418 0.00604814 -0.00848257 -0.00940115 0.00106002 -0.000351463 8.82697e-06 -0.00263551 -0.012024 0.000444799 0.00491535 -0.00221554 0.00811091 -0.00512367 -0.000437224 0.00277458 -0.00608619 -0.00073391 -0.00381044
internal_weight=0 65443.6 50589.9 23331.6 22721.6 22271.4 17441.9 18333.5 32256.4 23535.9 610.012 14150.2 8548.69 1062.7 14853.7 14715.4 12384.1 12267.2 8720.51 1381.53 12079.3 4506.45 7572.86 7485.99 17636.4 4560.56 3357.41 7745.43 3291.77 2630.84
internal_count=400644 245281 200975 155363 152216 150314 109714 64127 136848 100965 3147 90181 51710 5420 44306 61318 51944 51543 35883 5578 50816 19227 31589 46290 61963 18237 13703 24068 19533 15329
is_linear=0
shrinkage=0.05


Tree=88
num_leaves=31
num_cat=0
split_feature=160 168 231 233 233 160 228 230 228 228 224 228 15 23 225 232 18 225 233 230 232 234 234 234 234 234 22 126 164 234
split_gain=846.842 415.445 432.814 445.935 281.8 269.953 219.572 197.844 158.93 151.07 146.706 146.499 139.203 138.035 136.165 133.602 255.148 138.469 143.312 202.364 129.055 115.474 110.738 174.662 167.851 215.623 106.848 100.851 98.3018 96.261
threshold=3.5082142353057866 2.0852500200271611 1.7051149606704714 -0.012939637526869772 -0.020705744624137875 6.1626665592193612 53.581571578979499 7.5000000000000009 42.342876434326179 20.885622978210453 3.5000000000000004 88.40799713134767 0.16051685065031054 48.180887222290046 -0.012285178527235983 -1.2383719086647031 0.27047729492187506 -0.0031184711260721083 0.064911253750324263 4.5000000000000009 0.1648615896701813 0.072101317346096053 -0.0031747817993164058 -0.032319288700819009 -0.026886546984314915 -0.0173778748139739 1.0000000180025095e-35 0.025888451375067238 51.774398803710945 -0.010293399915099142
decision_type=2 2 2 2 2 2 2 2 2 2 2 2 2 2 2 2 2 2 2 2 2 2 2 2 2 2 2 2 2 2
left_child=4 2 3 6 7 9 14 -1 -5 10 -4 26 -10 -8 -2 22 -17 -18 20 -20 -19 -7 23 -11 -25 -26 -6 -3 -27 -9
right_child=1 27 5 8 11 21 13 29 12 15 -12 -13 -14 -15 -16 16 17 18 19 -21 -22 -23 -24 24 25 28 -28 -29 -30 -31
leaf_value=-0.01255233558957995 -0.012512203904676882 0.012040336232067031 -0.020902412013730526 -0.025531978846857345 0.04617178020951717 0.0036997824588057894 -0.013564676188369609 -0.017519878253578244 -0.01010911008031121 -0.015465117448119417 0.034862316778875004 0.0088890971329033935 0.011577487031653162 0.018259576202500329 0.034949801459047705 -0.02028932590561992 -0.019453981109786387 0.0094899683575543053 0.028487576073517103 -0.0059130289008601615 -0.020163052691813933 0.032125543192941627 -0.015043843292657236 0.039361399831637424 -0.013925367950863908 0.0040294899277934617 -0.023561064899494586 0.028225599411807425 0.040562081971485482 0.022002522673428171
leaf_weight=1566.3382810391486 162.03868372365832 3288.970405202359 169.16096058115363 596.6282159499824 55.48700987175107 5243.0266498327255 515.34874049946666 185.93650570139289 1254.8248391374946 784.15486650541425 389.53166620433331 388.64766585826874 1803.389119066298 1005.5993739888072 2242.05221279338 4494.5004290603101 1007.9798974506557 583.26625880971551 878.39716269820929 832.83809726312757 989.24328214675188 383.39874512702227 986.58879489451647 447.38400134071708 775.33945062756538 340.4722967222333 5499.6230790596455 1360.6048152819276 401.01889238506556 898.80577275156975
leaf_count=26346 1337 15633 2039 5833 301 30915 4885 3493 15462 8870 1650 3915 9369 5075 7582 61153 10608 4744 5283 7177 8619 1283 12429 3274 8706 2779 121904 4749 2652 2579
internal_value=0 0.00299966 0.00056275 0.0106418 -0.0147418 -0.00352133 0.0223445 -0.00118548 -0.00192609 -0.00746077 0.0179779 -0.0207882 0.0026792 0.00747644 0.0317508 -0.00859584 -0.0119632 -0.00324378 0.00173212 0.0117452 -0.00916432 0.00563679 -0.000674243 0.00448405 0.0124482 0.0045102 -0.0228645 0.0167766 0.0237873 0.015228
internal_weight=0 30935.8 26286.2 7579.88 8594.84 18706.3 3925.04 2651.08 3654.84 13079.9 558.693 5943.76 3058.21 1520.95 2404.09 12521.2 8786.23 4291.72 3283.74 1711.24 1572.51 5626.43 3734.96 2748.37 1964.21 1516.83 5555.11 4649.58 741.491 1084.74
internal_count=400644 242106 221724 49543 158538 172181 18879 32418 30664 139983 3689 126120 24831 9960 8919 136294 97584 36431 25823 12460 13363 32198 38710 26281 17411 14137 122205 20382 5431 6072
is_linear=0
shrinkage=0.05


Tree=89
num_leaves=31
num_cat=0
split_feature=7 41 232 229 227 234 224 233 227 225 234 228 225 225 143 233 228 228 17 227 229 41 160 227 232 227 232 233 230 20
split_gain=415.702 218.373 163.842 179.292 151.963 111.615 110.774 183.005 146.008 102.873 100.312 171.354 98.2886 96.9289 93.184 92.4149 91.5772 83.4334 82.0203 69.8996 69.0907 68.6301 67.9896 67.5021 66.6486 106.245 95.6998 65.2437 64.3911 61.4615
threshold=1.0000000180025095e-35 0.022844608873128894 -1.355474531650543 1.6979064345359804 0.20411980897188189 -0.030719652771949765 2.5000000000000004 -0.0007505168905481695 -0.014098220970481632 0.012681240681558849 0.013049344532191755 38.664297103881843 0.20679578930139544 -0.027932326309382912 24.758000373840336 -0.0060898258816450826 41.698772430419929 39.999382019042976 -0.084490235894918428 0.19604091346263888 0.87970107793807995 0.057402798905968673 2.847392320632935 0.13368050009012225 -1.2169907093048093 -0.016730034723877903 -0.8960944116115569 0.06707268208265306 3.5000000000000004 -0.083751983940601335
decision_type=2 2 2 2 2 2 2 2 2 2 2 2 2 2 2 2 2 2 2 2 2 2 2 2 2 2 2 2 2 2
left_child=1 10 5 4 6 21 8 13 9 18 22 20 -2 -8 -10 -7 -16 -17 -4 24 -12 -3 -1 -18 -9 26 -26 28 -6 -15
right_child=12 2 3 -5 27 15 7 19 14 -11 11 -13 -14 29 16 17 23 -19 -20 -21 -22 -23 -24 -25 25 -27 -28 -29 -30 -31
leaf_value=-0.016931369976663956 0.035154666193558198 -0.0023119829128596617 0.034525597706065621 -0.019454001890653813 0.0041800096140262128 -0.013890164118784921 0.01716208535744462 -0.010005169751938908 0.0011529244479386335 0.048932422863019874 -0.0093098710053030938 -0.0038163867554646667 -0.0011522874804479944 -0.014590084867397927 -0.0011349164875377497 -0.010011630399914272 0.018954067799627227 0.0060558278115815864 0.010584470881792875 -0.016259191400462253 0.038564907855522641 0.012628436228515018 -0.0063810045932777134 0.0064992755098202213 0.0049248952068946051 0.0043891189436500852 0.026806027313672754 -0.022135838249307125 -0.011800786386224804 -0.0035432733762745441
leaf_weight=2420.2857170216739 1058.1227965354919 2117.6961360760033 438.06297420710325 887.5553038418293 1260.9841872155666 3386.6976871937513 459.27980101108551 674.23748554289341 6664.2098683044314 245.984669059515 95.448444128036499 4321.9624325931072 226.26896497607231 1749.0331432558596 1441.3852828890085 1634.8034130446613 2433.4221602678299 1597.4385064207017 1951.1469673812389 382.8170498162508 358.08587490022182 1206.6070551723242 4137.5003097243607 1967.4654982015491 924.67502506822348 12791.125092707574 1087.2748483344913 601.42401076108217 1260.3419268727303 4495.2405515015125
leaf_count=32551 4801 13712 2006 5959 6470 24840 2241 3995 35218 719 822 38133 1209 11686 6900 12094 8374 9493 8853 2071 1108 5321 33297 7809 5021 65914 4822 4497 8851 31857
internal_value=0 2.45884e-05 0.00140348 0.00277823 0.00326154 -0.00436412 0.0041394 0.00191932 0.0074477 0.018144 -0.00626063 -0.000748266 0.0287585 -0.00500693 0.00519393 -0.00811837 0.00980346 -0.00207077 0.0149741 0.00484681 0.0284894 0.00311087 -0.0102748 0.013386 0.00536885 0.00606909 0.0167496 -0.00733812 -0.00380835 -0.00663751
internal_weight=0 62992.2 51658.9 41715.7 40828.1 9943.24 37705.4 22563.7 15141.7 2635.19 11333.3 4775.5 1284.39 6703.55 12506.5 6618.94 5842.27 3232.24 2389.21 15860.1 453.534 3324.3 6557.79 4400.89 15477.3 14803.1 2011.95 3122.75 2521.33 6244.27
internal_count=400644 394634 288723 223263 217304 65460 197486 127607 69879 11578 105911 40063 6010 45784 58301 46427 23083 21587 10859 81823 1930 19033 65848 16183 79752 75757 9843 19818 15321 43543
is_linear=0
shrinkage=0.05


Tree=90
num_leaves=31
num_cat=0
split_feature=122 122 7 6 11 122 223 227 5 15 230 232 187 6 232 129 228 232 234 5 5 7 5 233 227 225 167 232 231 7
split_gain=661.716 247.797 216.277 182.569 132.421 133.041 98.2427 83.8261 64.7169 61.6805 72.1783 63.7924 62.9636 61.1009 60.7381 61.0251 53.3788 52.1431 54.2464 51.964 53.3386 51.4492 50.0968 49.9468 48.3614 67.9374 56.2589 47.9738 41.0914 47.7387
threshold=0.027722102589905265 0.057426093146204955 1.0000000180025095e-35 1.9368500113487246 0.045404857024550445 0.018877960741519931 1.0000000180025095e-35 0.22535404562950137 4.7643499374389657 0.09863887727260591 9.5000000000000018 -2.0192944407463069 -2.9995000362396236 2.6881500482559209 -1.2313734889030454 0.96977311372756969 24.623007774353031 -0.097113747149705873 0.018749905750155452 1.0000000180025095e-35 26.169650077819828 1.0000000180025095e-35 18.565449714660648 0.06707268208265306 -0.0096919736824929697 0.0064136888831853875 5.1884498596191415 -0.13127284869551656 19.763497352600101 1.0000000180025095e-35
decision_type=2 2 2 2 2 2 2 2 2 2 2 2 2 2 2 2 2 2 2 2 2 2 2 2 2 2 2 2 2 2
left_child=4 2 3 8 5 19 -3 14 -2 10 17 -11 -13 21 24 28 -12 27 -19 -1 -21 -7 -10 -9 25 26 -8 -5 29 -16
right_child=1 6 -4 9 -6 13 7 23 22 11 16 12 -14 -15 15 -17 -18 18 -20 20 -22 -23 -24 -25 -26 -27 -28 -29 -30 -31
leaf_value=0.0029970176596516426 -0.00052049297903239899 -0.018473852919050005 -0.032171794311688408 -0.0005729024729733144 -0.02836780442693318 0.0072690744365553868 -0.0038675255209248 -0.009527971112544921 0.013027370570767036 -0.024158984282281765 -0.040842924050722068 -0.0063736558608553972 0.0016298265724582089 0.00049010873417294396 -0.0030351125352056051 -0.01347614284703943 -0.0061452700456832527 0.0089727576258278579 -0.0026101199912643624 0.017816086486335887 0.0094292843091817128 -0.035967734512018325 0.0048876044835721999 -0.027501599186142936 -0.022963614759332233 0.010111004616620246 -0.016804486825174644 -0.034073418004804117 0.0050029635590535205 -0.028358257003446463
leaf_weight=1296.4351032227278 3709.2767110988498 1691.9607845395803 526.74501341581345 7714.6879366934299 262.03047280758619 9869.9380792230368 1648.8028760403395 936.11858253180981 2699.14821318537 410.9474733248353 116.12301714718342 8764.3191146105528 3414.8398960530758 5744.6907411292195 11287.77388510108 1372.1695273667574 2437.8029353842139 3427.6314103603363 1433.6084371805191 3986.1241138800979 3615.1254044920206 69.286672532558441 6307.7689126506448 658.36080077290535 629.49542197585106 455.69907666742802 1713.9089545458555 108.36743155121803 1642.4374182373285 189.23244568705559
leaf_count=8224 15675 4926 3095 34593 917 59647 5695 2766 14587 1282 372 29813 12114 30245 35301 4106 10733 15262 6613 31852 24925 423 29552 2117 1988 1493 5267 298 5127 940
internal_value=0 -0.00264054 -0.000339169 7.43934e-05 0.00698876 0.00736565 -0.00689324 -0.00593902 0.00503783 -0.00219366 -5.39799e-05 -0.00478338 -0.00412961 0.00459507 -0.00501209 -0.0034434 -0.00772292 0.00149013 0.0055569 0.0122493 0.0138274 0.00696767 0.00732689 -0.0169493 -0.010123 -0.0080061 -0.0104612 -0.00103696 -0.00239407 -0.00345264
internal_weight=0 63297.2 41071.3 40544.5 24843.6 24581.6 22226 20534 12716.2 27828.3 15238.2 12590.1 12179.2 15683.9 18939.5 14491.6 2553.93 12684.3 4861.24 8897.68 7601.25 9939.22 9006.92 1594.48 4447.91 3818.41 3362.71 7823.06 13119.4 11477
internal_count=399948 243715 173989 170894 156233 155316 69726 64800 59814 111080 67871 43209 41927 90315 59917 45474 11105 56766 21875 65001 56777 60070 44139 4883 14443 12455 10962 34891 41368 36241
is_linear=0
shrinkage=0.05


Tree=91
num_leaves=31
num_cat=0
split_feature=160 168 231 233 233 6 226 232 227 233 232 227 230 193 228 228 224 228 234 228 187 234 227 234 227 227 15 108 126 232
split_gain=766.778 368.303 383.192 373.16 312.777 216.488 213.43 207.06 192.287 323.979 258.003 418.273 185.325 171.911 165.752 164.735 160.682 160.341 154.543 152.474 126.671 118.296 116.275 110.68 107.637 103.358 100.972 96.1528 95.2 96.8713
threshold=3.5919100046157841 1.7560999989509585 1.7051149606704714 -0.012939637526869772 -0.020705744624137875 2.6694500446319585 -0.0047057049814611665 -1.2383719086647031 0.15536781400442126 0.066189184784889235 0.24266439676284793 0.013518193271011116 7.5000000000000009 0.10114459320902826 29.883596420288089 88.40799713134767 1.5000000000000002 20.885622978210453 -0.032319288700819009 42.342876434326179 -4.6124999523162833 -0.020649572834372517 0.15962687879800799 -0.010293399915099142 -0.0023969133617356415 0.22668402642011645 0.2285563796758652 0.041531119495630271 0.025888451375067238 0.30034458637237554
decision_type=2 2 2 2 2 2 2 2 2 2 2 2 2 2 2 2 2 2 2 2 2 2 2 2 2 2 2 2 2 2
left_child=4 2 3 6 12 7 24 -4 10 13 11 14 -1 -10 18 -6 -11 -9 -7 -5 -21 -8 -18 -14 -2 -22 -19 -27 29 -3
right_child=1 28 5 19 15 8 21 17 9 16 -12 -13 23 -15 -16 -17 22 26 -20 20 25 -23 -24 -25 -26 27 -28 -29 -30 -31
leaf_value=-0.01032333634403775 -0.0083717721300263209 0.019907738263040289 0.00019155209545511338 -0.026050241141400917 -0.022010117029944889 -0.011640170159392838 0.0094235390309992135 0.031170391342825898 0.054517220382974602 0.0051328548436920425 -0.014918992321039784 0.046915290432775342 -0.018450077857449027 -0.014412073155539541 -0.0078227513421161021 0.010115351500779985 0.00237980967359817 -0.02325097043235037 0.024859992101455203 0.014741261848902759 -0.015285457233936945 0.034717796036938718 0.049292381086470216 0.022743473667158683 0.02324080273111603 0.041899761317731335 -0.006115452719429368 -0.0030431578980191967 0.025269455339111558 0.0041643536767491428
leaf_weight=1688.7681041993201 739.3488924652338 1657.5582725312561 2994.8388943187892 546.19887880608439 5805.6237336527556 420.99800463393331 600.40111835300922 168.0045880228281 100.17841815575957 461.22106533870101 2736.6882519088686 515.11787482351065 196.69893265888095 932.01663601398468 2790.2713934481144 428.50200836360455 159.46488501504064 3173.9356647860259 932.00916379317641 1250.3560731746256 1090.859320230782 2008.6748064681888 769.22240586578846 953.50749665498734 423.50474323704839 175.09201487153769 1179.0573979131877 371.54621924832463 1531.0530708804727 2380.1623409613967
leaf_count=28342 5949 7766 29168 5464 129103 3504 3095 794 400 3233 26769 2630 3730 6395 25922 4132 1243 42786 7011 8361 11833 6564 3769 2754 2314 1127 6827 1873 5436 11654
internal_value=0 0.00304429 0.00040987 0.0101002 -0.0135372 -0.00361878 0.0209568 -0.0100052 0.0012705 0.0134977 -0.00273426 0.00442396 0.00021953 -0.00772223 -0.000858824 -0.019802 0.0292564 -0.0167597 0.0135027 -0.0018245 0.00275747 0.0288971 0.041237 0.0156989 0.00314135 -0.00639307 -0.0186096 0.0113524 0.0146529 0.0106273
internal_weight=0 30107.8 24539 7205.98 9073.1 17333 3771.93 7515.84 9817.19 2422.1 7395.08 4658.4 2838.97 1032.2 4143.28 6234.13 1389.91 4521 1353.01 3434.05 2887.85 2609.08 928.687 1150.21 1162.85 1637.5 4352.99 546.638 5568.77 4037.72
internal_count=399948 231887 207031 46580 168061 160451 17922 79575 80876 15040 65836 39067 34826 6795 36437 133235 8245 50407 10515 28658 23194 9659 5012 6484 8263 14833 49613 3000 24856 19420
is_linear=0
shrinkage=0.05


Tree=92
num_leaves=31
num_cat=0
split_feature=7 231 142 233 228 234 227 226 225 226 228 225 225 231 3 226 3 192 234 230 228 227 234 226 227 227 225 234 225 227
split_gain=383.723 192.949 159.551 134.265 116.957 242.707 133.69 120.379 118.353 115.868 130.82 104.124 102.971 95.1084 84.8902 78.4118 79.7625 75.905 135.735 75.6665 61.6671 59.8682 106.287 82.7152 59.7537 137.434 79.2448 78.0027 94.5988 82.5633
threshold=1.0000000180025095e-35 1.4151450991630556 10.123000144958498 -0.012939637526869772 34.72050857543946 0.021706453524529937 0.15536781400442126 0.037254445254802711 -0.014302461873739956 -0.047540908679366105 27.810050964355472 0.20679578930139544 0.012681240681558849 1.7262096405029299 173774.93750000003 -0.0070805761497467748 735984.65625000012 1.0000000180025095e-35 -0.032319288700819009 13.500000000000002 86.087261199951186 -0.050510147586464875 0.016909533180296425 -0.050970114767551415 -0.011294552125036715 0.038397464901208885 0.0085995593108236807 0.016909533180296425 -0.0019241109257563946 -0.032608650624752038
decision_type=2 2 2 2 2 2 2 2 2 2 2 2 2 2 2 2 2 2 2 2 2 2 2 2 2 2 2 2 2 2
left_child=1 3 21 -1 5 9 8 13 -6 10 -4 -2 -7 -8 17 -5 -17 18 -10 24 -19 22 23 -3 26 -26 27 28 -16 -30
right_child=11 2 4 15 6 12 7 -9 14 -11 -12 -13 -14 -15 19 16 -18 20 -20 -21 -22 -23 -24 -25 25 -27 -28 -29 29 -31
leaf_value=-0.015431940659248631 0.034553139723210259 0.015511144092362908 0.011192534296470148 -0.013231287578868912 0.011706972669991475 0.005986989697509452 -0.021164858457564675 -0.0092745178766654637 0.17165158343745129 -0.0091046939560293083 -0.0089273580139174122 -0.0027821897820292829 0.047357083390738006 0.0058762837559300845 0.013843194207467088 0.0049490178119914428 -0.0077400298057240351 0.0077031547484919128 0.032221951615995316 0.012853299516507405 0.089923320256308226 -0.010955400744718966 0.030118981248952365 -0.015437600531063817 -0.0049565338679012491 0.0042881997156602311 -0.0013166252110540766 0.024683390092570735 -0.019315492857924849 0.0054117663734171637
leaf_weight=3006.7538805790246 1026.6435806006193 315.05634245276451 1884.482586286962 1395.4820003733039 4924.0680471770465 285.66566117107868 358.54005791991949 3693.0089392364025 19.359098218381405 5983.7787295766175 1414.2078839987516 228.26635202765465 317.68181125819683 3493.5946248620749 2096.706177894026 3243.6284359209239 2003.3672600612044 645.03227770328522 177.4767060726881 1714.4202935472131 23.641204610466957 3566.8086760938168 261.19798409193754 685.92752499133348 7026.2960918731987 9396.4655616022646 2448.7507056035101 742.28027805685997 493.94620672613382 1066.3694374635816
leaf_count=25752 4826 1866 8561 10970 23638 987 2440 23357 108 42617 8006 1223 976 17938 12195 19313 13698 3593 748 9227 101 39457 1021 7928 42489 50081 14014 3081 3737 6000
internal_value=0 -0.000162049 0.00102121 -0.00666555 0.0018892 -0.00295967 0.00314012 -0.00282433 0.00460244 -0.00495703 0.00256677 0.0277619 0.0277697 0.00335941 0.00324916 -0.00269739 0.000104184 0.0186438 0.0459351 0.00271588 0.0106101 -0.00764362 0.00171515 -0.00569659 0.00196903 0.000332943 0.00589265 0.00990549 0.00690596 -0.0024161
internal_weight=0 62684 53034.8 9649.23 48205.8 9885.82 38320 7545.14 30774.8 9282.47 3298.69 1254.91 603.347 3852.13 25850.7 6642.48 5247 865.509 196.836 24985.2 668.673 4828.99 1262.18 1000.98 23270.8 16422.8 6848.05 4399.3 3657.02 1560.32
internal_count=399948 393899 324166 69733 273894 61147 212747 43735 169012 59184 16567 6049 1963 20378 145374 43981 33011 4550 856 140824 3694 50272 10815 9794 131597 92570 39027 25013 21932 9737
is_linear=0
shrinkage=0.05


Tree=93
num_leaves=31
num_cat=0
split_feature=122 29 41 6 29 41 130 232 227 5 232 5 154 231 5 227 229 230 228 29 227 29 225 5 233 23 227 3 45 232
split_gain=640.332 228.18 226.432 169.153 96.638 92.6062 85.7684 74.3349 148.378 73.8268 70.9359 69.0757 66.8422 62.7774 55.7448 54.187 51.6557 53.8461 60.7665 51.4206 50.0574 41.438 52.0751 44.8353 44.3795 40.8267 40.4051 55.965 40.2086 50.6858
threshold=0.030894821509718898 0.028158127330243591 0.088203016668558135 1.8479500412940981 0.073536794632673277 1.0000000180025095e-35 0.04332063905894757 -1.0194262266159055 -0.016730034723877903 1.0000000180025095e-35 -0.26577895879745478 21.417500495910648 7.1191048622131357 0.11882765591144563 4.7643499374389657 -0.076281689107418046 1.8537479043006899 10.500000000000002 34.844081878662116 0.04878541827201844 0.23063293099403384 0.047923941165208823 0.023555617779493335 30.661299705505375 0.16405923664569858 28.495635032653812 0.22535404562950137 392765.01562500006 -78827.128906249985 -2.2622259855270381
decision_type=2 2 2 2 2 2 2 2 2 2 2 2 2 2 2 2 2 2 2 2 2 2 2 2 2 2 2 2 2 2
left_child=1 7 3 14 6 -3 21 -1 10 26 15 -11 -10 -8 -2 -9 17 19 -19 -15 25 22 23 -5 -23 -4 -7 -28 -13 -30
right_child=2 5 20 4 -6 9 13 8 12 11 -12 28 -14 16 -16 -17 -18 18 -20 -21 -22 24 -24 -25 -26 -27 27 -29 29 -31
leaf_value=0.021643106435931442 -0.0016815290246455783 -0.032674727657110755 -0.044530577298928169 0.002657765449378742 -0.010954679303457464 -0.00082922359108504584 -0.02722334366108194 -0.024360841823716409 0.019130752253205586 0.010701625464093513 -0.0241373965724128 0.0079805846541881817 0.0079030377076617486 0.0075505076358802665 0.005500724143946323 0.0092433033591570214 -0.032526873243012774 -0.04574606871541545 -0.0048957575188728099 0.00011965311994670026 -0.023703280146185255 -0.0081500888360673956 -0.0096244803187639141 -0.0042480762589316504 0.0031030116903433755 -0.0091663204964072577 -0.055754308181323958 -0.001119076955942521 -0.029114961135361862 0.002027547007697094
leaf_weight=1889.7388167753816 3954.1136371195316 178.25736424326897 82.496382758021355 4526.7581182867289 3901.8528633266687 5014.7162238582969 195.85881962627172 149.41346457600594 2821.2875072434545 4170.8362999856472 367.92073877900839 3340.7156986296177 2500.4069835469127 3712.4474866092205 8528.8972860276699 608.63248957693577 111.55980767309666 98.903297439217567 1144.4546425044537 6243.2519474923611 679.42228007316589 8466.3496029227972 2106.4286364465952 4888.4116182252765 977.28464660048485 7615.385993078351 81.141889646649361 110.97894320636988 132.55020307004452 9128.1673694774508
leaf_count=18137 15659 549 234 19488 11332 24847 724 493 25598 24613 1270 17933 20440 17804 39137 4301 383 319 4356 21716 2173 26003 8705 20196 3060 22188 313 473 489 46648
internal_value=0 0.00587158 -0.00309866 -0.00179638 -0.0035199 0.00321849 -0.00262652 0.0129224 0.0103665 0.00350959 -0.00612337 0.00512418 0.0138554 0.000842122 0.00322568 0.00261981 0.00132811 0.00166536 -0.00814521 0.00289059 -0.0106936 -0.00453024 -0.00251776 -0.000927788 -0.00698555 -0.00954531 -0.00169134 -0.0241942 0.00327816 0.0015818
internal_weight=0 30494.8 57233.9 48856.6 36373.6 22157.4 32471.7 8337.4 6447.66 21979.1 1125.97 16772.3 5321.69 11506.5 12483 758.046 11310.6 11199.1 1243.36 9955.7 8377.3 20965.2 11521.6 9415.17 9443.63 7697.88 5206.84 192.121 12601.4 9260.72
internal_count=399581 186104 213477 188882 134086 115865 122754 70239 52102 115316 6064 89683 46038 45302 54796 4794 44578 44195 4675 39520 24595 77452 48389 39684 29063 22422 25633 786 65070 47137
is_linear=0
shrinkage=0.05


Tree=94
num_leaves=31
num_cat=0
split_feature=29 168 231 233 233 226 6 227 233 232 227 232 226 194 41 228 228 224 227 3 228 232 227 14 228 226 227 229 224 232
split_gain=695.326 351.999 329.99 337.669 284.89 196.174 181.523 181.147 262.204 231.871 373.426 174.198 169.23 164.365 152.117 150.047 148.568 134.686 131.711 171.734 118.201 116.176 140.464 111.522 109.806 105.511 105.294 99.4298 97.6389 95.4877
threshold=0.035919295623898513 1.2533499598503115 1.7051149606704714 -0.012939637526869772 -0.020705744624137875 -0.0047057049814611665 2.5508500337600712 0.15536781400442126 0.066189184784889235 0.30034458637237554 0.013518193271011116 -1.2383719086647031 -0.0047057049814611665 0.089669745415449156 0.068716879934072508 29.883596420288089 20.885622978210453 1.5000000000000002 0.22668402642011645 281601.56250000006 57.368129730224616 -1.4080848693847654 0.23063293099403384 0.59278818964958202 53.898300170898445 -0.024013678543269631 0.15962687879800799 0.80506029725074779 3.5000000000000004 -0.88818004727363575
decision_type=2 2 2 2 2 2 2 2 2 2 2 2 2 2 2 2 2 2 2 2 2 2 2 2 2 2 2 2 2 2
left_child=4 2 3 5 12 -2 11 9 13 10 15 -4 -1 -9 -6 25 -13 -10 20 -20 29 -3 23 28 -7 -8 -19 -12 -23 -5
right_child=1 21 6 18 14 24 7 8 17 -11 27 16 -14 -15 -16 -17 -18 26 19 -21 -22 22 -24 -25 -26 -27 -28 -29 -30 -31
leaf_value=-0.0098347036639368935 0.0016374917268553364 0.029521786935447009 -0.0012501062307536514 0.0066026111367117309 -0.021671869837901023 0.033884502947534888 0.0064597229665628994 0.056329605029489138 0.0036719179645737007 -0.016652451800525565 0.10844738161384522 0.030636449346295537 0.015383697472240563 -0.013480611230914498 0.0072358367426434969 -0.0089832574245401805 -0.019911323733289205 0.0010073596850708475 0.059068827425689918 0.0023661953632667285 0.014150080643440768 0.0010650383112029659 0.029224082494973498 0.026746154689882819 0.011196954980751808 0.051979853492193223 0.047256927929660547 0.035515670015530222 0.017375405574634472 -0.020139940432520879
leaf_weight=1708.3240774124861 1098.7795209735632 846.29758723080158 2744.3315025903285 428.04531116038561 5560.3905473463237 1747.8466511368752 1251.2028100937605 93.225617833435535 393.33559728786349 2345.8329336978495 52.029265273362398 151.53379192203283 1089.5206703282893 882.27146142348647 495.64909229427576 2806.1826903391629 3570.9838060438633 149.47467934712768 170.68978773057461 613.42084511369467 451.38740548491478 4062.7068546190858 822.22269023582339 647.23725824058056 767.51900363713503 141.71975794434547 696.47522132843733 459.09436021372676 1185.250659648329 1515.9872479364276
leaf_count=28887 8027 3758 27205 4726 129249 5030 10621 365 2929 24544 319 712 5862 6371 3419 27370 43340 1217 792 3095 3876 22130 2669 1884 4329 407 3468 2303 5802 14875
internal_value=0 0.00273059 -0.000402458 0.00880723 -0.0132098 0.0192627 -0.00437811 0.000106776 0.0125818 -0.00380893 0.00258752 -0.0108076 -1.42984e-05 -0.00680904 -0.019306 -0.00232423 -0.0178537 0.0278452 -0.00307737 0.0147096 -0.0088997 0.0120635 0.00986405 0.00716384 0.0269618 0.0110911 0.0390849 0.0429397 0.00474873 -0.0142517
internal_weight=0 30095.1 22531.4 6793.68 8853.88 3614.15 15737.7 9270.84 2214.78 7056.06 4710.23 6466.85 2797.84 975.497 6056.04 4199.11 3722.52 1239.29 3179.53 784.111 2395.42 7563.72 6717.42 5895.19 2515.37 1392.92 845.95 511.124 5247.96 1944.03
internal_count=399581 232164 195921 44750 167417 17386 151171 79914 14350 65564 41020 71257 34749 6736 132668 38398 44052 7614 27364 3887 23477 36243 32485 29816 9359 11028 4685 2622 27932 19601
is_linear=0
shrinkage=0.05


Tree=95
num_leaves=31
num_cat=0
split_feature=7 232 227 233 41 229 225 233 224 227 225 225 142 115 229 233 233 230 227 135 17 18 232 227 232 151 227 131 41 6
split_gain=350.013 196.875 155.617 151.609 151.608 110.889 101.974 119.538 162.564 112.464 237.219 100.346 86.8898 83.7266 83.1467 79.2189 77.8126 91.3181 75.3093 72.9544 78.35 72.9091 54.783 64.0279 67.2105 65.6474 62.6208 56.1786 54.4118 52.0503
threshold=1.0000000180025095e-35 -1.5185908079147337 0.22302427142858508 -0.059049820527434342 0.01888066437095404 1.6979064345359804 -0.033661128953099244 -0.0012795063666999338 2.5000000000000004 -0.059868887066841119 -0.0070878711994737378 0.20679578930139544 13.533750057220461 1.0000000180025095e-35 1.1704706549644472 0.00018395919323666024 -0.041967427358031266 3.5000000000000004 0.19604091346263888 10.500000000000002 -0.086219634860753999 0.018196344375610355 1.7843698859214785 0.038397464901208885 -0.41657984256744379 2.5449461936950688 0.13025868684053424 -0.088578805327415452 0.064306825399398818 0.77939999103546154
decision_type=2 2 2 2 2 2 2 2 2 2 2 2 2 2 2 2 2 2 2 2 2 2 2 2 2 2 2 2 2 2
left_child=1 3 4 -1 13 6 -6 8 19 10 -9 -2 28 -3 -12 -11 17 -10 21 -8 -21 -17 23 24 -23 -25 27 -27 -5 -16
right_child=11 2 -4 12 5 -7 7 9 16 15 14 -13 -14 -15 29 18 -18 -19 -20 20 -22 22 -24 25 -26 26 -28 -29 -30 -31
leaf_value=0.0089904370412925982 0.033890765421884704 -0.0070041864183223368 -0.010594803926149469 -0.020318522581155418 0.013165763178323004 -0.016678149851698972 -0.00091363610040379151 -0.0091692978097075439 0.012552905709209021 0.016520295707277029 0.035896637532396053 -0.0031704517263066306 -0.0063354306572909721 0.033172294736443751 0.0769162471491176 -0.0017207467678345646 -0.0093879728502631373 -0.011902806192683473 -0.010411278236527089 0.028307512743830449 0.0065475353653003266 0.0068763285435009926 -0.00010838746269840683 0.041023529501595185 -0.003816019980391494 0.0076094594543845012 0.0044988183441291626 0.01916833322782685 0.014784267635937893 0.0022382340438223988
leaf_weight=1248.6883463598788 993.24048021435738 5453.8414032272995 2697.0846391506493 2003.4556840285659 2334.0436680801213 728.29219100996852 2845.9049566090107 636.23254429548979 986.77207572385669 1098.716934684664 940.45361357927322 223.79568296670914 5084.3426869772375 132.83443043380976 25.106317013502121 5555.3853513039649 5575.9339077249169 622.52198666334152 1033.6445646062493 503.62730602174997 2316.1779332570732 3251.7438827566803 4514.2632075883448 153.91602237522602 2681.829959332943 2427.5722559466958 5342.5034315884113 1854.0073900073767 116.83287843316793 330.42094483971596
leaf_count=6034 4857 55445 19629 22206 10119 4695 16925 4901 6331 5832 3006 1201 34119 461 84 37622 41322 5183 5624 2135 10757 15686 24502 654 14666 9126 24367 10249 701 1142
internal_value=0 1.9857e-06 0.00111188 -0.00709369 0.00172681 0.00267614 0.00298916 0.00243285 -0.00159895 0.00416886 0.0158347 0.0270757 -0.00988135 -0.00604891 0.0281098 0.00336133 -0.00659264 0.00309272 0.00282216 0.00473402 0.0104339 0.00335272 0.00474624 0.00614108 0.00204365 0.00862752 0.00810942 0.0126147 -0.0183843 0.00751178
internal_weight=0 62496.2 54042.8 8453.32 51345.7 45759.1 45030.8 42696.7 12850.9 29845.8 1932.21 1217.04 7204.63 5586.68 1295.98 27913.6 7185.23 1609.29 26814.9 5665.71 2819.81 25781.2 20225.8 15711.6 5933.57 9778 9624.08 4281.58 2120.29 355.527
internal_count=399581 393523 330463 63060 310834 254928 250233 240114 82653 157461 9133 6058 57026 55906 4232 148328 52836 11514 142496 29817 12892 136872 99250 74748 30352 44396 43742 19375 22907 1226
is_linear=0
shrinkage=0.05


Tree=96
num_leaves=31
num_cat=0
split_feature=29 11 7 29 36 29 110 125 194 111 232 228 29 4 230 228 130 142 225 225 226 233 225 158 233 232 234 234 20 156
split_gain=610.272 268.39 226.349 221.555 151.817 145.75 100 92.1982 88.9083 80.1923 75.6211 127.138 71.4463 64.0733 53.0121 80.1058 50.514 47.4225 47.1906 68.4122 68.2336 252.831 76.9072 50.9302 50.4129 78.687 51.0633 49.1759 48.1769 47.8937
threshold=0.047923941165208823 0.043905206024646766 1.0000000180025095e-35 0.028158127330243591 -43.241519927978509 0.070599492639303221 0.71842771768569957 0.015649490989744667 1.0000000180025095e-35 -1.5904109477996824 -1.0194262266159055 28.266542434692386 0.019979468546807769 1.0000000180025095e-35 10.500000000000002 34.844081878662116 0.09863221645355226 16.970799446105961 0.017304786480963234 -0.012367889750748871 -0.030112086795270439 0.00055965055798878904 0.00044276846165303146 -1373973.5624999998 -0.040763529017567628 -1.8838361501693723 -0.024432662874460217 0.06970811635255815 0.012929650023579599 -1.3452200293540952
decision_type=2 2 2 2 2 2 2 2 2 2 2 2 2 2 2 2 2 2 2 2 2 2 2 2 2 2 2 2 2 2
left_child=1 2 3 8 5 13 9 -3 -1 -5 -10 -12 -13 -2 18 -16 -15 -17 19 27 21 28 23 -23 26 -26 -22 -11 -21 -27
right_child=4 7 -4 6 -6 -7 -8 -9 10 14 11 12 -14 16 15 17 -18 -19 -20 20 24 22 -24 -25 25 29 -28 -29 -30 -31
leaf_value=-0.027015297773376669 -0.0053927386223440888 -0.018645005920309751 -0.034028043002549906 -0.0041923755443928753 -0.0094875318648606904 -0.0093747112756995248 -0.001076742074752947 -0.0033447948072554742 0.020361931635421975 0.010974959603001029 -0.023000945848060738 0.019748088915896977 0.0082163689273615156 -0.0009994753046326198 -0.042242807317350028 -0.006033135597588701 0.0054836485932437439 0.0067850603129832729 0.012130096949288703 0.011142266788432706 0.0098512718900727742 -0.033407897770205267 -0.036377205620805896 -0.00087613321615567308 -0.025119191043224545 0.013219926455604837 -0.015357620519532364 -0.026363578097841601 -0.0014187728879126473 0.0050443911716786501
leaf_weight=147.338444031775 4590.6724793314934 1426.4754945635796 376.93375714123249 2305.1627914756536 12545.430576130748 6004.0901452451944 10340.460413463414 3178.6980455368757 2162.4525974839926 5086.5866781771183 285.02172785997391 1779.150365896523 5481.2452593892813 7789.8159334808588 111.3831866979599 1321.9388460144401 4891.1049394756556 1588.7458791434765 3118.3422237709165 1739.6264107972383 328.73024265468121 167.05413164943457 512.97258055210114 429.95820511132479 182.86181093752384 2842.4869797751307 516.51888427138329 89.737285599112511 1360.2347973063588 4844.348445057869
leaf_count=693 16057 4709 2479 11500 37768 17728 44321 11453 20478 28093 988 16810 41249 26670 375 7477 18210 7557 16712 10232 1667 671 1930 1777 548 16312 2512 310 7472 25700
internal_value=0 0.00343666 0.00456264 0.00487384 -0.0050538 -0.00266405 0.00309453 -0.00808411 0.0115336 0.00471932 0.0121187 0.00975625 0.0110422 -0.000331233 0.00556675 -0.000628986 0.0015011 0.00096345 0.00644914 0.00547046 0.00352518 -0.00170187 -0.0221788 -0.00997907 0.00605016 0.00729646 -0.0055535 0.0103277 0.00563042 0.00806759
internal_weight=0 51724.5 47119.3 46742.4 35821.1 23275.7 36887.1 4605.17 9855.21 26546.7 9707.87 7545.42 7260.4 17271.6 24241.5 3022.07 12680.9 2910.68 21219.5 18101.1 12924.8 4209.85 1109.98 597.012 8714.95 7869.7 845.249 5176.32 3099.86 7686.84
internal_count=400458 284025 267863 265384 116433 78665 185166 16162 80218 140845 79525 59047 58059 60937 129345 15409 44880 15034 113936 97224 68821 22082 4378 2448 46739 42560 4179 28403 17704 42012
is_linear=0
shrinkage=0.05


Tree=97
num_leaves=31
num_cat=0
split_feature=29 233 152 226 152 232 224 227 228 227 231 225 228 227 228 232 227 18 228 230 233 225 14 224 229 124 228 227 226 233
split_gain=708.722 429.684 423.325 361.387 214.023 197.175 174.754 168.637 236.831 152.298 147.399 195.058 129.161 138.694 126.846 126.706 165.92 126.107 120.72 119.212 116.475 115.521 109.742 107.287 104.292 98.7541 97.4592 97.1049 134.67 88.4412
threshold=0.048338605090975768 -0.013996877707540987 0.081067312508821501 -0.0047057049814611665 0.030471608042716983 -1.6804370880126951 3.5000000000000004 0.12312197312712671 81.669120788574233 0.23063293099403384 1.7051149606704714 -0.014009668957442043 66.630981445312514 0.14385998249053958 22.164649009704593 0.53191789984703075 0.14239784330129626 0.10434740409255029 53.898300170898445 1.5000000000000002 -0.015967056620866057 -0.0043661852832883588 0.39046899974346166 4.5000000000000009 1.0479544997215273 0.024896973744034771 57.011194229125984 -0.0079290056601166708 0.0011882765393238517 -0.006994677707552909
decision_type=2 2 2 2 2 2 2 2 2 2 2 2 2 2 2 2 2 2 2 2 2 2 2 2 2 2 2 2 2 2
left_child=1 3 5 14 10 6 21 -7 -9 -4 11 -2 15 -14 23 27 -17 -10 24 22 -15 -3 -18 -1 -5 -12 -21 28 -6 -13
right_child=4 2 9 18 12 7 -8 8 17 -11 25 29 13 20 -16 16 19 -19 -20 26 -22 -23 -24 -25 -26 -27 -28 -29 -30 -31
leaf_value=-0.0064973716212828369 -0.011174632423028333 0.0037159287934751721 -0.0010797544532973654 0.032081869172360417 0.023100310425172483 -0.024838326575343989 -0.01596438796575372 -0.01578376460018158 -0.015353635400821814 0.028845594755610399 -0.0065766927919915959 0.024085176233989376 -0.0074643819007988027 -0.025566426802203557 -0.009211103514377629 -0.0130034268371148 -0.017270706338919271 0.045107048925508403 0.0013352218246114778 0.0093200692025468077 0.022457984519408468 0.051835174219583308 0.023801841043976379 0.035127330674803982 0.0053151472608522826 0.0091006956278745776 0.030324243106920275 0.034916544785445355 -0.0080281985080210751 0.0028167870282234404
leaf_weight=298.68643640726805 812.27850029990077 299.73047374933958 2114.982801573351 1286.1935482025146 1577.345663741231 5985.6415478046983 602.26927608251572 2623.4818462319672 126.98808753490448 532.13335070014 5097.5265506803989 1551.4851162284613 1545.4124924987555 146.13123681768775 4043.2274981401861 698.87237975001335 483.02375212684274 268.80442573130131 818.44865596666932 1097.8848295211792 928.22196953743696 213.62419673800468 245.18827942013741 321.36066198348999 507.51022584736347 1251.0130394175649 1111.2782446481287 1061.5810309648514 445.60676711797714 713.61806842312217
leaf_count=3483 5463 4308 13554 4070 7012 128508 11202 42161 2413 1972 44102 6070 9889 863 58769 4132 3066 3181 8631 4899 3699 1781 799 934 2202 8111 3878 4084 2180 5042
internal_value=0 -0.00733965 -0.012866 0.0023585 0.00618119 -0.0175222 0.00230558 -0.0199787 -0.0103446 0.00493595 0.000865826 0.00984635 0.0115451 0.00212782 -0.00598179 0.015216 0.00889298 0.0257085 0.0172478 0.0141027 0.0159258 0.02374 -0.00344162 0.0150761 0.0245085 -0.00348738 0.0198858 0.02267 0.0162435 0.0173846
internal_weight=0 20043.1 12767.7 7275.43 18766.5 10120.5 1115.62 9004.92 3019.27 2647.12 9425.92 3077.38 9340.55 2619.77 4663.27 6720.78 3636.25 395.793 2612.15 2937.38 1074.35 513.355 728.212 620.047 1793.7 6348.54 2209.16 3084.53 2022.95 2265.1
internal_count=400458 287169 209080 78089 113289 193554 17291 176263 47755 15526 68788 16575 44501 14451 63186 30050 16774 5594 14903 12642 4562 6089 3865 4417 6272 52213 8777 13276 9192 11112
is_linear=0
shrinkage=0.05


Tree=98
num_leaves=31
num_cat=0
split_feature=234 228 227 225 230 29 3 228 227 228 232 227 232 231 228 227 3 234 20 234 233 233 6 211 225 161 194 228 187 5
split_gain=255.137 288.334 241.438 271.098 183.956 181.647 140.142 118.402 115.911 101.736 97.5428 85.8559 144.359 85.0042 102.736 68.7178 75.5488 64.8533 71.3407 63.3449 72.2454 66.815 59.5381 57.4043 56.7833 53.9974 61.1151 63.02 53.854 54.2514
threshold=0.014099156949669124 33.599060058593757 0.14627803117036822 0.058001475408673293 1.5000000000000002 0.044682925567030914 1231390.8125000002 45.157526016235359 0.18537236005067828 36.259489059448249 -1.5185908079147337 0.038397464901208885 -0.30824622511863703 4.5131709575653085 86.087261199951186 0.086907215416431441 173774.93750000003 0.042032595723867423 -0.083751983940601335 -0.0092563629150390608 -0.033579252660274499 -0.010964763816446064 1.6912500262260439 1.0000000180025095e-35 -0.013352007139474152 89.167026519775405 1.0000000180025095e-35 73.319728851318374 -1.8665000200271604 4.7643499374389657
decision_type=2 2 2 2 2 2 2 2 2 2 2 2 2 2 2 2 2 2 2 2 2 2 2 2 2 2 2 2 2 2
left_child=5 -2 3 7 17 6 10 9 -6 -3 24 12 23 14 19 22 -17 -4 -19 20 -7 -21 -13 -9 -1 26 -15 -28 29 -18
right_child=1 2 4 -5 8 13 -8 11 -10 -11 -12 15 -14 25 -16 16 28 18 -20 21 -22 -23 -24 -25 -26 -27 27 -29 -30 -31
leaf_value=-0.0022238190995614287 0.047425493931362604 0.00095522728000425666 -0.0023753748792324182 0.033006483337088971 -0.0045210759339872732 -0.0044584921781815647 -0.012964168033352827 0.028146356061433987 -0.021513762498072384 0.028369067439764323 -0.0010097352935516167 -0.0010467008788916296 -0.013780905443599957 0.032657388573354505 0.020350257865732795 0.049078034990520963 0.016125992069625505 0.028002167838184124 0.0059304901498059195 -0.013346374705093204 0.0059453630780487484 -0.0020530391206748026 0.016303036356707514 0.0028167140855912751 -0.01751363964364866 -0.0032485980427876 0.0092183950017752665 -0.0098036329996094348 -0.0080929522971553234 0.0019219091501443482
leaf_weight=972.19048072770238 384.21464446187019 515.19529213011265 1301.4512815997005 956.04307633638382 3411.4421040192246 2887.072732463479 4771.8804810196161 234.24624320119619 1421.8089137971401 986.41171437501907 11234.855099745095 603.02454388141632 1471.7432132326066 249.09107005596161 546.56584204733372 89.966735385358334 907.2101788893342 514.82282376289368 1267.3690610155463 1861.270525559783 3953.8197296336293 4419.5026811435819 2747.132002659142 4958.6916126459837 1617.5784313306212 1213.9639359787107 4184.3037226647139 485.98764808475971 903.09660095721483 2595.4995449408889
leaf_count=8864 1205 2445 7318 4800 19719 16067 48162 882 10908 3638 90053 4633 9730 898 1737 369 4276 1925 5378 12181 20241 21057 15155 28656 15904 5209 17107 2056 6553 13332
internal_value=0 0.00444176 0.00377811 0.00714215 -0.00343203 -0.00202763 -0.00557628 0.00559786 -0.00951985 0.0189635 -0.00302619 0.00421474 4.17785e-05 0.00130505 -0.000889432 0.00775944 0.00372008 0.00610993 0.0123063 -0.00177414 0.00155461 -0.00539975 0.0131801 0.0039593 -0.0117739 0.00619549 0.00852603 0.00723897 0.00279387 0.0056008
internal_weight=0 25269.4 24885.2 16968.3 7916.89 38398.1 18596.5 16012.2 4833.25 1501.61 13824.6 14510.6 6664.68 19801.6 13668.2 7845.93 4495.77 3083.64 1782.19 13121.7 6840.89 6280.77 3350.16 5192.94 2589.77 6133.35 4919.38 4670.29 4405.81 3502.71
internal_count=400458 140922 139717 94469 45248 259536 162983 89669 30627 6083 114821 83586 39268 96553 71283 44318 24530 14621 7303 69546 36308 33238 19788 29538 24768 25270 20061 19163 24161 17608
is_linear=0
shrinkage=0.05


Tree=99
num_leaves=31
num_cat=0
split_feature=122 29 36 29 41 118 7 225 29 6 231 124 233 225 12 232 6 225 232 110 227 230 22 232 227 233 233 227 108 229
split_gain=551.708 219.693 159.224 152.083 98.5346 88.1941 83.313 94.0496 75.7098 74.0286 71.3677 66.2069 61.2184 75.372 60.2672 57.0947 55.3625 50.9342 42.8173 42.7308 42.4277 42.2233 41.5031 41.4897 52.6597 41.2411 41.1094 39.4446 41.3616 37.8263
threshold=0.027405084110796455 0.056429909542202956 -44.694206237792962 0.024061596952378753 1.0000000180025095e-35 1.5000000000000002 1.0000000180025095e-35 0.20679578930139544 0.080541547387838378 1.7276499867439272 0.11882765591144563 0.012019632384181024 0.071485940366983428 0.0077943236101418742 -0.051999378949403756 -2.2622259855270381 3.0355499982833867 0.0059500080533325681 -1.8838361501693723 0.72572410106658947 0.22302427142858508 5.5000000000000009 54.186067581176765 0.30034458637237554 0.011352922767400743 0.066189184784889235 0.092645972967147841 -0.059868887066841119 0.0069038621149957189 1.9612768888473513
decision_type=2 2 2 2 2 2 2 2 2 2 2 2 2 2 2 2 2 2 2 2 2 2 2 2 2 2 2 2 2 2
left_child=3 2 10 22 -5 6 12 -8 14 -6 -2 -12 17 -14 -3 -16 -15 -4 -19 -11 23 26 -1 24 -17 -25 -18 -20 -29 -13
right_child=1 8 5 4 9 -7 7 -9 -10 19 11 29 13 16 15 20 21 18 27 -21 -22 -23 -24 25 -26 -27 -28 28 -30 -31
leaf_value=0.018814877573389996 -0.020230162017203672 0.00069955143569444544 -0.003629457238103559 -0.032948497942558712 0.0094460078399816686 -0.027612778018724977 -0.030763611781186719 0.0020029893348764141 -0.012930549696148744 0.0043357400893212529 0.0053267150662230723 3.1789723040830899e-05 0.0017783449814019029 -0.0048699123583579714 -0.027616058036072672 -0.0070319486297451932 -0.013644257180580339 -0.035856203705499128 -0.031513035700822194 -0.0029140184071407347 -0.016307320959205469 -0.011505543333410027 0.0085541848570255385 0.0019042454167671483 -0.025351293602501886 -0.0063853483930536407 -0.039012471053163245 0.0070562664869899738 -0.00032156985454339401 -0.026658872481748343
leaf_weight=2770.370751477778 332.5097558349371 3504.6808943301439 7624.9704334363341 171.67337357997894 6472.7920849844813 367.16529473662376 548.19237497448921 364.67898698151112 3820.3211098462343 10010.19991055876 13048.365482799709 8058.7856686860323 1575.6797265484929 1572.0206658616662 317.93274900317192 5290.2603515386581 283.87165728211403 73.633099928498268 84.569255843758583 2550.3526516258717 953.36613655090332 989.88961803913116 1529.6914079189301 2862.3671968728304 423.70046071708202 3153.2448595166206 365.08661133795977 3308.2179641723633 4461.7401782274246 134.96738560497761
leaf_count=26301 1264 11273 31176 539 41676 1195 3535 1069 10965 57455 62417 35155 5600 6117 976 16424 990 217 309 13368 2788 3413 13636 8748 1222 9167 1206 14885 16364 504
internal_value=0 -0.00230109 -0.000283967 0.00666515 0.00476206 -0.00331651 -0.00289676 -0.0176738 -0.00658767 0.0051022 0.00275492 0.00311471 -0.00223355 -0.00717821 -0.00511957 -0.00668824 -0.0115735 -0.000711807 0.00209426 0.00286372 -0.00616363 -0.0180037 0.0151648 -0.00533916 -0.00839036 -0.00244097 -0.0279157 0.00245004 0.00281969 -0.000407858
internal_weight=0 63520.2 43194.3 23505.1 19205 21619.7 21252.6 912.871 20325.9 19033.3 21574.6 21242.1 20339.7 4786.55 16505.6 13000.9 3210.87 15553.1 7928.16 12560.6 12682.9 1638.85 4300.06 11729.6 5713.96 6015.61 648.958 7854.53 7769.96 8193.75
internal_count=399954 246979 185416 152975 113038 86076 84881 4604 61563 112499 99340 98076 80277 17326 50598 39325 11726 62951 31775 70823 38349 5609 39937 35561 17646 17915 2196 31558 31249 35659
is_linear=0
shrinkage=0.05


Tree=100
num_leaves=31
num_cat=0
split_feature=15 233 232 227 227 233 230 108 232 233 227 233 225 233 225 228 233 227 15 13 34 227 232 227 230 233 187 227 232 233
split_gain=604.859 651.708 351.716 341.614 298.529 228.263 220.567 207.43 249.392 202.172 184.037 334.701 198.36 162.948 221.036 156.284 138.851 131.1 139.029 129.115 125.921 122.608 198.591 141.336 126.348 138.089 118.419 111.554 102.334 98.642
threshold=0.12978354096412661 0.0078155393712222593 -0.057415185496211045 -0.028905277140438553 0.14912125468254092 -0.052350873127579682 1.5000000000000002 0.0042563213501125583 -1.6395928859710691 -0.023511325009167191 0.18537236005067828 -0.0073668244294822207 -0.0084964358247816545 -0.050984976813197129 0.0039879875257611283 29.317652702331547 -0.022822888568043705 0.18858214467763904 0.58547654747962963 -1.0000000180025095e-35 9.8541779518127459 0.14847379177808764 0.39682576060295111 -0.0084249521605670435 3.5000000000000004 0.10573348402976991 -1.9434999823570249 -0.033474171534180634 -2.0192944407463069 -0.018290904350578781
decision_type=2 2 2 2 2 2 2 2 2 2 2 2 2 2 2 2 2 2 2 2 2 2 2 2 2 2 2 2 2 2
left_child=1 2 3 13 -3 -5 17 8 15 -9 11 -8 27 14 -1 -7 -10 -2 -19 -6 28 22 23 -14 -23 -26 29 -13 -15 -12
right_child=6 4 -4 5 19 7 10 9 16 -11 26 12 21 20 -16 -17 -18 18 -20 -21 -22 24 -24 -25 25 -27 -28 -29 -30 -31
leaf_value=0.002312104417273737 0.0025432769506974887 -0.024189509903084112 -0.016606298426909426 -0.021556060961363727 -0.017868174609171738 -0.0011612098493459231 0.021058599359932061 0.034058483573535615 0.0065328899922527349 0.0041236397461852327 0.0012112900430947982 0.054773469459080619 0.0014006824275736394 0.010171302588756793 0.075843660466793153 0.034419447192593954 -0.017211449207132457 -0.024711957260650671 0.014313206404816071 0.010012328447421039 0.016903280700746863 0.049714285465566589 -0.010580497890598402 0.031168326513080331 0.057685428994046023 0.0051769836977369824 -0.00097614422531432316 -0.018869053887293225 -0.018256560695797671 0.027808520186632858
leaf_weight=927.61849753186107 2607.0400150567293 5558.1393654793501 2643.0072412211448 512.44265943393111 669.51610843464732 458.39916561543941 2642.6255020722747 1712.8422477096319 1456.7755131646991 840.96561860665679 409.48833256214857 53.36824019998312 1095.3997432868928 355.89645250886679 114.85514603555202 944.55501777678728 1066.4210244677961 1088.2974421605468 288.78021602332592 1093.4502627346665 339.42285523191094 236.03245478868484 2136.4593975283206 626.99446425959468 138.57632993534207 1298.1688783466816 581.59501780197024 1411.6702424511313 2865.0307988487184 2344.4825098924339
leaf_count=8736 16233 115770 37914 6341 12642 5311 10904 6609 12501 8460 2194 276 6918 1763 1118 6626 16122 8792 985 12074 2313 1312 16952 3628 819 7025 3298 10711 46405 9202
internal_value=0 -0.00637994 -0.00014634 0.00360553 -0.0185032 0.0105685 0.00624162 0.013109 0.00589409 0.024201 0.00940138 0.00589844 0.000172478 -0.00697236 0.0104135 0.0227939 -0.00350258 -0.00404862 -0.0165282 -0.000575761 -0.0120629 0.00450509 -0.000396006 0.0122368 0.0158112 0.0102415 0.0195244 -0.0161864 -0.0151154 0.0238538
internal_weight=0 21559.3 14238.2 11595.2 7321.11 6992.4 16959 6479.96 3926.15 2553.81 12974.9 9639.3 6996.67 4602.82 1042.47 1402.95 2523.2 3984.12 1377.08 1762.97 3560.35 5531.63 3858.85 1722.39 1672.78 1436.75 3335.57 1465.04 3220.93 2753.97
internal_count=399954 300705 160219 122305 140486 61970 99249 55629 40560 15069 73239 58545 47641 60335 9854 11937 28623 26010 9777 24716 50481 36654 27498 10546 9156 7844 14694 10987 48168 11396
is_linear=0
shrinkage=0.05


Tree=101
num_leaves=31
num_cat=0
split_feature=7 232 231 229 234 17 225 225 225 233 233 234 228 233 228 232 225 185 128 126 234 234 41 231 231 151 3 107 234 229
split_gain=293.817 174.464 134.494 146.103 121.07 104.231 93.8672 90.5076 90.0264 97.5217 89.4103 83.9039 229.791 85.3124 73.2707 72.1052 82.5339 70.1422 69.5018 68.2162 67.0088 80.5278 66.3438 66.2662 64.4916 88.2636 82.0532 73.504 63.9548 60.7864
threshold=1.0000000180025095e-35 -1.355474531650543 1.7051149606704714 1.6979064345359804 -0.030719652771949765 -0.086219634860753999 0.20679578930139544 0.0059500080533325681 -0.033661128953099244 -0.010964763816446064 -0.0060898258816450826 0.011575266253203155 33.779111862182624 0.023709750734269622 39.999382019042976 0.92062523961067211 -0.0015026581822894511 3.9149999793153265e-06 -0.038142215460538857 0.0071595627814531335 0.072101317346096053 0.06970811635255815 0.01955409720540047 3.4035269021987919 17.813075065612797 17.053399085998539 1507921.3125000002 0.021545113064348701 0.021121900528669361 0.8069378435611726
decision_type=2 2 2 2 2 2 2 2 2 2 2 2 2 2 2 2 2 2 2 2 2 2 2 2 2 2 2 2 2 2
left_child=1 4 8 5 18 7 -2 23 -3 17 -6 22 -13 29 -12 16 -11 -10 19 -1 21 24 -7 -4 25 -15 27 -26 -9 -14
right_child=6 2 3 -5 10 11 -8 28 9 15 14 12 13 20 -16 -17 -18 -19 -20 -21 -22 -23 -24 -25 26 -27 -28 -29 -30 -31
leaf_value=0.0051407096398388141 0.032422007262038005 0.016990891835287444 0.0089735105660036351 -0.018187048289812723 -0.014640875034216487 -0.008863271840293693 -0.0038435407428740417 -0.0096517633777237349 -0.012660837866230054 0.013639452441654602 -0.010877842193282661 0.045850752879130513 -0.01582695790018146 -0.0025894244905211856 0.0025270574362576113 -0.0089984420613842004 -0.0020219951615642689 0.077732033429672567 -0.0021993642547485726 0.03511129853723554 -0.0078871444855859226 0.025557359091883582 0.00072919299518088749 0.029446201038935263 0.056740090696874856 0.0055213822026115578 -0.0074857777281700996 0.012109761586381003 0.016326546946074435 0.015846697780700063
leaf_weight=661.68387390673161 924.6904943138361 484.20525847375393 736.86814220249653 843.30955313146114 3822.7603415884078 2051.9536007978022 221.09074439108372 595.19700524583459 3277.4761009179056 1166.2898294962943 1986.4734600372612 327.83623266220093 164.68574590235949 6733.2145369909704 2093.9454622045159 2107.0227124467492 3018.1123227439821 21.602494955062866 2599.9882933683693 266.26193465292454 1416.8509084433317 401.61709253489971 14828.309799879789 852.59417393803596 96.37597943097353 6683.9073219038546 552.31403024494648 2157.6307833641768 393.57419516891241 1888.7757345438004
leaf_count=3163 4818 2419 4656 5941 31683 22351 1189 3636 28098 6048 16833 1057 1191 44816 14734 13430 20990 145 17348 1080 8602 1227 84868 3836 458 35740 2233 8237 1979 7148
internal_value=0 -0.000127488 0.00112835 0.00240796 -0.00570842 0.00284345 0.0254242 0.0125663 -0.00404421 -0.00510623 -0.00914639 0.00217145 0.00432727 0.00364986 -0.00399886 -0.00145515 0.00234321 -0.0120689 0.00199324 0.0137404 0.00255078 0.00344034 -0.000436861 0.0199551 0.00289282 0.00145108 0.00978586 0.014018 0.000688741 0.0133065
internal_weight=0 62230.8 50799.7 40725 11431.1 39881.7 1145.78 2578.23 10074.7 9590.5 7903.18 37303.5 20423.2 20095.4 4080.42 6291.42 4184.4 3299.08 3527.93 927.946 18041.9 16625.1 16880.3 1589.46 16223.4 13417.1 2806.32 2254.01 988.771 2053.46
internal_count=399954 393947 309106 237976 84841 232035 6007 14107 71130 68711 63250 217928 110709 109652 31567 40468 27038 28243 21591 4243 101313 92711 107219 8492 91484 80556 10928 8695 5615 8339
is_linear=0
shrinkage=0.05


Tree=102
num_leaves=31
num_cat=0
split_feature=29 110 29 7 36 3 7 5 6 13 118 14 224 228 226 233 228 16 226 29 246 5 123 194 233 226 229 5 233 164
split_gain=497.069 216.268 180.749 137.549 110.878 104.678 97.4249 86.3282 78.4582 77.747 68.4442 68.0613 63.5009 74.8148 59.6294 108.043 91.0137 55.1084 54.6499 54.2022 46.9128 46.2441 45.1241 41.4856 40.0357 39.9847 37.3583 36.2974 34.7137 34.6992
threshold=0.034251561388373382 0.77190312743186962 0.06315751746296884 1.0000000180025095e-35 -1.0000000180025095e-35 1038314.4687500001 1.0000000180025095e-35 32.437099456787116 2.0142500400543217 0.12644983083009723 1.5000000000000002 0.013857979793101551 4.5000000000000009 25.799981117248539 -0.0047057049814611665 -0.023511325009167191 53.898300170898445 -0.037921324372291558 -0.028195554390549656 0.054152034223079688 90.500000000000014 4.7643499374389657 0.23820649832487109 0.11911647394299509 -0.041967427358031266 0.22755278646945956 1.9950509667396548 22.377449989318851 -0.0051392109598964444 659.97213745117199
decision_type=2 2 2 2 2 2 2 2 2 2 2 2 2 2 2 2 2 2 2 2 2 2 2 2 2 2 2 2 2 2
left_child=3 2 6 4 5 11 8 -7 21 -5 19 -1 17 -14 -15 16 24 26 20 -3 -19 25 -6 -4 -16 -2 -10 -23 -22 -9
right_child=1 10 23 9 22 7 -8 29 12 -11 -12 -13 13 14 15 -17 -18 18 -20 -21 28 27 -24 -25 -26 -27 -28 -29 -30 -31
leaf_value=0.0084433620008663168 0.00098137117285634597 -0.0040852615896996318 -0.014218676760238712 -0.033551975830353499 -0.042347071521754674 0.015736613650932593 -0.029712474050933604 0.0067251504997190292 0.0075726312975954299 0.0077039522952455407 -0.024328149977305764 0.00098452909728478162 -0.043387153584217922 0.00030953696345704284 -0.0050673578624681175 -0.0012622873003625189 0.0052077949240283495 -0.0024144668330674615 0.0020530177290272499 -0.0098141420339904212 -0.0093494388886639235 0.010984754218568385 -0.007029923517703332 -0.0049300380174615898 -0.034170826089787387 -0.03094246584051585 -0.030790540033764871 0.0043199379089651517 -0.033477479913596397 -0.010398359677021046
leaf_weight=6828.8453084081411 3892.2041488364339 11403.535858616233 1392.0273641347885 325.94900147616863 130.40709029138088 5605.2400012165308 251.29320776462555 1629.1819507181644 3625.2635535076261 175.78066591918468 533.83689019083977 5539.3271817564964 119.35646378993988 4189.2015716731548 142.17396646738052 1705.7617999762297 247.97640807926655 3140.0570073053241 9342.9810901880264 6471.9570632725954 489.59403382241726 3135.4695474281907 295.12981653958559 8809.3498318344355 699.82311420142651 100.62084595859051 64.590347677469254 5862.4226004481316 214.33252027630806 361.49795573204756
leaf_count=51132 16656 39374 4121 2373 450 44206 1532 11998 16203 624 1763 34711 404 18484 412 7351 1076 12960 38351 18338 1997 15427 1368 26795 2293 371 180 26407 818 2085
internal_value=0 -0.00208666 -0.000301161 0.00676538 0.0074018 0.00794011 0.0013148 0.01256 0.00152568 -0.019098 -0.00668631 0.00510278 -0.000169573 -0.00413518 -0.00346446 -0.00911951 -0.0214157 0.00149975 -1.16024e-05 -0.00615945 -0.00502976 0.00465516 -0.017853 -0.00619752 -0.0292566 0.000176877 0.00690109 0.00664241 -0.016696 0.0036156
internal_weight=0 65833.8 47424.5 20891.4 20389.6 19964.1 37223.1 7595.92 36971.8 501.73 18409.3 12368.2 23981.1 7104.29 6984.94 2795.74 1089.97 16876.8 13187 17875.5 3843.98 12990.7 425.537 10201.4 841.997 3992.82 3689.85 8997.89 703.927 1990.68
internal_count=400260 251313 191838 148947 145950 144132 160922 58289 159390 2997 59475 85843 100529 30020 29616 11132 3781 70509 54126 57712 15775 58861 1818 30916 2705 17027 16383 41834 2815 14083
is_linear=0
shrinkage=0.05


Tree=103
num_leaves=31
num_cat=0
split_feature=29 12 231 226 231 29 231 21 230 226 229 226 165 152 152 126 234 230 229 229 227 229 224 234 108 42 6 29 230 226
split_gain=588.615 300.933 349.204 209.57 278.038 172.927 172.888 153.054 150.81 136.19 133.742 129.222 113.664 107.209 105.754 99.5893 95.0125 90.1742 87.2824 111.91 130.233 99.223 124.015 89.6905 82.4154 81.6452 78.2208 78.0636 77.1593 105.271
threshold=0.035082142800092704 0.091140743345022215 1.7051149606704714 0.11911282315850259 8.9845814704895037 0.058206839486956603 0.64598518610000621 1.0000000180025095e-35 2.5000000000000004 -0.0047057049814611665 0.77318638563156139 -0.0082602798938751203 305.65159606933599 -0.001201307284645736 0.035092113539576537 0.035882331430912025 -0.0080315615050494654 10.500000000000002 0.78721421957016002 1.1667115688323977 0.22535404562950137 0.79390856623649608 2.5000000000000004 0.041396148502826698 -0.0062996665947139254 4.0243730545043954 1.8357500433921816 0.06315751746296884 6.5000000000000009 0.016398402862250808
decision_type=2 2 2 2 2 2 2 2 2 2 2 2 2 2 2 2 2 2 2 2 2 2 2 2 2 2 2 2 2 2
left_child=6 2 8 4 5 18 -1 -8 10 14 -2 -12 -6 -7 -10 16 -9 -5 -4 20 21 22 -20 -23 -11 27 -22 -3 29 -26
right_child=1 25 3 17 12 13 7 15 9 24 11 -13 -14 -15 -16 -17 -18 -19 19 -21 26 23 -24 -25 28 -27 -28 -29 -30 -31
leaf_value=0.0047360091528577059 0.025865779507161058 0.0059794688274576709 -0.021648769294101495 -0.03027795892959332 0.010935958799471622 -0.0032328530291789366 0.077257379286156502 -0.0087235780118070146 -0.003595304186922027 0.0010311643270910383 0.039026245173973392 -0.019451600228274381 0.052077514189319954 0.010591535907204179 0.018829012420215074 0.028638450211221845 -0.021731701728504388 -0.0022520345673708361 -0.024904183996788821 -0.017768439839028049 -0.012386439694801436 -0.0042947172282501713 0.09989759514081703 -0.027765322539863985 0.0092204595180677903 0.028036747261910733 0.031869757184121682 0.020864744574209573 0.029897208362227968 0.042602679154628433
leaf_weight=1157.6423624865711 263.10754870995879 2748.9522086381912 965.90169951692224 1002.6477334760129 379.03150234371424 2848.0716827567667 43.525822378695011 2048.6436126101762 1744.8037007153034 593.77084683999419 104.47780327498913 986.21581521630287 301.36152467876673 2762.9171847552061 752.53899623453617 118.38104940764606 4459.3657040763646 402.12371047586203 33.443857073783875 1626.3815833218396 133.76418314874172 6617.4818734657019 49.17278366163373 433.71858988329768 1524.3121603168547 821.67693534120917 393.70612001046538 1296.0707934722304 1445.4104312323034 279.46436667442322
leaf_count=11235 1478 11086 13534 12051 2586 20573 176 37967 14662 4882 831 9554 1586 13640 3795 525 108618 3499 509 19231 689 77401 420 5783 8088 2733 1682 4102 6565 779
internal_value=0 0.00226903 0.000105784 -0.00371426 -0.00214 -0.00348232 -0.0131006 -0.0161963 0.00901764 0.0122523 -0.00613134 -0.01385 0.0291585 0.00357444 0.00316195 -0.0168102 -0.0176369 -0.0222554 -0.00734394 -0.00585626 -0.00332748 -0.0051001 0.0493769 -0.00573839 0.0181597 0.0136677 0.0206466 0.0107489 0.0212898 0.0143925
internal_weight=0 30510.5 25643.8 17949.7 16545 15864.6 7827.56 6669.92 7694.1 6340.3 1353.8 1090.69 680.393 5610.99 2497.34 6626.39 6508.01 1404.77 10253.6 9287.67 7661.29 7133.82 82.6166 7051.2 3842.96 4866.7 527.47 4045.02 3249.19 1803.78
internal_count=400260 241739 223818 173184 157634 153462 158521 147286 50634 38771 11863 10385 4172 34213 18457 147110 146585 15550 119249 105715 86484 84113 929 83184 20314 17921 2371 15188 15432 8867
is_linear=0
shrinkage=0.05


Tree=104
num_leaves=31
num_cat=0
split_feature=7 142 231 228 234 227 13 226 228 190 225 226 231 227 227 225 234 226 228 230 227 190 41 35 227 228 17 230 234 226
split_gain=262.729 146.872 118.31 101.666 209.389 116.515 99.2001 95.2625 98.165 94.7829 88.0487 82.0891 83.1281 79.4959 104.715 105.657 69.1262 83.6083 65.9818 59.5786 56.3853 70.2082 54.9278 54.3791 54.2649 53.1439 51.7771 49.734 49.4771 48.2927
threshold=1.0000000180025095e-35 10.319600105285646 1.4151450991630556 34.72050857543946 0.021706453524529937 0.15454842895269397 0.14924257993698123 -0.047540908679366105 27.810050964355472 1.4999999962128643e-06 0.012681240681558849 0.037254445254802711 1.7262096405029299 0.038397464901208885 -0.011294552125036715 -0.0019241109257563946 0.0046147722750902185 -0.013139597140252588 36.941593170166023 2.5000000000000004 -0.013218641746789215 4.4999999317951742e-06 0.06280976161360742 -58.298824310302727 0.18789839744567874 22.164649009704593 -0.082845401018857942 3.5000000000000004 0.010945833753794433 0.0011882765393238517
decision_type=2 2 2 2 2 2 2 2 2 2 2 2 2 2 2 2 2 2 2 2 2 2 2 2 2 2 2 2 2 2
left_child=1 16 18 4 7 9 -2 8 25 13 -6 12 -7 14 15 19 22 -18 -3 -5 -9 -22 -1 -14 -13 -4 -11 -10 -28 -20
right_child=6 2 3 5 10 11 -8 20 27 26 -12 24 23 -15 -16 -17 17 -19 29 -21 21 -23 -24 -25 -26 -27 28 -29 -30 -31
leaf_value=-0.014354808986525441 0.033552801865384799 0.0093245106966400627 0.0010926696125562923 0.0054790930963961324 0.0059863579856944751 -0.020897012206461427 -0.00020891740333984279 -0.010564262091951326 0.0071468460084746282 0.021896532928390378 0.044483288339548288 -0.0039365063087273468 -0.0075682622970016438 0.0061369746812478731 -0.0037881544170489732 -8.7266233446501741e-05 0.014165567416087469 -0.0067041672619182081 -0.0096862451405269872 0.020760670651531452 -0.001860873759992961 0.042843661687090792 0.010407329965962822 0.0080271288790106123 -0.017030806590366421 0.017878813908259343 0.0035272865468196704 -0.013993964884142963 0.01349630730062425 -0.0017956077788027888
leaf_weight=2955.6711286716163 815.75755575299263 773.40624964982271 936.35901979729533 1308.5324305221438 286.74382553994656 342.412005469203 296.7072366476059 4960.081889308989 387.57667413726449 799.18727985024452 308.1407708376646 2745.8329564444721 698.25912682712078 11002.735022671521 7088.0526125095785 4006.8943267650902 642.12284440919757 1899.6575852371752 4137.0419670566916 1244.338128939271 731.39411288127303 99.811788849532604 242.31260744482279 2801.8356646038592 1111.4925090372562 949.78035327419639 2660.8611080311239 985.74348272010684 2338.4367276467383 3649.7927689999342
leaf_count=35293 4567 3431 5055 8129 980 2415 1441 37028 1896 4107 1002 16146 4040 56727 42601 22893 4554 22690 31629 6931 4607 566 1224 13732 8347 3371 14770 5939 10147 24002
internal_value=0 3.28879e-05 0.000808947 0.0017785 -0.0028076 0.00293805 0.0245482 -0.00469627 0.00214133 0.0043276 0.0259272 -0.00255693 0.00261566 0.00297462 0.000425164 0.0049778 -0.0075867 -0.0014319 -0.00460435 0.0129277 -0.00854462 0.00350728 -0.0124786 0.00491589 -0.00770964 0.00954546 0.0100794 -0.00802763 0.00819033 -0.0059878
internal_weight=0 62094.5 56354.7 47794.5 9645.63 38148.9 1112.46 9050.75 3259.46 30449 594.885 7699.83 3842.51 24650.6 13647.8 6559.76 5739.76 2541.78 8560.24 2552.87 5791.29 831.206 3197.98 3500.09 3857.33 1886.14 5798.49 1373.32 4999.3 7786.83
internal_count=400260 394252 330491 271429 60444 210985 6008 58462 16261 166305 1982 44680 20187 137281 80554 37953 63761 27244 59062 15060 42201 5173 36517 17772 24493 8426 29024 7835 24917 55631
is_linear=0
shrinkage=0.05


Tree=105
num_leaves=31
num_cat=0
split_feature=29 29 36 7 6 110 124 118 226 194 29 29 230 187 28 227 227 6 231 185 231 229 230 29 16 28 111 234 226 227
split_gain=453.715 202.958 182.654 127.91 103.713 90.3097 89.8269 84.7441 73.3463 71.7428 59.9395 48.0607 47.8598 45.1928 44.0777 42.7706 45.9088 42.7665 38.9604 38.6528 37.5123 34.8711 34.6142 34.0188 36.7552 32.7485 38.093 30.2044 53.1436 51.2236
threshold=0.034251561388373382 0.068142391741275801 -42.052419662475579 1.0000000180025095e-35 1.3184500336647036 0.84535405039787304 0.0091488086618483084 1.5000000000000002 0.22355348616838458 1.0000000180025095e-35 0.023851885460317138 0.04654082469642163 7.5000000000000009 -3.379500031471252 0.1792901158332825 -0.017081287689507004 -0.028905277140438553 4.2320499420166025 8.9845814704895037 4.5000000170603023e-08 0.052658187225461013 1.5923786759376528 10.500000000000002 0.087906513363122954 -0.092109207063913331 0.22926788777112964 -0.78930729627609242 0.0028201703680679206 -0.028330408968031403 -0.08802130818367003
decision_type=2 2 2 2 2 2 2 2 2 2 2 2 2 2 2 2 2 2 2 2 2 2 2 2 2 2 2 2 2 2
left_child=3 2 6 4 19 9 17 11 -5 -6 -11 21 -12 23 22 16 -14 20 -7 -1 -2 -4 -8 24 -3 26 -22 -21 29 -29
right_child=1 13 7 8 5 18 14 -9 -10 10 12 -13 15 -15 -16 -17 -18 -19 -20 27 25 -23 -24 -25 -26 -27 -28 28 -30 -31
leaf_value=0.021270145653040768 -0.025191015138508573 0.0014645937014615825 -0.00097124134126505438 -0.032376013461478573 -0.019138343073832855 -0.0014987380866043768 -0.0028560451724110297 -0.02483743471400392 0.009644282470209365 0.015217021192200997 0.0079896197047636831 -0.0064199114991545202 0.0030193167107741589 -0.0040848093138825181 0.0010389502048191092 0.0046463868396383777 -0.019768489096959947 -0.0010696167466707764 -0.027239052857581915 0.014701585857547632 -0.0034767057622803101 -0.01210469381121233 -0.013415768845341009 -0.018156357708650765 -0.011061733150215899 0.0089810724978410632 0.0051691822078230101 0.015413590615776391 0.010835610453624286 -0.017647619950659912
leaf_weight=1068.6571457907557 100.8051570802927 680.15105979144573 10503.924989536405 328.35465366393328 259.64105882495642 2966.9866726621985 6428.4095510616899 498.44220996648073 151.88492329418659 2027.1378670334816 6422.715089187026 10496.049372181296 419.70921022444963 3329.6171569675207 9455.2384196668863 1642.6072016507387 466.87947774678469 3404.2569567039609 154.66952971369028 2374.6431160718203 1530.7867399826646 753.77879752218723 882.5974698215723 1401.3392165750265 4213.2476105988026 4373.5633982717991 7594.3229985311627 172.19720452278852 1786.406867235899 366.5460070669651
leaf_count=9357 418 2195 42699 2513 1334 17197 28306 1660 477 19067 45470 32307 3199 9970 35376 11012 1973 14258 673 19320 7051 3283 3647 4001 12096 17874 35852 1606 13796 1703
internal_value=0 -0.00208827 -0.000935949 0.00641568 0.00702411 0.0047494 0.00138158 -0.00445304 -0.0190863 0.00683913 0.00745347 -0.00398597 0.00569543 -0.00879578 -0.00121536 -0.000130507 -0.00898079 0.00394225 -0.0027741 0.0126869 0.00519684 -0.0017167 -0.00413083 -0.0112877 -0.00932065 0.00542377 0.00371879 0.0107352 0.00668444 -0.00708034
internal_weight=0 65646.5 56022.2 20609 20128.8 14360.3 33770 22252.2 480.24 11238.7 10979 21753.8 8951.91 9624.36 16766.2 2529.2 886.589 17003.7 3121.66 5768.45 13599.5 11257.7 7311.01 6294.74 4893.4 13498.7 9125.11 4699.79 2325.15 538.743
internal_count=399690 250993 222731 148697 145707 99925 142782 79949 2990 82055 80721 78289 61654 28262 67329 16184 5172 75453 17870 45782 61195 45982 31953 18292 14291 60777 42903 36425 17105 3309
is_linear=0
shrinkage=0.05


Tree=106
num_leaves=31
num_cat=0
split_feature=29 164 233 226 233 126 232 227 227 234 228 230 227 234 234 232 228 226 122 233 232 227 227 226 15 142 3 229 139 230
split_gain=539.628 288.844 320.398 261.037 221.628 184.416 151.929 284.176 229.825 230.048 225.417 142.721 138.365 130.866 219.929 281.297 175.876 125.734 124.687 124.077 108.344 125.689 123.748 116.621 105.466 100.672 98.1611 96.6121 95.5141 93.4779
threshold=0.034251561388373382 146.19689941406253 0.0058588914107531318 -0.0047057049814611665 -0.020705744624137875 0.021379201672971252 0.24266439676284793 0.14847379177808764 0.015387311577796938 0.014421898871660234 57.011194229125984 7.5000000000000009 0.23063293099403384 -0.033350853249430649 -0.026886546984314915 -1.5759174823760984 22.164649009704593 -0.036979217082262032 0.090293999761343016 -0.018290904350578781 -1.6804370880126951 -0.024494701065123078 0.233763262629509 -0.033489985391497605 0.1103491708636284 67.716747283935561 621661.53125000012 0.95650553703308117 2.5000000000000004 7.5000000000000009
decision_type=2 2 2 2 2 2 2 2 2 2 2 2 2 2 2 2 2 2 2 2 2 2 2 2 2 2 2 2 2 2
left_child=4 2 3 13 11 6 8 -8 9 26 25 -1 -4 -2 15 18 -16 -17 -15 -12 21 -18 -22 -23 28 -9 -3 -5 -6 -28
right_child=1 5 12 27 24 -7 7 10 -10 -11 19 -13 -14 14 16 17 20 -19 -20 -21 22 23 -24 -25 -26 -27 29 -29 -30 -31
leaf_value=-0.011286209598889237 -0.015576166779052915 0.01982494171595528 -0.01711086631395916 0.023090739852865173 0.040474996592041831 0.016171319266691585 -0.013557386431588773 -0.011945494952343694 0.036805668165335197 -0.014181833513712664 -0.030173699672208888 0.013848876227434246 0.015638609667491393 0.060649880888890818 0.046567140240036178 -0.023532652806995132 -0.017597667254759919 0.025777641127310381 -0.020930204852601216 0.01848609366580416 -0.016235438757503138 0.03783757738693086 0.012413921948792742 -0.00051196259649016512 -0.0037089947201718329 0.019571662257303703 -7.448289115176536e-05 0.0015942710562582051 -0.023904423878999118 0.022067006505617312
leaf_weight=1319.3621767573059 1605.0805655494332 1865.1780887059867 4052.1212524734437 1613.7489657327533 58.491956751793623 3726.1783393304795 2869.3529601506889 1550.248302873224 677.52974610775709 1131.696221396327 138.22521751746535 987.45114617422223 350.41047326475382 398.51286851987243 163.48361492156982 305.31176107749343 370.14502378553152 224.2132501527667 53.075478583574295 2508.1227961666882 2361.9745040275156 377.05070513114333 448.48933451622725 418.02806540206075 873.43737540952861 302.86955478042364 2106.7535765580833 773.07473042979836 3829.9174984134734 616.09027745574713
leaf_count=24458 17888 10270 53363 7664 329 17150 26887 11062 3140 9251 1059 5664 1691 2090 494 3866 4610 2029 274 13033 29570 2455 2671 3894 13396 1109 16524 5219 104850 3730
internal_value=0 0.0020617 -0.00342853 0.00192266 -0.0132471 0.00630353 0.00363253 -0.00126168 0.00927005 0.00600832 0.0065794 -0.000526921 -0.0145042 -0.00311886 0.000786194 0.0220706 -0.00425888 -0.00265352 0.0510617 0.0159445 -0.00634889 0.00646999 -0.0116636 0.0176746 -0.0194093 -0.0067944 0.0109885 0.0161282 -0.022936 0.00493541
internal_weight=0 31007 13514.7 9112.19 7068.66 17492.2 13766.1 7368.82 6397.25 5719.72 4499.47 2306.81 4402.53 6725.37 5120.28 981.113 4139.17 529.525 451.588 2646.35 3975.69 1165.22 2810.46 795.079 4761.85 1853.12 4588.02 2386.82 3888.41 2722.84
internal_count=399690 250993 137778 82724 148697 113215 96065 53150 42915 39775 26263 30122 55054 69841 51953 8259 43694 5895 2364 14092 43200 10959 32241 6349 118575 12171 30524 12883 105179 20254
is_linear=0
shrinkage=0.05


Tree=107
num_leaves=31
num_cat=0
split_feature=7 232 231 227 160 231 229 233 17 225 228 225 234 228 234 227 234 37 228 227 158 160 228 231 227 135 187 41 233 229
split_gain=248.135 149.118 131.281 122.244 111.905 90.1688 92.8482 91.4154 90.941 94.1019 93.2151 88.2924 73.0713 188.924 71.5757 65.3096 70.1456 61.2704 59.7505 96.2372 57.1354 56.4145 51.3993 103.256 67.9052 49.0694 48.1053 49.6171 47.8966 47.3855
threshold=1.0000000180025095e-35 -1.4672073721885679 5.3542072772979745 0.22302427142858508 1.9979468584060671 1.4151450991630556 1.6979064345359804 -0.012939637526869772 -0.086219634860753999 0.0059500080533325681 33.779111862182624 0.20679578930139544 0.011575266253203155 33.779111862182624 0.021121900528669361 -0.021543153561651703 0.027315219864249233 44.902639389038093 70.075408935546889 0.19604091346263888 -507490.93749999994 4.7129340171813974 34.72050857543946 4.4491825103759775 -0.016072324477136132 16.500000000000004 -1.0000000180025095e-35 0.044218471273779876 0.06707268208265306 1.2639697194099428
decision_type=2 2 2 2 2 2 2 2 2 2 2 2 2 2 2 2 2 2 2 2 2 2 2 2 2 2 2 2 2 2
left_child=1 2 17 4 -3 7 8 -6 9 10 -7 -2 22 -14 -11 -9 -17 21 19 20 25 -1 23 -10 -25 -15 27 -4 29 -5
right_child=11 3 26 28 5 6 -8 15 12 14 -12 -13 13 18 -16 16 -18 -19 -20 -21 -22 -23 -24 24 -26 -27 -28 -29 -30 -31
leaf_value=-0.018543799197552998 0.031630176094536701 -0.012593406118889186 -0.00018022918216775531 -0.01132894856580305 -0.011933409315530802 -0.0010191104881136196 -0.014996638081201483 -0.014790590407361826 -0.013531328145352003 -0.010377252937924342 0.023259085546314218 -0.0035716839254196055 0.043576781566852234 0.013709952233151227 0.014121522674869144 0.0052714262606728818 -0.013129885910341511 -0.0040052454747910738 -0.00049859338167652868 -0.019453281077564864 0.0032698373679124295 -0.0059355231798327787 0.0015811857248959377 0.01068676834683497 -0.0096456699242644921 0.0052209036049682793 -0.013650528514094012 0.025285647917376832 -0.023203320428529149 0.0047364487083724274
leaf_weight=1957.3825557306409 855.67330214381218 1335.1221693940461 298.23128809407353 1406.6200170740485 2089.1520229242742 521.21868864446878 708.15569735318422 608.3407973870635 1809.0403664857149 702.15294977650046 1637.3164016380906 224.95820868015289 306.60222379863262 3552.3449239730835 518.14381949603558 3717.427501924336 601.7262914031744 4367.311837784946 5332.472208391875 370.70241708308458 7264.2388849295676 1622.6907508075237 14208.311041060835 1147.9442522004247 639.35107281059027 3268.6000513881445 161.73156960308552 533.32559478282928 508.17869129776955 681.30275801941752
leaf_count=21197 4805 18836 2099 11117 18397 3589 4712 4555 14914 4494 8516 1209 1023 18257 2552 21614 3565 32452 31107 2445 35107 9643 87393 5946 3594 15406 852 1870 4792 3632
internal_value=0 0.000134423 -0.00583815 0.0011432 0.00168886 0.00207799 0.00295478 -0.00316859 0.00326274 0.0111227 0.0173967 0.0243021 0.00256201 0.00462857 2.50439e-05 0.000547505 0.00270783 -0.00798011 0.00402511 0.00569381 0.00635564 -0.012829 0.000229609 -0.00511017 0.00341345 0.009642 0.0112999 0.0161525 -0.00943723 -0.00608671
internal_weight=0 61875.1 8940.67 52934.5 50338.4 49003.2 41986.6 7016.65 41278.4 3378.83 2158.54 1080.63 37899.6 20095 1220.3 4927.49 4319.15 7947.39 19788.4 14455.9 14085.2 3580.07 17804.6 3596.34 1787.3 6820.94 993.288 831.557 2596.1 2087.92
internal_count=399690 393676 68113 325563 306022 287186 239055 48131 234343 19151 12105 6014 215192 103345 7046 29734 25179 63292 102322 71215 68770 30840 111847 24454 9540 33663 4821 3969 19541 14749
is_linear=0
shrinkage=0.05


Tree=108
num_leaves=31
num_cat=0
split_feature=41 6 11 29 5 130 29 5 230 227 232 118 42 187 227 232 16 229 3 232 227 151 226 227 233 165 229 228 227 233
split_gain=463.987 225.052 114.758 112.378 102.891 93.0509 79.7534 73.7173 63.7408 71.2027 139.855 57.8411 47.9857 45.4019 53.1479 51.6241 51.5535 45.188 44.4955 42.9919 174.174 40.6416 40.1199 40.0575 39.6819 50.7262 47.2532 58.8157 43.1702 38.9327
threshold=0.022693015635013584 2.0012500286102299 0.055224390700459487 0.056429909542202956 1.0000000180025095e-35 0.020013501867651943 0.019979468546807769 16.719650268554691 7.5000000000000009 -0.017081287689507004 -0.4532077014446258 1.5000000000000002 1.8401461243629458 -3.1855000257492061 0.22302427142858508 0.037819230929017074 -0.10763115435838698 1.8537479043006899 967372.15625000012 -0.61632698774337757 -0.017834926024079319 1.9084718227386477 0.22755278646945956 0.011352922767400743 0.064911253750324263 825.56100463867199 1.8537479043006899 65.622203826904311 0.22535404562950137 -0.018290904350578781
decision_type=2 2 2 2 2 2 2 2 2 2 2 2 2 2 2 2 2 2 2 2 2 2 2 2 2 2 2 2 2 2
left_child=2 4 6 5 22 11 -1 -6 17 10 -10 21 -9 14 15 23 -17 -7 19 -8 -21 -3 -2 -5 26 28 27 -23 -26 -15
right_child=1 3 -4 13 7 8 18 12 9 -11 -12 -13 -14 29 -16 16 -18 -19 -20 20 -22 24 -24 -25 25 -27 -28 -29 -30 -31
leaf_value=0.018867193945000766 -0.0021244572510173555 -0.02651897354924786 -0.031445088324907895 -0.010028712922260907 0.010801860822509978 0.0038186218294799347 0.010223274068039443 0.0040849543271289012 0.0013312618996546859 0.0011454219939576185 -0.030705225795271247 -0.026272457443382469 -0.0047842523198061487 -0.0086279172485511247 -0.020161140394575592 0.014994186997177045 -0.0055433211809235352 -0.027620165717213454 0.011633528826384187 -0.02812034144337229 0.0052160718434876912 -0.0039828287739394124 -0.024592628953488849 -0.026973645908089851 -0.0033030814015138003 -0.01742402722437118 -0.034069432232926598 0.0034366451911149267 -0.020225530566019358 0.00023086822952288373
leaf_weight=1690.6623082607985 6188.8508559763432 193.7840558886528 180.50455026328564 4644.2561236917973 3742.148758880794 9747.7858581766486 2869.029639095068 10289.395336531103 747.16159505397081 2271.9247316792607 626.16290085762739 289.41253215074539 1790.4102521017194 1939.8149945437908 902.21822281181812 322.56704591214657 5797.0814982205629 115.65226738899946 4013.9864589422941 423.81244300305843 5190.5371433198452 8437.7386246994138 205.27481327950954 377.09318365156651 4199.5359454080462 965.62469021230936 113.3187852576375 3908.3103408589959 414.03157202154398 3439.0144270211458
leaf_count=17812 25885 724 588 14020 21850 46025 20563 50339 3770 10185 2369 988 7280 6133 2660 1122 16988 444 30137 1622 33365 34718 694 1090 16189 3205 796 16188 1424 10701
internal_value=0 -0.00167347 0.00817107 -0.00355144 0.00250683 -0.00179358 0.00867508 0.00466997 0.00136203 -0.00428763 -0.0132757 -0.00409509 0.0027704 -0.00678326 -0.00848907 -0.00754384 -0.00446079 0.00344999 0.00729627 0.00524406 0.00269959 -0.00374306 -0.00284577 -0.0113012 -0.00349838 -0.00700289 -0.00192909 -0.00163409 -0.00482174 -0.00296395
internal_weight=0 71668.6 14368.5 49452.5 22216.1 32030.4 14188 15822 13508.7 3645.25 1373.32 18521.8 12079.8 17422 12043.2 11141 6119.65 9863.44 12497.4 8483.38 5614.35 18232.3 6394.13 5021.35 18038.6 5579.19 12459.4 12346 4613.57 5378.83
internal_count=399874 295787 104087 189739 106048 137025 103499 79469 62793 16324 6139 74232 57619 52714 35880 33220 18110 46469 85687 55550 34987 73244 26579 15110 72520 20818 51702 50906 17613 16834
is_linear=0
shrinkage=0.05


Tree=109
num_leaves=31
num_cat=0
split_feature=160 233 152 226 42 230 232 232 234 231 234 228 126 123 225 234 234 41 229 228 3 233 234 6 226 228 110 164 149 160
split_gain=511.753 367.339 303.581 261.569 195.786 181.776 165.017 152.107 163.759 228.54 125.202 111.105 110.644 107.391 107.05 101.413 224.132 121.166 93.1558 87.189 81.3568 79.455 123.343 77.8999 168.151 105.48 116.906 77.5876 76.4013 74.553
threshold=4.6345198154449472 -0.013996877707540987 0.069624394178390517 -0.0047057049814611665 2.0710980892181401 1.5000000000000002 -1.6804370880126951 -1.6804370880126951 0.072101317346096053 3.3625044822692876 -0.012104724068194626 88.40799713134767 0.023598908446729187 -0.41372387111186976 -0.0043661852832883588 -0.033350853249430649 -0.026886546984314915 0.12006719782948495 1.0241429805755617 22.164649009704593 351562.89062500006 -0.031650756485760205 -0.0078237308189272863 2.4079500436782841 0.092050734907388701 81.669120788574233 0.68921580910682689 185.0184020996094 75.000000000000014 8.2551536560058612
decision_type=2 2 2 2 2 2 2 2 2 2 2 2 2 2 2 2 2 2 2 2 2 2 2 2 2 2 2 2 2 2
left_child=1 3 6 19 5 15 10 28 9 13 14 23 -4 -9 -3 -2 17 -17 -5 -1 -13 -15 -23 -8 -25 -26 -27 -11 -7 -18
right_child=4 2 12 18 -6 7 11 8 -10 27 -12 20 -14 21 -16 16 29 -19 -20 -21 -22 22 -24 24 25 26 -28 -29 -30 -31
leaf_value=0.013012018464457379 -0.027112425258179203 0.00016993963552294506 -0.004091360927531363 0.0218074683722458 0.016974342932257757 0.028609382973345261 -0.026127013681573066 -0.0025171591299138038 0.02614558306634171 -0.014452807505883887 -0.016856759392910176 0.081823038245519286 0.019396685949193887 0.025506834560035965 0.047084225463930311 0.048415444929920573 -0.010264517772983171 -0.020873782809174759 0.00024227869162881689 -0.0084484416078709264 0.00093952766629791659 -0.012833682695111188 0.012711866254435947 -0.018792334280566245 -0.0088985555472427969 0.0032955322117652688 0.10233875472060405 -0.0011864839411372318 0.0093375511585248022 0.011036478192655573
leaf_weight=547.61563485860825 516.24120468646288 305.14881499111652 2047.9577097576112 1671.616741862148 2688.8309280127287 916.71815694868565 3818.0687435008585 1800.2379382029176 723.04641177132726 1979.3606452122331 474.98074210993946 38.386275116354227 663.9382533878088 870.72198612987995 202.14630749821663 291.16446080058813 3067.0551290251315 80.549207672476768 714.96059328690171 3486.8852410241961 163.55299159325659 562.0836127512157 2965.5812347754836 2967.9957550894469 116.7789814658463 54.142300833016634 66.251281958073378 2486.7928909510374 1171.4537070319057 474.30013954266906
leaf_count=4087 4603 4869 17032 8783 10228 4364 94073 11286 2625 20272 9795 649 2787 4152 1678 1407 23994 410 5271 54791 2863 4100 16186 61245 1745 809 668 16321 6749 2032
internal_value=0 -0.00726396 -0.0128445 0.00222607 0.00439383 0.00250462 -0.0176368 0.00539286 0.00311815 0.00155695 0.00159133 -0.0202509 0.00165909 0.00776984 0.0188643 -0.00628276 -0.00353476 0.0334007 0.0153471 -0.00553555 0.0163145 0.0119803 0.00864154 -0.0213023 -0.0155549 0.0249579 0.0577979 -0.007066 0.017798 -0.00741164
internal_weight=0 17340.4 10919.3 6421.08 20594.1 17905.3 8207.45 13476 11387.8 10664.8 982.276 7225.18 2711.9 6198.62 507.295 4429.31 3913.07 371.714 2386.58 4034.5 201.939 4398.39 3527.66 7023.24 3205.17 237.173 120.394 4466.15 2088.17 3541.36
internal_count=399874 271145 198213 72932 128729 118501 178394 86055 74942 72317 16342 162052 19819 35724 6547 32446 27843 1817 14054 58878 3512 24438 20286 158540 64467 3222 1477 36593 11113 26026
is_linear=0
shrinkage=0.05


Tree=110
num_leaves=31
num_cat=0
split_feature=234 228 227 225 230 41 229 227 228 231 230 25 227 227 232 226 227 234 190 225 227 129 3 143 34 234 6 226 3 230
split_gain=176.65 243.772 191.885 206.216 147.318 140.004 101.305 96.1903 95.3492 91.5517 110.678 81.5279 74.6202 72.1625 104.952 70.2212 64.2359 62.7688 61.992 61.5303 71.7631 61.1728 59.4627 57.5861 55.1771 55.371 54.2686 52.7305 51.7594 50.7823
threshold=0.014099156949669124 33.599060058593757 0.14627803117036822 0.058001475408673293 1.5000000000000002 0.022693015635013584 0.73127868771553051 0.18537236005067828 45.157526016235359 4.5131709575653085 12.500000000000002 42.357860565185554 -0.033182777464389794 0.038397464901208885 -0.30824622511863703 -0.036604972556233399 0.086907215416431441 -0.037140872329473489 1.4999999962128643e-06 -0.0065399571321904651 -0.033182777464389794 -0.99910312891006459 173774.93750000003 20.801199913024906 23.007671356201175 0.042032595723867423 1.8999499678611758 -0.047540908679366105 903125.62500000012 4.5000000000000009
decision_type=2 2 2 2 2 2 2 2 2 2 2 2 2 2 2 2 2 2 2 2 2 2 2 2 2 2 2 2 2 2
left_child=5 -2 3 8 23 28 -7 -6 15 10 11 17 -12 14 18 -3 -15 -8 -10 20 21 -11 -18 -4 25 -25 -22 -21 -1 -19
right_child=1 2 4 -5 7 6 9 -9 13 19 12 -13 -14 16 -16 -17 22 29 -20 27 26 -23 -24 24 -26 -27 -28 -29 -30 -31
leaf_value=-0.0049456469352649156 0.044146815671703796 0.0019341878535850774 -0.002894198673734727 0.030604827654162767 -0.0043186689931777071 0.010226049722662948 0.0037007176789830608 -0.020197942831232291 0.001140973800774404 -0.012126120121574496 -0.0061511417857380464 -0.00069587690682708381 0.013645690648121817 0.012169166375202156 -0.012061962398621706 0.024854496337467068 0.042768486619450263 -0.0057967093781087931 0.017557366412136118 -0.012227765977084941 -0.0067629508462405735 0.018558941474451817 0.0022617562935870303 0.001713642392758016 -0.0056555904191227689 0.022462719905182296 0.006831108442371038 0.002406066702175782 -0.014427898534547276 -0.013935955823635181
leaf_weight=3916.1026814840734 369.90087707340717 506.60532278940082 1291.2001076042652 826.67018121480942 3363.130842231214 2166.8396414704621 1155.6153876706958 1331.1854295916855 4543.2029588855803 181.95354359224439 677.95925272628665 9711.2753884345293 1597.8652248308063 3408.0700403228402 1433.2755105979741 981.77012348175049 92.484241843223572 5305.8254405930638 658.40904842689633 914.2009220123291 1052.5486122146249 1513.0788055770099 4447.9984877035022 485.87332352250814 395.03726767003536 950.60912793129683 2427.0162467882037 1884.5587153546512 2275.3230793699622 2999.9175732694566
leaf_count=38068 1240 2437 7857 4818 19622 10356 7823 10844 26234 972 4402 61986 8042 19885 9719 3612 360 36634 3304 5716 5635 6977 24217 2109 1411 3405 10535 9494 29061 23099
internal_value=0 0.00385719 0.0032542 0.00625062 -0.00322331 -0.00155523 -0.0002077 -0.00882162 0.00499793 -0.000976118 -0.00267667 -0.00391414 0.00774829 0.0037676 -8.20678e-05 0.017053 0.00698103 -0.0072174 0.00321893 0.0035984 0.00682867 0.015265 0.00308683 0.0051925 0.0108935 0.0154446 0.00271898 -0.002374 -0.00843033 -0.00873649
internal_weight=0 25085.4 24715.5 16898.5 7817.04 37780.1 31588.7 4694.32 16071.8 29421.8 21448.5 19172.6 2275.82 14583.4 6634.89 1488.38 7948.55 9461.36 5201.61 7973.36 5174.6 1695.03 4540.48 3122.72 1831.52 1436.48 3479.56 2798.76 6191.43 8305.74
internal_count=399874 141074 139834 94586 45248 258800 191671 30466 89768 181315 141986 129542 12444 83719 39257 6049 44462 67556 29538 39329 24119 7949 24577 14782 6925 5514 16170 15210 67129 59733
is_linear=0
shrinkage=0.05


Tree=111
num_leaves=31
num_cat=0
split_feature=122 6 30 29 110 7 5 3 5 225 7 12 5 225 151 29 5 5 226 229 168 5 12 175 5 227 227 226 225 187
split_gain=411.228 206.79 114.917 111.748 91.3767 88.7104 94.8737 82.6988 73.373 66.2443 56.8135 54.4341 47.7262 46.6407 46.017 43.723 42.5095 40.9669 38.9453 38.2314 44.4205 38.1741 35.9514 35.9037 33.2945 32.7576 35.2168 38.9379 35.3705 30.7988
threshold=0.022847567684948448 2.0142500400543217 0.045404857024550445 0.073536794632673277 0.8294147551059724 1.0000000180025095e-35 1.0000000180025095e-35 1296318.3750000002 16.719650268554691 0.20679578930139544 1.0000000180025095e-35 0.12036285921931268 1.0000000180025095e-35 0.03904745168983937 1.6405270695686343 0.047923941165208823 21.417500495910648 30.661299705505375 0.22755278646945956 1.1016665101051333 0.072450000792741789 8.6048502922058123 -0.051999378949403756 -0.186161994934082 28.254750251770023 0.23447819054126742 -0.013579594437032936 -0.050970114767551415 0.0064136888831853875 -1.0385000109672544
decision_type=2 2 2 2 2 2 2 2 2 2 2 2 2 2 2 2 2 2 2 2 2 2 2 2 2 2 2 2 2 2
left_child=2 5 7 4 10 6 18 12 -8 -7 14 19 -1 23 -3 17 -14 21 -2 20 -10 -16 -17 -6 -9 26 28 -28 -24 -5
right_child=1 3 -4 29 13 9 8 24 11 -11 -12 -13 16 -15 15 22 -18 -19 -20 -21 -22 -23 25 -25 -26 -27 27 -29 -30 -31
leaf_value=-0.00084355308329556666 -0.0015275113404282815 -0.024757702911513725 -0.030248112077910672 -0.011502540200077984 -0.012629414309498002 -0.031020200032653572 0.011305629912251111 0.017371276832388632 0.0050039911749318218 0.0066661600254379677 -0.027100476849293672 -0.016664625723804248 0.012920853313251008 -0.014861592714978486 -0.00018963490020514637 0.0022411984709150407 0.005117818366766419 -0.0014372081729165404 -0.023248710808363524 0.0089176913341898409 -0.0022244124701508178 0.0070135959288891436 -0.0094721851487692375 -0.0039830526739954453 0.0075794958781268927 -0.017503889419215341 0.012853895260289072 -0.0022312565262566498 0.0014632311935711712 -0.0009098366482098388
leaf_weight=2132.7355494126678 6096.6567126214504 201.6033525839448 197.07169268280268 4851.9378132075071 1383.3435469120741 339.00164446234703 3563.9717419594526 2747.2473255768418 5324.8898008242249 177.74419063329697 209.03416447341442 337.55177964270115 2541.3893831819296 1393.6146947219968 3334.6005089357495 3088.2969328165054 5572.7625470384955 7595.6222434565425 213.59054370224476 2696.9445815756917 3537.2659372389317 4101.7704325094819 3284.7235460728407 9090.6546627879143 1269.2132453843951 419.61841328442097 452.41438668966293 7853.9729141592979 954.27935421466827 799.25425444543362
leaf_count=13018 25392 727 672 14034 4183 2596 20909 24397 27614 537 1444 1014 20609 4991 16047 10672 37551 36988 722 12955 14896 22022 11442 30904 9575 1305 1694 25812 3260 2317
internal_value=0 -0.00157537 0.007672 -0.0033911 -0.00252925 0.00241776 0.00290375 0.00819593 0.00501245 -0.0180573 -0.00112035 0.00312716 0.00581232 -0.00626838 -0.00094677 -0.000792345 0.00756176 0.00114551 -0.00226273 0.00370512 0.00211883 0.00378354 -0.00260691 -0.00512501 0.014277 -0.00376175 -0.0033021 -0.00140963 -0.00701042 -0.0100044
internal_weight=0 71302.4 14460.4 49014.7 43363.5 22287.6 21770.9 14263.3 15460.6 516.746 31495.9 11896.7 10246.9 11867.6 31286.9 31085.3 8114.15 15032 6310.25 11559.1 8862.16 7436.37 16053.3 10474 4016.46 12965 12545.4 8306.39 4239 5651.19
internal_count=400299 294477 105822 187842 171491 106635 103502 105150 77388 3133 131413 56479 71178 40078 129969 129242 58160 75057 26114 55465 42510 38069 54185 35087 33972 43513 42208 27506 14702 16351
is_linear=0
shrinkage=0.05


Tree=112
num_leaves=31
num_cat=0
split_feature=122 233 226 15 230 232 228 229 230 126 232 228 233 234 224 167 15 224 234 20 107 228 3 234 232 226 108 226 228 151
split_gain=458.232 469.872 407.274 222.076 175.699 170.27 154.806 153.089 163.209 149.844 143.575 177.897 137.456 122.866 118.251 115.117 109.578 102.594 91.1714 89.6731 85.5876 84.5064 83.9455 80.0195 82.4879 112.345 74.9463 71.2146 73.1436 71.057
threshold=0.046496607363224036 0.0058588914107531318 -0.0047057049814611665 0.11867519468069078 1.5000000000000002 -1.6804370880126951 23.000260353088382 0.83248120546340953 2.5000000000000004 0.032579896971583373 -1.5185908079147337 32.958612442016609 0.00055965055798878904 -0.012104724068194626 3.5000000000000004 5.174649953842164 0.58547654747962963 4.5000000000000009 0.072101317346096053 -0.019535209983587262 0.020063909702003006 88.40799713134767 269315.50000000006 -0.033350853249430649 -0.67935836315155018 0.010562879499047996 0.0079838843084871786 0.013014714233577253 69.069770812988295 22.040435791015629
decision_type=2 2 2 2 2 2 2 2 2 2 2 2 2 2 2 2 2 2 2 2 2 2 2 2 2 2 2 2 2 2
left_child=1 2 6 29 16 -6 14 17 -9 15 11 12 -8 19 -1 -7 23 -4 27 -13 -12 -5 -23 -2 -25 -26 -10 -17 -29 -3
right_child=4 3 7 21 5 9 10 8 26 -11 20 13 -14 -15 -16 18 -18 -19 -20 -21 -22 22 -24 24 25 -27 -28 28 -30 -31
leaf_value=-0.012629166095238079 -0.024890663275777884 -0.025903416588223899 0.084735820954333699 -0.0070223440621201118 0.022454036314381164 -0.0043633993454868609 -0.016693278736619983 -0.022099593403578224 0.001563937508508427 0.01989653068034343 -0.017775184991952058 0.014494781117251294 0.029819281859541594 -0.0078574638568935755 0.034077295135636287 0.011617676692345537 0.016210067490177945 0.02471259725954221 0.028898005496994013 0.050823413122393107 -0.0021300381915545395 0.1732483295746792 0.021228453620653034 0.0072757795567181486 -0.024285234613026667 -0.00089454987380764215 0.019777421758347177 -0.0042142277084938045 0.0099561128777666263 -0.01267972023898558
leaf_weight=206.5637844633311 529.71487541496754 3454.7488807439804 76.106018731370568 3150.8831035140902 1713.9924367330968 3262.782215828076 1193.6816455572844 408.94265175424516 971.09098400734365 1589.8058736771345 3355.763374991715 439.61930642835796 183.22229682840407 343.02983812615275 394.00315302982926 2784.3861700892448 595.15007810294628 1102.2875454574823 444.82209661975503 276.82988081872463 1182.0906735956669 9.680689372122286 146.61040517687798 1093.1201965808868 813.34596459195018 1391.7392638735473 1350.0202634502202 2412.3060159329325 1462.9203889928758 1439.0254788994789
leaf_count=3377 4691 89241 1003 33025 8107 25496 17966 6555 8886 6461 58017 4329 1696 6176 1373 13643 1890 4945 1472 2668 13377 114 1362 7364 6866 9164 6682 14618 8807 30928
internal_value=0 -0.00610992 0.000418389 -0.0152511 0.00491326 0.00771577 -0.00634551 0.0135272 0.00702593 0.0056031 -0.00844305 0.00134764 -0.0105039 0.01675 0.0180127 0.00341121 -0.00374887 0.0285892 0.00698177 0.0285319 -0.0136997 -0.00524227 0.0306446 -0.00685201 -0.00395487 -0.00952221 0.0121574 0.0055179 0.00113516 -0.022015
internal_weight=0 19684.2 11483.3 8200.95 18094.1 13671 7574.8 3908.45 2730.05 11957 6974.24 2436.38 1376.9 1059.48 600.567 10367.2 4423.07 1178.39 7104.43 716.449 4537.85 3307.17 156.291 3827.92 3298.21 2205.09 2321.11 6659.61 3875.23 4893.77
internal_count=400299 291720 137050 154670 108579 78604 108979 28071 22123 70497 104229 32835 19662 13173 4750 64036 29975 5948 38540 6997 71394 34501 1476 28085 23394 16030 15568 37068 23425 120169
is_linear=0
shrinkage=0.05


Tree=113
num_leaves=31
num_cat=0
split_feature=233 160 227 229 228 232 226 227 226 226 5 229 230 226 232 3 228 233 228 34 151 160 226 246 232 15 232 3 16 187
split_gain=167.195 199.374 163.2 233.692 111.399 109.035 295.831 93.0939 92.3157 84.5161 81.3456 80.2651 76.8828 87.7754 69.2394 67.7815 64.9837 64.4801 62.1067 59.3483 53.8113 53.6294 52.228 49.8274 49.5532 49.0417 47.1125 47.0028 44.4948 43.3498
threshold=-0.00297881884034723 3.7605513334274296 0.14847379177808764 1.7563159465789797 69.620273590087905 -1.1503158211708067 -0.013139597140252588 0.038397464901208885 -0.0097577082924544794 -0.045070454478263848 1.0000000180025095e-35 1.1704706549644472 1.5000000000000002 -0.051524756476283066 -0.40709845721721644 903125.62500000012 73.319728851318374 0.039717135950922973 34.844081878662116 1.8693020939826968 4.1699254512786874 2.4674479961395268 0.0052555834408849486 88.500000000000014 -1.4672073721885679 -0.048436652868986123 -1.5759174823760984 165433.43750000003 -0.0070853822398930779 -1.0000000180025095e-35
decision_type=2 2 2 2 2 2 2 2 2 2 2 2 2 2 2 2 2 2 2 2 2 2 2 2 2 2 2 2 2 2
left_child=1 15 3 5 9 10 11 14 20 12 -2 25 29 -14 21 24 27 -16 -10 -6 -4 -8 28 -13 -1 -7 -15 -9 -11 -3
right_child=2 4 8 -5 19 6 7 16 18 22 -12 23 13 26 17 -17 -18 -19 -20 -21 -22 -23 -24 -25 -26 -27 -28 -29 -30 -31
leaf_value=-0.017374326298518251 0.0075878158656323691 0.017181908296822715 0.035215769383120307 0.030943487158033592 0.018533288483839443 0.037680857897014607 -0.015864803545818561 0.032859686108999454 0.0080971894872060492 -0.0055775729023545256 -0.0068599447313193581 -0.0039627425868419665 -0.0090231017508180071 -0.0053308475889467001 -0.00064618486411171855 -0.017869685496205833 0.00085195628614109916 -0.012934014152857424 -0.0065931135607386259 0.0003728250449080994 0.0045260326453760748 0.0059136494718960821 -0.013252076810700099 0.046335174131209758 -0.00315077142916625 0.017138482641280078 0.013619716491720122 0.0080747202902568312 0.0014996138153734093 -0.013199407935200778
leaf_weight=809.60236490517855 1317.2502161823213 1200.0219443514943 155.91472564265132 801.50319615006447 1123.6576922237873 885.62802629545331 303.58100611716509 195.58012463152409 794.26433090865612 5534.3357017710805 3741.5704171657562 300.39327727258205 1462.5622958764434 466.35143658518791 3844.1999412104487 2240.233989238739 3859.6869720332325 1478.1244406215847 7641.0936026833951 750.25821778178215 1702.2805032171309 4104.9873681142926 1354.0348650030792 58.892115354537964 2513.2184200622141 432.38749882951379 1105.2550342008471 8715.6199435591698 3709.4883269444108 130.14613892883062
leaf_count=9532 8231 4497 696 4804 4454 3151 4103 688 3572 36656 29429 1021 7740 2795 27020 28012 24580 9864 49072 2932 7723 21781 9600 201 25251 1711 4891 44887 20804 601
internal_value=0 -0.00294164 0.00244578 0.0043076 -0.000230051 0.00357743 0.00497407 0.00346409 -0.00298751 -0.0016694 -0.00309794 0.0252311 0.00418647 -0.000207515 -0.000220221 -0.011148 0.00627139 -0.00405878 -0.00520989 0.0112624 0.0071011 0.00441395 -0.00408093 0.00428182 -0.00661633 0.0309417 0.00799641 0.00861869 -0.00273754 0.0142093
internal_weight=0 22399.2 40333 30039.4 16836.1 29237.9 24179.1 22501.8 10293.6 14962.2 5058.82 1677.3 4364.34 3034.17 9730.89 5563.05 12770.9 5322.32 8435.36 1873.92 1858.2 4408.57 10597.9 359.285 3322.82 1318.02 1571.61 8911.2 9243.82 1330.17
internal_count=400299 157765 242534 181471 94970 176667 139007 132923 61063 87584 37660 6084 20524 15426 62768 62795 70155 36884 52644 7386 8419 25884 67060 1222 34783 4862 7686 45575 57460 5098
is_linear=0
shrinkage=0.05


Tree=114
num_leaves=31
num_cat=0
split_feature=29 110 29 36 29 234 28 229 7 230 233 131 130 168 230 228 16 225 228 234 233 226 233 42 187 226 226 6 38 225
split_gain=351.944 151.552 134.943 115.843 94.6266 79.4716 74.2789 70.9392 62.3973 72.9512 82.9473 59.3908 51.4224 49.5216 53.8018 49.5849 43.5457 42.3867 48.4984 67.4318 156.342 64.2897 143.208 48.5914 39.8148 40.9224 43.4511 38.7872 38.4967 36.3443
threshold=0.034527780488133437 0.79808348417282116 0.062631804496049895 -1.0000000180025095e-35 0.020298494957387451 -0.013677731622010468 0.23508635908365252 1.8537479043006899 1.0000000180025095e-35 6.5000000000000009 -0.018290904350578781 -0.13332790136337277 -0.24364424496889112 1.0000000180025095e-35 10.500000000000002 34.844081878662116 0.006150623783469201 -0.013352007139474152 57.137739181518562 0.016909533180296425 0.026820542290806774 -0.00035978603409603233 -0.020063804462552067 0.5982840657234193 -2.9995000362396236 -0.030112086795270439 -0.030586643144488331 2.6881500482559209 0.20720189809799197 -0.012849084567278622
decision_type=2 2 2 2 2 2 2 2 2 2 2 2 2 2 2 2 2 2 2 2 2 2 2 2 2 2 2 2 2 2
left_child=3 2 6 4 -1 -6 7 13 9 24 16 -10 -3 14 17 -16 -11 -2 19 21 -21 23 -23 -19 25 26 -7 -8 -20 -25
right_child=1 12 -4 -5 5 8 27 -9 11 10 -12 -13 -14 -15 15 -17 -18 18 28 20 -22 22 -24 29 -26 -27 -28 -29 -30 -31
leaf_value=0.016337270703589268 0.0068430364836528316 -0.024277268156890047 -0.005309206491098362 -0.017940974663910075 0.012111997342104337 -0.003080009265415132 0.0071373694601492097 -0.023302473635437342 0.0086437305526050057 -0.024914020476833255 0.001726712157697795 -0.031686987994006585 -0.0056070509473613505 -0.0036280264636181165 -0.041691691246152011 -0.0045798106606707205 0.0029713481903418958 0.0092914195822382702 0.0069615154136495371 -0.046498164944594897 0.0022292112407761339 -0.029080972977196775 0.0020642151123015 -0.025810913498822214 0.0097376844487683453 0.0051666472744537305 -0.039888396442239911 0.0010711747475078016 -0.003645624410329527 0.00017244332196972856
leaf_weight=2081.2354217842221 3754.5175896063447 377.58639395236969 11071.272412717342 507.66695832461119 3281.3288675546646 545.62538848817348 6041.4307514354587 334.92745221406221 147.55134441703558 492.66946697980165 4231.0423823073506 239.36522137373686 15853.568266659975 7361.2594559937716 94.048286810517311 2093.2285577580333 195.57922535389662 1731.9634049013257 3946.5847037285566 267.0932035446167 429.0443842113018 572.75554147362709 1037.9211713969707 139.43691593408585 4906.0952933207154 3857.4885745048523 93.987554043531418 4673.5522957742214 1092.1005301699042 3865.0152899473906
leaf_count=21834 18477 1364 33544 2264 26455 3086 24563 1608 558 1741 28571 2074 50650 29512 343 9441 689 8669 18994 885 1804 1908 4820 563 39477 24587 395 17315 4621 18757
internal_value=0 -0.00185925 -0.000459825 0.00564709 0.00624369 0.00507602 0.000974367 -0.000436034 0.00350646 0.00404171 -0.000891887 -0.0163068 -0.00604138 -0.000145771 0.00120169 -0.00617554 -0.0169899 0.0021601 0.000816089 -0.00159349 -0.0164664 -0.000184276 -0.00901099 0.0022941 0.00662272 0.00322446 -0.0084888 0.00449148 0.00466249 -0.000732309
internal_weight=0 64737.3 48506.2 20579.6 20072 17990.7 37434.9 26719.9 14709.4 14322.5 4919.29 386.917 16231.2 26385 19023.7 2187.28 688.249 16836.4 13081.9 8043.23 696.138 7347.09 1610.68 5736.42 9403.2 4497.1 639.613 10715 5038.69 4004.45
internal_count=399569 247838 195824 151731 149467 127633 162280 120402 101178 98546 31001 2632 52014 118794 89282 9784 2430 79498 61021 37406 2689 34717 6728 27989 67545 28068 3481 41878 23615 19320
is_linear=0
shrinkage=0.05


Tree=115
num_leaves=31
num_cat=0
split_feature=29 227 224 233 234 167 230 233 226 187 230 3 226 233 227 226 227 227 227 233 233 234 233 225 15 168 187 230 234 225
split_gain=430.297 238.32 288.666 382.388 271.848 250.789 226.761 202.104 132.645 123.098 121.97 140.253 139.644 120.909 144.81 194.034 120.781 135.036 119.53 199.933 129.054 124.533 134.75 117.444 129.133 115.701 109.22 104.925 104.771 104.028
threshold=0.033971583470702178 0.22535404562950137 4.5000000000000009 -0.006994677707552909 -0.033350853249430649 5.2166500091552743 7.5000000000000009 -0.020705744624137875 -0.032310206443071358 -7.631500005722045 1.5000000000000002 671232.96875000012 0.04256462678313256 -0.00025094005832215766 -0.022036245092749592 -0.032876208424568169 0.013024828396737577 0.17166101187467578 0.14847379177808764 0.025118764489889148 0.041261924430727966 0.024203575216233734 0.16405923664569858 0.011082766111940147 -0.037997294217348092 0.62825000286102306 -1.0000000180025095e-35 7.5000000000000009 -0.01823861617594957 0.012082633562386038
decision_type=2 2 2 2 2 2 2 2 2 2 2 2 2 2 2 2 2 2 2 2 2 2 2 2 2 2 2 2 2 2
left_child=7 2 5 4 23 8 16 27 13 -5 -3 -12 -13 14 15 26 28 -18 20 -20 25 -21 29 -4 -25 -7 -2 -1 -6 -23
right_child=1 10 3 9 6 18 -8 -9 -10 -11 11 12 -14 -15 -16 -17 17 -19 19 21 -22 22 -24 24 -26 -27 -28 -29 -30 -31
leaf_value=-0.0097614812474229578 -0.0052568190451482517 -0.013287103218383209 -0.023248694243824697 0.0048296275470429782 0.016712453296141187 -0.0049082865983689781 0.036810120844366745 -0.0187558517728665 -0.015870155540157697 -0.017140088895105914 0.026349520161655184 -0.010438650902005115 0.025235211117989848 0.017282736949192471 -0.017706249607008832 0.072007938469951974 0.030715277732514559 -0.0081692426411149217 -0.014183058850765679 0.003061156443626388 -0.0098031564206854157 0.024325396505864159 0.010350810954176814 -0.0088987014953534737 0.036599643377795719 0.012957484334092148 0.03906758153125843 0.01231100580151996 -0.0026385157801713821 0.062256171366366325
leaf_weight=1234.1668952852488 1428.4031092375517 357.31616650894284 610.88206754252315 1024.7931441515684 1326.4359532371163 1758.7846953328699 1255.5895614027977 4353.9939775560051 4470.9019150044769 1687.4795522093773 1798.1712214313447 680.91414108872414 459.40678532794118 605.47126575559378 1616.9610543493181 96.718193758279085 1275.8444807231426 270.63364606723189 676.9811928793788 1010.6168590635061 2935.8301675952971 412.34794734790921 705.24244399368763 450.05569523200393 238.64259786531329 1869.4852998405695 153.96180860698223 955.06432404741645 1479.8782220855355 321.85295430570841
leaf_count=23854 16259 2009 6118 6114 7043 16609 3871 115987 58538 21061 7495 3259 1690 6323 20253 679 4779 2024 4595 6446 23446 2195 3318 4534 1444 9821 713 5563 11908 1621
internal_value=0 0.00158657 7.34256e-05 0.00706965 0.0133159 -0.0036526 0.0180906 -0.0125248 -0.00999108 -0.00883915 0.0142965 0.0176507 0.00393346 -0.00325401 -0.00702654 0.00325805 0.0126908 0.0239105 0.00182336 0.00986865 -0.00200929 0.0165144 0.0259598 -0.00728919 0.00686705 0.00429715 -0.000944119 -0.000132236 0.00650794 0.0409532
internal_weight=0 30979.6 27683.8 9620.23 6907.96 18063.6 5608.38 6543.23 8372.42 2712.27 3295.81 2938.49 1140.32 3901.52 3296.04 1679.08 4352.79 1546.48 9691.14 3127.04 6564.1 2450.06 1439.44 1299.58 688.698 3628.27 1582.36 2189.23 2806.31 734.201
internal_count=399569 254165 239712 68896 41721 170816 29625 145404 102765 27175 14453 12444 4949 44227 37904 17651 25754 6803 68051 18175 49876 13580 7134 12096 5978 26430 16972 29417 18951 3816
is_linear=0
shrinkage=0.05


Tree=116
num_leaves=31
num_cat=0
split_feature=7 233 29 227 234 228 228 234 25 13 234 226 228 194 234 228 226 228 3 151 33 228 29 143 227 233 233 34 161 226
split_gain=197.357 125.951 187.504 138.992 96.9761 96.9479 95.0796 80.0767 118.191 75.3772 72.9389 206.317 151.997 68.909 63.2292 58.8915 81.0344 58.0137 57.4177 56.2299 54.9141 64.0591 54.8504 53.2601 51.2429 90.4914 62.642 51.0787 49.9371 54.7187
threshold=1.0000000180025095e-35 -0.00297881884034723 0.036900121718645103 0.15771578997373584 0.0013204683200456204 69.620273590087905 69.069770812988295 -0.030719652771949765 29.835400581359867 0.14924257993698123 0.0079615630675107258 -0.013139597140252588 34.844081878662116 1.0000000180025095e-35 0.023264077492058281 50.77893257141114 0.011243334971368315 46.203847885131843 903125.62500000012 5.4821593761444101 -1.9002876877784727 36.259489059448249 0.019979468546807769 24.893150329589847 0.14627803117036822 0.049704665318131454 0.054417502135038383 1.8693020939826968 62.699964523315437 -0.025138872675597664
decision_type=2 2 2 2 2 2 2 2 2 2 2 2 2 2 2 2 2 2 2 2 2 2 2 2 2 2 2 2 2 2
left_child=1 2 18 6 19 7 10 13 -9 -2 12 14 -3 20 -12 -10 -17 28 -1 -5 21 -4 -14 -16 25 -13 -27 -7 29 -15
right_child=9 3 5 4 -6 27 -8 8 15 -11 11 24 22 17 23 16 -18 -19 -20 -21 -22 -23 -24 -25 -26 26 -28 -29 -30 -31
leaf_value=-0.0067901564217385975 0.031396048736612205 -0.014475203146756958 0.035412977853963093 0.025787147513452582 -0.0078574921522978503 0.016933645960054075 -0.00119464982914308 -0.011814404414321722 -0.0032440653814544101 0.0010297868451082414 0.028070411104591277 0.00088938922885539978 -0.022328786310600229 0.0050686047542194933 0.0007525135140367587 0.014376747459946894 -0.009391989923219022 -0.010368753952828333 -0.017602031300058413 0.001691935486749784 0.0011600979558244633 0.13173969073544989 0.0051415447672578073 0.024069842831832458 -0.0022868242775144344 0.020799890742416671 0.0076063658640690189 0.00022010248329571219 -0.0033756106319731659 0.023847930046682061
leaf_weight=3003.5363472886384 710.17595511674881 1331.0917459689081 127.27146017551422 283.10605688765645 5269.0000901222229 1157.8123870715499 8468.6222838461399 3416.11682375893 4621.485407076776 286.92681658267975 1290.0536406263709 5131.0076939575374 187.77774235233665 2496.2871650755405 543.07993488013744 1244.7189903408289 503.69910234957933 800.18102258443832 2077.1931373439729 1672.8185122199357 105.0872977077961 19.967247769236565 5628.4964661635458 446.03267564624548 2285.9690003804862 1070.0814819969237 5649.4311331361532 755.37261106073856 1437.2513197734952 459.26047776639462
leaf_count=32372 4602 12068 513 1434 35468 4619 52601 24183 27785 1428 4901 32121 3278 12050 2294 5961 3266 5681 27043 8189 470 99 36963 1357 12399 6193 27022 2961 7769 2479
internal_value=0 0.000233511 -0.00277417 0.00193632 -0.00432812 -0.000274093 0.0033493 -0.00160665 -0.004311 0.0226578 0.0049824 0.006818 0.000766505 0.00325346 0.0207782 -0.000286994 0.00752925 0.00201361 -0.0112105 0.00517954 0.0287701 0.048476 0.00425467 0.0112673 0.00456726 0.00588942 0.00970743 0.0103347 0.00426915 0.00798671
internal_weight=0 61481.8 22225.2 39256.6 7224.92 17144.5 32031.6 15231.3 9786.02 997.103 23563 16415.7 7147.37 5445.31 2279.17 6369.9 1748.42 5192.98 5080.73 1955.92 252.326 147.239 5816.27 989.113 14136.5 11850.5 6719.51 1913.18 4392.8 2955.55
internal_count=399569 393539 157251 236288 45091 97836 191197 90256 61195 6030 138596 86287 52309 29061 8552 37012 9227 27979 59415 9623 1082 612 40241 3651 77735 65336 33215 7580 22298 14529
is_linear=0
shrinkage=0.05


Tree=117
num_leaves=31
num_cat=0
split_feature=160 160 42 194 232 227 152 118 6 225 21 232 160 160 7 12 110 229 230 0 226 228 156 228 228 3 234 131 152 227
split_gain=322.603 170.929 142.613 73.9416 74.1503 185.506 100.418 68.5709 65.3331 62.0547 55.3126 44.0068 43.4939 42.8502 41.541 54.7705 43.2617 50.0863 39.551 39.2563 35.879 66.4403 35.7021 40.2105 35.5608 34.8219 37.4384 34.4646 33.7448 33.1237
threshold=3.0443155765533452 5.7110311985015878 1.008341431617737 1.0000000180025095e-35 -0.61112582683563221 -0.016072324477136132 0.010715381242334844 1.5000000000000002 2.7640500068664555 0.012681240681558849 46.983036041259773 -1.6804370880126951 8.0541548728942889 2.5416887998580937 1.0000000180025095e-35 0.12957411259412768 0.86207386851310741 1.2652578949928286 14.500000000000002 8.0000000000000018 0.088178858160972609 75.750839233398452 -3.4748355150222774 53.300489425659187 20.885622978210453 981162.03125000012 0.022120784968137745 0.049908237531781204 -0.025120966136455532 0.22535404562950137
decision_type=2 2 2 2 2 2 2 2 2 2 2 2 2 2 2 2 2 2 2 2 2 2 2 2 2 2 2 2 2 2
left_child=3 2 8 -1 13 9 -7 11 22 19 12 -4 -3 -5 16 -16 17 -13 25 -6 -18 -22 -2 -24 -10 -8 -27 -26 -25 -12
right_child=1 10 7 4 5 6 18 -9 24 -11 29 14 -14 -15 15 -17 20 -19 -20 -21 21 -23 23 28 27 26 -28 -29 -30 -31
leaf_value=-0.022332297968019183 0.0086012178723620363 -0.00048935437153619439 -0.0099283218766423979 0.020163579406437468 -0.013700106866089466 0.014854412882899487 0.00087195517689696094 -0.023894276950733751 -0.021162464049280464 -0.039010376915081954 -0.0067375471799741337 -0.0010437492106206276 -0.0084498138423186615 0.009249727578755992 -0.029652571512809894 -9.6353011330380784e-05 -0.0030911927508053294 0.0072962196508992612 -0.013900109612783755 0.0081750520711452567 -0.0017308214489290645 -0.028821976216743435 0.00084555654405806609 0.014068776641147689 -0.00040804610871263093 0.01728278248259307 0.0018823917003685919 0.013912053163273956 0.0044915720601092926 -0.016948697169080092
leaf_weight=206.26380402594805 4062.5158745497465 7371.0108360350132 1790.0524249374866 1541.5416674688458 766.85876358300447 3299.5928770005703 2452.6271746084094 378.44652161747217 199.85325981676579 188.55006255209446 10063.055613949895 10063.635423719883 2236.5458017140627 2158.9303608983755 303.62654063850641 324.00894239544868 5810.2071561217308 2192.4344370812178 310.6801378428936 279.96618524193764 510.86567911505699 406.31767576932907 7567.1554323807359 1144.0705295726657 11855.337620489299 878.26274299621582 716.6463610753417 435.60426852852106 4690.8309987932444 862.24975262582302
leaf_count=1052 21771 24363 7475 16802 3296 31554 17818 1315 848 1227 29366 42659 6535 18770 2386 1042 19197 9618 2182 1119 1595 1360 37496 6174 53696 7457 4810 2010 22063 2584
internal_value=0 -0.00124998 0.000281951 0.00736215 0.00784849 0.00537363 0.00827409 -0.00279677 0.00252039 -0.0126057 -0.00510985 -0.00242369 -0.00234247 0.0137962 -0.00173869 -0.0143945 -0.00132025 0.000448151 0.00329216 -0.00784974 -0.00454196 -0.0137324 0.00449515 0.0032505 -0.000240718 0.0046118 0.0103629 9.94737e-05 0.00636941 -0.00754343
internal_weight=0 72267.8 51735 12799.9 12593.7 8893.18 7657.81 21779.6 29955.4 1235.38 20532.9 21401.1 9607.56 3700.47 19611.1 627.635 18983.5 12256.1 4358.22 1046.82 6727.39 917.183 17464.6 13402.1 12490.8 4047.54 1594.91 12290.9 5834.9 10925.3
internal_count=399640 293553 230705 106087 105035 69463 63821 86647 144058 5642 62848 85332 30898 35572 77857 3428 74429 52277 32267 4415 22152 2955 87504 65733 56554 30085 12267 55706 28237 31950
is_linear=0
shrinkage=0.05


Tree=118
num_leaves=31
num_cat=0
split_feature=29 168 231 233 233 225 29 17 228 151 187 227 151 228 230 22 229 155 40 29 15 228 234 227 228 234 233 227 227 166
split_gain=398.807 260.996 259.557 302.646 168.489 168.108 163.204 149.411 136.665 125.054 119.697 109.798 120.005 89.8145 82.7522 81.7871 79.9375 78.6981 73.4666 77.1985 72.5898 71.3361 85.5047 82.1534 155.251 84.2462 83.1584 100.917 73.6972 69.9985
threshold=0.03116224613040686 2.0852500200271611 1.7051149606704714 -0.012939637526869772 -0.023511325009167191 -0.012285178527235983 0.062097311019897468 -0.05407248251140117 42.342876434326179 20.930321693420414 -6.50950002670288 0.22668402642011645 9.9478945732116717 20.885622978210453 7.5000000000000009 1.0000000180025095e-35 0.9569443166255952 -0.36578397452831263 3.3249390125274663 0.06315751746296884 0.7116275727748872 29.883596420288089 -0.032319288700819009 0.14912125468254092 70.230869293212905 0.034234046936035163 0.012774136383086445 0.018333122134208683 -0.024494701065123078 71.045146942138686
decision_type=2 2 2 2 2 2 2 2 2 2 2 2 2 2 2 2 2 2 2 2 2 2 2 2 2 2 2 2 2 2
left_child=4 2 3 5 14 -2 9 -7 -5 13 -10 -12 17 16 -1 -6 -4 -13 19 -3 -8 22 -11 26 -25 -26 27 -23 -24 -19
right_child=1 18 6 8 15 7 20 -9 10 21 11 12 -14 -15 -16 -17 -18 29 -20 -21 -22 23 28 24 25 -27 -28 -29 -30 -31
leaf_value=-0.012360652555047605 -0.011465858606137474 0.0042219602241081794 -0.020164499212565554 -0.025957308931787056 0.03738246131971671 -0.0041297565771405134 0.0013265575456237737 0.023553411767118074 0.014891503117764385 -0.017799816134471871 -0.013436484795904188 0.0079454169078705447 -0.0052552469412729631 -0.011471274556115863 0.01160785419093751 -0.021817974846574242 0.026850178121482833 0.15640233968537992 0.022536558657984668 0.020469151047433718 0.019651419510171964 -0.0029927188459273439 0.0021230816320540733 -0.0051076147233231929 0.039839541622761127 -0.022325511896336091 -0.015018049058703088 0.04177588075879439 0.038237765573802804 0.04945303215395238
leaf_weight=710.14349717646837 499.62280089780688 2945.4453980084509 131.41018747538328 576.20547738485038 59.42443660274148 573.89896567538381 4934.221984770149 3234.0142588354647 996.92685509100556 166.21045731380582 1540.585909223184 122.5570816770196 456.49022434279323 8507.9506750758737 730.59567392803729 3200.3505376186222 289.78909942507744 17.489345896989107 1169.1911646537483 972.53054589405656 606.89343723654747 1144.8879549987614 245.63073345832527 851.43559870123863 389.18712678179145 63.374950435012579 1655.2107706796378 141.4302974306047 332.45543936267495 122.18094971030951
leaf_count=14852 3827 15532 1860 6716 302 5315 29103 13090 6173 1999 19585 678 2719 112376 3964 94682 1310 125 4745 3123 1933 14042 3191 8117 2904 496 22838 711 2714 618
internal_value=0 0.00113051 -0.000787632 0.00670945 -0.0144454 0.0158033 -0.00392359 0.0193812 -0.00351178 -0.00681266 0.000460063 -0.00590787 0.0102299 -0.0103555 -0.000206275 -0.0207388 0.012182 0.0371867 0.0115373 0.00825488 0.0033336 -0.000472823 0.0138054 -0.00297599 0.00747038 0.0311342 -0.00760692 0.00192957 0.0228925 0.0628451
internal_weight=0 32687.2 27600.1 8139.97 4700.51 4307.54 19460.1 3807.91 3832.44 13919 3256.23 2259.3 718.718 8929.15 1440.74 3259.77 421.199 262.227 5087.17 3917.98 5541.12 4989.82 744.297 4245.53 1304 452.562 2941.53 1286.32 578.086 139.67
internal_count=399640 285840 262440 58846 113800 22232 203594 18405 36614 172558 29898 23725 4140 115546 18816 94984 3170 1421 23400 18655 31036 57012 7904 49108 11517 3400 37591 14753 5905 743
is_linear=0
shrinkage=0.05


Tree=119
num_leaves=31
num_cat=0
split_feature=7 232 226 229 231 13 225 225 226 234 226 17 232 230 225 156 134 3 230 128 187 225 229 229 229 230 185 225 151 226
split_gain=171.205 133.064 111.438 103.911 108.911 89.6172 81.3454 64.0942 61.3033 186.614 105.84 91.9336 88.0147 75.1982 68.8239 63.5249 85.1566 58.7057 57.5859 62.6924 59.2314 55.7548 55.7333 54.6674 57.5652 52.2616 52.1349 55.9263 48.7123 68.656
threshold=1.0000000180025095e-35 -1.5185908079147337 -0.052973167970776551 1.6979064345359804 1.3472215533256533 0.14253419637680056 -0.029245145618915554 -0.013352007139474152 -0.030112086795270439 0.016909533180296425 -0.036604972556233399 -0.05407248251140117 -1.355474531650543 6.5000000000000009 0.0059500080533325681 0.92530593276023876 17.500000000000004 1086649.3750000002 7.5000000000000009 -0.054733892902731889 -4.6575000286102286 -0.010001915041357277 0.75164958834648143 1.2644823193550112 1.2817759513854983 5.5000000000000009 4.715000159194461e-06 0.0036097576376050715 2.9141898155212407 0.088178858160972609
decision_type=2 2 2 2 2 2 2 2 2 2 2 2 2 2 2 2 2 2 2 2 2 2 2 2 2 2 2 2 2 2
left_child=1 2 -1 4 17 -2 -6 -4 9 11 -11 12 -8 15 21 26 23 25 20 -20 -9 -14 -22 -17 -25 -3 -10 -28 29 -15
right_child=5 3 7 -5 6 -7 8 18 13 10 -12 -13 14 28 -16 16 -18 -19 19 -21 22 -23 -24 24 -26 -27 27 -29 -30 -31
leaf_value=0.0097830326426066559 0.031513597292927041 0.0026042490735976665 -0.0020184950018510318 -0.016815567990550291 0.010976139055927481 -0.0014198349710041387 -0.0037997361456647005 -0.0072528782285809128 -0.0045626057609796794 0.0079772182143657815 0.034962294999112291 -0.0017234400632839377 -0.0045216569189753218 0.0051651545995844966 -0.0056398800406241012 -0.001440600505927099 0.021728189454267841 -0.011748329885416142 0.03623955814521311 -0.005306569170776286 0.0032569283904781798 0.023656781762375421 -0.023440451139314776 0.015886836712630373 0.0016190679781464996 -0.0068492756699231883 -0.0015143396056524596 0.1527281603703505 0.0036124302811665443 0.055592844026948064
leaf_weight=993.47258590906858 667.10150542110205 3219.3267493620515 2679.3917436413467 805.38439943641424 2510.860921934247 299.21657755970955 836.82217975705862 1490.9170810543001 8436.202331289649 711.71094882488251 742.39100705087185 5081.7795457951725 201.63754615187645 175.47881631180644 314.25537848472595 10102.715261101723 484.66618651151657 1923.2968716621399 102.46430733799934 797.75964841246605 220.05030935630202 1356.5730701982975 1751.2698276489973 1012.647468008101 2341.817817915231 2678.1649720594287 12.712545014917852 10.929500903934239 10303.382159560919 109.68623076379299
leaf_count=4790 4514 19937 20490 5997 10764 1497 6354 10434 65303 2443 2463 31153 1585 1300 1936 56640 1753 16314 476 6705 2125 6501 18051 4422 12658 21260 113 67 61124 471
internal_value=0 0.000105001 -0.00589355 0.00100809 0.00128117 0.0213159 0.00223264 -0.00810522 0.00171285 0.00531125 0.0217544 0.00224234 0.0096809 0.000704438 0.0157055 -0.000936751 0.00113731 -0.00416263 -0.0118436 -0.000577751 -0.0147729 0.0200104 -0.0204603 0.000395726 0.00592623 -0.00168878 -0.00435482 0.0697906 0.00417663 0.0245617
internal_weight=0 61407.8 8035.33 53372.4 52567.1 966.318 44746.3 7041.85 42235.4 9245.17 1454.1 7791.07 2709.29 32990.2 1872.47 22401.7 13941.8 7820.79 4362.46 900.224 3462.24 1558.21 1971.32 13457.2 3354.47 5897.49 8459.84 23.642 10588.5 285.165
internal_count=399640 393629 63071 330558 324561 6011 267050 58281 256286 52435 4906 47529 16376 203851 10022 140956 75473 57511 37791 7181 30610 8086 20176 73720 17080 41197 65483 180 62895 1771
is_linear=0
shrinkage=0.05


Tree=120
num_leaves=31
num_cat=0
split_feature=6 29 110 5 5 41 12 230 229 233 234 21 233 11 6 226 15 130 234 187 15 233 234 227 230 233 168 139 157 5
split_gain=319.116 145.099 119.31 117.465 113.437 61.97 52.3788 48.8552 68.3626 61.2875 95.7459 45.3324 50.454 51.7254 44.0134 42.4481 41.4074 61.1185 40.7647 39.9896 36.4758 73.7288 44.8388 35.2117 76.9139 35.4818 35.1138 34.0532 33.3769 33.3136
threshold=1.7276499867439272 0.052425134927034385 0.7073231339454652 1.0000000180025095e-35 21.239649772644047 0.01888066437095404 0.23162608593702319 7.5000000000000009 1.8537479043006899 -0.018290904350578781 -0.010293399915099142 48.46045112609864 -0.01204910362139344 0.025560688227415088 4.1393499374389657 0.23819749057292941 -0.1418265104293823 0.044746734201908119 0.01678968966007233 -1.7685000300407407 -0.12999104708433148 0.019478814676404003 0.0079615630675107258 -0.017350966110825535 7.5000000000000009 -0.039505766704678529 1.2533499598503115 4.5000000000000009 1.1517307162284853 12.422150135040285
decision_type=2 2 2 2 2 2 2 2 2 2 2 2 2 2 2 2 2 2 2 2 2 2 2 2 2 2 2 2 2 2
left_child=3 2 5 26 20 -2 -4 8 16 10 -9 12 13 23 -11 -13 18 27 -7 -6 21 -5 -23 24 -3 -25 -1 -18 -17 -22
right_child=1 11 6 4 19 7 -8 9 -10 14 -12 15 -14 -15 -16 28 17 -19 -20 -21 29 22 -24 25 -26 -27 -28 -29 -30 -31
leaf_value=0.00074820438903883081 0.0087306722182142853 -0.0076633477361111651 -0.0029638914460787158 0.010526451274758125 0.0015004422281098698 -0.00051780665680944331 -0.021381973437437848 -0.001549896531512043 -0.022088067174187802 0.0039224456996024108 -0.027835676705945674 -0.0074884138804305542 0.00080459194813519742 0.016065616325973611 -0.0077079154170192152 -0.015159668326847234 -0.028124972534405952 0.0084041650475333244 -0.020512405838644551 0.0088859258555729053 0.0184980185243863 0.024691537243183632 -0.031355237920821795 0.0025277590484516174 -0.032491627604551744 -0.0087145975343859029 -0.010281616669740791 0.001775101312645136 0.015809605136221497 0.010803636180818334
leaf_weight=5066.7181865796447 3197.5209169313312 2211.2445521205664 14373.299831718206 860.54088182002306 6291.6959588304162 2054.8826871439815 396.67030920833349 909.13345395028591 273.88799587637186 2708.3682087808847 559.71637561917305 12181.7728253901 5593.398601219058 255.89573177695274 1162.6763210818172 116.45344412326813 96.426168709993362 5216.7919833287597 291.01961628347635 2586.2798929065466 2227.433253519237 43.78681406378746 192.87970920652151 1409.6867965906858 363.1538555175066 1397.678512275219 841.40268900245428 7648.132232427597 343.99682115018368 3818.0072894990444
leaf_count=24428 25015 7281 60410 6132 33627 11235 1382 4300 1563 14584 2069 36261 18449 934 5720 366 329 27252 1299 16774 18174 368 902 4785 1246 4442 3104 39899 1003 26279
internal_value=0 -0.00180315 8.04939e-05 0.00520345 0.00742575 0.00224776 -0.00345854 0.00125693 0.00267142 -0.00287038 -0.0115663 -0.00487153 -0.00255989 -0.00589797 0.000429242 -0.00692513 0.00311444 0.00422078 -0.00299823 0.00365194 0.0121164 0.0037293 -0.0209858 -0.00694231 -0.0111657 -0.00306938 -0.000822603 0.00140282 0.0079771 0.0136386
internal_weight=0 62761.8 38888.5 21928.7 16020.6 24118.6 14770 20921 15581.1 5339.89 1468.85 23873.3 11231.1 5637.66 3871.04 12642.2 15307.3 12961.4 2345.9 8877.98 7142.65 1097.21 236.667 5381.76 2574.4 2807.37 5908.12 7744.56 460.45 6045.44
internal_count=399612 269824 195057 129788 102256 133265 61792 108250 81577 26673 6369 74767 37137 18688 20304 37630 80014 67480 12534 50401 51855 7402 1270 17754 8527 9227 27532 40228 1369 44453
is_linear=0
shrinkage=0.05


Tree=121
num_leaves=31
num_cat=0
split_feature=29 233 227 226 229 226 234 24 226 229 6 187 234 233 233 233 187 134 227 185 108 187 126 226 3 41 227 23 154 227
split_gain=384.722 324.898 299.168 243.974 232.077 154.266 193.301 150.575 127.74 127.227 106.353 104.938 96.8716 132.724 104.276 86.1796 84.742 82.523 76.9265 73.8938 87.6884 72.0354 71.864 77.4482 77.3194 68.2582 66.0548 62.9641 58.38 75.7656
threshold=0.051113409921526916 -0.0111924079246819 0.14912125468254092 -0.0047057049814611665 0.95194616913795482 -0.033489985391497605 -0.0059268265031278125 61.329753875732429 0.17813075333833697 1.0241429805755617 2.9055500030517583 -6.6659998893737784 -0.032319288700819009 -0.010964763816446064 -0.052350873127579682 -0.047081079334020608 -2.4305000305175777 12.500000000000002 0.15019556134939197 4.5499999146159103e-07 -0.016235343180596825 -1.0000000180025095e-35 0.038145735859870918 -0.0089901331812143308 360863.82812500006 0.12720377743244174 0.0038289492949843411 46.778425216674812 -3.4052641391754146 0.15223262459039691
decision_type=2 2 2 2 2 2 2 2 2 2 2 2 2 2 2 2 2 2 2 2 2 2 2 2 2 2 2 2 2 2
left_child=1 3 5 17 18 6 19 8 12 -5 22 -7 27 14 21 -16 -15 -1 -4 20 -3 -14 23 24 -6 -9 -11 -2 -12 -30
right_child=7 2 4 9 10 11 -8 25 -10 26 28 -13 13 16 15 -17 -18 -19 -20 -21 -22 -23 -24 -25 -26 -27 -28 -29 29 -31
leaf_value=0.002661933375827377 -0.017337612287420642 0.076656507926290585 0.041561224486155242 0.020130216396789472 0.11786220294755334 -0.0096588269672129717 -0.014916874516222055 0.008710353005088026 -0.022749888810799927 0.0052383434304457913 -0.013908063739333646 -0.022650323995685635 -0.018811962424051483 0.0034413165178656898 0.053509325271423706 0.013124681443941738 -0.011084092518131047 -0.0097349872492957235 -0.014903320165020849 -0.00024718855228230162 0.01877331033400326 0.027387631215321163 0.028076897657219713 -0.006537914489532665 0.0035405423698010481 0.022802646709328429 -0.026335050755140733 0.0047153506953663393 0.084219909196323176 0.024244234785311243
leaf_weight=2397.2230075914413 921.6999274045229 117.38875279203057 62.52728989161551 2125.353498890996 25.517669539898634 2251.7424674555659 666.48720587417483 4823.8646713420749 528.4172839820385 730.04055561870337 90.981571989133954 5018.9505945183337 411.11607902124524 3205.0163991041481 137.97887644171715 3101.9466758370399 1462.2136188261211 3050.8645180482417 1709.05114678666 142.51454299129546 147.82419404760003 106.16198934614658 220.25818909332156 1017.5041696522385 35.18129258044064 1045.5106017962098 214.27515067532659 498.8426124304533 56.417830262333155 790.08098793402314
leaf_count=27548 8417 949 1049 10697 181 24256 15382 23230 5132 4616 1468 123943 4028 20160 494 14766 11596 48350 24423 1323 1501 355 779 10373 384 3193 3058 2761 364 4836
internal_value=0 -0.00544097 -0.0106214 0.0020717 0.000607146 -0.0160138 0.0016725 0.00482059 0.00119939 0.0133451 0.0113174 -0.0186268 0.00248484 0.00452149 0.0115162 0.0148445 -0.0011094 -0.0042802 -0.0129104 0.0287901 0.0443936 -0.00933033 0.00205161 -0.0032649 0.051601 0.0112206 -0.00192599 -0.00959342 0.0241509 0.0282415
internal_weight=0 20870.2 12352.4 8517.76 4007.52 8344.91 1074.21 16242.8 10373.4 3069.67 2235.94 7270.69 9844.98 8424.43 3757.2 3239.93 4667.23 5448.09 1771.58 407.727 265.213 517.278 1298.46 1078.2 60.699 5869.38 944.316 1420.54 937.48 846.499
internal_count=399612 305480 211211 94269 43857 167354 19155 94132 67709 18371 18385 148199 62577 51399 19643 15260 31756 75898 25472 3773 2450 4383 11717 10938 565 26423 7674 11178 6668 5200
is_linear=0
shrinkage=0.05


Tree=122
num_leaves=31
num_cat=0
split_feature=7 4 4 231 13 228 229 225 227 231 227 233 192 107 233 185 227 227 36 227 225 233 228 16 229 14 213 19 233 225
split_gain=166.978 106.448 190.129 78.4688 74.3314 72.6873 96.1847 85.6092 55.7893 54.5451 53.5274 139.31 63.5033 51.4804 50.6493 44.5988 44.5155 44.3649 54.8479 50.7968 47.1845 64.5685 47.9776 42.9112 42.5116 41.3366 37.0472 36.7465 35.7285 124.556
threshold=1.0000000180025095e-35 1.0000000180025095e-35 16.851399421691898 1.4151450991630556 0.14253419637680056 35.280538558959968 1.804553806781769 -0.014302461873739956 0.146713562309742 22.755278587341312 -0.059868887066841119 0.019478814676404003 1.0000000180025095e-35 0.047981202602386482 -0.012939637526869772 1.0500000158231161e-07 -0.036407448351383202 -0.011294552125036715 -71.83416366577147 -0.0088880243711173517 -0.0019241109257563946 -0.0044474434107542029 69.381916046142592 0.0680518113076687 1.1768660545349123 0.057898029685020454 -0.0017326286179013548 -0.14329701662063596 0.0089163798838853853 0.012681240681558849
decision_type=2 2 2 2 2 2 2 2 2 2 2 2 2 2 2 2 2 2 2 2 2 2 2 2 2 2 2 2 2 2
left_child=1 9 10 14 -2 28 7 8 -7 26 11 -3 -12 -11 -4 -13 -16 20 -19 -20 24 -22 -23 -21 27 -14 -1 -9 -5 -30
right_child=4 2 3 5 -6 6 -8 17 -10 13 12 15 25 -15 16 -17 -18 18 19 23 21 22 -24 -25 -26 -27 -28 -29 29 -31
leaf_value=-0.0025630472923862538 0.031027825113685455 -0.01269922290637626 -0.011832364159867598 -0.0043036003117007367 0.00082896330218549955 0.012683698530198993 -0.022614018282479244 0.024155895534248618 -0.0054135170225365825 0.051548119755282423 0.018749935303843814 0.054717679819158399 -0.015500834228667519 0.011472906990912848 -0.020789122410660828 0.015095199972894536 -0.00061431228905843181 -0.0054797564285525291 -0.01337828776656441 0.004038572714681647 -0.012346827088726749 0.0099848019882303601 -0.0045616891260687837 -0.0021512994199984394 -0.010875777091341384 -0.0054986302611908849 0.0047072045156893979 0.0086491679758613823 -0.0017213038676317533 0.041488395873624628
leaf_weight=2078.8704627044499 642.70510324835777 708.31046711653471 1827.5030851773918 6919.5888480357826 298.35866370797157 3016.4801388345659 375.89489273354411 657.45022269710898 495.86615981906652 108.69279419630766 169.44887925684452 91.150548502802849 3323.580763310194 305.0196221023798 292.70642763376236 321.57534321770072 4149.9879342839122 3087.5081578828394 528.78715305402875 10582.713746726513 607.62928161025047 1915.6929932497442 805.05243245884776 3807.2270021140575 174.4107158780098 1498.7769083566964 11152.800180360675 912.02479553595185 1129.7847840413451 195.66255311667919
leaf_count=9789 4515 8214 17211 48126 1487 15069 3127 3764 2501 502 1002 443 37285 1192 2220 1582 27202 21407 3504 67555 4645 9683 4862 15377 1472 9744 63878 5537 6002 715
internal_value=0 0.000230721 -0.000885459 0.000327667 0.0214535 0.00124534 0.00250147 0.00285651 0.0101288 0.00412393 -0.00911778 0.000755371 -0.011335 0.0220017 -0.00482571 0.0238458 -0.00194353 0.00174974 0.000586214 0.0018416 0.00588018 0.00238949 0.00568058 0.00240088 0.0125425 -0.0123922 0.00356495 0.0151449 -0.00286307 0.00465731
internal_weight=0 61240.2 47594.8 41482 941.064 35211.8 26966.7 26590.8 3512.35 13645.4 6112.84 1121.04 4991.81 413.712 6270.2 412.726 4442.69 23078.5 18006.2 14918.7 5072.26 3328.37 2720.75 14389.9 1743.89 4822.36 13231.7 1569.48 8245.04 1325.45
internal_count=399612 393610 318249 259979 6002 213346 158503 155376 17570 75361 58270 10239 48031 1694 46633 2025 29422 137806 107843 86436 29963 19190 14545 82932 10773 47029 73667 9301 54843 6717
is_linear=0
shrinkage=0.05


Tree=123
num_leaves=31
num_cat=0
split_feature=160 160 36 3 118 124 14 233 36 6 160 228 228 233 232 233 233 228 227 226 233 233 226 228 228 232 234 228 7 7
split_gain=286.394 149.468 153.747 80.2082 79.4216 72.6577 47.6423 46.6933 58.3249 44.7361 42.3314 40.5162 46.9205 56.1633 56.0599 52.5293 47.8898 100.824 77.841 37.6025 38.1409 45.7585 86.3451 67.6698 57.7132 31.488 38.2986 36.9541 33.4133 30.525
threshold=3.0443155765533452 6.8142392635345468 -42.052419662475579 1231390.8125000002 1.5000000000000002 0.011194328311830761 -1.0000000180025095e-35 0.069746304303407683 -52.541511535644524 3.2798500061035161 4.6540825366973886 53.300489425659187 35.280538558959968 0.019478814676404003 -0.097113747149705873 0.020514339208602909 -0.020705744624137875 36.941593170166023 -0.028905277140438553 -0.072126392275094972 -0.057168092578649514 -0.023357733152806755 -0.0047057049814611665 24.623007774353031 53.898300170898445 1.9164749979972842 0.022120784968137745 83.257507324218764 1.0000000180025095e-35 1.0000000180025095e-35
decision_type=2 2 2 2 2 2 2 2 2 2 2 2 2 2 2 2 2 2 2 2 2 2 2 2 2 2 2 2 2 2
left_child=3 2 5 6 10 9 -1 29 -9 11 25 12 13 -2 16 -15 18 -18 -14 -7 -21 22 23 -22 -24 28 -27 -28 -4 -5
right_child=1 -3 4 7 -6 19 -8 8 -10 -11 -12 -13 14 15 -16 -17 17 -19 -20 20 21 -23 24 -25 -26 26 27 -29 -30 -31
leaf_value=0.0082608569578243914 0.0087805937863376492 -0.007027142623381593 -5.3262934097136438e-05 0.014937859695031122 -0.02287946239011137 -0.019747337742917041 0.00048526645095876522 0.018311374973041625 -0.010156891299541792 0.00019765945494536519 -0.0053159464973509228 0.0084044008162074361 0.0012034940662932626 -0.022321445061033306 0.0072176257258114015 0.0052404461415510011 -0.041447715559386346 0.0043608311275049284 -0.021899834422398942 0.0081967953769714573 -0.031680037253999586 0.00020319668736805527 -0.028176217442594631 0.0010123705479804217 0.0011384368180472032 0.0020919054808574292 -0.030584299082539262 -0.0082947598198712304 -0.03032278890754584 -0.031755476513261154
leaf_weight=3561.0306869596243 4182.1516291946173 9530.7559424713254 12489.9985152632 3789.7171901576221 508.05508223176003 262.66193941235542 4409.2393997609615 294.43210385739803 462.58687733113766 6960.8919686228037 10517.261939808726 5637.5896416455507 700.02672956138849 300.19110724329948 1654.5115315541625 407.59282136708498 128.93131057918072 1757.4873313605785 760.84646352380514 1121.3929602056742 171.6865461319685 10177.443193852901 623.26617708802223 2027.8537024185061 229.80344569683075 641.18756176531315 241.38535138219595 809.72688579559326 91.83958775550127 35.327732779085636
leaf_count=32206 22463 28098 55116 35198 1784 827 32318 2983 3247 30986 32396 27462 3726 1144 7906 1844 415 8981 2895 4781 660 41919 2104 9294 911 2809 1234 3123 838 348
internal_value=0 -0.00119515 -0.000304444 0.0069898 -0.00331 0.00174488 0.00395932 0.0122612 0.000915449 0.00352844 -0.00290896 0.00502144 0.00309338 0.00657617 -0.000311506 -0.00644933 -0.00403303 0.00122995 -0.0108291 -0.00099991 -0.000656792 -0.00140723 -0.00677642 -0.00153946 -0.0202793 -0.00113547 -0.00753873 -0.0134135 -0.000274212 0.0145066
internal_weight=0 71934.5 62403.8 12552.3 25299.5 37104.3 7970.27 4582.06 757.019 22490.2 24791.4 15529.3 9891.74 4889.94 5001.8 707.784 3347.29 1886.42 1460.87 14614.1 14351.4 13230.1 3052.61 2199.54 853.07 14274.1 1692.3 1051.11 12581.8 3825.04
internal_count=400016 293716 265618 106300 97300 168318 64524 41776 6230 107822 95516 76836 49374 25451 23923 2988 16017 9396 6621 60496 59669 54888 12969 9954 3015 63120 7166 4357 55954 35546
is_linear=0
shrinkage=0.05


Tree=124
num_leaves=31
num_cat=0
split_feature=29 230 232 227 224 227 15 225 108 187 230 231 234 230 227 33 139 231 144 234 230 227 234 234 34 232 230 34 231 227
split_gain=360.085 231.539 256.21 333.543 243.495 262.427 214.371 183.028 183.407 169.677 161.011 144.872 158.085 136.395 130.253 122.469 119.174 115.888 112.479 105.187 105.179 141.83 104.132 252.983 100.834 96.6877 107.592 102.689 95.0757 92.9395
threshold=0.03116224613040686 1.5000000000000002 -1.6804370880126951 0.18537236005067828 3.5000000000000004 0.14912125468254092 0.38386669754982 -0.018226363696157929 0.0039467907045036563 -2.567499995231628 3.5000000000000004 4.7540907859802255 -0.028178878128528592 7.5000000000000009 -0.024494701065123078 7.2997169494628915 2.5000000000000004 7.8337683677673349 17.961000442504886 -0.0064093542750924817 12.500000000000002 -0.033182777464389794 0.026178186759352687 0.025395309552550319 -11.120345115661619 1.4656801223754885 7.5000000000000009 33.317293167114265 0.64598518610000621 -0.05856011621654033
decision_type=2 2 2 2 2 2 2 2 2 2 2 2 2 2 2 2 2 2 2 2 2 2 2 2 2 2 2 2 2 2
left_child=16 17 14 4 5 6 11 15 -9 19 -7 12 -4 -10 -3 -6 -1 18 22 -5 -15 -22 23 -2 -16 26 -12 -27 -18 -20
right_child=1 2 3 9 7 10 -8 8 13 -11 25 -13 -14 20 24 -17 28 -19 29 -21 21 -23 -24 -25 -26 27 -28 -29 -30 -31
leaf_value=0.042466612005676939 -0.011012563886142355 0.0033250912788807467 0.021953529503119525 -0.0088014765420381252 -0.016569575955478654 0.045661290967989321 0.004876937923602144 -0.0019401120311922781 0.0066579384196628335 -0.0038126695779935058 -0.0091067729313131993 -0.02479093970594053 -0.01231002415104721 0.032546116109690486 0.0082966011959001041 0.019387451719173554 0.00081537010818192874 0.010592874239613635 0.044475517587348024 0.023684770559393786 0.087921001226036799 -0.021944311216401526 -0.029246372551845382 0.09092217971334747 0.030350430172352366 -0.01216383905359676 0.036529069273764078 0.014045879042639296 -0.018673243969687506 -0.0009815361195278005
leaf_weight=90.920567579567432 4261.3807809501886 1394.9009314030409 368.90027210116386 275.76702689006925 1210.5348061993718 252.94698637351394 1739.604017984122 1890.192679874599 1460.532546825707 952.60611609742045 195.065618397668 2356.5845547020435 3849.6531193889678 1437.3219634629786 793.13390255346894 294.40135322883725 753.96057959645987 855.71295370161533 121.19572833925486 2583.8632800597697 34.902417527511716 185.51181759685278 794.9715431202203 61.74969170242548 1495.735110655427 1037.1078687142581 382.23404070921242 584.24124589189887 3682.1427927073091 1557.2248424068093
leaf_count=478 52330 11549 3866 1603 14600 1544 6560 21240 8473 6720 1803 32652 50998 5791 5605 1569 7935 5649 524 10708 252 1895 10342 567 7771 8880 3274 2149 105543 7146
internal_value=0 0.000854128 0.00320216 0.00107724 -0.00187607 -0.0064926 -0.0107314 0.00575484 0.0103493 0.0144637 0.00788347 -0.0148609 -0.00931378 0.0177987 0.0153687 -0.00953553 -0.0141996 -0.00674811 -0.00893142 0.020552 0.0276141 -0.00454723 -0.0126149 -0.00955657 0.0227084 0.00353727 0.021109 -0.00271936 -0.015361 0.00230084
internal_weight=0 32428 24775.7 21092 17279.7 10766.3 8314.74 6513.4 5008.46 3812.24 2451.6 6575.14 4218.55 3118.27 3683.77 1504.94 4527.02 7652.24 6796.52 2859.63 1657.74 220.414 5118.1 4323.13 2288.87 2198.65 577.3 1621.35 4436.1 1678.42
internal_count=400016 286060 209502 184577 165546 111726 94076 53820 37651 19031 17650 87516 54864 16411 24925 16169 113956 76558 70909 12311 7938 2147 63239 52897 13376 16106 5077 11029 113478 7670
is_linear=0
shrinkage=0.05


Tree=125
num_leaves=31
num_cat=0
split_feature=232 226 234 228 227 232 227 229 19 3 226 234 151 5 233 5 142 144 226 228 200 3 229 246 5 233 151 232 234 128
split_gain=124.275 108.647 156.377 120.76 110.802 126.641 127.135 141.422 107.494 97.1176 88.7313 88.7042 84.9344 76.6569 72.5221 60.655 57.2249 57.1172 57.0632 56.767 56.0667 54.1919 49.6003 49.0289 48.9511 48.7751 47.9864 46.1314 43.303 42.1176
threshold=-1.355474531650543 -0.030112086795270439 0.0079615630675107258 48.725658416748054 0.20411980897188189 0.39682576060295111 0.13368050009012225 1.7563159465789797 -0.14329701662063596 1231390.8125000002 -0.036604972556233399 -0.030719652771949765 4.2461678981781015 11.850899696350099 -0.0060898258816450826 1.0000000180025095e-35 12.826049804687502 -24.972700119018551 0.092050734907388701 59.14936828613282 -1.0000000180025095e-35 127240.58593750001 0.8157344162464143 89.500000000000014 23.594349861145023 0.06707268208265306 23.938082695007328 -1.3694245815277097 -0.022184542380273339 -0.013558700680732725
decision_type=2 2 2 2 2 2 2 2 2 2 2 2 2 2 2 2 2 2 2 2 2 2 2 2 2 2 2 2 2 2
left_child=11 2 3 28 5 9 7 19 -5 20 13 17 22 -4 -13 -16 -14 -1 -18 29 -3 -21 -8 -15 -17 -6 -19 -28 -2 -7
right_child=1 4 10 8 25 6 12 -9 -10 -11 -12 14 16 23 15 24 18 26 -20 21 -22 -23 -24 -25 -26 -27 27 -29 -30 -31
leaf_value=0.020817820180338051 0.0019680064627229437 -0.0034449216910458036 0.02922685536606566 0.023953221489841945 -0.0053113842155945038 0.022052603169170272 0.027781522776787221 0.028791244249521175 0.0022729690871247229 -0.010007197114504846 0.033203891844794518 -0.012517770415287352 -0.012916043626907868 -0.0022630460933984464 0.0079217959588434323 -0.016504486916434354 0.0021022498454921147 -0.0035505187562062642 -0.0064151976369485365 0.058858973238611223 0.0032344993349572395 0.0038307809803818345 0.0038725634111000866 0.03002374246280276 -0.0021987608414083186 -0.02074166106550817 0.014309598847914818 -0.028723262751881258 -0.0087779615496855184 0.0077315389658048073
leaf_weight=372.63958927989006 2284.6314028538764 6538.4755595996976 403.3933907225728 1036.9209166578948 2275.1309157498181 807.33446498587728 397.47761576622725 703.41161448508501 1274.4256148189306 3186.4555036835372 712.41972672939301 3551.3322245106101 990.68228568136692 736.81434120237827 1007.2675803937018 838.8598700389266 6969.6900032348931 2311.5099195800722 2739.286305360496 44.947667673230171 6047.5416840128601 9723.6910807266831 477.53373407199979 139.9096567928791 2082.3920946121216 660.91842006891966 732.71758839488029 68.063273534178734 1589.8986015692353 1410.1057014688849
leaf_count=1552 12328 47751 1515 4793 16040 3458 1914 4827 6289 27688 2428 31600 10714 2911 6712 9319 33839 15458 14069 138 38433 56376 3052 542 15556 6123 4116 477 11022 8976
internal_value=0 0.001596 0.00687818 0.00295422 0.000590708 0.00127825 0.00354548 0.0070021 0.0119992 -0.00220963 0.0190602 -0.00426991 -0.00024406 0.0111889 -0.00733959 -0.00265858 -0.0014689 0.00231866 -0.000300859 0.00572339 -0.000235481 0.00408398 0.0147333 0.00288935 -0.00630676 -0.00878481 0.000103729 0.010652 -0.00244156 0.0129456
internal_weight=0 51151.1 8178.41 6185.88 42972.7 40036.6 24264.2 12689.5 2311.35 15772.5 1992.54 10964.8 11574.7 1280.12 7479.85 3928.52 10699.7 3484.93 9708.98 11986.1 12586 9768.64 875.011 876.724 2921.25 2936.05 3112.29 800.781 3874.53 2217.44
internal_count=400016 315226 41828 34432 273398 251235 137363 73775 11082 113872 7396 84790 63588 4968 63187 31587 58622 21603 47908 68948 86184 56514 4966 3453 24875 22163 20051 4593 23350 12434
is_linear=0
shrinkage=0.05


Tree=126
num_leaves=31
num_cat=0
split_feature=122 187 194 14 41 3 230 233 227 227 226 7 29 108 124 15 149 230 5 20 110 108 29 3 142 187 233 233 3 185
split_gain=282.019 125.842 98.7303 95.4712 89.1308 75.6079 72.6432 112.692 67.3146 61.7203 65.9218 81.8875 78.2849 49.9023 47.7863 44.4859 46.5875 42.3029 41.3951 49.7536 38.8037 36.3149 36.0721 35.5186 39.8897 34.6822 32.7516 39.595 49.668 35.0261
threshold=0.022847567684948448 -3.689499974250793 1.0000000180025095e-35 -0.043433148413896554 1.0000000180025095e-35 1231390.8125000002 7.5000000000000009 -0.018290904350578781 -0.017081287689507004 0.23063293099403384 0.20582216233015063 1.0000000180025095e-35 0.04654082469642163 -0.059019310399889939 0.016307966783642772 -0.16103716194629666 89.285713195800795 1.5000000000000002 4.7643499374389657 0.011002411134541036 0.72572410106658947 0.02850527968257666 0.044143268838524825 663578.68750000012 30.306900024414066 -25.803999900817868 0.064911253750324263 0.020514339208602909 824031.50000000012 6.4999998272696771e-08
decision_type=2 2 2 2 2 2 2 2 2 2 2 2 2 2 2 2 2 2 2 2 2 2 2 2 2 2 2 2 2 2
left_child=4 2 -2 13 -1 20 14 8 21 10 11 12 26 -4 15 -3 -17 -11 19 -12 -6 -8 -10 -19 -25 -20 27 28 -5 -28
right_child=1 6 3 9 5 -7 7 -9 22 17 18 -13 -14 -15 -16 16 -18 23 25 -21 -22 -23 -24 24 -26 -27 29 -29 -30 -31
leaf_value=-0.028963998953551669 -0.013983177527187505 -0.0025196068905452519 -0.0030512312889646245 -0.0052715119787492722 0.0061609738432315229 0.012800925639723166 -0.014446828492948892 0.001015534797522859 0.0090938183324413887 0.0051455955894583773 -0.035742136569821371 -0.025564695813442107 -0.0060425781849611322 0.006150455420204641 -0.0014607847066390083 0.0030971617739342268 0.0093064924904858876 -0.021282316715792404 -0.019229732863099914 -0.00041758482864270543 -0.0017324543336271357 -0.033135263482036041 -0.0099109877252325073 0.0070591120530837468 -0.016984592961836378 0.0092906090922525494 -0.011433206485720221 0.0046617242481238269 0.0048766298187061762 -0.00071380044399963578
leaf_weight=175.01297553628683 1989.3205605745316 2308.0857937559485 2254.5085966810584 3648.3220939040184 7786.8925342038274 3928.1908493749797 759.34716929495335 5082.5118320509791 371.03818933665752 299.68568767607212 117.48357407748699 428.13982534408569 14387.442963287234 4252.8142158612609 5467.922995083034 10081.155726082623 4313.2250633835793 999.71951198577881 112.6608364880085 657.81065164506435 1946.0957572907209 395.24618644267321 763.3733798712492 303.27612144500017 400.05528174340725 1979.8072411641479 1277.1317321434617 3940.050225622952 1800.87281909585 1889.5542127117515
leaf_count=575 6375 11737 10051 16397 56583 35286 3091 24030 2189 1035 376 3742 43868 19135 22047 48873 22237 3476 332 2046 13353 1482 2647 1152 1353 6888 5131 17406 8765 7980
internal_value=0 -0.00131794 -0.00311963 -0.00256192 0.00649158 0.0069458 0.00116662 -0.00313326 -0.0123453 -0.00367689 -0.0031139 -0.00386955 -0.00352481 0.00296247 0.0025963 0.00392448 0.00495777 -0.0121774 0.00409845 -0.00577046 0.0045827 -0.0208443 -0.00369498 -0.0152258 -0.00661696 0.00775504 -0.00063978 0.000843246 -0.00191771 -0.00503696
internal_weight=0 70280.6 40738.7 38749.3 13836.2 13661.2 29541.9 7371.52 2289 32242 30239.3 27371.5 26943.4 6507.32 22170.4 16702.5 14394.4 2002.74 2867.76 775.294 9732.99 1154.59 1134.41 1703.05 703.331 2092.47 12555.9 9389.25 5449.19 3166.69
internal_count=399638 293841 155508 149133 105797 105222 138333 33439 9409 119947 112931 103289 99547 29186 104894 82847 71110 7016 9642 2422 69936 4573 4836 5981 2505 7220 55679 42568 25162 13111
is_linear=0
shrinkage=0.05


Tree=127
num_leaves=31
num_cat=0
split_feature=122 233 18 108 230 230 232 126 231 232 234 225 225 232 225 228 228 234 3 228 228 233 167 232 228 231 194 232 228 151
split_gain=333.896 369.9 183.492 154.456 178.508 151.988 149.582 124.866 125.368 124.624 117.936 116.626 133.921 102.084 103.704 96.4019 92.9214 84.4015 84.0847 82.0544 181.445 79.7678 76.1916 74.0803 69.5828 92.7758 69.1282 94.5865 67.4062 64.79
threshold=0.046496607363224036 0.0058588914107531318 0.26348271965980535 0.0087153376080095785 7.5000000000000009 1.5000000000000002 -1.6804370880126951 0.034093188121914871 1.3103861808776858 -0.71826806664466847 0.072101317346096053 0.014741576276719572 0.028938377276062969 0.037819230929017074 -0.0090084550902247412 49.35626411437989 41.698772430419929 -0.033350853249430649 663578.68750000012 81.669120788574233 82.829357147216811 0.0046676232013851413 5.0503499507904062 -0.34430289268493647 58.376342773437507 5.1245656013488778 1.0000000180025095e-35 0.72416734695434581 88.40799713134767 7.7219858169555673
decision_type=2 2 2 2 2 2 2 2 2 2 2 2 2 2 2 2 2 2 2 2 2 2 2 2 2 2 2 2 2 2
left_child=1 3 -3 13 9 17 -7 8 16 -5 22 -11 18 14 23 -6 -8 -2 -13 -4 -21 -16 -10 -1 26 -26 -19 -28 -22 -17
right_child=5 2 19 4 15 6 7 -9 10 11 -12 12 -14 -15 21 29 -18 24 -20 20 28 -23 -24 -25 25 -27 27 -29 -30 -31
leaf_value=-0.015662157562493326 -0.022772208743085606 -0.020386106201420895 -0.0079758421231502178 0.011416604908623736 0.026665831913428875 0.020425473608432398 -0.025912088134010237 0.018470951961597332 -0.010053372455502635 -0.020161510000020845 0.020802385827589674 0.031577923785999204 -0.030352901120791028 -0.021738226358532543 0.0014986606323423883 0.036250437004755581 0.016033536305748348 0.031813380968857011 -0.0040908503485451971 0.073851824222171861 -0.021840932659710662 0.04066626432337804 0.0012246121859337362 0.007878235042091208 -0.021183328915919689 0.0036988019385520519 0.0093163144388282212 -0.01223289751098719 0.022360603430362513 -0.014886135296925777
leaf_weight=1711.3612177297473 529.64735862985253 4537.637215314433 2700.9194663278759 1404.6006928887218 1295.0843539815396 1716.6701782532036 141.09167554974556 1433.3092055246234 2050.6760614160448 980.97640273720026 623.51112478971481 373.0991418492049 205.59340347163379 788.58150851540267 3122.9723510742188 80.695708148181438 2056.4433008730412 202.0729483962059 296.55714108981192 101.66756614297628 192.69945078343153 135.63689566776156 5552.1855618953705 415.31192934513092 824.92288446240127 686.30275395140052 1358.6131773972884 814.50559608638287 156.13744292408228 266.53070961683989
leaf_count=31275 4773 115507 33436 10630 6906 8080 1062 5754 18594 11827 2201 2649 2939 15335 46180 658 9819 851 2185 775 3352 800 32932 2274 5792 4219 8855 5605 1608 2765
internal_value=0 -0.00552357 -0.0139492 0.000325015 0.00695027 0.00400962 0.00663097 0.00463382 0.00273119 0.000179701 -0.000102891 -0.00832323 0.00494507 -0.0049366 -0.0024763 0.0203933 0.0133404 -0.00404777 0.015782 -0.0046808 0.0150741 0.00312898 -0.00181733 -0.011065 -0.00149598 -0.00988344 0.00384059 0.00123946 -0.00205657 -0.00300195
internal_weight=0 18766.1 7689.06 11077 4903.14 17990 13573.9 11857.2 10423.9 3260.83 8226.37 1856.23 875.25 6173.86 5385.28 1642.31 2197.53 4416.06 669.656 3151.42 450.504 3258.61 7602.86 2126.67 3886.42 1511.23 2375.19 2173.12 348.837 347.226
internal_count=399638 291101 154678 136423 40559 108537 78442 70362 64608 30230 53727 19600 7773 95864 80529 10329 10881 30095 4834 39171 5735 46980 51526 33549 25322 10011 15311 14460 4960 3423
is_linear=0
shrinkage=0.05


Tree=128
num_leaves=31
num_cat=0
split_feature=7 232 226 234 17 227 14 226 234 233 246 3 13 6 233 107 226 234 227 5 227 26 143 144 111 225 185 40 232 129
split_gain=150.026 100.153 109.988 138.215 111.278 104.303 106.007 84.6355 81.0024 81.7539 80.9368 77.5957 74.8427 73.8952 68.3881 64.8526 65.799 63.1683 58.6943 56.2467 54.0372 61.2716 51.2495 46.4347 44.8756 44.1454 47.6717 44.5866 43.0515 43.2519
threshold=1.0000000180025095e-35 -1.355474531650543 -0.030112086795270439 0.0079615630675107258 -0.076938740909099565 0.20411980897188189 0.02763594035059214 -0.036604972556233399 -0.030719652771949765 -0.0060898258816450826 89.500000000000014 1231390.8125000002 0.14924257993698123 0.69464999437332164 -0.025755463168025013 0.045462407171726234 0.23492678254842761 0.050517905503511436 0.14847379177808764 1.0000000180025095e-35 -0.034230951219797127 -1.0283336043357847 22.576699256896976 -27.431649208068844 0.22701627016067508 -0.030940170399844643 3.7449999581440356e-06 0.59174564480781566 -2.2622259855270381 -0.99910312891006459
decision_type=2 2 2 2 2 2 2 2 2 2 2 2 2 2 2 2 2 2 2 2 2 2 2 2 2 2 2 2 2 2
left_child=1 8 3 4 24 6 11 10 20 -10 13 25 -2 -5 -8 16 17 -16 -17 -11 28 -22 -19 -23 -3 -4 27 -27 -1 -30
right_child=12 2 5 7 -6 -7 14 -9 9 19 -12 -13 -14 -15 15 18 -18 22 -20 -21 21 23 -24 -25 -26 26 -28 -29 29 -31
leaf_value=-0.0058364228114496861 0.030555852327993866 0.023574135465622603 0.019458979924207562 0.071454883510036413 -0.00033273416684048522 -0.009003887336367894 -0.0099072177264050692 0.032298351683736452 -0.01261357710374165 0.0079760550612407652 0.038450248732844673 -0.0096132422212597494 -0.0006346076151854175 0.0021808127546472777 0.0045291612963873629 0.0030828769354982431 0.036242918311011112 0.0033536435149120387 -0.0042449558008417574 -0.0056617649688597629 0.02244585962527328 0.02361829668819812 0.026419127202832189 -0.0084900251075792476 0.0019557493818653984 -0.0077319570533445174 0.046253578803502948 0.00025852141307574294 -0.011407981552747143 0.017614255073163887
leaf_weight=360.41895923018456 618.10330912470818 789.50239280983806 266.25987742096186 40.009083144366741 5037.0684586800635 2885.4192463308573 1015.4403510056436 683.42247328162193 3490.8074680678546 1024.8550730645657 215.02429229021072 3095.4899333007634 279.20832850039005 1017.8789794445038 8100.7680768072605 11042.570656612515 183.57304704934359 387.02680663019419 3631.2654236555099 2882.4462024047971 207.2133925780654 120.87206613272429 637.52400836348534 1645.8138390108943 344.92718697711825 2197.956247895956 52.773881498724222 8486.8377170115709 146.96362852677703 1015.0009788833559
leaf_count=2410 4583 3493 1372 156 28744 22038 7752 2374 31439 6751 809 31810 1395 3944 49374 48476 902 1978 16889 24722 1269 529 2215 11433 2076 17001 382 67277 758 5287
internal_value=0 0.000256048 0.00120066 0.00652452 0.00285351 0.000169969 0.000847005 0.0181052 -0.00408887 -0.00705275 0.0104849 -0.0026197 0.0208506 0.00480074 0.00280228 0.0033404 0.00660483 0.00600861 0.00126949 -0.00208467 0.00218267 -0.00327632 0.0177061 -0.00629326 0.017001 -0.00065235 -0.00115105 -0.00138519 0.00926072 0.0139436
internal_weight=0 61005.1 50110.7 8127.83 6171.5 41982.9 39097.5 1956.33 10894.4 7398.11 1272.91 14099.3 897.312 1057.89 24998.2 23982.7 9308.89 9125.32 14673.8 3907.3 3496.28 1973.9 1024.55 1766.69 1134.43 11003.8 10737.6 10684.8 1522.38 1161.96
internal_count=399638 393660 309062 41596 34313 267466 245428 7283 84598 62912 4909 117842 5978 4100 127586 119834 54469 53567 65365 31473 21686 13231 4193 11962 5569 86032 84660 84278 8455 6045
is_linear=0
shrinkage=0.05


Tree=129
num_leaves=31
num_cat=0
split_feature=6 5 29 5 110 187 29 7 234 3 227 15 234 5 130 226 226 151 227 225 227 36 225 226 225 229 11 5 229 226
split_gain=255.016 119.289 112.341 85.8207 72.4036 63.2235 55.1954 52.7863 50.7384 50.1692 46.2701 40.2946 50.2496 38.3602 36.072 36.8094 35.6479 34.6813 34.1122 44.0258 36.4673 36.0689 34.0068 33.1476 33.1202 85.9283 33.0437 32.0811 30.3582 29.3851
threshold=1.7154499888420107 1.0000000180025095e-35 0.047129338607192046 21.239649772644047 0.79413151741027843 -2.6794999837875362 0.08499902114272119 1.0000000180025095e-35 -0.0080315615050494654 1296318.3750000002 0.22302427142858508 -0.12728540599346158 0.016395426355302337 61.766700744628913 0.09863221645355226 0.23819749057292941 0.059302615001797683 10.778576850891115 0.13200449198484424 0.017304786480963234 0.0034421180607751016 -62.014244079589837 0.02682147175073624 0.22755278646945956 0.012681240681558849 1.0126515626907351 0.036660382524132736 12.422150135040285 1.0983508825302126 -0.055162630975246423
decision_type=2 2 2 2 2 2 2 2 2 2 2 2 2 2 2 2 2 2 2 2 2 2 2 2 2 2 2 2 2 2
left_child=1 23 4 11 7 6 10 9 -7 18 14 12 29 -11 15 -4 -12 -17 19 24 -21 -20 -6 -1 -2 -26 28 -13 -5 -3
right_child=2 3 5 26 22 8 -8 -9 -10 13 16 27 -14 -15 -16 17 -18 -19 21 20 -22 -23 -24 -25 25 -27 -28 -29 -30 -31
leaf_value=-0.0006972403179845378 -0.00029372849680561877 -0.018728237129593692 -0.0052010578500848812 0.0029843244190719009 -0.0016586018643328908 -0.0050411044372077642 -0.01352975526754905 -0.025630465502276489 0.0027548931383860058 0.0087278100921516031 -0.009105756380573966 0.01772134002218153 -0.027637251295287209 -0.0021656259645140771 0.00078062139618370781 -0.01335185504711512 -0.028693965215988382 0.016045701451431766 0.010833674041242809 0.015129644191819329 0.00014970339695381612 2.3891507338559617e-05 -0.009171612056956182 -0.021767966552540517 -0.020712373902971214 0.0056791502327564738 -0.0061850023413056081 0.0099909657799415186 0.01047075273794109 0.0092586211902151629
leaf_weight=5633.3594533354044 10559.727886512876 105.3160350099206 15466.861931428313 6093.499466881156 7043.7240452095866 3325.524650156498 1793.5154165923595 170.60989629477262 5604.1242358088493 4141.2600148804486 1217.0452086180449 2123.2060175575316 123.8731180652976 1004.0930479988456 3596.3154017925262 135.96532559394836 287.04587386548519 382.74328064918518 1619.1724675744772 805.44050599634647 819.79798053950071 1474.342531837523 1915.8557573407888 193.04862162470818 689.57192239165306 557.99840176105499 773.42010884732008 3648.1929728016257 1741.063081368804 857.02177932858467
leaf_count=26608 59734 473 48420 35998 30724 11651 5186 1563 19307 28010 3680 18010 617 5906 13071 410 973 1158 9650 4721 4814 7652 8033 669 3388 3416 3061 25788 10576 6478
internal_value=0 0.00470202 -0.00163243 0.00699912 0.000519868 -0.00371656 -0.00510917 0.00207247 -0.000148444 0.00229057 -0.00439293 0.0111721 0.00233743 0.006602 -0.0037438 -0.00476167 -0.012844 0.00833993 0.000948209 -0.000141943 0.00757351 0.00568183 -0.00326513 -0.00139538 -0.00120395 -0.00890829 0.00367468 0.0128348 0.00464802 0.0061958
internal_weight=0 21292 62610.7 15465.6 30801.6 31809.1 22879.5 21842 8929.65 21671.4 21086 6857.61 1086.21 5145.35 19581.9 15985.6 1504.09 518.709 16526.1 13432.5 1625.24 3093.51 8959.58 5826.41 11807.3 1247.57 8607.98 5771.4 7834.56 962.338
internal_count=399745 128278 271467 101001 167611 103856 72898 128854 30958 127291 67712 51366 7568 33916 63059 49988 4653 1568 93375 76073 9535 17302 38757 27277 66538 6804 49635 43798 46574 6951
is_linear=0
shrinkage=0.05


Tree=130
num_leaves=31
num_cat=0
split_feature=29 233 130 226 6 159 226 225 230 232 232 232 224 33 234 234 41 226 187 187 233 234 218 230 149 232 226 3 226 233
split_gain=325.931 263.96 238.687 208.729 157.107 131.097 108.213 151.314 93.9193 91.6773 82.9963 80.8458 95.29 75.8291 73.6999 136.151 101.555 73.5687 79.3621 73.3939 79.4387 90.8772 71.9728 78.1297 104.051 81.0215 92.2074 125.5 70.087 99.6334
threshold=0.051113409921526916 -0.0111924079246819 -0.090365506708621965 -0.0047057049814611665 2.2735500335693364 21039.934570312504 0.059302615001797683 0.008107603061944248 1.5000000000000002 -1.6804370880126951 -1.5969384908676145 -1.6804370880126951 1.0000000180025095e-35 -2.486522793769836 -0.033350853249430649 -0.026886546984314915 0.097880579531192793 0.17813075333833697 -25.803999900817868 -1.9175000190734861 -0.033579252660274499 -0.0078237308189272863 2.4285748004913335 11.500000000000002 39.285715103149421 -1.355474531650543 -0.018953709863126274 455519.78125000006 0.17813075333833697 0.19598775357007983
decision_type=2 2 2 2 2 2 2 2 2 2 2 2 2 2 2 2 2 2 2 2 2 2 2 2 2 2 2 2 2 2
left_child=1 3 -3 22 9 8 10 -8 14 -4 -6 -10 -13 -9 -2 16 -16 -7 -19 20 -14 -22 23 25 -25 26 -1 -28 -23 -30
right_child=5 2 4 -5 6 17 7 13 11 -11 -12 12 19 -15 15 -17 -18 18 -20 -21 21 28 -24 24 -26 -27 27 -29 29 -31
leaf_value=-0.0042166060693494432 -0.027434653326427257 0.0072327611512855361 -0.001077744552779209 0.012121140724507554 0.0085890841310613929 0.013886624420091715 -0.024055436866584144 -0.016580909924199746 0.014387042104461612 -0.022402958917678194 -0.013299381691986484 -0.0091115523222498867 0.023905099256730376 0.02225435119796515 0.048114257393584561 -0.0076582000516635541 -0.015299948661798447 0.025933571836787642 -0.013363819841094577 -0.0055061740349150456 -0.014133430716733515 0.011785742044913165 0.024070719621708342 -0.015036961857500215 0.034309354822286975 -0.013099836391620885 0.053750146996802764 -0.012733461747236774 -0.025875834489676522 0.022061942900962271
leaf_weight=1724.939960539341 363.90294203162193 1739.7740657757968 576.91573870927095 3045.0537708606571 486.34851573966444 4081.600080570206 316.70440773107111 149.94280596077442 1554.483244728297 3986.5631848610938 3954.0668981671333 1560.7374339327216 668.7751387283206 777.32961342483759 204.19327453523874 2176.4390676897019 91.392568752169609 170.2422908693552 523.69590596482158 1296.2960191592574 522.60767850279808 2521.0541212894022 214.81734697520733 178.16392928548157 266.79167935438454 2663.1527511756867 170.98526206240058 121.36825095117092 310.09550511837006 166.63524027913809
leaf_count=26167 3380 7305 9830 18403 6570 17458 4915 2470 7809 98102 73699 13671 3036 8404 894 15410 437 501 2983 8584 3493 12609 1239 2594 919 43031 821 1079 3105 827
internal_value=0 -0.00513057 -0.00989054 0.00167431 -0.0127975 0.00436974 -0.00725056 0.00578332 0.00146432 -0.019707 -0.010902 0.00406616 0.00178924 0.0159746 -0.00642642 -0.00333383 0.0285071 0.0113277 -0.00372308 0.00489076 0.00810798 0.00510698 -0.0042826 -0.00547095 0.0145507 -0.00737434 0.000184233 0.02615 0.00846118 -0.00911979
internal_weight=0 20372.9 11987.6 8385.27 10247.9 16212.2 5684.39 1243.98 11436.6 4563.48 4440.42 8600.68 7046.2 927.272 2835.93 2472.02 295.586 4775.54 693.938 5485.46 4189.17 3520.39 5340.22 5125.4 444.956 4680.45 2017.29 292.354 2997.78 476.731
internal_count=399745 305548 211295 94253 203990 94197 96058 15789 73255 107932 80269 53134 45325 10874 20121 16741 1331 20942 3484 31654 23070 20034 75850 74611 3513 71098 28067 1900 16541 3932
is_linear=0
shrinkage=0.05


Tree=131
num_leaves=31
num_cat=0
split_feature=7 4 4 234 228 130 227 234 228 231 16 44 185 225 233 13 17 225 228 127 225 227 168 142 143 230 23 230 234 144
split_gain=126.825 101.645 153.946 78.6353 82.1196 66.0077 56.6616 60.5273 96.9001 53.4267 53.7594 51.1867 44.2278 43.852 41.783 40.9689 39.1825 37.3126 51.7728 34.2766 33.8869 54.3265 36.858 35.9022 32.8464 31.4366 34.1939 33.7858 31.4122 46.0729
threshold=1.0000000180025095e-35 1.0000000180025095e-35 19.196049690246586 0.0079615630675107258 29.689025878906254 -0.097389198839664445 0.20411980897188189 0.011575266253203155 33.599060058593757 17.813075065612797 0.083243168890476241 413695.45312500006 1.2749999882544218e-06 0.054240541532635696 0.06707268208265306 0.1647913604974747 -0.11140892282128333 0.0055712037719786176 40.565494537353523 0.22537446767091754 -0.012536974158138035 0.146713562309742 2.1656500101089482 51.964000701904304 28.052450180053714 12.500000000000002 45.752027511596687 1.5000000000000002 0.031652987003326423 28.275949478149418
decision_type=2 2 2 2 2 2 2 2 2 2 2 2 2 2 2 2 2 2 2 2 2 2 2 2 2 2 2 2 2 2
left_child=1 9 3 12 -5 19 7 11 -9 10 25 -4 -3 20 -8 -11 17 18 -13 -2 21 22 23 -10 -6 27 -27 -1 -22 -30
right_child=5 2 6 4 24 -7 14 8 13 15 -12 16 -14 -15 -16 -17 -18 -19 -20 -21 28 -23 -24 -25 -26 26 -28 -29 29 -31
leaf_value=0.0078971674026763611 0.015076289401033179 -0.012962801951638306 -0.0052097267589799575 0.025268185886124894 -0.0052728690324618868 0.0293653715338308 -0.0039643623111010077 0.040530723516331399 0.011542591781808343 0.023397697805613047 -0.0056219249138399815 0.00076108766856982366 0.0090123483271721556 -0.015397713123124948 -0.021489650557518922 -0.001028604109574112 -3.6018664141107188e-06 -0.005062001074171942 0.031719921794466505 -0.019058436777414891 -2.5349190159743086e-05 -0.0013462347359424903 -0.008986952206307618 0.029160644719287299 0.013163940886958537 0.033650422541204372 0.0088097725237496326 0.00173932498263536 0.0072810679883291264 -0.003885058342532572
leaf_weight=3237.2956201210618 171.70512420684099 4060.2189790867269 5061.0791381075978 261.65082988515496 3069.910515204072 576.32241156697273 1816.6589279435575 172.30400539934635 1327.9184947796166 594.70761005580425 1491.6327164620161 234.96075087040663 242.64983984082937 323.17322917282581 418.43912620842457 241.32176720350981 14952.314438279718 239.85086519643664 317.5593922957778 128.64351774007082 7360.3259513527155 987.83538498356938 170.82177627831697 369.66071811318398 262.21087983250618 166.39653514325619 827.40260206907988 7141.0782775320113 4419.4719283953309 1167.9404015541077
leaf_count=17274 866 43520 37674 1392 26516 4431 12010 662 6114 2249 6048 1487 2086 2268 3942 1036 97643 1477 1367 694 45183 4745 576 1029 1024 870 4367 43669 23317 4209
internal_value=0 0.000307094 -0.000792644 -0.00716368 -0.00170408 0.019461 0.000486192 0.000951914 0.00323348 0.00409898 0.00330297 -0.000835491 -0.0117236 0.002835 -0.00724532 0.016347 0.000570593 0.0114058 0.0185546 0.000455909 0.00320783 0.00813733 0.0131514 0.0153791 -0.00382204 0.00447361 0.012969 0.00366012 0.0021204 0.00494701
internal_weight=0 60936.8 47237 7896.64 3593.77 876.671 39340.3 37105.2 16299.5 13699.8 12863.8 20805.8 4302.87 16127.1 2235.1 836.029 15744.7 792.371 552.52 300.349 15804 2856.24 1868.4 1697.58 3332.12 11372.2 993.799 10378.4 12947.7 5587.41
internal_count=399745 393754 318241 74538 28932 5991 243703 227751 88103 75513 72228 139648 45606 87441 15952 3285 101974 4331 2854 1560 85173 12464 7719 7143 27540 66180 5237 60943 72709 27526
is_linear=0
shrinkage=0.05


Tree=132
num_leaves=31
num_cat=0
split_feature=29 6 42 230 145 29 118 246 156 17 228 234 228 233 5 5 29 226 3 24 42 20 29 16 229 230 229 229 234 6
split_gain=240.207 129.166 98.5414 68.0396 68.3804 60.6485 48.1 47.1516 46.8323 44.6758 42.5552 42.1506 46.8764 47.6024 39.8438 47.0669 37.742 34.6687 40.4865 33.4408 31.5843 30.5577 30.3081 29.5278 28.6889 33.1257 31.8029 27.8141 27.7083 27.1671
threshold=0.029090228490531448 3.6535500288009648 1.0345292687416079 9.5000000000000018 62792.960937500007 0.056429909542202956 1.5000000000000002 104.50000000000001 -4.406536102294921 -1.0000000180025095e-35 20.885622978210453 0.0023294708225876097 38.664297103881843 0.019478814676404003 4.7643499374389657 20.866149902343754 0.075942032039165511 0.031369566917419441 834364.34375000012 8.545988082885744 0.75071164965629589 0.0042865567374974498 0.082551538944244399 -0.10146007314324378 0.95798671245574962 8.5000000000000018 0.94390001893043529 1.3429275155067446 0.0079615630675107258 0.91934999823570263
decision_type=2 2 2 2 2 2 2 2 2 2 2 2 2 2 2 2 2 2 2 2 2 2 2 2 2 2 2 2 2 2
left_child=3 2 5 4 9 8 17 27 21 -1 -10 -6 13 -13 24 -16 20 18 -4 -7 -3 -2 23 -21 25 26 -12 -5 -15 -30
right_child=1 16 6 7 11 19 -8 -9 10 -11 14 12 -14 28 15 -17 -18 -19 -20 22 -22 -23 -24 -25 -26 -27 -28 -29 29 -31
leaf_value=0.0088805136932155488 0.011799757806184535 -0.00053408323529829547 -0.0053045910306698642 -0.0037919672255507931 0.019022773473784896 0.0067774241040280932 -0.023645382708801482 0.028897746728804737 -0.014425693355146298 -0.00333440608294536 -9.6935534596403904e-06 0.026527802602504438 0.011379420179703781 0.02755073147104712 0.0090547470405862012 0.0024919659284016165 -0.009156206741995564 0.0008195972646750818 0.0017252253925890877 0.0085911082814403763 -0.0046111418704930822 0.001242284999257535 -0.012533883085972732 -0.0030941986794731685 0.0034240511680211209 -0.015260808110291114 -0.023820650297920493 0.018904790113109166 -0.054328682335769013 -0.014421713580488701
leaf_weight=1676.1724663898349 2460.6714131161571 7120.9728967472911 9174.4153920412064 1994.3771038278937 1816.9392976276577 991.65102687478065 263.36898534744978 128.76778161153197 363.91109782457352 1352.6554975323379 2002.8254225924611 67.823289424180984 2808.1297442540526 25.364483781158924 3627.6364091336727 11065.438256844878 3101.0315182358027 6464.0754891559482 2636.810256332159 606.0521447956562 14268.542787782848 950.01067358255386 750.05479951202869 5007.2877653390169 1962.3202019035816 566.95111270993948 150.79220912605524 144.78124575316906 64.885012499988079 124.43161609023809
leaf_count=16106 13559 29826 36608 16135 19436 3322 936 1192 1707 10455 9625 854 25275 313 21419 55655 9001 24790 11641 2199 51912 5066 2178 16125 9451 2471 655 1366 249 520
internal_value=0 -0.00103572 0.000445095 0.00715059 0.00933313 0.00219226 -0.00242989 -0.000486989 0.00344888 0.00342541 0.0025141 0.0129792 0.00942631 -0.00998788 0.00283225 0.00411228 -0.00400118 -0.00212415 -0.00373521 -0.00176303 -0.00325381 0.00885908 -0.00309394 -0.00183258 -0.00118398 -0.0045077 -0.00167689 -0.00225582 -0.0215241 -0.0280991
internal_weight=0 73534.8 49044.3 10204.3 7936.4 30505.6 18538.7 2267.93 23150.6 3028.83 19739.9 4907.57 3090.63 282.504 19376 14693.1 24490.5 18275.3 11811.2 7355.05 21389.5 3410.68 6363.39 5613.34 4682.89 2720.57 2153.62 2139.16 214.681 189.317
internal_count=400047 308146 217407 91901 73208 143432 73975 18693 119608 26561 100983 46647 27211 1936 99276 77074 90739 73039 48249 23824 81738 18625 20502 18324 22202 12751 10280 17501 1082 769
is_linear=0
shrinkage=0.05


Tree=133
num_leaves=31
num_cat=0
split_feature=29 164 228 158 234 232 227 228 227 227 232 232 234 227 191 225 3 36 34 108 232 227 234 232 227 224 234 232 159 193
split_gain=303.849 197.351 166.345 151.389 128.42 147.763 155.093 122.14 116.407 108.593 122.523 128.463 172.698 165.03 123.962 123.363 102.063 85.2233 83.3206 81.9726 78.5468 92.7837 140.075 131.675 135.438 72.8904 72.4181 145.981 73.0029 70.7834
threshold=0.031438084319233901 134.9696960449219 60.021612167358406 -1082896.6249999998 -0.033350853249430649 -1.6804370880126951 -0.034360896795988076 47.923368453979499 0.15536781400442126 0.22668402642011645 0.037819230929017074 -0.4532077014446258 -0.026886546984314915 -0.01753139495849609 1.0000000180025095e-35 0.016813429072499279 327916.12500000006 -99.984485626220689 85.82635879516603 0.02369949966669083 -0.60294023156166066 0.14847379177808764 0.0058956164866685876 0.53191789984703075 0.013024828396737577 4.5000000000000009 0.027250979095697406 -0.63058495521545399 12128.966796875002 0.04820236191153527
decision_type=2 2 2 2 2 2 2 2 2 2 2 2 2 2 2 2 2 2 2 2 2 2 2 2 2 2 2 2 2 2
left_child=7 2 4 -3 -2 6 17 -1 -4 10 11 12 -7 -13 -12 -15 19 -6 20 -11 26 23 -23 24 25 -22 28 -28 -5 -8
right_child=1 3 8 18 5 9 29 -9 -10 16 14 13 -14 15 -16 -17 -18 -19 -20 -21 21 22 -24 -25 -26 -27 27 -29 -30 -31
leaf_value=-0.0035116934168973688 -0.01422135410132256 -0.0013705454395672321 -0.021428787580220363 0.010317051970050065 0.032504329091319027 0.022356948366517807 -0.020275905999311575 -0.020145506059151812 0.00072277287491940374 0.10313457316598876 0.021503044014236729 0.027862558946506213 -0.012140392961594549 -0.018264054214749754 -0.018503709745814449 0.051477372893136336 -0.0045221641188653355 -0.01272974130122316 0.030062585528031607 0.026906454598591142 -0.0081059786630311957 -0.0063406393229929045 0.015656970883382321 -0.010429461301230439 0.034992371733953108 0.010923751107446684 -0.018392784862588881 0.055516842954810158 0.027763821582709566 0.0234637182180127
leaf_weight=1951.5615042345598 1525.8822517171502 7281.5822014762089 1919.03136905469 1487.4637678004801 122.63519164174795 442.07922881469131 98.427560210227966 2539.9310286995023 858.3465653564781 39.986175999045372 216.08648925088346 788.19864347670227 2022.7842408418655 447.85224980860949 1862.6988935153931 73.866079036146402 289.59244320914149 689.98272918723524 407.08407973498106 298.87771520018578 935.17780157737434 966.24586823582649 2882.8487130682915 1889.5660735443234 371.08354031294584 1089.3902866672724 358.85565764829516 82.092081271111965 1004.4833272211254 1534.7820887565613
leaf_count=39687 18874 58114 32797 10118 441 4359 586 77245 7014 240 1359 3470 30335 5574 26232 558 2132 7542 1187 1562 7214 5668 14989 17064 1889 5612 2707 573 4896 10009
internal_value=0 0.000969777 -0.00370622 0.0042684 -0.000816479 0.00147458 0.0119464 -0.0129181 -0.0145829 -0.0024767 -0.00459722 0.000770962 -0.00595321 0.0134238 -0.0143451 -0.0083899 0.0172743 -0.0059033 0.00784688 0.0359014 0.00702972 0.0045004 0.0101349 -0.000560617 0.00722342 0.00213364 0.0140447 -0.00463289 0.0173497 0.0208277
internal_weight=0 31987 13231.1 18755.9 10453.7 8927.85 2445.83 4491.49 2777.38 6482.02 5853.57 3774.78 2464.86 1309.92 2078.79 521.718 628.456 812.618 11474.3 338.864 11067.2 8134.31 3849.09 4285.22 2395.65 2024.57 2932.89 440.948 2491.95 1633.21
internal_count=400047 283115 153084 130031 113273 94399 18578 116932 39811 75821 71887 44296 34694 9602 27591 6132 3934 7983 71917 1802 70730 52436 20657 31779 14715 12826 18294 3280 15014 10595
is_linear=0
shrinkage=0.05


Tree=134
num_leaves=31
num_cat=0
split_feature=7 232 229 231 231 33 29 17 231 233 233 227 233 233 233 224 3 233 234 228 233 232 233 3 227 3 229 161 234 233
split_gain=112.162 94.2823 91.0964 82.0111 104.196 73.859 65.6544 63.3343 79.1399 99.7087 57.5067 62.3662 75.9881 96.9107 72.4336 71.5141 55.3056 54.6719 54.4521 61.8283 53.4747 53.4662 52.3686 69.3043 57.9825 52.5181 51.9602 46.4797 42.1286 40.637
threshold=1.0000000180025095e-35 -1.355474531650543 1.6979064345359804 1.7051149606704714 1.935372591018677 17.581841468811039 0.027673431672155861 -0.05215123109519481 2.8743978738784794 0.022259982302784923 -0.00099835934815928318 0.13368050009012225 0.049704665318131454 0.022259982302784923 0.054417502135038383 2.5000000000000004 803280.56250000012 -0.059049820527434342 0.016909533180296425 50.77893257141114 0.069746304303407683 0.39682576060295111 -0.019231522455811497 94084.015625000015 0.19604091346263888 735984.65625000012 0.73127868771553051 5.9466629028320321 -0.0066609354689717284 -0.0060898258816450826
decision_type=2 2 2 2 2 2 2 2 2 2 2 2 2 2 2 2 2 2 2 2 2 2 2 2 2 2 2 2 2 2
left_child=1 6 3 22 -5 -2 -1 8 -6 18 16 12 13 15 -14 -12 -9 -8 19 -10 -16 -15 23 -3 25 -24 -13 28 -28 -19
right_child=5 2 -4 4 7 -7 17 10 9 -11 11 26 14 21 20 -17 -18 29 -20 -21 -22 -23 24 -25 -26 -27 27 -29 -30 -31
leaf_value=-0.018670017162909169 0.0286557061370552 0.080272160149377159 -0.015852278223775086 0.012144970239434701 -0.0060615201193560155 -0.0026442667389391448 0.0063659599216157534 -0.00027153162158394012 0.0055251690544285319 0.00027521292001388603 0.037551203752454326 0.0092655993314721668 0.020558781154284791 -0.0078471480298997146 -0.00085968908946907328 0.0068389871426780963 -0.010312948586732594 -0.0073485921053033703 0.040467850739583512 0.021779363756807214 0.0084006785484646469 0.0014753067795205306 0.0051873087772824397 -0.010383766972613399 -0.009166075712017217 -0.0046075321728941123 0.017631706749983666 -0.0002161886362028741 -0.010255463496536254 -0.0004496564132910104
leaf_weight=712.38575299084187 577.80867692828178 21.288407750427723 775.63453293964267 2577.5328167490661 960.72252344712615 279.7165116071701 1358.6676431261003 4621.1080052517354 1141.3069872818887 1652.11791966483 213.48810006678104 1018.6005678214133 905.10496560111642 2733.7256610989571 2246.1025293059647 1689.9792447276413 1949.8515027463436 5021.1792503967881 209.43582838773727 1200.4033798649907 5095.7491314820945 3516.2899247035384 3712.4822491034865 2172.3699347525835 1597.2494135275483 2167.5541539154947 144.14540326967835 5529.4244247935712 2239.2806801125407 3712.8283984735608
leaf_count=12736 4550 116 6007 14555 7419 1433 6616 26928 6976 10300 822 4805 5184 16656 13730 9748 14777 39058 763 5509 22707 24045 22426 20809 12329 15523 667 32479 14067 26307
internal_value=0 0.00023611 0.00114985 0.00141726 0.00242433 0.018446 -0.0039999 0.00174839 0.00688549 0.00984474 0.000916862 0.00199804 0.00382885 0.000405978 0.00721292 0.0102836 -0.0032512 -0.00296441 0.0160419 0.0138574 0.00556764 -0.00260229 -0.00271104 -0.00950399 -0.000718147 0.00157664 -0.00136381 -0.0027321 -0.0085689 -0.00441585
internal_weight=0 60896 50090.9 49315.3 39644.4 857.525 10805.1 37066.8 5163.99 4203.26 31902.9 25331.9 16400.4 8153.48 8246.96 1903.47 6570.96 10092.7 2551.15 2341.71 7341.85 6250.02 9670.94 2193.66 7477.29 5880.04 8931.45 7912.85 2383.43 8734.01
internal_count=400047 394064 309347 303340 232137 5983 84717 217582 30967 23548 186615 144910 92892 51271 41621 10570 41705 71981 13248 12485 36437 40701 71203 20925 50278 37949 52018 47213 14734 65365
is_linear=0
shrinkage=0.05


end of trees

feature_importances:
mkt_ret_60d=402
mkt_rsi14=278
cyb_rel_strength=275
mkt_ret_20d=256
mkt_ret_5d=252
hs300_ret60_z60=251
atr_pct=246
zz500_rel_strength=239
regime_days_in=180
regime_intensity=144
mkt_vol_ratio=120
market_score_adj=107
ma_ratio_120=83
regime_id=78
amplitude=70
k_klen=65
natr_14=61
total_mv=60
pe_ttm=53
tail_risk_5d=52
pb=50
sump_20=50
channel_pos_60=42
ma_ratio_60=38
amount_zscore_60d=25
ma_ratio_10=23
kama_dist=23
qtlu_20=22
ma20_ma60=20
wr_14=20
sumn_20=20
k_klow=19
ma_ratio_20=17
kama_20=17
macd=14
lr_slope_60=14
k_kup=13
pyr_60d=13
ma_ratio_5=12
roc_10=12
macd_hist=11
rsi_24=11
sumd_20=11
amount_ratio_20=10
qtld_20=10
ma5_ma20=9
macd_signal=9
rsi_14=9
bias_5=9
trix=9
amount_1d=9
amihud_illiq_5d=9
pe=8
boll_width=8
limit_consec=8
rsv_20=8
rsi_6=7
kdj_d=7
roc_20=7
limit_up=7
cmo_14=7
k_ksft2=6
imax_20=6
aroon_dn=6
bias_10=5
cci_14=5
vol_ratio_5=5
k_ksft=5
amount_log=5
mfk_main_acc_ratio_60d=5
industry_id=5
lr_slope_20=4
cntp_20=4
ppo=4
stochrsi_k=4
amount_5d_avg=4
kdj_k=3
kdj_j=3
lr_r2_60=3
ad=3
price_impact_asym=3
vol_ratio_20=2
gap_down=2
k_kmid2=2
k_kup2=2
imin_20=2
aroon_up=2
apo=2
adosc=2
pyr_10d=2
pyr_20d=2
mfk_main_days_in_cross=2
adx=1
winner_rate=1
boll_pct=1
bias_20=1
mfi_14=1
obv=1
obv_diff_20=1
gap_up=1
k_klow2=1
vma_20=1
vstd_20=1
bop=1
stochrsi_d=1
amount_20d_avg=1
lg_net_20d=1
range_per_amount_5d=1
pyr_5d=1
pyr_velocity_5_30=1
f2_pos8=1
mfk_main_macd=1
mfk_inst_acc_velocity=1

parameters:
[boosting: gbdt]
[objective: multiclass]
[metric: multi_logloss]
[tree_learner: serial]
[device_type: cpu]
[data_sample_strategy: bagging]
[data: ]
[valid: ]
[num_iterations: 300]
[learning_rate: 0.05]
[num_leaves: 31]
[num_threads: 0]
[seed: 20260608]
[deterministic: 0]
[force_col_wise: 0]
[force_row_wise: 0]
[histogram_pool_size: -1]
[max_depth: -1]
[min_data_in_leaf: 80]
[min_sum_hessian_in_leaf: 0.001]
[bagging_fraction: 0.8]
[pos_bagging_fraction: 1]
[neg_bagging_fraction: 1]
[bagging_freq: 1]
[bagging_seed: 9437]
[feature_fraction: 0.8]
[feature_fraction_bynode: 1]
[feature_fraction_seed: 24710]
[extra_trees: 0]
[extra_seed: 27769]
[early_stopping_round: 0]
[early_stopping_min_delta: 0]
[first_metric_only: 0]
[max_delta_step: 0]
[lambda_l1: 0]
[lambda_l2: 0]
[linear_lambda: 0]
[min_gain_to_split: 0]
[drop_rate: 0.1]
[max_drop: 50]
[skip_drop: 0.5]
[xgboost_dart_mode: 0]
[uniform_drop: 0]
[drop_seed: 19727]
[top_rate: 0.2]
[other_rate: 0.1]
[min_data_per_group: 100]
[max_cat_threshold: 32]
[cat_l2: 10]
[cat_smooth: 10]
[max_cat_to_onehot: 4]
[top_k: 20]
[monotone_constraints: ]
[monotone_constraints_method: basic]
[monotone_penalty: 0]
[feature_contri: ]
[forcedsplits_filename: ]
[refit_decay_rate: 0.9]
[cegb_tradeoff: 1]
[cegb_penalty_split: 0]
[cegb_penalty_feature_lazy: ]
[cegb_penalty_feature_coupled: ]
[path_smooth: 0]
[interaction_constraints: ]
[verbosity: -1]
[saved_feature_importance_type: 0]
[use_quantized_grad: 0]
[num_grad_quant_bins: 4]
[quant_train_renew_leaf: 0]
[stochastic_rounding: 1]
[linear_tree: 0]
[max_bin: 255]
[max_bin_by_feature: ]
[min_data_in_bin: 3]
[bin_construct_sample_cnt: 200000]
[data_random_seed: 4067]
[is_enable_sparse: 1]
[enable_bundle: 1]
[use_missing: 1]
[zero_as_missing: 0]
[feature_pre_filter: 1]
[pre_partition: 0]
[two_round: 0]
[header: 0]
[label_column: ]
[weight_column: ]
[group_column: ]
[ignore_column: ]
[categorical_feature: ]
[forcedbins_filename: ]
[precise_float_parser: 0]
[parser_config_file: ]
[objective_seed: 32175]
[num_class: 3]
[is_unbalance: 0]
[scale_pos_weight: 1]
[sigmoid: 1]
[boost_from_average: 1]
[reg_sqrt: 0]
[alpha: 0.9]
[fair_c: 1]
[poisson_max_delta_step: 0.7]
[tweedie_variance_power: 1.5]
[lambdarank_truncation_level: 30]
[lambdarank_norm: 1]
[label_gain: ]
[lambdarank_position_bias_regularization: 0]
[eval_at: ]
[multi_error_top_k: 1]
[auc_mu_weights: ]
[num_machines: 1]
[local_listen_port: 12400]
[time_out: 120]
[machine_list_filename: ]
[machines: ]
[gpu_platform_id: -1]
[gpu_device_id: -1]
[gpu_use_dp: 0]
[num_gpu: 1]

end of parameters

pandas_categorical:[]
