{
  "best_iter": 12,
  "ic": 0.07278007411802698,
  "rank_ic": 0.11310766848669021,
  "rank_ic_ir": 0.4595208436200066,
  "n_train": 1500000,
  "n_test": 920040,
  "n_features": 203,
  "version": "v4",
  "leakage_fix": true
}