{
  "best_iter": 108,
  "ic": 0.033922317568867474,
  "rank_ic": 0.09216665221192433,
  "rank_ic_ir": 0.8427969100372529,
  "n_train": 2755104,
  "n_test": 920055,
  "n_features": 203
}