{
  "best_iter": 600,
  "auc": 0.6775432504718283,
  "base_rate": 0.2786376901380896,
  "n_train": 1500000,
  "n_test": 920055,
  "n_features": 203,
  "version": "v4",
  "leakage_fix": true,
  "anchor_p5": 0.03928691564310954,
  "anchor_p50": 0.4312221399344634,
  "anchor_p95": 0.8804127429506561
}